"Id","Path","Slice Name","Alias(s)","Label","Min","Max","Must Support?","Is Modifier?","Is Summary?","Type(s)","Short","Definition","Comments","Requirements","Default Value","Meaning When Missing","Fixed Value","Pattern","Example","Minimum Value","Maximum Value","Maximum Length","Binding Strength","Binding Description","Binding Value Set","Code","Slicing Discriminator","Slicing Description","Slicing Ordered","Slicing Rules","Base Path","Base Min","Base Max","Condition(s)","Constraint(s)","Mapping: Workflow Pattern","Mapping: FiveWs Pattern Mapping","Mapping: RIM Mapping"
"GuidanceResponse","GuidanceResponse","","","",0,*,"","","","null {[]} {[]}
","The formal response to a guidance request","A guidance response is the formal response to a guidance request, including any output parameters returned by the evaluation, as well as the description of any proposed actions to be taken.","","","","","","","","","",,,,,"",,,,"GuidanceResponse",0,*,"","dom-2:If the resource is contained in another resource, it SHALL NOT contain nested Resources {contained.contained.empty()}
dom-3:If the resource is contained in another resource, it SHALL be referred to from elsewhere in the resource or SHALL refer to the containing resource {contained.where((('#'+id in (%resource.descendants().reference | %resource.descendants().as(canonical) | %resource.descendants().as(uri) | %resource.descendants().as(url))) or descendants().where(reference = '#').exists() or descendants().where(as(canonical) = '#').exists() or descendants().where(as(canonical) = '#').exists()).not()).trace('unmatched', id).empty()}dom-4:If a resource is contained in another resource, it SHALL NOT have a meta.versionId or a meta.lastUpdated {contained.meta.versionId.empty() and contained.meta.lastUpdated.empty()}dom-5:If a resource is contained in another resource, it SHALL NOT have a security label {contained.meta.security.empty()}dom-6:A resource should have narrative for robust management {text.`div`.exists()}","Event","Entity. Role, or Act"
"GuidanceResponse.id","GuidanceResponse.id","","","",0,1,"","","Y","id {[]} {[]}
","Logical id of this artifact","The logical id of the resource, as used in the URL for the resource. Once assigned, this value never changes.","The only time that a resource does not have an id is when it is being submitted to the server using a create operation.","","","","","","","","",,,,,"",,,,"Resource.id",0,1,"",""
"GuidanceResponse.meta","GuidanceResponse.meta","","","",0,1,"","","Y","Meta {[]} {[]}
","Metadata about the resource","The metadata about the resource. This is content that is maintained by the infrastructure. Changes to the content might not always be associated with version changes to the resource.","","","","","","","","","",,,,,"",,,,"Resource.meta",0,1,"","ele-1:All FHIR elements must have a @value or children {hasValue() or (children().count() > id.count())}
"
"GuidanceResponse.implicitRules","GuidanceResponse.implicitRules","","","",0,1,"","Y","Y","uri {[]} {[]}
","A set of rules under which this content was created","A reference to a set of rules that were followed when the resource was constructed, and which must be understood when processing the content. Often, this is a reference to an implementation guide that defines the special rules along with other profiles etc.","Asserting this rule set restricts the content to be only understood by a limited set of trading partners. This inherently limits the usefulness of the data in the long term. However, the existing health eco-system is highly fractured, and not yet ready to define, collect, and exchange data in a generally computable sense. Wherever possible, implementers and/or specification writers should avoid using this element. Often, when used, the URL is a reference to an implementation guide that defines these special rules as part of it's narrative along with other profiles, value sets, etc.","","","","","","","","",,,,,"",,,,"Resource.implicitRules",0,1,"","ele-1:All FHIR elements must have a @value or children {hasValue() or (children().count() > id.count())}
"
"GuidanceResponse.language","GuidanceResponse.language","","","",0,1,"","","","code {[]} {[]}
","Language of the resource content","The base language in which the resource is written.","Language is provided to support indexing and accessibility (typically, services such as text to speech use the language tag). The html language tag in the narrative applies  to the narrative. The language tag on the resource may be used to specify the language of other presentations generated from the data in the resource. Not all the content has to be in the base language. The Resource.language should not be assumed to apply to the narrative automatically. If a language is specified, it should it also be specified on the div element in the html (see rules in HTML5 for information about the relationship between xml:lang and the html lang attribute).","","","","","","","","",,"preferred","A human language.","http://hl7.org/fhir/ValueSet/languages|4.0.1","",,,,"Resource.language",0,1,"","ele-1:All FHIR elements must have a @value or children {hasValue() or (children().count() > id.count())}
"
"GuidanceResponse.text","GuidanceResponse.text","","narrative
htmlxhtmldisplay","",0,1,"","","","Narrative {[]} {[]}
","Text summary of the resource, for human interpretation","A human-readable narrative that contains a summary of the resource and can be used to represent the content of the resource to a human. The narrative need not encode all the structured data, but is required to contain sufficient detail to make it ""clinically safe"" for a human to just read the narrative. Resource definitions may define what content should be represented in the narrative to ensure clinical safety.","Contained resources do not have narrative. Resources that are not contained SHOULD have a narrative. In some cases, a resource may only have text with little or no additional discrete data (as long as all minOccurs=1 elements are satisfied).  This may be necessary for data from legacy systems where information is captured as a ""text blob"" or where text is additionally entered raw or narrated and encoded information is added later.","","","","","","","","",,,,,"",,,,"DomainResource.text",0,1,"","ele-1:All FHIR elements must have a @value or children {hasValue() or (children().count() > id.count())}
","Act.text?"
"GuidanceResponse.contained","GuidanceResponse.contained","","inline resources
anonymous resourcescontained resources","",0,*,"","","","Resource {[]} {[]}
","Contained, inline Resources","These resources do not have an independent existence apart from the resource that contains them - they cannot be identified independently, and nor can they have their own independent transaction scope.","This should never be done when the content can be identified properly, as once identification is lost, it is extremely difficult (and context dependent) to restore it again. Contained resources may have profiles and tags In their meta elements, but SHALL NOT have security labels.","","","","","","","","",,,,,"",,,,"DomainResource.contained",0,*,"","","N/A"
"GuidanceResponse.extension","GuidanceResponse.extension","","","",1,*,"","","","Extension {[]} {[]}
","Extension","An Extension","","","","","","","","","",,,,,"","value:url}
","",,"open","DomainResource.extension",0,*,"","ele-1:All FHIR elements must have a @value or children {hasValue() or (children().count() > id.count())}
ext-1:Must have either extensions or value[x], not both {extension.exists() != value.exists()}"
"GuidanceResponse.extension:episodeOfCare","GuidanceResponse.extension","episodeOfCare","","",1,1,"","","","Extension {[CanonicalType[http://ehealth.sundhed.dk/fhir/StructureDefinition/ehealth-guidanceresponse-episodeOfCare]]} {[]}
","Episode of care","Episode of care","","","","","","","","","",,,,,"",,,,"DomainResource.extension",0,*,"ele-1
","ele-1:All FHIR elements must have a @value or children {hasValue() or (children().count() > id.count())}
ext-1:Must have either extensions or value[x], not both {extension.exists() != value.exists()}"
"GuidanceResponse.extension:episodeOfCare.id","GuidanceResponse.extension.id","","","",0,1,"","","","string {[]} {[]}
","Unique id for inter-element referencing","Unique id for the element within a resource (for internal references). This may be any string value that does not contain spaces.","","","","","","","","","",,,,,"",,,,"Element.id",0,1,"","","n/a"
"GuidanceResponse.extension:episodeOfCare.extension","GuidanceResponse.extension.extension","","","",0,0,"","","","Extension {[]} {[]}
","Extension","An Extension","","","","","","","","","",,,,,"","value:url}
","Extensions are always sliced by (at least) url",,"open","Element.extension",0,*,"","ele-1:All FHIR elements must have a @value or children {hasValue() or (children().count() > id.count())}
ext-1:Must have either extensions or value[x], not both {extension.exists() != value.exists()}"
"GuidanceResponse.extension:episodeOfCare.url","GuidanceResponse.extension.url","","","",1,1,"","","","uri {[]} {[]}
","identifies the meaning of the extension","Source of the definition for the extension code - a logical name or a URL.","The definition may point directly to a computable or human-readable definition of the extensibility codes, or it may be a logical URI as declared in some other specification. The definition SHALL be a URI for the Structure Definition defining the extension.","","","","<valueUri xmlns=""http://hl7.org/fhir"" value=""http://ehealth.sundhed.dk/fhir/StructureDefinition/ehealth-guidanceresponse-episodeOfCare""/>","","","","",,,,,"",,,,"Extension.url",1,1,"","","N/A"
"GuidanceResponse.extension:episodeOfCare.value[x]","GuidanceResponse.extension.value[x]","","","",0,1,"","","","Reference {[]} {[CanonicalType[http://ehealth.sundhed.dk/fhir/StructureDefinition/ehealth-episodeofcare]]} (referenced
)
","Value of extension","Value of extension - must be one of a constrained set of the data types (see [Extensibility](http://hl7.org/fhir/R4/extensibility.html) for a list).","","","","","","","","","",,,,,"",,,,"Extension.value[x]",0,1,"","ele-1:All FHIR elements must have a @value or children {hasValue() or (children().count() > id.count())}
","N/A"
"GuidanceResponse.modifierExtension","GuidanceResponse.modifierExtension","","extensions
user content","",0,*,"","Y","","Extension {[]} {[]}
","Extensions that cannot be ignored","May be used to represent additional information that is not part of the basic definition of the resource and that modifies the understanding of the element that contains it and/or the understanding of the containing element's descendants. Usually modifier elements provide negation or qualification. To make the use of extensions safe and manageable, there is a strict set of governance applied to the definition and use of extensions. Though any implementer is allowed to define an extension, there is a set of requirements that SHALL be met as part of the definition of the extension. Applications processing a resource are required to check for modifier extensions.

Modifier extensions SHALL NOT change the meaning of any elements on Resource or DomainResource (including cannot change the meaning of modifierExtension itself).","There can be no stigma associated with the use of extensions by any application, project, or standard - regardless of the institution or jurisdiction that uses or defines the extensions.  The use of extensions is what allows the FHIR specification to retain a core level of simplicity for everyone.","Modifier extensions allow for extensions that *cannot* be safely ignored to be clearly distinguished from the vast majority of extensions which can be safely ignored.  This promotes interoperability by eliminating the need for implementers to prohibit the presence of extensions. For further information, see the [definition of modifier extensions](http://hl7.org/fhir/R4/extensibility.html#modifierExtension).","","","","","","","",,,,,"",,,,"DomainResource.modifierExtension",0,*,"","ele-1:All FHIR elements must have a @value or children {hasValue() or (children().count() > id.count())}
ext-1:Must have either extensions or value[x], not both {extension.exists() != value.exists()}","N/A"
"GuidanceResponse.requestIdentifier","GuidanceResponse.requestIdentifier","","","",0,1,"","","Y","Identifier {[]} {[]}
","The identifier of the request associated with this response, if any","The identifier of the request associated with this response. If an identifier was given as part of the request, it will be reproduced here to enable the requester to more easily identify the response in a multi-request scenario.","","","","","","","","","",,,,,"",,,,"GuidanceResponse.requestIdentifier",0,1,"","ele-1:All FHIR elements must have a @value or children {hasValue() or (children().count() > id.count())}
","Event.basedOn"
"GuidanceResponse.identifier","GuidanceResponse.identifier","","","",0,*,"","","Y","Identifier {[]} {[]}
","Business identifier","Allows a service to provide  unique, business identifiers for the response.","","","","","","","","","",,,,,"",,,,"GuidanceResponse.identifier",0,*,"","ele-1:All FHIR elements must have a @value or children {hasValue() or (children().count() > id.count())}
","Event.identifier","FiveWs.identifier"
"GuidanceResponse.module[x]","GuidanceResponse.module[x]","","","",1,1,"","","Y","uri {[]} {[]}
canonical {[]} {[]}CodeableConcept {[]} {[]}","What guidance was requested","An identifier, CodeableConcept or canonical reference to the guidance that was requested.","","","","","","","","","",,,,,"",,,,"GuidanceResponse.module[x]",1,1,"","ele-1:All FHIR elements must have a @value or children {hasValue() or (children().count() > id.count())}
","Event.instantiatesUri | Event.instantiatesCanonical"
"GuidanceResponse.status","GuidanceResponse.status","","","",1,1,"","Y","Y","code {[]} {[]}
","success | data-requested | data-required | in-progress | failure | entered-in-error","The status of the response. If the evaluation is completed successfully, the status will indicate success. However, in order to complete the evaluation, the engine may require more information. In this case, the status will be data-required, and the response will contain a description of the additional required information. If the evaluation completed successfully, but the engine determines that a potentially more accurate response could be provided if more data was available, the status will be data-requested, and the response will contain a description of the additional requested information.","This element is labeled as a modifier because the status contains codes that mark the resource as not currently valid.","","","","","","","","",,"required","The status of a guidance response.","http://hl7.org/fhir/ValueSet/guidance-response-status|4.0.1","",,,,"GuidanceResponse.status",1,1,"","ele-1:All FHIR elements must have a @value or children {hasValue() or (children().count() > id.count())}
","Event.status","FiveWs.status"
"GuidanceResponse.subject","GuidanceResponse.subject","","","",0,1,"","","","Reference {[]} {[CanonicalType[http://ehealth.sundhed.dk/fhir/StructureDefinition/ehealth-patient]]} (referenced
)
","Patient the request was performed for","The patient for which the request was processed.","","","","","","","","","",,,,,"",,,,"GuidanceResponse.subject",0,1,"","ele-1:All FHIR elements must have a @value or children {hasValue() or (children().count() > id.count())}
","Event.subject","FiveWs.subject[x]","FiveWs.subject"
"GuidanceResponse.encounter","GuidanceResponse.encounter","","","",0,1,"","","","Reference {[]} {[CanonicalType[http://hl7.org/fhir/StructureDefinition/Encounter|4.0.1]]}
","Encounter during which the response was returned","The encounter during which this response was created or to which the creation of this record is tightly associated.","This will typically be the encounter the event occurred within, but some activities may be initiated prior to or after the official copmletion of an encounter but still be tied to the context of the encounter.","","","","","","","","",,,,,"",,,,"GuidanceResponse.encounter",0,1,"","ele-1:All FHIR elements must have a @value or children {hasValue() or (children().count() > id.count())}
","Event.encounter","FiveWs.context"
"GuidanceResponse.occurrenceDateTime","GuidanceResponse.occurrenceDateTime","","","",0,1,"","","","dateTime {[]} {[]}
","When the guidance response was processed","Indicates when the guidance response was processed.","","","","","","","","","",,,,,"",,,,"GuidanceResponse.occurrenceDateTime",0,1,"","ele-1:All FHIR elements must have a @value or children {hasValue() or (children().count() > id.count())}
","Event.occurrence[x]","FiveWs.done[x]"
"GuidanceResponse.performer","GuidanceResponse.performer","","","",0,1,"","","","Reference {[]} {[CanonicalType[http://ehealth.sundhed.dk/fhir/StructureDefinition/ehealth-device]]} (referenced
)
","Device returning the guidance","Provides a reference to the device that performed the guidance.","","","","","","","","","",,,,,"",,,,"GuidanceResponse.performer",0,1,"","ele-1:All FHIR elements must have a @value or children {hasValue() or (children().count() > id.count())}
","Event.performer.actor","FiveWs.actor"
"GuidanceResponse.reasonCode","GuidanceResponse.reasonCode","","","",0,*,"","","","CodeableConcept {[]} {[]}
","Why guidance is needed","Describes the reason for the guidance response in coded or textual form.","","","","","","","","","",,,,,"",,,,"GuidanceResponse.reasonCode",0,*,"","ele-1:All FHIR elements must have a @value or children {hasValue() or (children().count() > id.count())}
","Event.reasonCode","FiveWs.why[x]"
"GuidanceResponse.reasonReference","GuidanceResponse.reasonReference","","","",0,*,"","","","Reference {[]} {[CanonicalType[http://hl7.org/fhir/StructureDefinition/Condition|4.0.1], CanonicalType[http://hl7.org/fhir/StructureDefinition/Observation|4.0.1], CanonicalType[http://hl7.org/fhir/StructureDefinition/DiagnosticReport|4.0.1], CanonicalType[http://hl7.org/fhir/StructureDefinition/DocumentReference|4.0.1]]}
","Why guidance is needed","Indicates the reason the request was initiated. This is typically provided as a parameter to the evaluation and echoed by the service, although for some use cases, such as subscription- or event-based scenarios, it may provide an indication of the cause for the response.","","","","","","","","","",,,,,"",,,,"GuidanceResponse.reasonReference",0,*,"","ele-1:All FHIR elements must have a @value or children {hasValue() or (children().count() > id.count())}
","Event.reasonReference","FiveWs.why[x]"
"GuidanceResponse.note","GuidanceResponse.note","","","",0,*,"","","","Annotation {[]} {[]}
","Additional notes about the response","Provides a mechanism to communicate additional information about the response.","","","","","","","","","",,,,,"",,,,"GuidanceResponse.note",0,*,"","ele-1:All FHIR elements must have a @value or children {hasValue() or (children().count() > id.count())}
","Event.note"
"GuidanceResponse.evaluationMessage","GuidanceResponse.evaluationMessage","","","",0,*,"","","","Reference {[]} {[CanonicalType[http://hl7.org/fhir/StructureDefinition/OperationOutcome]]} (referenced
)
","Messages resulting from the evaluation of the artifact or artifacts","Messages resulting from the evaluation of the artifact or artifacts. As part of evaluating the request, the engine may produce informational or warning messages. These messages will be provided by this element.","","","","","","","","","",,,,,"",,,,"GuidanceResponse.evaluationMessage",0,*,"","ele-1:All FHIR elements must have a @value or children {hasValue() or (children().count() > id.count())}
"
"GuidanceResponse.outputParameters","GuidanceResponse.outputParameters","","","",0,1,"","","","Reference {[]} {[CanonicalType[http://hl7.org/fhir/StructureDefinition/Parameters|4.0.1]]}
","The output parameters of the evaluation, if any","The output parameters of the evaluation, if any. Many modules will result in the return of specific resources such as procedure or communication requests that are returned as part of the operation result. However, modules may define specific outputs that would be returned as the result of the evaluation, and these would be returned in this element.","","","","","","","","","",,,,,"",,,,"GuidanceResponse.outputParameters",0,1,"","ele-1:All FHIR elements must have a @value or children {hasValue() or (children().count() > id.count())}
"
"GuidanceResponse.result","GuidanceResponse.result","","","",0,1,"","","","Reference {[]} {[CanonicalType[http://ehealth.sundhed.dk/fhir/StructureDefinition/ehealth-careplan], CanonicalType[http://hl7.org/fhir/StructureDefinition/RequestGroup]]} (referenced
)
","Proposed actions, if any","The actions, if any, produced by the evaluation of the artifact.","","","","","","","","","",,,,,"",,,,"GuidanceResponse.result",0,1,"","ele-1:All FHIR elements must have a @value or children {hasValue() or (children().count() > id.count())}
"
"GuidanceResponse.dataRequirement","GuidanceResponse.dataRequirement","","","",0,*,"","","","DataRequirement {[]} {[]}
","Additional required data","If the evaluation could not be completed due to lack of information, or additional information would potentially result in a more accurate response, this element will a description of the data required in order to proceed with the evaluation. A subsequent request to the service should include this data.","","","","","","","","","",,,,,"",,,,"GuidanceResponse.dataRequirement",0,*,"","ele-1:All FHIR elements must have a @value or children {hasValue() or (children().count() > id.count())}
"
