<?xml version="1.0" encoding="UTF-8"?><CodeSystem xmlns="http://hl7.org/fhir"><id value="EventTiming"/><meta><lastUpdated value="2016-11-11T00:00:00.000+11:00"/></meta><text><status value="generated"/><div xmlns="http://www.w3.org/1999/xhtml"><p>This code system <code>http://hl7.org/fhir/event-timing</code> defines displays on the following codes:</p><table class="codes"><tr><td style="white-space:nowrap"><b>Code</b></td><td><b>Display</b></td><td><b>Definition</b></td><td><b>Dansk (Danish, da)</b></td></tr><tr><td><a style="white-space:nowrap" href="http://hl7.org/fhir/R4/codesystem-event-timing.html#event-timing-MORN">MORN</a><a name="EventTiming-MORN"> </a></td><td>Morning</td><td>Event occurs during the morning. The exact time is unspecified and established by institution convention or patient interpretation.</td><td>Morgen</td></tr><tr><td><a style="white-space:nowrap" href="http://hl7.org/fhir/R4/codesystem-event-timing.html#event-timing-MORN.46early">MORN.early</a><a name="EventTiming-MORN.46early"> </a></td><td>Early Morning</td><td>Event occurs during the early morning. The exact time is unspecified and established by institution convention or patient interpretation.</td><td>Tidlig morgen</td></tr><tr><td><a style="white-space:nowrap" href="http://hl7.org/fhir/R4/codesystem-event-timing.html#event-timing-MORN.46late">MORN.late</a><a name="EventTiming-MORN.46late"> </a></td><td>Late Morning</td><td>Event occurs during the late morning. The exact time is unspecified and established by institution convention or patient interpretation.</td><td>Sen morgen</td></tr><tr><td><a style="white-space:nowrap" href="http://hl7.org/fhir/R4/codesystem-event-timing.html#event-timing-NOON">NOON</a><a name="EventTiming-NOON"> </a></td><td>Noon</td><td>Event occurs around 12:00pm. The exact time is unspecified and established by institution convention or patient interpretation.</td><td>Middag</td></tr><tr><td><a style="white-space:nowrap" href="http://hl7.org/fhir/R4/codesystem-event-timing.html#event-timing-AFT">AFT</a><a name="EventTiming-AFT"> </a></td><td>Afternoon</td><td>Event occurs during the afternoon. The exact time is unspecified and established by institution convention or patient interpretation.</td><td>Eftermiddag</td></tr><tr><td><a style="white-space:nowrap" href="http://hl7.org/fhir/R4/codesystem-event-timing.html#event-timing-AFT.46early">AFT.early</a><a name="EventTiming-AFT.46early"> </a></td><td>Early Afternoon</td><td>Event occurs during the early afternoon. The exact time is unspecified and established by institution convention or patient interpretation.</td><td>Tidlig eftermiddag</td></tr><tr><td><a style="white-space:nowrap" href="http://hl7.org/fhir/R4/codesystem-event-timing.html#event-timing-AFT.46late">AFT.late</a><a name="EventTiming-AFT.46late"> </a></td><td>Late Afternoon</td><td>Event occurs during the late afternoon. The exact time is unspecified and established by institution convention or patient interpretation.</td><td>Sen eftermiddag</td></tr><tr><td><a style="white-space:nowrap" href="http://hl7.org/fhir/R4/codesystem-event-timing.html#event-timing-EVE">EVE</a><a name="EventTiming-EVE"> </a></td><td>Evening</td><td>Event occurs during the evening. The exact time is unspecified and established by institution convention or patient interpretation.</td><td>Aften</td></tr><tr><td><a style="white-space:nowrap" href="http://hl7.org/fhir/R4/codesystem-event-timing.html#event-timing-EVE.46early">EVE.early</a><a name="EventTiming-EVE.46early"> </a></td><td>Early Evening</td><td>Event occurs during the early evening. The exact time is unspecified and established by institution convention or patient interpretation.</td><td>Tidlig aften</td></tr><tr><td><a style="white-space:nowrap" href="http://hl7.org/fhir/R4/codesystem-event-timing.html#event-timing-EVE.46late">EVE.late</a><a name="EventTiming-EVE.46late"> </a></td><td>Late Evening</td><td>Event occurs during the late evening. The exact time is unspecified and established by institution convention or patient interpretation.</td><td>Sen aften</td></tr><tr><td><a style="white-space:nowrap" href="http://hl7.org/fhir/R4/codesystem-event-timing.html#event-timing-NIGHT">NIGHT</a><a name="EventTiming-NIGHT"> </a></td><td>Night</td><td>Event occurs during the night. The exact time is unspecified and established by institution convention or patient interpretation.</td><td>Nat</td></tr><tr><td><a style="white-space:nowrap" href="http://hl7.org/fhir/R4/codesystem-event-timing.html#event-timing-PHS">PHS</a><a name="EventTiming-PHS"> </a></td><td>After Sleep</td><td>Event occurs [offset] after subject goes to sleep. The exact time is unspecified and established by institution convention or patient interpretation.</td><td>Efter søvn</td></tr></table></div></text><url value="http://hl7.org/fhir/event-timing"/><version value="3.3.0"/><name value="EventTiming"/><status value="active"/><experimental value="false"/><date value="2016-11-11T00:00:00+11:00"/><publisher value="Den telemedicinske infrastruktur (eHealth Infrastructure)"/><contact><name value="Den telemedicinske infrastruktur (eHealth Infrastructure)"/><telecom><system value="url"/><value value="http://ehealth.sundhed.dk"/></telecom></contact><description value="EventTiming"/><content value="supplement"/><supplements value="http://hl7.org/fhir/event-timing"/><concept><code value="MORN"/><display value="Morning"/><definition value="Event occurs during the morning. The exact time is unspecified and established by institution convention or patient interpretation."/><designation><language value="da"/><value value="Morgen"/></designation></concept><concept><code value="MORN.early"/><display value="Early Morning"/><definition value="Event occurs during the early morning. The exact time is unspecified and established by institution convention or patient interpretation."/><designation><language value="da"/><value value="Tidlig morgen"/></designation></concept><concept><code value="MORN.late"/><display value="Late Morning"/><definition value="Event occurs during the late morning. The exact time is unspecified and established by institution convention or patient interpretation."/><designation><language value="da"/><value value="Sen morgen"/></designation></concept><concept><code value="NOON"/><display value="Noon"/><definition value="Event occurs around 12:00pm. The exact time is unspecified and established by institution convention or patient interpretation."/><designation><language value="da"/><value value="Middag"/></designation></concept><concept><code value="AFT"/><display value="Afternoon"/><definition value="Event occurs during the afternoon. The exact time is unspecified and established by institution convention or patient interpretation."/><designation><language value="da"/><value value="Eftermiddag"/></designation></concept><concept><code value="AFT.early"/><display value="Early Afternoon"/><definition value="Event occurs during the early afternoon. The exact time is unspecified and established by institution convention or patient interpretation."/><designation><language value="da"/><value value="Tidlig eftermiddag"/></designation></concept><concept><code value="AFT.late"/><display value="Late Afternoon"/><definition value="Event occurs during the late afternoon. The exact time is unspecified and established by institution convention or patient interpretation."/><designation><language value="da"/><value value="Sen eftermiddag"/></designation></concept><concept><code value="EVE"/><display value="Evening"/><definition value="Event occurs during the evening. The exact time is unspecified and established by institution convention or patient interpretation."/><designation><language value="da"/><value value="Aften"/></designation></concept><concept><code value="EVE.early"/><display value="Early Evening"/><definition value="Event occurs during the early evening. The exact time is unspecified and established by institution convention or patient interpretation."/><designation><language value="da"/><value value="Tidlig aften"/></designation></concept><concept><code value="EVE.late"/><display value="Late Evening"/><definition value="Event occurs during the late evening. The exact time is unspecified and established by institution convention or patient interpretation."/><designation><language value="da"/><value value="Sen aften"/></designation></concept><concept><code value="NIGHT"/><display value="Night"/><definition value="Event occurs during the night. The exact time is unspecified and established by institution convention or patient interpretation."/><designation><language value="da"/><value value="Nat"/></designation></concept><concept><code value="PHS"/><display value="After Sleep"/><definition value="Event occurs [offset] after subject goes to sleep. The exact time is unspecified and established by institution convention or patient interpretation."/><designation><language value="da"/><value value="Efter søvn"/></designation></concept></CodeSystem>