<?xml version="1.0" encoding="UTF-8"?><CodeSystem xmlns="http://hl7.org/fhir"><id value="ehealth-device-use-reason"/><text><status value="generated"/><div xmlns="http://www.w3.org/1999/xhtml"><p>This case-sensitive code system <code>http://ehealth.sundhed.dk/cs/device-use-reason</code> defines the following code:</p><table class="codes"><tr><td style="white-space:nowrap"><b>Code</b></td><td><b>Display</b></td><td><b>Definition</b></td></tr><tr><td style="white-space:nowrap">TBD<a name="ehealth-device-use-reason-TBD"> </a></td><td>Example value - Under construction</td><td>Example value - Under construction</td></tr></table></div></text><url value="http://ehealth.sundhed.dk/cs/device-use-reason"/><version value="3.3.0"/><name value="DeviceUseReason"/><title value="Device Use Reason"/><status value="active"/><experimental value="false"/><date value="2019-01-29T00:00:00+00:00"/><publisher value="Den telemedicinske infrastruktur (eHealth Infrastructure)"/><contact><name value="Den telemedicinske infrastruktur (eHealth Infrastructure)"/><telecom><system value="url"/><value value="http://ehealth.sundhed.dk"/></telecom></contact><description value="Device use reasons."/><caseSensitive value="true"/><content value="complete"/><concept><code value="TBD"/><display value="Example value - Under construction"/><definition value="Example value - Under construction"/><property><code value="deprecated"/><valueDateTime value="2020-02-03"/></property></concept></CodeSystem>