<?xml version="1.0" encoding="UTF-8"?><CodeSystem xmlns="http://hl7.org/fhir"><id value="ehealth.sundhed.dk-loinc.org-supplement"/><text><status value="generated"/><div xmlns="http://www.w3.org/1999/xhtml"><p class="res-header-id"><b>Generated Narrative: CodeSystem ehealth.sundhed.dk-loinc.org-supplement</b></p><a name="ehealth.sundhed.dk-loinc.org-supplement"> </a><a name="hcehealth.sundhed.dk-loinc.org-supplement"> </a><p>This code system supplement <code>http://ehealth.sundhed.dk/loinc.org/supplement</code> defines displays on the following codes:</p><table class="codes"><tr><td style="white-space:nowrap"><b>Code</b></td><td><b>Display</b></td><td><b>Dansk (Danish, da)</b></td></tr><tr><td><a style="white-space:nowrap" href="https://loinc.org/72287-6">72287-6</a><a name="ehealth.sundhed.dk-loinc.org-supplement-72287-6"> </a></td><td>Wound size panel</td><td>Sår størrelse panel</td></tr><tr><td><a style="white-space:nowrap" href="https://loinc.org/39126-8">39126-8</a><a name="ehealth.sundhed.dk-loinc.org-supplement-39126-8"> </a></td><td>Length of Wound</td><td>Længde af sår</td></tr><tr><td><a style="white-space:nowrap" href="https://loinc.org/39125-0">39125-0</a><a name="ehealth.sundhed.dk-loinc.org-supplement-39125-0"> </a></td><td>Width of Wound</td><td>Bredde af sår</td></tr><tr><td><a style="white-space:nowrap" href="https://loinc.org/39127-6">39127-6</a><a name="ehealth.sundhed.dk-loinc.org-supplement-39127-6"> </a></td><td>Depth of Wound</td><td>Dybde af sår</td></tr><tr><td><a style="white-space:nowrap" href="https://loinc.org/89260-4">89260-4</a><a name="ehealth.sundhed.dk-loinc.org-supplement-89260-4"> </a></td><td>Area of wound</td><td>Areal af sår</td></tr><tr><td><a style="white-space:nowrap" href="https://loinc.org/94083-3">94083-3</a><a name="ehealth.sundhed.dk-loinc.org-supplement-94083-3"> </a></td><td>Wound volume</td><td>Sårvolumen</td></tr><tr><td><a style="white-space:nowrap" href="https://loinc.org/69730-0">69730-0</a><a name="ehealth.sundhed.dk-loinc.org-supplement-69730-0"> </a></td><td>Instructions</td><td>Instruktioner</td></tr><tr><td><a style="white-space:nowrap" href="https://loinc.org/48766-0">48766-0</a><a name="ehealth.sundhed.dk-loinc.org-supplement-48766-0"> </a></td><td>Information source</td><td>Informationskilde</td></tr><tr><td><a style="white-space:nowrap" href="https://loinc.org/53576-5">53576-5</a><a name="ehealth.sundhed.dk-loinc.org-supplement-53576-5"> </a></td><td>Personal health monitoring report Document</td><td>Personal health monitoring report Document</td></tr><tr><td><a style="white-space:nowrap" href="https://loinc.org/74468-0">74468-0</a><a name="ehealth.sundhed.dk-loinc.org-supplement-74468-0"> </a></td><td>Questionnaire Form Definition Document</td><td>Questionnaire Form Definition Document</td></tr><tr><td><a style="white-space:nowrap" href="https://loinc.org/74465-6">74465-6</a><a name="ehealth.sundhed.dk-loinc.org-supplement-74465-6"> </a></td><td>Questionnaire Response Document</td><td>Questionnaire Response Document</td></tr><tr><td><a style="white-space:nowrap" href="https://loinc.org/11502-2">11502-2</a><a name="ehealth.sundhed.dk-loinc.org-supplement-11502-2"> </a></td><td>LABORATORY REPORT.TOTAL</td><td>LABORATORY REPORT.TOTAL</td></tr><tr><td><a style="white-space:nowrap" href="https://loinc.org/56446-8">56446-8</a><a name="ehealth.sundhed.dk-loinc.org-supplement-56446-8"> </a></td><td>Appointment Summary Document</td><td>Appointment Summary Document</td></tr><tr><td><a style="white-space:nowrap" href="https://loinc.org/39290-2">39290-2</a><a name="ehealth.sundhed.dk-loinc.org-supplement-39290-2"> </a></td><td>Follow-up (referred to) program, appointment date</td><td>Follow-up (referred to) program, appointment date</td></tr><tr><td><a style="white-space:nowrap" href="https://loinc.org/39289-4">39289-4</a><a name="ehealth.sundhed.dk-loinc.org-supplement-39289-4"> </a></td><td>Follow-up (referred to) provider and/or specialist, appointment date</td><td>Follow-up (referred to) provider and/or specialist, appointment date</td></tr><tr><td><a style="white-space:nowrap" href="https://loinc.org/81215-6">81215-6</a><a name="ehealth.sundhed.dk-loinc.org-supplement-81215-6"> </a></td><td>Care plan - recommended C-CDA R2.0 and R2.1 sections</td><td>Care plan - recommended C-CDA R2.0 and R2.1 sections</td></tr><tr><td><a style="white-space:nowrap" href="https://loinc.org/57059-8">57059-8</a><a name="ehealth.sundhed.dk-loinc.org-supplement-57059-8"> </a></td><td>Pregnancy visit summary note Narrative</td><td>Summary for prenancy visit</td></tr><tr><td><a style="white-space:nowrap" href="https://loinc.org/28615-3">28615-3</a><a name="ehealth.sundhed.dk-loinc.org-supplement-28615-3"> </a></td><td>Audiology Study</td><td>DA: Audiologi dokument</td></tr></table></div></text><url value="http://ehealth.sundhed.dk/loinc.org/supplement"/><version value="6.0.2"/><name value="LOINC Supplement"/><title value="LOINC Code System Supplement"/><status value="active"/><experimental value="false"/><date value="2025-01-06T00:00:00+01:00"/><publisher value="Den telemedicinske infrastruktur (eHealth Infrastructure)"/><contact><name value="Den telemedicinske infrastruktur (eHealth Infrastructure)"/><telecom><system value="url"/><value value="http://ehealth.sundhed.dk"/></telecom></contact><description value="LOINC is a freely available international standard for tests, measurements, and observations"/><jurisdiction><coding><system value="urn:iso:std:iso:3166"/><code value="DK"/><display value="Denmark"/></coding></jurisdiction><content value="supplement"/><supplements value="http://loinc.org"/><concept><code value="72287-6"/><display value="Wound size panel"/><designation><language value="da"/><value value="Sår størrelse panel"/></designation></concept><concept><code value="39126-8"/><display value="Length of Wound"/><designation><language value="da"/><value value="Længde af sår"/></designation></concept><concept><code value="39125-0"/><display value="Width of Wound"/><designation><language value="da"/><value value="Bredde af sår"/></designation></concept><concept><code value="39127-6"/><display value="Depth of Wound"/><designation><language value="da"/><value value="Dybde af sår"/></designation></concept><concept><code value="89260-4"/><display value="Area of wound"/><designation><language value="da"/><value value="Areal af sår"/></designation></concept><concept><code value="94083-3"/><display value="Wound volume"/><designation><language value="da"/><value value="Sårvolumen"/></designation></concept><concept><code value="69730-0"/><display value="Instructions"/><designation><language value="da"/><value value="Instruktioner"/></designation></concept><concept><code value="48766-0"/><display value="Information source"/><designation><language value="da"/><value value="Informationskilde"/></designation></concept><concept><code value="53576-5"/><display value="Personal health monitoring report Document"/><designation><language value="da"/><value value="Personal health monitoring report Document"/></designation></concept><concept><code value="74468-0"/><display value="Questionnaire Form Definition Document"/><designation><language value="da"/><value value="Questionnaire Form Definition Document"/></designation></concept><concept><code value="74465-6"/><display value="Questionnaire Response Document"/><designation><language value="da"/><value value="Questionnaire Response Document"/></designation></concept><concept><code value="11502-2"/><display value="LABORATORY REPORT.TOTAL"/><designation><language value="da"/><value value="LABORATORY REPORT.TOTAL"/></designation></concept><concept><code value="56446-8"/><display value="Appointment Summary Document"/><designation><language value="da"/><value value="Appointment Summary Document"/></designation></concept><concept><code value="39290-2"/><display value="Follow-up (referred to) program, appointment date"/><designation><language value="da"/><value value="Follow-up (referred to) program, appointment date"/></designation></concept><concept><code value="39289-4"/><display value="Follow-up (referred to) provider and/or specialist, appointment date"/><designation><language value="da"/><value value="Follow-up (referred to) provider and/or specialist, appointment date"/></designation></concept><concept><code value="81215-6"/><display value="Care plan - recommended C-CDA R2.0 and R2.1 sections"/><designation><language value="da"/><value value="Care plan - recommended C-CDA R2.0 and R2.1 sections"/></designation></concept><concept><code value="57059-8"/><display value="Pregnancy visit summary note Narrative"/><designation><language value="da"/><value value="Summary for prenancy visit"/></designation></concept><concept><code value="28615-3"/><display value="Audiology Study"/><designation><language value="da"/><value value="DA: Audiologi dokument"/></designation></concept></CodeSystem>