<?xml version="1.0" encoding="UTF-8"?><CodeSystem xmlns="http://hl7.org/fhir"><id value="iso-reg-subdiv-codes"/><text><status value="generated"/><div xmlns="http://www.w3.org/1999/xhtml"><p class="res-header-id"><b>Generated Narrative: CodeSystem iso-reg-subdiv-codes</b></p><a name="iso-reg-subdiv-codes"> </a><a name="hciso-reg-subdiv-codes"> </a><p>This  code system <code>https://www.iso.org/obp/ui/#iso:code:3166:DK</code> defines the following codes:</p><table class="codes"><tr><td style="white-space:nowrap"><b>Code</b></td><td><b>Display</b></td><td><b>Dansk (Danish, da)</b></td></tr><tr><td style="white-space:nowrap">DK-84<a name="iso-reg-subdiv-codes-DK-84"> </a></td><td>Capital Region of Denmark</td><td>Hovedstaden</td></tr><tr><td style="white-space:nowrap">DK-82<a name="iso-reg-subdiv-codes-DK-82"> </a></td><td>Central Denmark Region</td><td>Midtjylland</td></tr><tr><td style="white-space:nowrap">DK-81<a name="iso-reg-subdiv-codes-DK-81"> </a></td><td>Nord Denmark Region</td><td>Nordjylland</td></tr><tr><td style="white-space:nowrap">DK-85<a name="iso-reg-subdiv-codes-DK-85"> </a></td><td>Region Zealand</td><td>Sjælland</td></tr><tr><td style="white-space:nowrap">DK-83<a name="iso-reg-subdiv-codes-DK-83"> </a></td><td>Region of Southern Denmark</td><td>Syddanmark</td></tr></table></div></text><url value="https://www.iso.org/obp/ui/#iso:code:3166:DK"/><version value="6.0.2"/><name value="Regional subdivision codes"/><title value="Regional subdivision codes"/><status value="active"/><experimental value="true"/><date value="2019-02-02T00:00:00+00:00"/><publisher value="Den telemedicinske infrastruktur (eHealth Infrastructure)"/><contact><name value="Den telemedicinske infrastruktur (eHealth Infrastructure)"/><telecom><system value="url"/><value value="http://ehealth.sundhed.dk"/></telecom></contact><description value="Subdivision codes (Regional codes) used in Denmark"/><jurisdiction><coding><system value="urn:iso:std:iso:3166"/><code value="DK"/><display value="Denmark"/></coding></jurisdiction><content value="complete"/><concept><code value="DK-84"/><display value="Capital Region of Denmark"/><designation><language value="da"/><value value="Hovedstaden"/></designation></concept><concept><code value="DK-82"/><display value="Central Denmark Region"/><designation><language value="da"/><value value="Midtjylland"/></designation></concept><concept><code value="DK-81"/><display value="Nord Denmark Region"/><designation><language value="da"/><value value="Nordjylland"/></designation></concept><concept><code value="DK-85"/><display value="Region Zealand"/><designation><language value="da"/><value value="Sjælland"/></designation></concept><concept><code value="DK-83"/><display value="Region of Southern Denmark"/><designation><language value="da"/><value value="Syddanmark"/></designation></concept></CodeSystem>