<?xml version="1.0" encoding="UTF-8"?><CodeSystem xmlns="http://hl7.org/fhir"><id value="ehealth-system"/><text><status value="generated"/><div xmlns="http://www.w3.org/1999/xhtml"><p class="res-header-id"><b>Generated Narrative: CodeSystem ehealth-system</b></p><a name="ehealth-system"> </a><a name="hcehealth-system"> </a><p>This case-sensitive code system <code>http://ehealth.sundhed.dk/cs/ehealth-system</code> defines the following codes:</p><table class="codes"><tr><td style="white-space:nowrap"><b>Code</b></td><td><b>Definition</b></td></tr><tr><td style="white-space:nowrap">xa<a name="ehealth-system-xa"> </a></td><td>xa</td></tr><tr><td style="white-space:nowrap">xb<a name="ehealth-system-xb"> </a></td><td>xb</td></tr></table></div></text><url value="http://ehealth.sundhed.dk/cs/ehealth-system"/><version value="6.0.2"/><name value="EhealthSystem"/><title value="Ehealth System"/><status value="active"/><experimental value="false"/><date value="2022-09-29T00:00:00+00:00"/><publisher value="Den telemedicinske infrastruktur (eHealth Infrastructure)"/><contact><name value="Den telemedicinske infrastruktur (eHealth Infrastructure)"/><telecom><system value="url"/><value value="http://ehealth.sundhed.dk"/></telecom></contact><description value="Tag værdi for anvendersystem"/><jurisdiction><coding><system value="urn:iso:std:iso:3166"/><code value="DK"/><display value="Denmark"/></coding></jurisdiction><caseSensitive value="true"/><content value="complete"/><concept><code value="xa"/><display value="xa"/><definition value="xa"/></concept><concept><code value="xb"/><display value="xb"/><definition value="xb"/></concept></CodeSystem>