<?xml version="1.0" encoding="UTF-8"?><OperationDefinition xmlns="http://hl7.org/fhir"><id value="Questionnaire-i-create-clone"/><text><status value="generated"/><div xmlns="http://www.w3.org/1999/xhtml"><p class="res-header-id"><b>Generated Narrative: OperationDefinition Questionnaire-i-create-clone</b></p><a name="Questionnaire-i-create-clone"> </a><a name="hcQuestionnaire-i-create-clone"> </a><p>URL: [base]/Questionnaire/[id]/$create-clone</p><h3>Parameters</h3><table class="grid"><tr><td><b>Use</b></td><td><b>Name</b></td><td><b>Scope</b></td><td><b>Cardinality</b></td><td><b>Type</b></td><td><b>Binding</b></td><td><b>Documentation</b></td></tr><tr><td>IN</td><td>clone-operation</td><td/><td>0..1</td><td><a href="http://hl7.org/fhir/R4/datatypes.html#Coding">Coding</a></td><td/><td/></tr></table></div></text><url value="http://ehealth.sundhed.dk/fhir/OperationDefinition/Questionnaire-i-create-clone"/><version value="6.0.2"/><name value="create-clone"/><title value="Create a clone of a Questionnaire"/><status value="active"/><kind value="operation"/><date value="2025-10-30T11:37:28+00:00"/><publisher value="Den telemedicinske infrastruktur (eHealth Infrastructure)"/><contact><name value="Den telemedicinske infrastruktur (eHealth Infrastructure)"/><telecom><system value="url"/><value value="http://ehealth.sundhed.dk"/></telecom></contact><description value="### Input&#xA;- resourceId: reference to the Questionnaire resource that should be cloned&#xA;- clone-operation: minor-version/major-version/copy Coding from codesystem: http://ehealth.sundhed.dk/cs/ehealth-clone-operation &#xA;&#xA;### Output&#xA;Bundle containing all resources that were created during the operation.&#xA;&#xA;### Validation&#xA;- New business versions require that the user has modifier-role: owner or co-author for the resource&#xA;- New copy does not require that the user has a modifier-role.&#xA;- New business version can be made only when no draft resource exists (having identical base identifier).&#xA;- Read/search/create privileges are required for the resource types affected by $create-clone&#xA;"/><jurisdiction><coding><system value="urn:iso:std:iso:3166"/><code value="DK"/><display value="Denmark"/></coding></jurisdiction><affectsState value="true"/><code value="create-clone"/><resource value="Questionnaire"/><system value="false"/><type value="false"/><instance value="true"/><parameter><name value="clone-operation"/><use value="in"/><min value="0"/><max value="1"/><type value="Coding"/></parameter></OperationDefinition>