<?xml version="1.0" encoding="UTF-8"?><OperationDefinition xmlns="http://hl7.org/fhir"><id value="Media-t-get-data"/><text><status value="generated"/><div xmlns="http://www.w3.org/1999/xhtml"><p class="res-header-id"><b>Generated Narrative: OperationDefinition Media-t-get-data</b></p><a name="Media-t-get-data"> </a><a name="hcMedia-t-get-data"> </a><p>URL: [base]/Media/$get-data</p><h3>Parameters</h3><table class="grid"><tr><td><b>Use</b></td><td><b>Name</b></td><td><b>Scope</b></td><td><b>Cardinality</b></td><td><b>Type</b></td><td><b>Binding</b></td><td><b>Documentation</b></td></tr><tr><td>IN</td><td>uuid</td><td/><td>0..1</td><td><a href="http://hl7.org/fhir/R4/datatypes.html#string">string</a></td><td/><td><div><p>Get media data matching the UUID provided</p>
</div></td></tr></table></div></text><url value="http://ehealth.sundhed.dk/fhir/OperationDefinition/Media-t-get-data"/><version value="6.0.2"/><name value="get-data"/><title value="Get media data"/><status value="active"/><kind value="operation"/><date value="2025-10-30T11:37:28+00:00"/><publisher value="Den telemedicinske infrastruktur (eHealth Infrastructure)"/><contact><name value="Den telemedicinske infrastruktur (eHealth Infrastructure)"/><telecom><system value="url"/><value value="http://ehealth.sundhed.dk"/></telecom></contact><description value="The get-data operation returns a media content matching the uuid provided.&#xA;&#xA;&#xA;### Parameter description&#xA;- uuid: The uuid of the media to return&#xA;&#xA;&#xA;### Request header description&#xA;- ehealth-thumbnail-size: The size of thumbnail to return instead of original content. If thumbnails are not supported for the media, the original content is returned&#xA;&#xA;&#xA;### Output description&#xA;The result of this operation returns a Binary containing the media found from the provided uuid"/><jurisdiction><coding><system value="urn:iso:std:iso:3166"/><code value="DK"/><display value="Denmark"/></coding></jurisdiction><affectsState value="false"/><code value="get-data"/><resource value="Media"/><system value="false"/><type value="true"/><instance value="false"/><parameter><name value="uuid"/><use value="in"/><min value="0"/><max value="1"/><documentation value="Get media data matching the UUID provided"/><type value="string"/></parameter></OperationDefinition>