<?xml version="1.0" encoding="UTF-8"?><ValueSet xmlns="http://hl7.org/fhir"><id value="message-category"/><text><status value="generated"/><div xmlns="http://www.w3.org/1999/xhtml"><p class="res-header-id"><b>Generated Narrative: ValueSet message-category</b></p><a name="message-category"> </a><a name="hcmessage-category"> </a><ul><li>Include these codes as defined in <a href="CodeSystem-ehealth-message-category.html"><code>http://ehealth.sundhed.dk/cs/message-category</code></a><table class="none"><tr><td style="white-space:nowrap"><b>Code</b></td><td><b>Display</b></td></tr><tr><td><a href="CodeSystem-ehealth-message-category.html#ehealth-message-category-message">message</a></td><td style="color: #cccccc">Message</td></tr><tr><td><a href="CodeSystem-ehealth-message-category.html#ehealth-message-category-notification">notification</a></td><td style="color: #cccccc">Notification</td></tr><tr><td><a href="CodeSystem-ehealth-message-category.html#ehealth-message-category-advice">advice</a></td><td style="color: #cccccc">Advice</td></tr><tr><td><a href="CodeSystem-ehealth-message-category.html#ehealth-message-category-note">note</a></td><td style="color: #cccccc">Note</td></tr></table></li></ul></div></text><url value="http://ehealth.sundhed.dk/vs/message-category"/><version value="6.0.2"/><name value="MessageCategory"/><status value="active"/><experimental value="true"/><date value="2019-02-08T00:00:00+00:00"/><publisher value="Den telemedicinske infrastruktur (eHealth Infrastructure)"/><contact><name value="Den telemedicinske infrastruktur (eHealth Infrastructure)"/><telecom><system value="url"/><value value="http://ehealth.sundhed.dk"/></telecom></contact><description value="The set of possible message types"/><jurisdiction><coding><system value="urn:iso:std:iso:3166"/><code value="DK"/><display value="Denmark"/></coding></jurisdiction><compose><include><system value="http://ehealth.sundhed.dk/cs/message-category"/><concept><code value="message"/></concept><concept><code value="notification"/></concept><concept><code value="advice"/></concept><concept><code value="note"/></concept></include></compose></ValueSet>