{
  "resourceType" : "OperationDefinition",
  "id" : "-s-upload-QFDD",
  "text" : {
    "status" : "generated",
    "div" : "<div xmlns=\"http://www.w3.org/1999/xhtml\"><p class=\"res-header-id\"><b>Generated Narrative: OperationDefinition -s-upload-QFDD</b></p><a name=\"-s-upload-QFDD\"> </a><a name=\"hc-s-upload-QFDD\"> </a><a name=\"-s-upload-QFDD-en-US\"> </a><p>URL: [base]/$upload-QFDD</p><h3>Parameters</h3><table class=\"grid\"><tr><td><b>Use</b></td><td><b>Name</b></td><td><b>Scope</b></td><td><b>Cardinality</b></td><td><b>Type</b></td><td><b>Binding</b></td><td><b>Documentation</b></td></tr><tr><td>IN</td><td>documentReference</td><td/><td>0..1</td><td><a href=\"http://hl7.org/fhir/R4/documentreference.html\">DocumentReference</a></td><td/><td/></tr><tr><td>OUT</td><td>documentReference</td><td/><td>0..1</td><td><a href=\"http://hl7.org/fhir/R4/documentreference.html\">DocumentReference</a></td><td/><td/></tr></table></div>"
  },
  "url" : "https://document-transformation.devtest.systematic-ehealth.com/fhir/OperationDefinition/-s-upload-QFDD",
  "version" : "3.2.0",
  "name" : "upload-QFDD",
  "title" : "Upload QFDD",
  "status" : "active",
  "kind" : "operation",
  "date" : "2024-09-02T13:58:07+00:00",
  "publisher" : "Den telemedicinske infrastruktur (eHealth Infrastructure)",
  "contact" : [{
    "name" : "Den telemedicinske infrastruktur (eHealth Infrastructure)",
    "telecom" : [{
      "system" : "url",
      "value" : "http://ehealth.sundhed.dk"
    }]
  }],
  "description" : "Uploads an DK-HL7 Questionnaire Form Definition Document (QFDD). The input FHIR DocumentReference must be of type QFDD (74468-0) and the status set to current. Include an attachment which contains the base64 encoded QFDD XML document with contentType application/xml. The QFDD XML document must contain a unique id which is used as the the masterIdentifier in the DocumentReference. The returned FHIR DocumentReference contains a masterIdentifier, a type and the description all pulled from the attachment. ",
  "affectsState" : false,
  "code" : "upload-QFDD",
  "system" : true,
  "type" : false,
  "instance" : false,
  "parameter" : [{
    "name" : "documentReference",
    "use" : "in",
    "min" : 0,
    "max" : "1",
    "type" : "DocumentReference"
  },
  {
    "name" : "documentReference",
    "use" : "out",
    "min" : 0,
    "max" : "1",
    "type" : "DocumentReference"
  }]
}