{
  "resourceType" : "OperationDefinition",
  "id" : "PlanDefinition-t-import",
  "text" : {
    "status" : "generated",
    "div" : "<div xmlns=\"http://www.w3.org/1999/xhtml\"><p class=\"res-header-id\"><b>Generated Narrative: OperationDefinition PlanDefinition-t-import</b></p><a name=\"PlanDefinition-t-import\"> </a><a name=\"hcPlanDefinition-t-import\"> </a><a name=\"PlanDefinition-t-import-en-US\"> </a><p>URL: [base]/PlanDefinition/$import</p><h3>Parameters</h3><table class=\"grid\"><tr><td><b>Use</b></td><td><b>Name</b></td><td><b>Scope</b></td><td><b>Cardinality</b></td><td><b>Type</b></td><td><b>Binding</b></td><td><b>Documentation</b></td></tr><tr><td>IN</td><td>planDefinitionPackage</td><td/><td>0..1</td><td><a href=\"http://hl7.org/fhir/R4/binary.html\">Binary</a></td><td/><td/></tr><tr><td>OUT</td><td>return</td><td/><td>0..1</td><td><a href=\"http://hl7.org/fhir/R4/bundle.html\">Bundle</a></td><td/><td/></tr></table></div>"
  },
  "url" : "https://plan.devtest.systematic-ehealth.com/fhir/OperationDefinition/PlanDefinition-t-import",
  "version" : "3.2.0",
  "name" : "import",
  "title" : "Import a Plandefinition",
  "status" : "active",
  "kind" : "operation",
  "date" : "2024-09-02T13:58:07+00:00",
  "publisher" : "Den telemedicinske infrastruktur (eHealth Infrastructure)",
  "contact" : [{
    "name" : "Den telemedicinske infrastruktur (eHealth Infrastructure)",
    "telecom" : [{
      "system" : "url",
      "value" : "http://ehealth.sundhed.dk"
    }]
  }],
  "description" : "Import a Plandefinition\n### Parameters\n- planDefinitionPackage: Binary package produced by the export operation\n### Output\nBundle containing the created resources. PlanDefinitions, ActivityDefinitions, and Questionnaires will be created. Imports QFFD DocumentReference into Document-Transformation service.Libraries and Organizations are used to find the corresponding resources on the target system.\n",
  "affectsState" : true,
  "code" : "import",
  "resource" : ["PlanDefinition"],
  "system" : false,
  "type" : true,
  "instance" : false,
  "parameter" : [{
    "name" : "planDefinitionPackage",
    "use" : "in",
    "min" : 0,
    "max" : "1",
    "type" : "Binary"
  },
  {
    "name" : "return",
    "use" : "out",
    "min" : 0,
    "max" : "1",
    "type" : "Bundle"
  }]
}