{
  "resourceType" : "OperationDefinition",
  "id" : "-s-transform-from-PHMR",
  "text" : {
    "status" : "generated",
    "div" : "<div xmlns=\"http://www.w3.org/1999/xhtml\"><p class=\"res-header-id\"><b>Generated Narrative: OperationDefinition -s-transform-from-PHMR</b></p><a name=\"-s-transform-from-PHMR\"> </a><a name=\"hc-s-transform-from-PHMR\"> </a><a name=\"-s-transform-from-PHMR-en-US\"> </a><p>URL: [base]/$transform-from-PHMR</p><h3>Parameters</h3><table class=\"grid\"><tr><td><b>Use</b></td><td><b>Name</b></td><td><b>Scope</b></td><td><b>Cardinality</b></td><td><b>Type</b></td><td><b>Binding</b></td><td><b>Documentation</b></td></tr><tr><td>IN</td><td>documentReference</td><td/><td>0..1</td><td><a href=\"http://hl7.org/fhir/R4/documentreference.html\">DocumentReference</a></td><td/><td/></tr><tr><td>OUT</td><td>bundle</td><td/><td>0..1</td><td><a href=\"http://hl7.org/fhir/R4/bundle.html\">Bundle</a></td><td/><td/></tr></table></div>"
  },
  "url" : "https://document-transformation.devtest.systematic-ehealth.com/fhir/OperationDefinition/-s-transform-from-PHMR",
  "version" : "3.2.0",
  "name" : "transform-from-PHMR",
  "title" : "Transform from PHMR",
  "status" : "active",
  "kind" : "operation",
  "date" : "2024-09-02T13:58:07+00:00",
  "publisher" : "Den telemedicinske infrastruktur (eHealth Infrastructure)",
  "contact" : [{
    "name" : "Den telemedicinske infrastruktur (eHealth Infrastructure)",
    "telecom" : [{
      "system" : "url",
      "value" : "http://ehealth.sundhed.dk"
    }]
  }],
  "description" : "Transforms a DK-HL7 Personal Health Monitoring Report (PHMR) XML document to FHIR Observation (ehealth-observation profile) resource. The input FHIR DocumentReference contains the PHMR XML document adhering to the DK-HL7 Personal Health Monitoring Report profile The returned FHIR Bundle contains a FHIR Composition (ehealth-composition profile) resource referencing.one or more FHIR Observation (ehealth-observation profile) resources and referenced resources such as FHIR Organization.",
  "affectsState" : false,
  "code" : "transform-from-PHMR",
  "system" : true,
  "type" : false,
  "instance" : false,
  "parameter" : [{
    "name" : "documentReference",
    "use" : "in",
    "min" : 0,
    "max" : "1",
    "type" : "DocumentReference"
  },
  {
    "name" : "bundle",
    "use" : "out",
    "min" : 0,
    "max" : "1",
    "type" : "Bundle"
  }]
}