{"resourceType":"CapabilityStatement","id":"organization","text":{"status":"extensions","div":"<div xmlns=\"http://www.w3.org/1999/xhtml\"><p class=\"res-header-id\"><b>Generated Narrative: Kapabilitetserklæring organization</b></p><a name=\"organization\"> </a><a name=\"hcorganization\"> </a><h2 id=\"title\"/><ul><li>Implementation Guide Version: 4.0.1 </li><li>FHIR Version: 4.0.1 </li><li>Supported Formats: <code>application/fhir+xml</code>, <code>xml</code>, <code>application/fhir+json</code>, <code>json</code>, <code>application/x-turtle</code>, <code>ttl</code>, <code>html/json</code>, <code>html/xml</code>, <code>html/turtle</code></li><li>Supported Patch Formats: </li><li>Published on: 2025-08-07 02:37:32+0000 </li><li>Published by: Den telemedicinske infrastruktur (eHealth Infrastructure) </li></ul><blockquote class=\"impl-note\"><p><strong>Note to Implementers: FHIR Capabilities</strong></p><p>Any FHIR capability may be 'allowed' by the system unless explicitly marked as 'SHALL NOT'. A few items are marked as MAY in the Implementation Guide to highlight their potential relevance to the use case.</p></blockquote><h2 id=\"rest\">FHIR RESTful Capabilities</h2><div class=\"panel panel-default\"><div class=\"panel-heading\"><h3 id=\"mode1\" class=\"panel-title\">Mode: <code>server</code></h3></div><div class=\"panel-body\"><div class=\"lead\"><em>Summary of System-wide Interactions</em></div></div></div><h3 id=\"resourcesCap1\">Capabilities by Resource/Profile</h3><h4 id=\"resourcesSummary1\">Summary</h4><p>The summary table lists the resources that are part of this configuration, and for each resource it lists:</p><ul><li>The relevant profiles (if any)</li><li>The interactions supported by each resource (<b><span class=\"bg-info\">R</span></b>ead, <b><span class=\"bg-info\">S</span></b>earch, <b><span class=\"bg-info\">U</span></b>pdate, and <b><span class=\"bg-info\">C</span></b>reate, are always shown, while <b><span class=\"bg-info\">VR</span></b>ead, <b><span class=\"bg-info\">P</span></b>atch, <b><span class=\"bg-info\">D</span></b>elete, <b><span class=\"bg-info\">H</span></b>istory on <b><span class=\"bg-info\">I</span></b>nstance, or <b><span class=\"bg-info\">H</span></b>istory on <b><span class=\"bg-info\">T</span></b>ype are only present if at least one of the resources has support for them.</li><li><span>The required, recommended, and some optional search parameters (if any). </span></li><li>The linked resources enabled for <code>_include</code></li><li>The other resources enabled for <code>_revinclude</code></li><li>The operations on the resource (if any)</li></ul><div class=\"table-responsive\"><table class=\"table table-condensed table-hover\"><thead><tr><th><b>Resource Type</b></th><th><b>Profile</b></th><th class=\"text-center\"><b title=\"GET a resource (read interaction)\">R</b></th><th class=\"text-center\"><b title=\"GET past versions of resources (vread interaction)\">V-R</b></th><th class=\"text-center\"><b title=\"GET all set of resources of the type (search interaction)\">S</b></th><th class=\"text-center\"><b title=\"PUT a new resource version (update interaction)\">U</b></th><th class=\"text-center\"><b title=\"PATCH a new resource version (patch interaction)\">P</b></th><th class=\"text-center\"><b title=\"POST a new resource (create interaction)\">C</b></th><th class=\"text-center\"><b title=\"DELETE a resource (delete interaction)\">D</b></th><th><b title=\"Required and recommended search parameters\">Searches</b></th><th><code><b>_include</b></code></th><th><code><b>_revinclude</b></code></th><th><b>Operations</b></th></tr></thead><tbody><tr><td><a href=\"#CareTeam1-1\">CareTeam</a></td><td><a href=\"StructureDefinition-ehealth-careteam.html\">http://ehealth.sundhed.dk/fhir/StructureDefinition/ehealth-careteam</a></td><td class=\"text-center\">y</td><td class=\"text-center\">y</td><td class=\"text-center\">y</td><td class=\"text-center\">y</td><td class=\"text-center\"></td><td class=\"text-center\">y</td><td class=\"text-center\">y</td><td>_content, _has, _id, _language, _lastUpdated, _profile, _security, _tag, _text, category, context, context-type, context-type-value, date, encounter, identifier, managingOrganization, participant, patient, reasonCode, status, subject</td><td><code>CareTeam:managingOrganization</code>, <code>CareTeam:participant</code>, <code>CareTeam:subject</code></td><td><code>CareTeam:encounter</code>, <code>CareTeam:managingOrganization</code>, <code>CareTeam:participant</code>, <code>CareTeam:patient</code>, <code>CareTeam:subject</code>, <code>Organization:endpoint</code>, <code>Organization:partof</code>, <code>PractitionerRole:endpoint</code>, <code>PractitionerRole:location</code>, <code>PractitionerRole:organization</code>, <code>PractitionerRole:practitioner</code>, <code>PractitionerRole:service</code>, <code>Provenance:target</code></td><td><code>$validate</code></td></tr><tr><td><a href=\"#OperationDefinition1-2\">OperationDefinition</a></td><td><a href=\"http://hl7.org/fhir/R4/operationdefinition.html\">http://hl7.org/fhir/StructureDefinition/OperationDefinition</a></td><td class=\"text-center\">y</td><td class=\"text-center\"></td><td class=\"text-center\"></td><td class=\"text-center\"></td><td class=\"text-center\"></td><td class=\"text-center\"></td><td class=\"text-center\"></td><td></td><td><code>*</code></td><td><code>CareTeam:encounter</code>, <code>CareTeam:managingOrganization</code>, <code>CareTeam:participant</code>, <code>CareTeam:patient</code>, <code>CareTeam:subject</code>, <code>Organization:endpoint</code>, <code>Organization:partof</code>, <code>PractitionerRole:endpoint</code>, <code>PractitionerRole:location</code>, <code>PractitionerRole:organization</code>, <code>PractitionerRole:practitioner</code>, <code>PractitionerRole:service</code>, <code>Provenance:target</code></td><td/></tr><tr><td><a href=\"#Organization1-3\">Organization</a></td><td><a href=\"StructureDefinition-ehealth-organization.html\">http://ehealth.sundhed.dk/fhir/StructureDefinition/ehealth-organization</a></td><td class=\"text-center\">y</td><td class=\"text-center\">y</td><td class=\"text-center\">y</td><td class=\"text-center\">y</td><td class=\"text-center\">y</td><td class=\"text-center\">y</td><td class=\"text-center\"></td><td>_content, _has, _id, _language, _lastUpdated, _profile, _security, _tag, _text, active, address, address-city, address-country, address-postalcode, address-state, address-use, contactName, cvrNumber, endpoint, identifier, municipalityCode, name, partof, phonetic, providerIdentifier, regionCode, source, specialty, type</td><td><code>Organization:partof</code></td><td><code>CareTeam:managingOrganization</code>, <code>Organization:partof</code>, <code>Provenance:target</code></td><td><code>$validate</code>, <code>$get-general-practitioner-info</code>, <code>$traverse-to-sor</code></td></tr><tr><td><a href=\"#Practitioner1-4\">Practitioner</a></td><td><a href=\"StructureDefinition-ehealth-practitioner.html\">http://ehealth.sundhed.dk/fhir/StructureDefinition/ehealth-practitioner</a></td><td class=\"text-center\">y</td><td class=\"text-center\">y</td><td class=\"text-center\">y</td><td class=\"text-center\">y</td><td class=\"text-center\"></td><td class=\"text-center\">y</td><td class=\"text-center\">y</td><td>_content, _has, _id, _language, _lastUpdated, _profile, _security, _tag, _text, active, address, address-city, address-country, address-postalcode, address-state, address-use, communication, email, family, gender, given, identifier, name, phone, phonetic, telecom</td><td><code>*</code></td><td><code>CareTeam:encounter</code>, <code>CareTeam:managingOrganization</code>, <code>CareTeam:participant</code>, <code>CareTeam:patient</code>, <code>CareTeam:subject</code>, <code>Organization:endpoint</code>, <code>Organization:partof</code>, <code>PractitionerRole:endpoint</code>, <code>PractitionerRole:location</code>, <code>PractitionerRole:organization</code>, <code>PractitionerRole:practitioner</code>, <code>PractitionerRole:service</code>, <code>Provenance:target</code></td><td><code>$validate</code></td></tr><tr><td><a href=\"#PractitionerRole1-5\">PractitionerRole</a></td><td><a href=\"StructureDefinition-ehealth-practitionerrole.html\">http://ehealth.sundhed.dk/fhir/StructureDefinition/ehealth-practitionerrole</a></td><td class=\"text-center\">y</td><td class=\"text-center\">y</td><td class=\"text-center\">y</td><td class=\"text-center\">y</td><td class=\"text-center\"></td><td class=\"text-center\">y</td><td class=\"text-center\">y</td><td>_content, _has, _id, _language, _lastUpdated, _profile, _security, _tag, _text, active, date, email, endpoint, identifier, location, organization, phone, practitioner, role, service, specialty, telecom</td><td><code>*</code>, <code>PractitionerRole:endpoint</code>, <code>PractitionerRole:location</code>, <code>PractitionerRole:organization</code>, <code>PractitionerRole:practitioner</code>, <code>PractitionerRole:service</code></td><td><code>CareTeam:encounter</code>, <code>CareTeam:managingOrganization</code>, <code>CareTeam:participant</code>, <code>CareTeam:patient</code>, <code>CareTeam:subject</code>, <code>Organization:endpoint</code>, <code>Organization:partof</code>, <code>PractitionerRole:endpoint</code>, <code>PractitionerRole:location</code>, <code>PractitionerRole:organization</code>, <code>PractitionerRole:practitioner</code>, <code>PractitionerRole:service</code>, <code>Provenance:target</code></td><td><code>$validate</code></td></tr><tr><td><a href=\"#Provenance1-6\">Provenance</a></td><td><a href=\"StructureDefinition-ehealth-provenance.html\">http://ehealth.sundhed.dk/fhir/StructureDefinition/ehealth-provenance</a></td><td class=\"text-center\">y</td><td class=\"text-center\">y</td><td class=\"text-center\">y</td><td class=\"text-center\"></td><td class=\"text-center\"></td><td class=\"text-center\"></td><td class=\"text-center\"></td><td>_id, recorded, target</td><td/><td><code>CareTeam:encounter</code>, <code>CareTeam:managingOrganization</code>, <code>CareTeam:participant</code>, <code>CareTeam:patient</code>, <code>CareTeam:subject</code>, <code>Organization:endpoint</code>, <code>Organization:partof</code>, <code>PractitionerRole:endpoint</code>, <code>PractitionerRole:location</code>, <code>PractitionerRole:organization</code>, <code>PractitionerRole:practitioner</code>, <code>PractitionerRole:service</code>, <code>Provenance:target</code></td><td/></tr></tbody></table></div><hr/><div class=\"panel panel-default\"><div class=\"panel-heading\"><h4 id=\"CareTeam1-1\" class=\"panel-title\"><span style=\"float: right;\">Resource Conformance: supported </span>CareTeam</h4></div><div class=\"panel-body\"><div class=\"container\"><div class=\"row\"><div class=\"col-lg-6\"><span class=\"lead\">Base System Profile</span><br/><a href=\"StructureDefinition-ehealth-careteam.html\">ehealth-careteam</a></div><div class=\"col-lg-3\"><span class=\"lead\">Profile Conformance</span><br/><b>SHALL</b></div><div class=\"col-lg-3\"><span class=\"lead\">Reference Policy</span><br/></div></div><p/><div class=\"row\"><div class=\"col-lg-6\"><span class=\"lead\">Interaction summary</span><br/><ul><li>Supports <code>update</code>, <code>search-type</code>, <code>vread</code>, <code>read</code>, <code>delete</code>, <code>create</code>.</li></ul></div></div><p/><div class=\"row\"><div class=\"col-lg-7\"><span class=\"lead\">Search Parameters</span><table class=\"table table-condensed table-hover\"><thead><tr><th>Conformance</th><th>Parameter</th><th>Type</th><th>Documentation</th></tr></thead><tbody><tr><td><b>SHALL</b></td><td>_content</td><td><code>string</code></td><td><div><p>Search the contents of the resource's data using a fulltext search</p>\n</div></td></tr><tr><td><b>SHALL</b></td><td>_has</td><td><code>string</code></td><td><div><p>Return resources linked to by the given target</p>\n</div></td></tr><tr><td><b>SHALL</b></td><td>_id</td><td><code>token</code></td><td><div><p>The ID of the resource</p>\n</div></td></tr><tr><td><b>SHALL</b></td><td>_language</td><td><code>string</code></td><td><div><p>The language of the resource</p>\n</div></td></tr><tr><td><b>SHALL</b></td><td>_lastUpdated</td><td><code>date</code></td><td><div><p>Only return resources which were last updated as specified by the given range</p>\n</div></td></tr><tr><td><b>SHALL</b></td><td>_profile</td><td><code>uri</code></td><td><div><p>Search for resources which have the given profile</p>\n</div></td></tr><tr><td><b>SHALL</b></td><td>_security</td><td><code>token</code></td><td><div><p>Search for resources which have the given security labels</p>\n</div></td></tr><tr><td><b>SHALL</b></td><td>_tag</td><td><code>token</code></td><td><div><p>Search for resources which have the given tag</p>\n</div></td></tr><tr><td><b>SHALL</b></td><td>_text</td><td><code>string</code></td><td><div><p>Search the contents of the resource's narrative using a fulltext search</p>\n</div></td></tr><tr><td><b>SHALL</b></td><td>category</td><td><code>token</code></td><td><div><p>Type of team</p>\n</div></td></tr><tr><td><b>SHALL</b></td><td>context</td><td><code>token</code></td><td><div><p>A use context assigned to the care team</p>\n</div></td></tr><tr><td><b>SHALL</b></td><td>context-type</td><td><code>token</code></td><td><div><p>A type of use context assigned to the care team</p>\n</div></td></tr><tr><td><b>SHALL</b></td><td>context-type-value</td><td><code>composite</code></td><td><div><p>A use context type and value assigned to the care team</p>\n</div></td></tr><tr><td><b>SHALL</b></td><td>date</td><td><code>date</code></td><td><div><p>Time period team covers</p>\n</div></td></tr><tr><td><b>SHALL</b></td><td>encounter</td><td><code>reference</code></td><td><div><p>Encounter or episode associated with CareTeam</p>\n</div></td></tr><tr><td><b>SHALL</b></td><td>identifier</td><td><code>token</code></td><td><div><p>External Ids for this team</p>\n</div></td></tr><tr><td><b>SHALL</b></td><td>managingOrganization</td><td><code>reference</code></td><td><div><p>Managing organization of a care team</p>\n</div></td></tr><tr><td><b>SHALL</b></td><td>participant</td><td><code>reference</code></td><td><div><p>Who is involved</p>\n</div></td></tr><tr><td><b>SHALL</b></td><td>patient</td><td><code>reference</code></td><td><div><p>Who care team is for</p>\n</div></td></tr><tr><td><b>SHALL</b></td><td>reasonCode</td><td><code>token</code></td><td><div><p>Reason care team exists</p>\n</div></td></tr><tr><td><b>SHALL</b></td><td>status</td><td><code>token</code></td><td><div><p>proposed | active | suspended | inactive | entered-in-error</p>\n</div></td></tr><tr><td><b>SHALL</b></td><td>subject</td><td><code>reference</code></td><td><div><p>Who care team is for</p>\n</div></td></tr></tbody></table></div><div class=\"col-lg-5\">\u00a0</div></div><div class=\"row\"><div class=\"col-12\"><span class=\"lead\">Extended Operations</span><table class=\"table table-condensed table-hover\"><thead><tr><th>Conformance</th><th>Operation</th><th>Documentation</th></tr></thead><tbody><tr><td><b>SHALL</b></td><td>$validate</td><td><div/></td></tr></tbody></table></div></div></div></div></div><div class=\"panel panel-default\"><div class=\"panel-heading\"><h4 id=\"OperationDefinition1-2\" class=\"panel-title\"><span style=\"float: right;\">Resource Conformance: supported </span>OperationDefinition</h4></div><div class=\"panel-body\"><div class=\"container\"><div class=\"row\"><div class=\"col-lg-6\"><span class=\"lead\">Base System Profile</span><br/><a href=\"http://hl7.org/fhir/R4/operationdefinition.html\">OperationDefinition</a></div><div class=\"col-lg-3\"><span class=\"lead\">Profile Conformance</span><br/><b>SHALL</b></div><div class=\"col-lg-3\"><span class=\"lead\">Reference Policy</span><br/></div></div><p/><div class=\"row\"><div class=\"col-lg-6\"><span class=\"lead\">Interaction summary</span><br/><ul><li>Supports <code>read</code>.</li></ul></div></div><p/></div></div></div><div class=\"panel panel-default\"><div class=\"panel-heading\"><h4 id=\"Organization1-3\" class=\"panel-title\"><span style=\"float: right;\">Resource Conformance: supported </span>Organization</h4></div><div class=\"panel-body\"><div class=\"container\"><div class=\"row\"><div class=\"col-lg-6\"><span class=\"lead\">Base System Profile</span><br/><a href=\"StructureDefinition-ehealth-organization.html\">ehealth-organization</a></div><div class=\"col-lg-3\"><span class=\"lead\">Profile Conformance</span><br/><b>SHALL</b></div><div class=\"col-lg-3\"><span class=\"lead\">Reference Policy</span><br/></div></div><p/><div class=\"row\"><div class=\"col-lg-6\"><span class=\"lead\">Interaction summary</span><br/><ul><li>Supports <code>update</code>, <code>search-type</code>, <code>vread</code>, <code>read</code>, <code>patch</code>, <code>create</code>.</li></ul></div></div><p/><div class=\"row\"><div class=\"col-lg-7\"><span class=\"lead\">Search Parameters</span><table class=\"table table-condensed table-hover\"><thead><tr><th>Conformance</th><th>Parameter</th><th>Type</th><th>Documentation</th></tr></thead><tbody><tr><td><b>SHALL</b></td><td>_content</td><td><code>string</code></td><td><div><p>Search the contents of the resource's data using a fulltext search</p>\n</div></td></tr><tr><td><b>SHALL</b></td><td>_has</td><td><code>string</code></td><td><div><p>Return resources linked to by the given target</p>\n</div></td></tr><tr><td><b>SHALL</b></td><td>_id</td><td><code>token</code></td><td><div><p>The ID of the resource</p>\n</div></td></tr><tr><td><b>SHALL</b></td><td>_language</td><td><code>string</code></td><td><div><p>The language of the resource</p>\n</div></td></tr><tr><td><b>SHALL</b></td><td>_lastUpdated</td><td><code>date</code></td><td><div><p>Only return resources which were last updated as specified by the given range</p>\n</div></td></tr><tr><td><b>SHALL</b></td><td>_profile</td><td><code>uri</code></td><td><div><p>Search for resources which have the given profile</p>\n</div></td></tr><tr><td><b>SHALL</b></td><td>_security</td><td><code>token</code></td><td><div><p>Search for resources which have the given security labels</p>\n</div></td></tr><tr><td><b>SHALL</b></td><td>_tag</td><td><code>token</code></td><td><div><p>Search for resources which have the given tag</p>\n</div></td></tr><tr><td><b>SHALL</b></td><td>_text</td><td><code>string</code></td><td><div><p>Search the contents of the resource's narrative using a fulltext search</p>\n</div></td></tr><tr><td><b>SHALL</b></td><td>active</td><td><code>token</code></td><td><div><p>A server defined search that may match any of the string fields in the Address, including line, city, state, country, postalCode, and/or text</p>\n</div></td></tr><tr><td><b>SHALL</b></td><td>address</td><td><code>string</code></td><td><div><p>A (part of the) address of the organization</p>\n</div></td></tr><tr><td><b>SHALL</b></td><td>address-city</td><td><code>string</code></td><td><div><p>A city specified in an address</p>\n</div></td></tr><tr><td><b>SHALL</b></td><td>address-country</td><td><code>string</code></td><td><div><p>A country specified in an address</p>\n</div></td></tr><tr><td><b>SHALL</b></td><td>address-postalcode</td><td><code>string</code></td><td><div><p>A postal code specified in an address</p>\n</div></td></tr><tr><td><b>SHALL</b></td><td>address-state</td><td><code>string</code></td><td><div><p>A state specified in an address</p>\n</div></td></tr><tr><td><b>SHALL</b></td><td>address-use</td><td><code>token</code></td><td><div><p>A use code specified in an address</p>\n</div></td></tr><tr><td><b>SHALL</b></td><td>contactName</td><td><code>string</code></td><td><div><p>Contact name</p>\n</div></td></tr><tr><td><b>SHALL</b></td><td>cvrNumber</td><td><code>string</code></td><td><div><p>Cvr number of the organization</p>\n</div></td></tr><tr><td><b>SHALL</b></td><td>endpoint</td><td><code>reference</code></td><td><div><p>Technical endpoints providing access to services operated for the organization</p>\n</div></td></tr><tr><td><b>SHALL</b></td><td>identifier</td><td><code>token</code></td><td><div><p>Any identifier for the organization (not the accreditation issuer's identifier)</p>\n</div></td></tr><tr><td><b>SHALL</b></td><td>municipalityCode</td><td><code>string</code></td><td><div><p>Municipality code of the organization</p>\n</div></td></tr><tr><td><b>SHALL</b></td><td>name</td><td><code>string</code></td><td><div><p>A portion of the organization's name or alias</p>\n</div></td></tr><tr><td><b>SHALL</b></td><td>partof</td><td><code>reference</code></td><td><div><p>An organization of which this organization forms a part</p>\n</div></td></tr><tr><td><b>SHALL</b></td><td>phonetic</td><td><code>string</code></td><td><div><p>A portion of the organization's name using some kind of phonetic matching algorithm</p>\n</div></td></tr><tr><td><b>SHALL</b></td><td>providerIdentifier</td><td><code>string</code></td><td><div><p>Provider identifier of the organization</p>\n</div></td></tr><tr><td><b>SHALL</b></td><td>regionCode</td><td><code>string</code></td><td><div><p>Region code of the organization</p>\n</div></td></tr><tr><td><b>SHALL</b></td><td>source</td><td><code>token</code></td><td><div><p>Source of the organization</p>\n</div></td></tr><tr><td><b>SHALL</b></td><td>specialty</td><td><code>token</code></td><td><div><p>Specialty of the organization</p>\n</div></td></tr><tr><td><b>SHALL</b></td><td>type</td><td><code>token</code></td><td><div><p>A code for the type of organization</p>\n</div></td></tr></tbody></table></div><div class=\"col-lg-5\">\u00a0</div></div><div class=\"row\"><div class=\"col-12\"><span class=\"lead\">Extended Operations</span><table class=\"table table-condensed table-hover\"><thead><tr><th>Conformance</th><th>Operation</th><th>Documentation</th></tr></thead><tbody><tr><td><b>SHALL</b></td><td>$validate</td><td><div/></td></tr><tr><td><b>SHALL</b></td><td>$get-general-practitioner-info</td><td><div><p>The operation resolves the input organization(s) to the shared organization for the one or more organizations that have the given provider number.\nThe Organization returned depends on how many active Organization exist in the service with that provider number. When a single Organization has the provider number that Organization is returned.\nWhen multiple Organization resources have the same provider number, the shared parent Organization is returned.\nAn OperationOutcome with an explicit error is returned in case multiple organizations share the provider number but do not have a shared parent, or in case input organizations have different provider numbers.\nA typical use of the operation is to get name, address and telecom details for a general practitioner. Many provider numbers are assigned to a single organization but some provider numbers are shared by multiple entities (organizations) within in a common practice.</p>\n</div></td></tr><tr><td><b>SHALL</b></td><td>$traverse-to-sor</td><td><div><p>Traverse upforwards to the first SOR organization\nHttp response code 404 will be returned if no related SOR organization could be found</p>\n</div></td></tr></tbody></table></div></div></div></div></div><div class=\"panel panel-default\"><div class=\"panel-heading\"><h4 id=\"Practitioner1-4\" class=\"panel-title\"><span style=\"float: right;\">Resource Conformance: supported </span>Practitioner</h4></div><div class=\"panel-body\"><div class=\"container\"><div class=\"row\"><div class=\"col-lg-6\"><span class=\"lead\">Base System Profile</span><br/><a href=\"StructureDefinition-ehealth-practitioner.html\">ehealth-practitioner</a></div><div class=\"col-lg-3\"><span class=\"lead\">Profile Conformance</span><br/><b>SHALL</b></div><div class=\"col-lg-3\"><span class=\"lead\">Reference Policy</span><br/></div></div><p/><div class=\"row\"><div class=\"col-lg-6\"><span class=\"lead\">Interaction summary</span><br/><ul><li>Supports <code>update</code>, <code>search-type</code>, <code>vread</code>, <code>read</code>, <code>delete</code>, <code>create</code>.</li></ul></div></div><p/><div class=\"row\"><div class=\"col-lg-7\"><span class=\"lead\">Search Parameters</span><table class=\"table table-condensed table-hover\"><thead><tr><th>Conformance</th><th>Parameter</th><th>Type</th><th>Documentation</th></tr></thead><tbody><tr><td><b>SHALL</b></td><td>_content</td><td><code>string</code></td><td><div><p>Search the contents of the resource's data using a fulltext search</p>\n</div></td></tr><tr><td><b>SHALL</b></td><td>_has</td><td><code>string</code></td><td><div><p>Return resources linked to by the given target</p>\n</div></td></tr><tr><td><b>SHALL</b></td><td>_id</td><td><code>token</code></td><td><div><p>The ID of the resource</p>\n</div></td></tr><tr><td><b>SHALL</b></td><td>_language</td><td><code>string</code></td><td><div><p>The language of the resource</p>\n</div></td></tr><tr><td><b>SHALL</b></td><td>_lastUpdated</td><td><code>date</code></td><td><div><p>Only return resources which were last updated as specified by the given range</p>\n</div></td></tr><tr><td><b>SHALL</b></td><td>_profile</td><td><code>uri</code></td><td><div><p>Search for resources which have the given profile</p>\n</div></td></tr><tr><td><b>SHALL</b></td><td>_security</td><td><code>token</code></td><td><div><p>Search for resources which have the given security labels</p>\n</div></td></tr><tr><td><b>SHALL</b></td><td>_tag</td><td><code>token</code></td><td><div><p>Search for resources which have the given tag</p>\n</div></td></tr><tr><td><b>SHALL</b></td><td>_text</td><td><code>string</code></td><td><div><p>Search the contents of the resource's narrative using a fulltext search</p>\n</div></td></tr><tr><td><b>SHALL</b></td><td>active</td><td><code>token</code></td><td><div><p>Whether the practitioner record is active</p>\n</div></td></tr><tr><td><b>SHALL</b></td><td>address</td><td><code>string</code></td><td><div><p>A server defined search that may match any of the string fields in the Address, including line, city, state, country, postalCode, and/or text</p>\n</div></td></tr><tr><td><b>SHALL</b></td><td>address-city</td><td><code>string</code></td><td><div><p>A city specified in an address</p>\n</div></td></tr><tr><td><b>SHALL</b></td><td>address-country</td><td><code>string</code></td><td><div><p>A country specified in an address</p>\n</div></td></tr><tr><td><b>SHALL</b></td><td>address-postalcode</td><td><code>string</code></td><td><div><p>A postalCode specified in an address</p>\n</div></td></tr><tr><td><b>SHALL</b></td><td>address-state</td><td><code>string</code></td><td><div><p>A state specified in an address</p>\n</div></td></tr><tr><td><b>SHALL</b></td><td>address-use</td><td><code>token</code></td><td><div><p>A use code specified in an address</p>\n</div></td></tr><tr><td><b>SHALL</b></td><td>communication</td><td><code>token</code></td><td><div><p>One of the languages that the practitioner can communicate with</p>\n</div></td></tr><tr><td><b>SHALL</b></td><td>email</td><td><code>token</code></td><td><div><p>A value in an email contact</p>\n</div></td></tr><tr><td><b>SHALL</b></td><td>family</td><td><code>string</code></td><td><div><p>A portion of the family name</p>\n</div></td></tr><tr><td><b>SHALL</b></td><td>gender</td><td><code>token</code></td><td><div><p>Gender of the practitioner</p>\n</div></td></tr><tr><td><b>SHALL</b></td><td>given</td><td><code>string</code></td><td><div><p>A portion of the given name</p>\n</div></td></tr><tr><td><b>SHALL</b></td><td>identifier</td><td><code>token</code></td><td><div><p>A practitioner's Identifier</p>\n</div></td></tr><tr><td><b>SHALL</b></td><td>name</td><td><code>string</code></td><td><div><p>A server defined search that may match any of the string fields in the HumanName, including family, give, prefix, suffix, suffix, and/or text</p>\n</div></td></tr><tr><td><b>SHALL</b></td><td>phone</td><td><code>token</code></td><td><div><p>A value in a phone contact</p>\n</div></td></tr><tr><td><b>SHALL</b></td><td>phonetic</td><td><code>string</code></td><td><div><p>A portion of either family or given name using some kind of phonetic matching algorithm</p>\n</div></td></tr><tr><td><b>SHALL</b></td><td>telecom</td><td><code>token</code></td><td><div><p>The value in any kind of contact</p>\n</div></td></tr></tbody></table></div><div class=\"col-lg-5\">\u00a0</div></div><div class=\"row\"><div class=\"col-12\"><span class=\"lead\">Extended Operations</span><table class=\"table table-condensed table-hover\"><thead><tr><th>Conformance</th><th>Operation</th><th>Documentation</th></tr></thead><tbody><tr><td><b>SHALL</b></td><td>$validate</td><td><div/></td></tr></tbody></table></div></div></div></div></div><div class=\"panel panel-default\"><div class=\"panel-heading\"><h4 id=\"PractitionerRole1-5\" class=\"panel-title\"><span style=\"float: right;\">Resource Conformance: supported </span>PractitionerRole</h4></div><div class=\"panel-body\"><div class=\"container\"><div class=\"row\"><div class=\"col-lg-6\"><span class=\"lead\">Base System Profile</span><br/><a href=\"StructureDefinition-ehealth-practitionerrole.html\">ehealth-practitionerrole</a></div><div class=\"col-lg-3\"><span class=\"lead\">Profile Conformance</span><br/><b>SHALL</b></div><div class=\"col-lg-3\"><span class=\"lead\">Reference Policy</span><br/></div></div><p/><div class=\"row\"><div class=\"col-lg-6\"><span class=\"lead\">Interaction summary</span><br/><ul><li>Supports <code>update</code>, <code>search-type</code>, <code>vread</code>, <code>read</code>, <code>delete</code>, <code>create</code>.</li></ul></div></div><p/><div class=\"row\"><div class=\"col-lg-7\"><span class=\"lead\">Search Parameters</span><table class=\"table table-condensed table-hover\"><thead><tr><th>Conformance</th><th>Parameter</th><th>Type</th><th>Documentation</th></tr></thead><tbody><tr><td><b>SHALL</b></td><td>_content</td><td><code>string</code></td><td><div><p>Search the contents of the resource's data using a fulltext search</p>\n</div></td></tr><tr><td><b>SHALL</b></td><td>_has</td><td><code>string</code></td><td><div><p>Return resources linked to by the given target</p>\n</div></td></tr><tr><td><b>SHALL</b></td><td>_id</td><td><code>token</code></td><td><div><p>The ID of the resource</p>\n</div></td></tr><tr><td><b>SHALL</b></td><td>_language</td><td><code>string</code></td><td><div><p>The language of the resource</p>\n</div></td></tr><tr><td><b>SHALL</b></td><td>_lastUpdated</td><td><code>date</code></td><td><div><p>Only return resources which were last updated as specified by the given range</p>\n</div></td></tr><tr><td><b>SHALL</b></td><td>_profile</td><td><code>uri</code></td><td><div><p>Search for resources which have the given profile</p>\n</div></td></tr><tr><td><b>SHALL</b></td><td>_security</td><td><code>token</code></td><td><div><p>Search for resources which have the given security labels</p>\n</div></td></tr><tr><td><b>SHALL</b></td><td>_tag</td><td><code>token</code></td><td><div><p>Search for resources which have the given tag</p>\n</div></td></tr><tr><td><b>SHALL</b></td><td>_text</td><td><code>string</code></td><td><div><p>Search the contents of the resource's narrative using a fulltext search</p>\n</div></td></tr><tr><td><b>SHALL</b></td><td>active</td><td><code>token</code></td><td><div><p>Whether this practitioner's record is in active use</p>\n</div></td></tr><tr><td><b>SHALL</b></td><td>date</td><td><code>date</code></td><td><div><p>The period during which the practitioner is authorized to perform in these role(s)</p>\n</div></td></tr><tr><td><b>SHALL</b></td><td>email</td><td><code>token</code></td><td><div><p>A value in an email contact</p>\n</div></td></tr><tr><td><b>SHALL</b></td><td>endpoint</td><td><code>reference</code></td><td><div><p>Technical endpoints providing access to services operated for the practitioner with this role</p>\n</div></td></tr><tr><td><b>SHALL</b></td><td>identifier</td><td><code>token</code></td><td><div><p>A practitioner's Identifier</p>\n</div></td></tr><tr><td><b>SHALL</b></td><td>location</td><td><code>reference</code></td><td><div><p>One of the locations at which this practitioner provides care</p>\n</div></td></tr><tr><td><b>SHALL</b></td><td>organization</td><td><code>reference</code></td><td><div><p>The identity of the organization the practitioner represents / acts on behalf of</p>\n</div></td></tr><tr><td><b>SHALL</b></td><td>phone</td><td><code>token</code></td><td><div><p>A value in a phone contact</p>\n</div></td></tr><tr><td><b>SHALL</b></td><td>practitioner</td><td><code>reference</code></td><td><div><p>Practitioner that is able to provide the defined services for the organation</p>\n</div></td></tr><tr><td><b>SHALL</b></td><td>role</td><td><code>token</code></td><td><div><p>The practitioner can perform this role at for the organization</p>\n</div></td></tr><tr><td><b>SHALL</b></td><td>service</td><td><code>reference</code></td><td><div><p>The list of healthcare services that this worker provides for this role's Organization/Location(s)</p>\n</div></td></tr><tr><td><b>SHALL</b></td><td>specialty</td><td><code>token</code></td><td><div><p>The practitioner has this specialty at an organization</p>\n</div></td></tr><tr><td><b>SHALL</b></td><td>telecom</td><td><code>token</code></td><td><div><p>The value in any kind of contact</p>\n</div></td></tr></tbody></table></div><div class=\"col-lg-5\">\u00a0</div></div><div class=\"row\"><div class=\"col-12\"><span class=\"lead\">Extended Operations</span><table class=\"table table-condensed table-hover\"><thead><tr><th>Conformance</th><th>Operation</th><th>Documentation</th></tr></thead><tbody><tr><td><b>SHALL</b></td><td>$validate</td><td><div/></td></tr></tbody></table></div></div></div></div></div><div class=\"panel panel-default\"><div class=\"panel-heading\"><h4 id=\"Provenance1-6\" class=\"panel-title\"><span style=\"float: right;\">Resource Conformance: supported </span>Provenance</h4></div><div class=\"panel-body\"><div class=\"container\"><div class=\"row\"><div class=\"col-lg-6\"><span class=\"lead\">Base System Profile</span><br/><a href=\"StructureDefinition-ehealth-provenance.html\">ehealth-provenance</a></div><div class=\"col-lg-3\"><span class=\"lead\">Profile Conformance</span><br/><b>SHALL</b></div><div class=\"col-lg-3\"><span class=\"lead\">Reference Policy</span><br/></div></div><p/><div class=\"row\"><div class=\"col-lg-6\"><span class=\"lead\">Interaction summary</span><br/><ul><li>Supports <code>search-type</code>, <code>vread</code>, <code>read</code>.</li></ul></div></div><p/><div class=\"row\"><div class=\"col-lg-7\"><span class=\"lead\">Search Parameters</span><table class=\"table table-condensed table-hover\"><thead><tr><th>Conformance</th><th>Parameter</th><th>Type</th><th>Documentation</th></tr></thead><tbody><tr><td><b>SHALL</b></td><td>_id</td><td><code>token</code></td><td><div><p>The ID of the resource</p>\n</div></td></tr><tr><td><b>SHALL</b></td><td>recorded</td><td><code>date</code></td><td><div><p>When the activity was recorded / updated</p>\n</div></td></tr><tr><td><b>SHALL</b></td><td>target</td><td><code>reference</code></td><td><div><p>Target Reference(s) (usually version specific)</p>\n</div></td></tr></tbody></table></div><div class=\"col-lg-5\">\u00a0</div></div></div></div></div><h3 id=\"operationsCap1\">Operations</h3><h4 id=\"operationsSummary1\">Use</h4></div>"},"url":"http://ehealth.sundhed.dk/fhir/CapabilityStatement/organization","version":"4.0.1","name":"organization","status":"active","date":"2025-08-07T02:37:32.443+00:00","publisher":"Den telemedicinske infrastruktur (eHealth Infrastructure)","contact":[{"name":"Den telemedicinske infrastruktur (eHealth Infrastructure)","telecom":[{"system":"url","value":"http://ehealth.sundhed.dk"}]}],"jurisdiction":[{"coding":[{"system":"urn:iso:std:iso:3166","code":"DK","display":"Denmark"}]}],"kind":"instance","software":{"name":"organization","version":"1.20.0"},"implementation":{"description":"eHealth organization service","url":"https://organization.devtest.systematic-ehealth.com/fhir"},"fhirVersion":"4.0.1","format":["application/fhir+xml","xml","application/fhir+json","json","application/x-turtle","ttl","html/json","html/xml","html/turtle"],"rest":[{"mode":"server","resource":[{"type":"CareTeam","profile":"http://ehealth.sundhed.dk/fhir/StructureDefinition/ehealth-careteam","interaction":[{"code":"update"},{"code":"search-type"},{"code":"vread"},{"code":"read"},{"code":"delete"},{"code":"create"}],"conditionalCreate":true,"conditionalUpdate":true,"conditionalDelete":"multiple","searchInclude":["CareTeam:managingOrganization","CareTeam:participant","CareTeam:subject"],"searchRevInclude":["CareTeam:encounter","CareTeam:managingOrganization","CareTeam:participant","CareTeam:patient","CareTeam:subject","Organization:endpoint","Organization:partof","PractitionerRole:endpoint","PractitionerRole:location","PractitionerRole:organization","PractitionerRole:practitioner","PractitionerRole:service","Provenance:target"],"searchParam":[{"name":"_content","type":"string","documentation":"Search the contents of the resource's data using a fulltext search"},{"name":"_has","type":"string","documentation":"Return resources linked to by the given target"},{"name":"_id","type":"token","documentation":"The ID of the resource"},{"name":"_language","type":"string","documentation":"The language of the resource"},{"name":"_lastUpdated","type":"date","documentation":"Only return resources which were last updated as specified by the given range"},{"name":"_profile","type":"uri","documentation":"Search for resources which have the given profile"},{"name":"_security","type":"token","documentation":"Search for resources which have the given security labels"},{"name":"_tag","type":"token","documentation":"Search for resources which have the given tag"},{"name":"_text","type":"string","documentation":"Search the contents of the resource's narrative using a fulltext search"},{"name":"category","type":"token","documentation":"Type of team"},{"name":"context","type":"token","documentation":"A use context assigned to the care team"},{"name":"context-type","type":"token","documentation":"A type of use context assigned to the care team"},{"name":"context-type-value","type":"composite","documentation":"A use context type and value assigned to the care team"},{"name":"date","type":"date","documentation":"Time period team covers"},{"name":"encounter","type":"reference","documentation":"Encounter or episode associated with CareTeam"},{"name":"identifier","type":"token","documentation":"External Ids for this team"},{"name":"managingOrganization","type":"reference","documentation":"Managing organization of a care team"},{"name":"participant","type":"reference","documentation":"Who is involved"},{"name":"patient","type":"reference","documentation":"Who care team is for"},{"name":"reasonCode","type":"token","documentation":"Reason care team exists"},{"name":"status","type":"token","documentation":"proposed | active | suspended | inactive | entered-in-error"},{"name":"subject","type":"reference","documentation":"Who care team is for"}],"operation":[{"name":"validate","definition":"https://organization.devtest.systematic-ehealth.com/fhir/OperationDefinition/Multi-it-validate"}]},{"type":"OperationDefinition","profile":"http://hl7.org/fhir/StructureDefinition/OperationDefinition","interaction":[{"code":"read"}],"searchInclude":["*"],"searchRevInclude":["CareTeam:encounter","CareTeam:managingOrganization","CareTeam:participant","CareTeam:patient","CareTeam:subject","Organization:endpoint","Organization:partof","PractitionerRole:endpoint","PractitionerRole:location","PractitionerRole:organization","PractitionerRole:practitioner","PractitionerRole:service","Provenance:target"]},{"type":"Organization","profile":"http://ehealth.sundhed.dk/fhir/StructureDefinition/ehealth-organization","interaction":[{"code":"update"},{"code":"search-type"},{"code":"vread"},{"code":"read"},{"code":"patch"},{"code":"create"}],"conditionalCreate":true,"conditionalUpdate":true,"searchInclude":["Organization:partof"],"searchRevInclude":["CareTeam:managingOrganization","Organization:partof","Provenance:target"],"searchParam":[{"name":"_content","type":"string","documentation":"Search the contents of the resource's data using a fulltext search"},{"name":"_has","type":"string","documentation":"Return resources linked to by the given target"},{"name":"_id","type":"token","documentation":"The ID of the resource"},{"name":"_language","type":"string","documentation":"The language of the resource"},{"name":"_lastUpdated","type":"date","documentation":"Only return resources which were last updated as specified by the given range"},{"name":"_profile","type":"uri","documentation":"Search for resources which have the given profile"},{"name":"_security","type":"token","documentation":"Search for resources which have the given security labels"},{"name":"_tag","type":"token","documentation":"Search for resources which have the given tag"},{"name":"_text","type":"string","documentation":"Search the contents of the resource's narrative using a fulltext search"},{"name":"active","type":"token","documentation":"A server defined search that may match any of the string fields in the Address, including line, city, state, country, postalCode, and/or text"},{"name":"address","type":"string","documentation":"A (part of the) address of the organization"},{"name":"address-city","type":"string","documentation":"A city specified in an address"},{"name":"address-country","type":"string","documentation":"A country specified in an address"},{"name":"address-postalcode","type":"string","documentation":"A postal code specified in an address"},{"name":"address-state","type":"string","documentation":"A state specified in an address"},{"name":"address-use","type":"token","documentation":"A use code specified in an address"},{"name":"contactName","type":"string","documentation":"Contact name"},{"name":"cvrNumber","type":"string","documentation":"Cvr number of the organization"},{"name":"endpoint","type":"reference","documentation":"Technical endpoints providing access to services operated for the organization"},{"name":"identifier","type":"token","documentation":"Any identifier for the organization (not the accreditation issuer's identifier)"},{"name":"municipalityCode","type":"string","documentation":"Municipality code of the organization"},{"name":"name","type":"string","documentation":"A portion of the organization's name or alias"},{"name":"partof","type":"reference","documentation":"An organization of which this organization forms a part"},{"name":"phonetic","type":"string","documentation":"A portion of the organization's name using some kind of phonetic matching algorithm"},{"name":"providerIdentifier","type":"string","documentation":"Provider identifier of the organization"},{"name":"regionCode","type":"string","documentation":"Region code of the organization"},{"name":"source","type":"token","documentation":"Source of the organization"},{"name":"specialty","type":"token","documentation":"Specialty of the organization"},{"name":"type","type":"token","documentation":"A code for the type of organization"}],"operation":[{"name":"validate","definition":"https://organization.devtest.systematic-ehealth.com/fhir/OperationDefinition/Multi-it-validate"},{"name":"get-general-practitioner-info","definition":"https://organization.devtest.systematic-ehealth.com/fhir/OperationDefinition/Organization-t-get-general-practitioner-info","documentation":"The operation resolves the input organization(s) to the shared organization for the one or more organizations that have the given provider number. \nThe Organization returned depends on how many active Organization exist in the service with that provider number. When a single Organization has the provider number that Organization is returned. \nWhen multiple Organization resources have the same provider number, the shared parent Organization is returned. \nAn OperationOutcome with an explicit error is returned in case multiple organizations share the provider number but do not have a shared parent, or in case input organizations have different provider numbers. \nA typical use of the operation is to get name, address and telecom details for a general practitioner. Many provider numbers are assigned to a single organization but some provider numbers are shared by multiple entities (organizations) within in a common practice."},{"name":"traverse-to-sor","definition":"https://organization.devtest.systematic-ehealth.com/fhir/OperationDefinition/Organization-i-traverse-to-sor","documentation":"Traverse upforwards to the first SOR organization\nHttp response code 404 will be returned if no related SOR organization could be found"}]},{"type":"Practitioner","profile":"http://ehealth.sundhed.dk/fhir/StructureDefinition/ehealth-practitioner","interaction":[{"code":"update"},{"code":"search-type"},{"code":"vread"},{"code":"read"},{"code":"delete"},{"code":"create"}],"conditionalCreate":true,"conditionalUpdate":true,"conditionalDelete":"multiple","searchInclude":["*"],"searchRevInclude":["CareTeam:encounter","CareTeam:managingOrganization","CareTeam:participant","CareTeam:patient","CareTeam:subject","Organization:endpoint","Organization:partof","PractitionerRole:endpoint","PractitionerRole:location","PractitionerRole:organization","PractitionerRole:practitioner","PractitionerRole:service","Provenance:target"],"searchParam":[{"name":"_content","type":"string","documentation":"Search the contents of the resource's data using a fulltext search"},{"name":"_has","type":"string","documentation":"Return resources linked to by the given target"},{"name":"_id","type":"token","documentation":"The ID of the resource"},{"name":"_language","type":"string","documentation":"The language of the resource"},{"name":"_lastUpdated","type":"date","documentation":"Only return resources which were last updated as specified by the given range"},{"name":"_profile","type":"uri","documentation":"Search for resources which have the given profile"},{"name":"_security","type":"token","documentation":"Search for resources which have the given security labels"},{"name":"_tag","type":"token","documentation":"Search for resources which have the given tag"},{"name":"_text","type":"string","documentation":"Search the contents of the resource's narrative using a fulltext search"},{"name":"active","type":"token","documentation":"Whether the practitioner record is active"},{"name":"address","type":"string","documentation":"A server defined search that may match any of the string fields in the Address, including line, city, state, country, postalCode, and/or text"},{"name":"address-city","type":"string","documentation":"A city specified in an address"},{"name":"address-country","type":"string","documentation":"A country specified in an address"},{"name":"address-postalcode","type":"string","documentation":"A postalCode specified in an address"},{"name":"address-state","type":"string","documentation":"A state specified in an address"},{"name":"address-use","type":"token","documentation":"A use code specified in an address"},{"name":"communication","type":"token","documentation":"One of the languages that the practitioner can communicate with"},{"name":"email","type":"token","documentation":"A value in an email contact"},{"name":"family","type":"string","documentation":"A portion of the family name"},{"name":"gender","type":"token","documentation":"Gender of the practitioner"},{"name":"given","type":"string","documentation":"A portion of the given name"},{"name":"identifier","type":"token","documentation":"A practitioner's Identifier"},{"name":"name","type":"string","documentation":"A server defined search that may match any of the string fields in the HumanName, including family, give, prefix, suffix, suffix, and/or text"},{"name":"phone","type":"token","documentation":"A value in a phone contact"},{"name":"phonetic","type":"string","documentation":"A portion of either family or given name using some kind of phonetic matching algorithm"},{"name":"telecom","type":"token","documentation":"The value in any kind of contact"}],"operation":[{"name":"validate","definition":"https://organization.devtest.systematic-ehealth.com/fhir/OperationDefinition/Multi-it-validate"}]},{"type":"PractitionerRole","profile":"http://ehealth.sundhed.dk/fhir/StructureDefinition/ehealth-practitionerrole","interaction":[{"code":"update"},{"code":"search-type"},{"code":"vread"},{"code":"read"},{"code":"delete"},{"code":"create"}],"conditionalCreate":true,"conditionalUpdate":true,"conditionalDelete":"multiple","searchInclude":["*","PractitionerRole:endpoint","PractitionerRole:location","PractitionerRole:organization","PractitionerRole:practitioner","PractitionerRole:service"],"searchRevInclude":["CareTeam:encounter","CareTeam:managingOrganization","CareTeam:participant","CareTeam:patient","CareTeam:subject","Organization:endpoint","Organization:partof","PractitionerRole:endpoint","PractitionerRole:location","PractitionerRole:organization","PractitionerRole:practitioner","PractitionerRole:service","Provenance:target"],"searchParam":[{"name":"_content","type":"string","documentation":"Search the contents of the resource's data using a fulltext search"},{"name":"_has","type":"string","documentation":"Return resources linked to by the given target"},{"name":"_id","type":"token","documentation":"The ID of the resource"},{"name":"_language","type":"string","documentation":"The language of the resource"},{"name":"_lastUpdated","type":"date","documentation":"Only return resources which were last updated as specified by the given range"},{"name":"_profile","type":"uri","documentation":"Search for resources which have the given profile"},{"name":"_security","type":"token","documentation":"Search for resources which have the given security labels"},{"name":"_tag","type":"token","documentation":"Search for resources which have the given tag"},{"name":"_text","type":"string","documentation":"Search the contents of the resource's narrative using a fulltext search"},{"name":"active","type":"token","documentation":"Whether this practitioner's record is in active use"},{"name":"date","type":"date","documentation":"The period during which the practitioner is authorized to perform in these role(s)"},{"name":"email","type":"token","documentation":"A value in an email contact"},{"name":"endpoint","type":"reference","documentation":"Technical endpoints providing access to services operated for the practitioner with this role"},{"name":"identifier","type":"token","documentation":"A practitioner's Identifier"},{"name":"location","type":"reference","documentation":"One of the locations at which this practitioner provides care"},{"name":"organization","type":"reference","documentation":"The identity of the organization the practitioner represents / acts on behalf of"},{"name":"phone","type":"token","documentation":"A value in a phone contact"},{"name":"practitioner","type":"reference","documentation":"Practitioner that is able to provide the defined services for the organation"},{"name":"role","type":"token","documentation":"The practitioner can perform this role at for the organization"},{"name":"service","type":"reference","documentation":"The list of healthcare services that this worker provides for this role's Organization/Location(s)"},{"name":"specialty","type":"token","documentation":"The practitioner has this specialty at an organization"},{"name":"telecom","type":"token","documentation":"The value in any kind of contact"}],"operation":[{"name":"validate","definition":"https://organization.devtest.systematic-ehealth.com/fhir/OperationDefinition/Multi-it-validate"}]},{"type":"Provenance","profile":"http://ehealth.sundhed.dk/fhir/StructureDefinition/ehealth-provenance","interaction":[{"code":"search-type"},{"code":"vread"},{"code":"read"}],"searchRevInclude":["CareTeam:encounter","CareTeam:managingOrganization","CareTeam:participant","CareTeam:patient","CareTeam:subject","Organization:endpoint","Organization:partof","PractitionerRole:endpoint","PractitionerRole:location","PractitionerRole:organization","PractitionerRole:practitioner","PractitionerRole:service","Provenance:target"],"searchParam":[{"name":"_id","type":"token","documentation":"The ID of the resource"},{"name":"recorded","type":"date","documentation":"When the activity was recorded / updated"},{"name":"target","type":"reference","documentation":"Target Reference(s) (usually version specific)"}]}],"operation":[{"name":"persist-login","definition":"https://organization.devtest.systematic-ehealth.com/fhir/OperationDefinition/-s-persist-login","documentation":"This operation persists login information into CareTeams and PractitionerRoles\nThe following elements of each careteam are mandatory:\n- id: Reference based on the careteam from the saml security token\n- status: any\n- name: any\n- reasonCode: any\n- participant: 1 for each careteam-role in the saml security token\n-- role: from the saml security token\n-- member: reference to the practitioner\n-- onBehalfOf: reference to organization (cannot be set currently because of a bug in hapi)\n\nPersist-login will find each careteam, and update it with any new participants and roles from the input bundle.\nThe input careteam resources are are used as a container for the participant list. The rest of the fields are not used.\nThe following elements of each PractitionerRole are mandatory:\n- practitioner\n- organization\n- code: roles from the saml security token (CareteamParticipantRole valueset)\n\nPersist-login will search for practitionerRoles for each combination of (practitioner, organization) and create it if it doesn't already exists."},{"name":"import-organizations","definition":"https://organization.devtest.systematic-ehealth.com/fhir/OperationDefinition/-s-import-organizations","documentation":"Import a bundle containing at least one organization tree."},{"name":"reindex-terminology","definition":"https://organization.devtest.systematic-ehealth.com/fhir/OperationDefinition/-s-reindex-terminology"},{"name":"meta","definition":"https://organization.devtest.systematic-ehealth.com/fhir/OperationDefinition/-s-meta"},{"name":"get-resource-counts","definition":"https://organization.devtest.systematic-ehealth.com/fhir/OperationDefinition/-s-get-resource-counts","documentation":"Provides the number of resources currently stored on the server, broken down by resource type"}]}]}