{"resourceType":"CodeSystem","id":"participant-function","text":{"status":"generated","div":"<div xmlns=\"http://www.w3.org/1999/xhtml\"><p class=\"res-header-id\"><b>Generated Narrative: Kodesystem participant-function</b></p><a name=\"participant-function\"> </a><a name=\"hcparticipant-function\"> </a><p>This  code system <code>http://ehealth.sundhed.dk/cs/participant-function</code> defines the following codes:</p><table class=\"codes\"><tr><td style=\"white-space:nowrap\"><b>Code</b></td><td><b>Display</b></td><td><b>Definition</b></td><td><b>Dansk (Danish, da)</b></td></tr><tr><td style=\"white-space:nowrap\">Primary Contact<a name=\"participant-function-PrimaryContact\"> </a></td><td>Primary contact</td><td>Primary contact</td><td>Primær kontaktperson</td></tr><tr><td style=\"white-space:nowrap\">Secondary Contact<a name=\"participant-function-SecondaryContact\"> </a></td><td>Secondary contact</td><td>Secondary contact</td><td>Sekundær kontaktperson</td></tr><tr><td style=\"white-space:nowrap\">Default-careteam-for-task-and-communication<a name=\"participant-function-Default-careteam-for-task-and-communication\"> </a></td><td>Default careteam for task and communication</td><td>Default careteam for task and communication</td><td>Standard careteam for opgaver og kommunikation</td></tr></table></div>"},"url":"http://ehealth.sundhed.dk/cs/participant-function","version":"4.0.1","name":"ParticipantFunction","title":"Participant Function","status":"active","experimental":false,"date":"2024-09-02T00:00:00+00:00","publisher":"Den telemedicinske infrastruktur (eHealth Infrastructure)","contact":[{"name":"Den telemedicinske infrastruktur (eHealth Infrastructure)","telecom":[{"system":"url","value":"http://ehealth.sundhed.dk"}]}],"description":"Participant Function.","jurisdiction":[{"coding":[{"system":"urn:iso:std:iso:3166","code":"DK","display":"Denmark"}]}],"content":"complete","concept":[{"code":"Primary Contact","display":"Primary contact","definition":"Primary contact","designation":[{"language":"da","value":"Primær kontaktperson"}]},{"code":"Secondary Contact","display":"Secondary contact","definition":"Secondary contact","designation":[{"language":"da","value":"Sekundær kontaktperson"}]},{"code":"Default-careteam-for-task-and-communication","display":"Default careteam for task and communication","definition":"Default careteam for task and communication","designation":[{"language":"da","value":"Standard careteam for opgaver og kommunikation"}]}]}