{"resourceType":"CodeSystem","id":"fs3-health-function-level","text":{"status":"generated","div":"<div xmlns=\"http://www.w3.org/1999/xhtml\"><p class=\"res-header-id\"><b>Generated Narrative: Kodesystem fs3-health-function-level</b></p><a name=\"fs3-health-function-level\"> </a><a name=\"hcfs3-health-function-level\"> </a><p>This  code system <code>http://ehealth.sundhed.dk/cs/fs3-health-function-level</code> defines the following codes:</p><table class=\"codes\"><tr><td style=\"white-space:nowrap\"><b>Code</b></td><td><b>Display</b></td><td><b>Dansk (Danish, da)</b></td></tr><tr><td style=\"white-space:nowrap\">PERSONAL_CARE<a name=\"fs3-health-function-level-PERSONAL_CARE\"> </a></td><td>Problemer med personlig pleje</td><td>Problemer med personlig pleje</td></tr><tr><td style=\"white-space:nowrap\">DAILY_ACTIVITIES<a name=\"fs3-health-function-level-DAILY_ACTIVITIES\"> </a></td><td>Problemer med daglige aktiviteter</td><td>Problemer med daglige aktiviteter</td></tr></table></div>"},"url":"http://ehealth.sundhed.dk/cs/fs3-health-function-level","version":"4.0.0","name":"FS III, Funktionsniveau","title":"FS III, Funktionsniveau","status":"active","experimental":true,"date":"2019-02-02T00:00:00+00:00","publisher":"Den telemedicinske infrastruktur (eHealth Infrastructure)","contact":[{"name":"Den telemedicinske infrastruktur (eHealth Infrastructure)","telecom":[{"system":"url","value":"http://ehealth.sundhed.dk"}]}],"description":"FS III, Funktionsniveau","jurisdiction":[{"coding":[{"system":"urn:iso:std:iso:3166","code":"DK","display":"Denmark"}]}],"content":"complete","concept":[{"code":"PERSONAL_CARE","display":"Problemer med personlig pleje","designation":[{"language":"da","value":"Problemer med personlig pleje"}]},{"code":"DAILY_ACTIVITIES","display":"Problemer med daglige aktiviteter","designation":[{"language":"da","value":"Problemer med daglige aktiviteter"}]}]}