{"resourceType":"CodeSystem","id":"ehealth-message-reasonCode","text":{"status":"generated","div":"<div xmlns=\"http://www.w3.org/1999/xhtml\"><p class=\"res-header-id\"><b>Generated Narrative: CodeSystem ehealth-message-reasonCode</b></p><a name=\"ehealth-message-reasonCode\"> </a><a name=\"hcehealth-message-reasonCode\"> </a><p>This case-sensitive code system <code>http://ehealth.sundhed.dk/cs/message-reasonCode</code> defines the following codes:</p><table class=\"codes\"><tr><td style=\"white-space:nowrap\"><b>Code</b></td><td><b>Display</b></td><td><b>Definition</b></td><td><b>Dansk (Danish, da)</b></td></tr><tr><td style=\"white-space:nowrap\">EpisodeOfCareCreated<a name=\"ehealth-message-reasonCode-EpisodeOfCareCreated\"> </a></td><td>EpisodeOfCare Created</td><td>EpisodeOfCare Created</td><td>Oprettelse af telemedicinsk forløb</td></tr><tr><td style=\"white-space:nowrap\">EpisodeOfCareCareTeamChange<a name=\"ehealth-message-reasonCode-EpisodeOfCareCareTeamChange\"> </a></td><td>EpisodeOfCare CareTeam Change</td><td>EpisodeOfCare CareTeam Change</td><td>Ændring af tilknyttede teams for telemedicinsk forløb</td></tr><tr><td style=\"white-space:nowrap\">EpisodeOfCareScheduledCareTeamChange<a name=\"ehealth-message-reasonCode-EpisodeOfCareScheduledCareTeamChange\"> </a></td><td>EpisodeOfCare Scheduled CareTeam Change</td><td>EpisodeOfCare Scheduled CareTeam Change</td><td>Ændring af planlagte ændringer af tilknyttede teams for telemedicinsk forløb</td></tr><tr><td style=\"white-space:nowrap\">EpisodeOfCareStatusChange<a name=\"ehealth-message-reasonCode-EpisodeOfCareStatusChange\"> </a></td><td>EpisodeOfCare Status Change</td><td>EpisodeOfCare Status Change</td><td>Ændring af status for telemedicinsk forløb</td></tr><tr><td style=\"white-space:nowrap\">EpisodeOfCareScheduledStatusChange<a name=\"ehealth-message-reasonCode-EpisodeOfCareScheduledStatusChange\"> </a></td><td>EpisodeOfCare Scheduled Status Change</td><td>EpisodeOfCare Scheduled Status Change</td><td>Ændring af planlagte ændringer af status for telemedicinsk forløb</td></tr><tr><td style=\"white-space:nowrap\">CarePlanCreated<a name=\"ehealth-message-reasonCode-CarePlanCreated\"> </a></td><td>CarePlan Created</td><td>CarePlan Created</td><td>Oprettelse af borgerknyttet plan</td></tr><tr><td style=\"white-space:nowrap\">CarePlanCareTeamChange<a name=\"ehealth-message-reasonCode-CarePlanCareTeamChange\"> </a></td><td>CarePlan CareTeam Change</td><td>CarePlan CareTeam Change</td><td>Ændring af tilknyttede teams for borgerknyttet plan</td></tr><tr><td style=\"white-space:nowrap\">CarePlanScheduledCareTeamChange<a name=\"ehealth-message-reasonCode-CarePlanScheduledCareTeamChange\"> </a></td><td>CarePlan Scheduled CareTeam Change</td><td>CarePlan Scheduled CareTeam Change</td><td>Ændring af planlagte ændringer af tilknyttede teams for borgerknyttet plan</td></tr><tr><td style=\"white-space:nowrap\">CarePlanStatusChange<a name=\"ehealth-message-reasonCode-CarePlanStatusChange\"> </a></td><td>CarePlan Status Change</td><td>CarePlan Status Change</td><td>Ændring af status for borgerknyttet plan</td></tr><tr><td style=\"white-space:nowrap\">CarePlanScheduledStatusChange<a name=\"ehealth-message-reasonCode-CarePlanScheduledStatusChange\"> </a></td><td>CarePlan Scheduled Status Change</td><td>CarePlan Scheduled Status Change</td><td>Ændring af planlagte ændringer af status for borgerknyttet plan</td></tr><tr><td style=\"white-space:nowrap\">ReminderSubmitMeasurement<a name=\"ehealth-message-reasonCode-ReminderSubmitMeasurement\"> </a></td><td>Reminder Submit Measurement</td><td>Reminder Submit Measurement</td><td>Påmindelse om at indsende måledata</td></tr><tr><td style=\"white-space:nowrap\">AppointmentReminder<a name=\"ehealth-message-reasonCode-AppointmentReminder\"> </a></td><td>Appointment Reminder</td><td>Appointment Reminder</td><td>Påmindelse om aftale</td></tr><tr><td style=\"white-space:nowrap\">VideoAppointmentReminder<a name=\"ehealth-message-reasonCode-VideoAppointmentReminder\"> </a></td><td>Video Appointment Reminder</td><td>Video Appointment Reminder</td><td>Påmindelse om videoaftale</td></tr></table></div>"},"url":"http://ehealth.sundhed.dk/cs/message-reasonCode","version":"6.0.0","name":"MessageReasonCode","title":"Message ReasonCode","status":"active","experimental":false,"date":"2022-12-07T00:00:00+00:00","publisher":"Den telemedicinske infrastruktur (eHealth Infrastructure)","contact":[{"name":"Den telemedicinske infrastruktur (eHealth Infrastructure)","telecom":[{"system":"url","value":"http://ehealth.sundhed.dk"}]}],"description":"Message ReasonCode","jurisdiction":[{"coding":[{"system":"urn:iso:std:iso:3166","code":"DK","display":"Denmark"}]}],"caseSensitive":true,"content":"complete","concept":[{"code":"EpisodeOfCareCreated","display":"EpisodeOfCare Created","definition":"EpisodeOfCare Created","designation":[{"language":"da","value":"Oprettelse af telemedicinsk forløb"},{"use":{"system":"http://terminology.hl7.org/CodeSystem/hl7TermMaintInfra","code":"preferredForLanguage"},"value":"EpisodeOfCare Created"}]},{"code":"EpisodeOfCareCareTeamChange","display":"EpisodeOfCare CareTeam Change","definition":"EpisodeOfCare CareTeam Change","designation":[{"language":"da","value":"Ændring af tilknyttede teams for telemedicinsk forløb"},{"use":{"system":"http://terminology.hl7.org/CodeSystem/hl7TermMaintInfra","code":"preferredForLanguage"},"value":"EpisodeOfCare CareTeam Change"}]},{"code":"EpisodeOfCareScheduledCareTeamChange","display":"EpisodeOfCare Scheduled CareTeam Change","definition":"EpisodeOfCare Scheduled CareTeam Change","designation":[{"language":"da","value":"Ændring af planlagte ændringer af tilknyttede teams for telemedicinsk forløb"},{"use":{"system":"http://terminology.hl7.org/CodeSystem/hl7TermMaintInfra","code":"preferredForLanguage"},"value":"EpisodeOfCare Scheduled CareTeam Change"}]},{"code":"EpisodeOfCareStatusChange","display":"EpisodeOfCare Status Change","definition":"EpisodeOfCare Status Change","designation":[{"language":"da","value":"Ændring af status for telemedicinsk forløb"},{"use":{"system":"http://terminology.hl7.org/CodeSystem/hl7TermMaintInfra","code":"preferredForLanguage"},"value":"EpisodeOfCare Status Change"}]},{"code":"EpisodeOfCareScheduledStatusChange","display":"EpisodeOfCare Scheduled Status Change","definition":"EpisodeOfCare Scheduled Status Change","designation":[{"language":"da","value":"Ændring af planlagte ændringer af status for telemedicinsk forløb"},{"use":{"system":"http://terminology.hl7.org/CodeSystem/hl7TermMaintInfra","code":"preferredForLanguage"},"value":"EpisodeOfCare Scheduled Status Change"}]},{"code":"CarePlanCreated","display":"CarePlan Created","definition":"CarePlan Created","designation":[{"language":"da","value":"Oprettelse af borgerknyttet plan"},{"use":{"system":"http://terminology.hl7.org/CodeSystem/hl7TermMaintInfra","code":"preferredForLanguage"},"value":"CarePlan Created"}]},{"code":"CarePlanCareTeamChange","display":"CarePlan CareTeam Change","definition":"CarePlan CareTeam Change","designation":[{"language":"da","value":"Ændring af tilknyttede teams for borgerknyttet plan"},{"use":{"system":"http://terminology.hl7.org/CodeSystem/hl7TermMaintInfra","code":"preferredForLanguage"},"value":"CarePlan CareTeam Change"}]},{"code":"CarePlanScheduledCareTeamChange","display":"CarePlan Scheduled CareTeam Change","definition":"CarePlan Scheduled CareTeam Change","designation":[{"language":"da","value":"Ændring af planlagte ændringer af tilknyttede teams for borgerknyttet plan"},{"use":{"system":"http://terminology.hl7.org/CodeSystem/hl7TermMaintInfra","code":"preferredForLanguage"},"value":"CarePlan Scheduled CareTeam Change"}]},{"code":"CarePlanStatusChange","display":"CarePlan Status Change","definition":"CarePlan Status Change","designation":[{"language":"da","value":"Ændring af status for borgerknyttet plan"},{"use":{"system":"http://terminology.hl7.org/CodeSystem/hl7TermMaintInfra","code":"preferredForLanguage"},"value":"CarePlan Status Change"}]},{"code":"CarePlanScheduledStatusChange","display":"CarePlan Scheduled Status Change","definition":"CarePlan Scheduled Status Change","designation":[{"language":"da","value":"Ændring af planlagte ændringer af status for borgerknyttet plan"},{"use":{"system":"http://terminology.hl7.org/CodeSystem/hl7TermMaintInfra","code":"preferredForLanguage"},"value":"CarePlan Scheduled Status Change"}]},{"code":"ReminderSubmitMeasurement","display":"Reminder Submit Measurement","definition":"Reminder Submit Measurement","designation":[{"language":"da","value":"Påmindelse om at indsende måledata"},{"use":{"system":"http://terminology.hl7.org/CodeSystem/hl7TermMaintInfra","code":"preferredForLanguage"},"value":"Reminder Submit Measurement"}]},{"code":"AppointmentReminder","display":"Appointment Reminder","definition":"Appointment Reminder","designation":[{"language":"da","value":"Påmindelse om aftale"},{"use":{"system":"http://terminology.hl7.org/CodeSystem/hl7TermMaintInfra","code":"preferredForLanguage"},"value":"Appointment Reminder"}]},{"code":"VideoAppointmentReminder","display":"Video Appointment Reminder","definition":"Video Appointment Reminder","designation":[{"language":"da","value":"Påmindelse om videoaftale"},{"use":{"system":"http://terminology.hl7.org/CodeSystem/hl7TermMaintInfra","code":"preferredForLanguage"},"value":"Video Appointment Reminder"}]}]}