{"resourceType":"CodeSystem","id":"ehealth-oio-bpp-roles","text":{"status":"generated","div":"<div xmlns=\"http://www.w3.org/1999/xhtml\"><p class=\"res-header-id\"><b>Generated Narrative: Kodesystem ehealth-oio-bpp-roles</b></p><a name=\"ehealth-oio-bpp-roles\"> </a><a name=\"hcehealth-oio-bpp-roles\"> </a><p>This case-sensitive code system <code>http://ehealth.sundhed.dk/cs/oio-bpp-roles</code> defines the following codes:</p><table class=\"codes\"><tr><td style=\"white-space:nowrap\"><b>Code</b></td><td><b>Display</b></td><td><b>Definition</b></td><td><b>Dansk (Danish, da)</b></td></tr><tr><td style=\"white-space:nowrap\">urn:dk:sundhed:ehealth:role:citizen_enroller<a name=\"ehealth-oio-bpp-roles-urn.58dk.58sundhed.58ehealth.58role.58citizen_enroller\"> </a></td><td>Borgeropretter</td><td>Kan oprette borger i telemedicinsk forløb og tildele borger en foruddefineret plan</td><td>Borgeropretter</td></tr><tr><td style=\"white-space:nowrap\">urn:dk:sundhed:ehealth:role:clinical_viewer<a name=\"ehealth-oio-bpp-roles-urn.58dk.58sundhed.58ehealth.58role.58clinical_viewer\"> </a></td><td>Klinisk se adgang</td><td>Kan se telemedicinske Måledata for at kunne understøtte dagligt ikke-telemedicinsk arbejde rettet på konkret borger</td><td>Klinisk se adgang</td></tr><tr><td style=\"white-space:nowrap\">urn:dk:sundhed:ehealth:role:monitoring_assistor<a name=\"ehealth-oio-bpp-roles-urn.58dk.58sundhed.58ehealth.58role.58monitoring_assistor\"> </a></td><td>Monitoreringsmedhjælper</td><td>Kan håndtere Måledata og kommunikation til/fra borger</td><td>Monitoreringsmedhjælper</td></tr><tr><td style=\"white-space:nowrap\">urn:dk:sundhed:ehealth:role:monitoring_adjuster<a name=\"ehealth-oio-bpp-roles-urn.58dk.58sundhed.58ehealth.58role.58monitoring_adjuster\"> </a></td><td>Monitoreringstilretter</td><td>Kan håndtere og ændre i Måleregime, Grænseværdier og telemedicinsk forløb/pakke til borger</td><td>Monitoreringstilretter</td></tr><tr><td style=\"white-space:nowrap\">urn:dk:sundhed:ehealth:role:report_user<a name=\"ehealth-oio-bpp-roles-urn.58dk.58sundhed.58ehealth.58role.58report_user\"> </a></td><td>Nøgletalsmedarbejder</td><td>Kan udføre datatrækning, rapporter og statistik</td><td>Nøgletalsmedarbejder</td></tr><tr><td style=\"white-space:nowrap\">urn:dk:sundhed:ehealth:role:questionnaire_editor<a name=\"ehealth-oio-bpp-roles-urn.58dk.58sundhed.58ehealth.58role.58questionnaire_editor\"> </a></td><td>Sundhedsfaglig spørgeskemaeditor</td><td>Kan udarbejde, ændre og teste Spørgeskema</td><td>Sundhedsfaglig spørgeskemaeditor</td></tr><tr><td style=\"white-space:nowrap\">urn:dk:sundhed:ehealth:role:clinical_administrator<a name=\"ehealth-oio-bpp-roles-urn.58dk.58sundhed.58ehealth.58role.58clinical_administrator\"> </a></td><td>Pakke- og forløbsbygger</td><td>Kan udvælge Spørgeskema/Måling, sammensætte indholdet af pakker og forløb, navngive pakke/forløb og tilrette de generelle Grænseværdier</td><td>Pakke- og forløbsbygger</td></tr><tr><td style=\"white-space:nowrap\">urn:dk:sundhed:ehealth:role:clinical_supporter<a name=\"ehealth-oio-bpp-roles-urn.58dk.58sundhed.58ehealth.58role.58clinical_supporter\"> </a></td><td>Klinisk supporter</td><td>Kan undersøge hændelser ud fra div. kriterier fx borger, bruger, dato, hændelse</td><td>Klinisk supporter</td></tr><tr><td style=\"white-space:nowrap\">urn:dk:sundhed:ehealth:role:careteam_administrator<a name=\"ehealth-oio-bpp-roles-urn.58dk.58sundhed.58ehealth.58role.58careteam_administrator\"> </a></td><td>Care Team administrator</td><td>Kan håndtere Care Teams i den telemedicinske løsning</td><td>Care Team administrator</td></tr><tr><td style=\"white-space:nowrap\">urn:dk:sundhed:ehealth:role:order_placer<a name=\"ehealth-oio-bpp-roles-urn.58dk.58sundhed.58ehealth.58role.58order_placer\"> </a></td><td>Bestiller af udstyr</td><td>Håndterer bestilling af telemedicinsk udstyr ud fra lokale aftaler</td><td>Bestiller af udstyr</td></tr><tr><td style=\"white-space:nowrap\">urn:dk:sundhed:ehealth:role:service_and_logistics<a name=\"ehealth-oio-bpp-roles-urn.58dk.58sundhed.58ehealth.58role.58service_and_logistics\"> </a></td><td>Service og logistik samarbejdspartner</td><td>Kan håndtere bestilling ud fra lokale aftaler</td><td>Service og logistik samarbejdspartner</td></tr><tr><td style=\"white-space:nowrap\">urn:dk:sundhed:ehealth:role:incident_reporter<a name=\"ehealth-oio-bpp-roles-urn.58dk.58sundhed.58ehealth.58role.58incident_reporter\"> </a></td><td>Fejlmelder</td><td>Kan indberette fejl på telemedicinske løsninger og udstyr</td><td>Fejlmelder</td></tr><tr><td style=\"white-space:nowrap\">urn:dk:sundhed:ehealth:role:incident_manager<a name=\"ehealth-oio-bpp-roles-urn.58dk.58sundhed.58ehealth.58role.58incident_manager\"> </a></td><td>Support samarbejdspartner</td><td>Kan håndtere fejlmelding ud fra lokale aftaler</td><td>Support samarbejdspartner</td></tr><tr><td style=\"white-space:nowrap\">urn:dk:sundhed:ehealth:role:terminology_administrator<a name=\"ehealth-oio-bpp-roles-urn.58dk.58sundhed.58ehealth.58role.58terminology_administrator\"> </a></td><td>Terminologiadministrator</td><td>Oprette og vedligeholde terminologi</td><td>Terminologiadministrator</td></tr><tr><td style=\"white-space:nowrap\">urn:dk:sundhed:ehealth:role:ssl_catalogue_responsible<a name=\"ehealth-oio-bpp-roles-urn.58dk.58sundhed.58ehealth.58role.58ssl_catalogue_responsible\"> </a></td><td>Katalogansvarlig</td><td>Oprette og vedligeholde SSL kataloger</td><td>Katalogansvarlig</td></tr><tr><td style=\"white-space:nowrap\">urn:dk:sundhed:ehealth:role:ssl_catalogue_annotator<a name=\"ehealth-oio-bpp-roles-urn.58dk.58sundhed.58ehealth.58role.58ssl_catalogue_annotator\"> </a></td><td>Katalogopmærker</td><td>Opmærke varer og serviceydelser i SSL kataloger</td><td>Katalogopmærker</td></tr><tr><td style=\"white-space:nowrap\">urn:dk:sundhed:ehealth:role:ssl_contract_responsible<a name=\"ehealth-oio-bpp-roles-urn.58dk.58sundhed.58ehealth.58role.58ssl_contract_responsible\"> </a></td><td>Aftaleansvarlig</td><td>Oprette og rette SSL samarbejdsaftaler</td><td>Aftaleansvarlig</td></tr><tr><td style=\"white-space:nowrap\">http://ehealth.seb.dk/roles/usersystemrole/citizen_enroller/1<a name=\"ehealth-oio-bpp-roles-http.58.47.47ehealth.46seb.46dk.47roles.47usersystemrole.47citizen_enroller.471\"> </a></td><td>Borgeropretter</td><td>Kan oprette borger i telemedicinsk forløb og tildele borger en foruddefineret plan</td><td>Borgeropretter</td></tr><tr><td style=\"white-space:nowrap\">http://ehealth.seb.dk/roles/usersystemrole/clinical_viewer/1<a name=\"ehealth-oio-bpp-roles-http.58.47.47ehealth.46seb.46dk.47roles.47usersystemrole.47clinical_viewer.471\"> </a></td><td>Klinisk se adgang</td><td>Kan se telemedicinske Måledata for at kunne understøtte dagligt ikke-telemedicinsk arbejde rettet på konkret borger</td><td>Klinisk se adgang</td></tr><tr><td style=\"white-space:nowrap\">http://ehealth.seb.dk/roles/usersystemrole/monitoring_assistor/1<a name=\"ehealth-oio-bpp-roles-http.58.47.47ehealth.46seb.46dk.47roles.47usersystemrole.47monitoring_assistor.471\"> </a></td><td>Monitoreringsmedhjælper</td><td>Kan håndtere Måledata og kommunikation til/fra borger</td><td>Monitoreringsmedhjælper</td></tr><tr><td style=\"white-space:nowrap\">http://ehealth.seb.dk/roles/usersystemrole/monitoring_adjuster/1<a name=\"ehealth-oio-bpp-roles-http.58.47.47ehealth.46seb.46dk.47roles.47usersystemrole.47monitoring_adjuster.471\"> </a></td><td>Monitoreringstilretter</td><td>Kan håndtere og ændre i Måleregime, Grænseværdier og telemedicinsk forløb/pakke til borger</td><td>Monitoreringstilretter</td></tr><tr><td style=\"white-space:nowrap\">http://ehealth.seb.dk/roles/usersystemrole/report_user/1<a name=\"ehealth-oio-bpp-roles-http.58.47.47ehealth.46seb.46dk.47roles.47usersystemrole.47report_user.471\"> </a></td><td>Nøgletalsmedarbejder</td><td>Kan udføre datatrækning, rapporter og statistik</td><td>Nøgletalsmedarbejder</td></tr><tr><td style=\"white-space:nowrap\">http://ehealth.seb.dk/roles/usersystemrole/questionnaire_editor/1<a name=\"ehealth-oio-bpp-roles-http.58.47.47ehealth.46seb.46dk.47roles.47usersystemrole.47questionnaire_editor.471\"> </a></td><td>Sundhedsfaglig spørgeskemaeditor</td><td>Kan udarbejde, ændre og teste Spørgeskema</td><td>Sundhedsfaglig spørgeskemaeditor</td></tr><tr><td style=\"white-space:nowrap\">http://ehealth.seb.dk/roles/usersystemrole/clinical_administrator/1<a name=\"ehealth-oio-bpp-roles-http.58.47.47ehealth.46seb.46dk.47roles.47usersystemrole.47clinical_administrator.471\"> </a></td><td>Pakke- og forløbsbygger</td><td>Kan udvælge Spørgeskema/Måling, sammensætte indholdet af pakker og forløb, navngive pakke/forløb og tilrette de generelle Grænseværdier</td><td>Pakke- og forløbsbygger</td></tr><tr><td style=\"white-space:nowrap\">http://ehealth.seb.dk/roles/usersystemrole/clinical_supporter/1<a name=\"ehealth-oio-bpp-roles-http.58.47.47ehealth.46seb.46dk.47roles.47usersystemrole.47clinical_supporter.471\"> </a></td><td>Klinisk supporter</td><td>Kan undersøge hændelser ud fra div. kriterier fx borger, bruger, dato, hændelse</td><td>Klinisk supporter</td></tr><tr><td style=\"white-space:nowrap\">http://ehealth.seb.dk/roles/usersystemrole/careteam_administrator/1<a name=\"ehealth-oio-bpp-roles-http.58.47.47ehealth.46seb.46dk.47roles.47usersystemrole.47careteam_administrator.471\"> </a></td><td>Care Team administrator</td><td>Kan håndtere Care Teams i den telemedicinske løsning</td><td>Care Team administrator</td></tr><tr><td style=\"white-space:nowrap\">http://ehealth.seb.dk/roles/usersystemrole/order_placer/1<a name=\"ehealth-oio-bpp-roles-http.58.47.47ehealth.46seb.46dk.47roles.47usersystemrole.47order_placer.471\"> </a></td><td>Bestiller af udstyr</td><td>Håndterer bestilling af telemedicinsk udstyr ud fra lokale aftaler</td><td>Bestiller af udstyr</td></tr><tr><td style=\"white-space:nowrap\">http://ehealth.seb.dk/roles/usersystemrole/service_and_logistics/1<a name=\"ehealth-oio-bpp-roles-http.58.47.47ehealth.46seb.46dk.47roles.47usersystemrole.47service_and_logistics.471\"> </a></td><td>Service og logistik samarbejdspartner</td><td>Kan håndtere bestilling ud fra lokale aftaler</td><td>Service og logistik samarbejdspartner</td></tr><tr><td style=\"white-space:nowrap\">http://ehealth.seb.dk/roles/usersystemrole/incident_reporter/1<a name=\"ehealth-oio-bpp-roles-http.58.47.47ehealth.46seb.46dk.47roles.47usersystemrole.47incident_reporter.471\"> </a></td><td>Fejlmelder</td><td>Kan indberette fejl på telemedicinske løsninger og udstyr</td><td>Fejlmelder</td></tr><tr><td style=\"white-space:nowrap\">http://ehealth.seb.dk/roles/usersystemrole/incident_manager/1<a name=\"ehealth-oio-bpp-roles-http.58.47.47ehealth.46seb.46dk.47roles.47usersystemrole.47incident_manager.471\"> </a></td><td>Support samarbejdspartner</td><td>Kan håndtere fejlmelding ud fra lokale aftaler</td><td>Support samarbejdspartner</td></tr><tr><td style=\"white-space:nowrap\">http://ehealth.seb.dk/roles/usersystemrole/terminology_administrator/1<a name=\"ehealth-oio-bpp-roles-http.58.47.47ehealth.46seb.46dk.47roles.47usersystemrole.47terminology_administrator.471\"> </a></td><td>Terminologiadministrator</td><td>Oprette og vedligeholde terminologi</td><td>Terminologiadministrator</td></tr><tr><td style=\"white-space:nowrap\">http://ehealth.seb.dk/roles/usersystemrole/ssl_catalogue_responsible/1<a name=\"ehealth-oio-bpp-roles-http.58.47.47ehealth.46seb.46dk.47roles.47usersystemrole.47ssl_catalogue_responsible.471\"> </a></td><td>Katalogansvarlig</td><td>Oprette og vedligeholde SSL kataloger</td><td>Katalogansvarlig</td></tr><tr><td style=\"white-space:nowrap\">http://ehealth.seb.dk/roles/usersystemrole/ssl_catalogue_annotator/1<a name=\"ehealth-oio-bpp-roles-http.58.47.47ehealth.46seb.46dk.47roles.47usersystemrole.47ssl_catalogue_annotator.471\"> </a></td><td>Katalogopmærker</td><td>Opmærke varer og serviceydelser i SSL kataloger</td><td>Katalogopmærker</td></tr><tr><td style=\"white-space:nowrap\">http://ehealth.seb.dk/roles/usersystemrole/ssl_contract_responsible/1<a name=\"ehealth-oio-bpp-roles-http.58.47.47ehealth.46seb.46dk.47roles.47usersystemrole.47ssl_contract_responsible.471\"> </a></td><td>Aftaleansvarlig</td><td>Oprette og rette SSL samarbejdsaftaler</td><td>Aftaleansvarlig</td></tr></table></div>"},"url":"http://ehealth.sundhed.dk/cs/oio-bpp-roles","version":"5.0.1","name":"OIOBPPRole","title":"OIO-BPP Role","status":"active","experimental":false,"date":"2019-12-02T00:00:00+00:00","publisher":"Den telemedicinske infrastruktur (eHealth Infrastructure)","contact":[{"name":"Den telemedicinske infrastruktur (eHealth Infrastructure)","telecom":[{"system":"url","value":"http://ehealth.sundhed.dk"}]}],"description":"OIO BPP Role","jurisdiction":[{"coding":[{"system":"urn:iso:std:iso:3166","code":"DK","display":"Denmark"}]}],"caseSensitive":true,"content":"complete","concept":[{"code":"urn:dk:sundhed:ehealth:role:citizen_enroller","display":"Borgeropretter","definition":"Kan oprette borger i telemedicinsk forløb og tildele borger en foruddefineret plan","designation":[{"language":"da","value":"Borgeropretter"}]},{"code":"urn:dk:sundhed:ehealth:role:clinical_viewer","display":"Klinisk se adgang","definition":"Kan se telemedicinske Måledata for at kunne understøtte dagligt ikke-telemedicinsk arbejde rettet på konkret borger","designation":[{"language":"da","value":"Klinisk se adgang"}]},{"code":"urn:dk:sundhed:ehealth:role:monitoring_assistor","display":"Monitoreringsmedhjælper","definition":"Kan håndtere Måledata og kommunikation til/fra borger","designation":[{"language":"da","value":"Monitoreringsmedhjælper"}]},{"code":"urn:dk:sundhed:ehealth:role:monitoring_adjuster","display":"Monitoreringstilretter","definition":"Kan håndtere og ændre i Måleregime, Grænseværdier og telemedicinsk forløb/pakke til borger","designation":[{"language":"da","value":"Monitoreringstilretter"}]},{"code":"urn:dk:sundhed:ehealth:role:report_user","display":"Nøgletalsmedarbejder","definition":"Kan udføre datatrækning, rapporter og statistik","designation":[{"language":"da","value":"Nøgletalsmedarbejder"}]},{"code":"urn:dk:sundhed:ehealth:role:questionnaire_editor","display":"Sundhedsfaglig spørgeskemaeditor","definition":"Kan udarbejde, ændre og teste Spørgeskema","designation":[{"language":"da","value":"Sundhedsfaglig spørgeskemaeditor"}]},{"code":"urn:dk:sundhed:ehealth:role:clinical_administrator","display":"Pakke- og forløbsbygger","definition":"Kan udvælge Spørgeskema/Måling, sammensætte indholdet af pakker og forløb, navngive pakke/forløb og tilrette de generelle Grænseværdier","designation":[{"language":"da","value":"Pakke- og forløbsbygger"}]},{"code":"urn:dk:sundhed:ehealth:role:clinical_supporter","display":"Klinisk supporter","definition":"Kan undersøge hændelser ud fra div. kriterier fx borger, bruger, dato, hændelse","designation":[{"language":"da","value":"Klinisk supporter"}]},{"code":"urn:dk:sundhed:ehealth:role:careteam_administrator","display":"Care Team administrator","definition":"Kan håndtere Care Teams i den telemedicinske løsning","designation":[{"language":"da","value":"Care Team administrator"}]},{"code":"urn:dk:sundhed:ehealth:role:order_placer","display":"Bestiller af udstyr","definition":"Håndterer bestilling af telemedicinsk udstyr ud fra lokale aftaler","designation":[{"language":"da","value":"Bestiller af udstyr"}]},{"code":"urn:dk:sundhed:ehealth:role:service_and_logistics","display":"Service og logistik samarbejdspartner","definition":"Kan håndtere bestilling ud fra lokale aftaler","designation":[{"language":"da","value":"Service og logistik samarbejdspartner"}]},{"code":"urn:dk:sundhed:ehealth:role:incident_reporter","display":"Fejlmelder","definition":"Kan indberette fejl på telemedicinske løsninger og udstyr","designation":[{"language":"da","value":"Fejlmelder"}]},{"code":"urn:dk:sundhed:ehealth:role:incident_manager","display":"Support samarbejdspartner","definition":"Kan håndtere fejlmelding ud fra lokale aftaler","designation":[{"language":"da","value":"Support samarbejdspartner"}]},{"code":"urn:dk:sundhed:ehealth:role:terminology_administrator","display":"Terminologiadministrator","definition":"Oprette og vedligeholde terminologi","designation":[{"language":"da","value":"Terminologiadministrator"}]},{"code":"urn:dk:sundhed:ehealth:role:ssl_catalogue_responsible","display":"Katalogansvarlig","definition":"Oprette og vedligeholde SSL kataloger","designation":[{"language":"da","value":"Katalogansvarlig"}]},{"code":"urn:dk:sundhed:ehealth:role:ssl_catalogue_annotator","display":"Katalogopmærker","definition":"Opmærke varer og serviceydelser i SSL kataloger","designation":[{"language":"da","value":"Katalogopmærker"}]},{"code":"urn:dk:sundhed:ehealth:role:ssl_contract_responsible","display":"Aftaleansvarlig","definition":"Oprette og rette SSL samarbejdsaftaler","designation":[{"language":"da","value":"Aftaleansvarlig"}]},{"code":"http://ehealth.seb.dk/roles/usersystemrole/citizen_enroller/1","display":"Borgeropretter","definition":"Kan oprette borger i telemedicinsk forløb og tildele borger en foruddefineret plan","designation":[{"language":"da","value":"Borgeropretter"}]},{"code":"http://ehealth.seb.dk/roles/usersystemrole/clinical_viewer/1","display":"Klinisk se adgang","definition":"Kan se telemedicinske Måledata for at kunne understøtte dagligt ikke-telemedicinsk arbejde rettet på konkret borger","designation":[{"language":"da","value":"Klinisk se adgang"}]},{"code":"http://ehealth.seb.dk/roles/usersystemrole/monitoring_assistor/1","display":"Monitoreringsmedhjælper","definition":"Kan håndtere Måledata og kommunikation til/fra borger","designation":[{"language":"da","value":"Monitoreringsmedhjælper"}]},{"code":"http://ehealth.seb.dk/roles/usersystemrole/monitoring_adjuster/1","display":"Monitoreringstilretter","definition":"Kan håndtere og ændre i Måleregime, Grænseværdier og telemedicinsk forløb/pakke til borger","designation":[{"language":"da","value":"Monitoreringstilretter"}]},{"code":"http://ehealth.seb.dk/roles/usersystemrole/report_user/1","display":"Nøgletalsmedarbejder","definition":"Kan udføre datatrækning, rapporter og statistik","designation":[{"language":"da","value":"Nøgletalsmedarbejder"}]},{"code":"http://ehealth.seb.dk/roles/usersystemrole/questionnaire_editor/1","display":"Sundhedsfaglig spørgeskemaeditor","definition":"Kan udarbejde, ændre og teste Spørgeskema","designation":[{"language":"da","value":"Sundhedsfaglig spørgeskemaeditor"}]},{"code":"http://ehealth.seb.dk/roles/usersystemrole/clinical_administrator/1","display":"Pakke- og forløbsbygger","definition":"Kan udvælge Spørgeskema/Måling, sammensætte indholdet af pakker og forløb, navngive pakke/forløb og tilrette de generelle Grænseværdier","designation":[{"language":"da","value":"Pakke- og forløbsbygger"}]},{"code":"http://ehealth.seb.dk/roles/usersystemrole/clinical_supporter/1","display":"Klinisk supporter","definition":"Kan undersøge hændelser ud fra div. kriterier fx borger, bruger, dato, hændelse","designation":[{"language":"da","value":"Klinisk supporter"}]},{"code":"http://ehealth.seb.dk/roles/usersystemrole/careteam_administrator/1","display":"Care Team administrator","definition":"Kan håndtere Care Teams i den telemedicinske løsning","designation":[{"language":"da","value":"Care Team administrator"}]},{"code":"http://ehealth.seb.dk/roles/usersystemrole/order_placer/1","display":"Bestiller af udstyr","definition":"Håndterer bestilling af telemedicinsk udstyr ud fra lokale aftaler","designation":[{"language":"da","value":"Bestiller af udstyr"}]},{"code":"http://ehealth.seb.dk/roles/usersystemrole/service_and_logistics/1","display":"Service og logistik samarbejdspartner","definition":"Kan håndtere bestilling ud fra lokale aftaler","designation":[{"language":"da","value":"Service og logistik samarbejdspartner"}]},{"code":"http://ehealth.seb.dk/roles/usersystemrole/incident_reporter/1","display":"Fejlmelder","definition":"Kan indberette fejl på telemedicinske løsninger og udstyr","designation":[{"language":"da","value":"Fejlmelder"}]},{"code":"http://ehealth.seb.dk/roles/usersystemrole/incident_manager/1","display":"Support samarbejdspartner","definition":"Kan håndtere fejlmelding ud fra lokale aftaler","designation":[{"language":"da","value":"Support samarbejdspartner"}]},{"code":"http://ehealth.seb.dk/roles/usersystemrole/terminology_administrator/1","display":"Terminologiadministrator","definition":"Oprette og vedligeholde terminologi","designation":[{"language":"da","value":"Terminologiadministrator"}]},{"code":"http://ehealth.seb.dk/roles/usersystemrole/ssl_catalogue_responsible/1","display":"Katalogansvarlig","definition":"Oprette og vedligeholde SSL kataloger","designation":[{"language":"da","value":"Katalogansvarlig"}]},{"code":"http://ehealth.seb.dk/roles/usersystemrole/ssl_catalogue_annotator/1","display":"Katalogopmærker","definition":"Opmærke varer og serviceydelser i SSL kataloger","designation":[{"language":"da","value":"Katalogopmærker"}]},{"code":"http://ehealth.seb.dk/roles/usersystemrole/ssl_contract_responsible/1","display":"Aftaleansvarlig","definition":"Oprette og rette SSL samarbejdsaftaler","designation":[{"language":"da","value":"Aftaleansvarlig"}]}]}