{"resourceType":"CodeSystem","id":"ehealth-overviewUsageMode","text":{"status":"generated","div":"<div xmlns=\"http://www.w3.org/1999/xhtml\"><p class=\"res-header-id\"><b>Generated Narrative: CodeSystem ehealth-overviewUsageMode</b></p><a name=\"ehealth-overviewUsageMode\"> </a><a name=\"hcehealth-overviewUsageMode\"> </a><a name=\"hcehealth-overviewUsageMode-en-US\"> </a><p>This case-sensitive code system <code>http://ehealth.sundhed.dk/cs/overviewUsageMode</code> defines the following codes:</p><table class=\"codes\"><tr><td style=\"white-space:nowrap\"><b>Code</b></td><td><b>Display</b></td><td><b>Definition</b></td><td><b>Dansk (Danish, da)</b></td></tr><tr><td style=\"white-space:nowrap\">no-display<a name=\"ehealth-overviewUsageMode-no-display\"> </a></td><td>Do not display</td><td>Do not render in overview display</td><td>Ingen visning</td></tr><tr><td style=\"white-space:nowrap\">display-all<a name=\"ehealth-overviewUsageMode-display-all\"> </a></td><td>Display all items</td><td>Render all questions and answers regardless of Questionnaire settings</td><td>Vis alle spørgsmål og svar</td></tr><tr><td style=\"white-space:nowrap\">display-item<a name=\"ehealth-overviewUsageMode-display-item\"> </a></td><td>Display item</td><td>Render item in overview display</td><td>Vis spørgsmål og svar</td></tr><tr><td style=\"white-space:nowrap\">display-result<a name=\"ehealth-overviewUsageMode-display-result\"> </a></td><td>Display result</td><td>Render result for item in overview display</td><td>Vis måling</td></tr><tr><td style=\"white-space:nowrap\">no-item-display<a name=\"ehealth-overviewUsageMode-no-item-display\"> </a></td><td>Do not render item in overview display</td><td>Do not render item in overview display</td><td>Vis ikke elementet i oversigtsvisning</td></tr><tr><td style=\"white-space:nowrap\">no-result-display<a name=\"ehealth-overviewUsageMode-no-result-display\"> </a></td><td>Do not render result for item in overview display</td><td>Do not render result for item in overview display</td><td>Vis ikke måledata for elementet i oversigtsvisning</td></tr></table></div>"},"url":"http://ehealth.sundhed.dk/cs/overviewUsageMode","version":"3.1.0","name":"overviewUsageMode","title":"Overview usage mode","status":"active","experimental":false,"date":"2022-03-17T00:00:00+00:00","publisher":"Den telemedicinske infrastruktur (eHealth Infrastructure)","contact":[{"name":"Den telemedicinske infrastruktur (eHealth Infrastructure)","telecom":[{"system":"url","value":"http://ehealth.sundhed.dk"}]}],"description":"Identifies whether the specified element and/or results of the element should appear in overview or table presentation.","caseSensitive":true,"content":"complete","concept":[{"code":"no-display","display":"Do not display","definition":"Do not render in overview display","designation":[{"language":"da","value":"Ingen visning"}]},{"code":"display-all","display":"Display all items","definition":"Render all questions and answers regardless of Questionnaire settings","designation":[{"language":"da","value":"Vis alle spørgsmål og svar"}]},{"code":"display-item","display":"Display item","definition":"Render item in overview display","designation":[{"language":"da","value":"Vis spørgsmål og svar"}]},{"code":"display-result","display":"Display result","definition":"Render result for item in overview display","designation":[{"language":"da","value":"Vis måling"}]},{"code":"no-item-display","display":"Do not render item in overview display","definition":"Do not render item in overview display","designation":[{"language":"da","value":"Vis ikke elementet i oversigtsvisning"}],"property":[{"code":"deprecated","valueDateTime":"2022-03-17"}]},{"code":"no-result-display","display":"Do not render result for item in overview display","definition":"Do not render result for item in overview display","designation":[{"language":"da","value":"Vis ikke måledata for elementet i oversigtsvisning"}],"property":[{"code":"deprecated","valueDateTime":"2022-03-17"}]}]}