{"resourceType":"CodeSystem","id":"fs3-health-musculoskeletal","text":{"status":"generated","div":"<div xmlns=\"http://www.w3.org/1999/xhtml\"><p class=\"res-header-id\"><b>Generated Narrative: Kodesystem fs3-health-musculoskeletal</b></p><a name=\"fs3-health-musculoskeletal\"> </a><a name=\"hcfs3-health-musculoskeletal\"> </a><p>This  code system <code>http://ehealth.sundhed.dk/cs/fs3-health-musculoskeletal</code> defines the following code:</p><table class=\"codes\"><tr><td style=\"white-space:nowrap\"><b>Code</b></td><td><b>Display</b></td><td><b>Dansk (Danish, da)</b></td></tr><tr><td style=\"white-space:nowrap\">MOBILITY_AND_MOVEMENT<a name=\"fs3-health-musculoskeletal-MOBILITY_AND_MOVEMENT\"> </a></td><td>Problemer med mobilitet og bevægelse</td><td>Problemer med mobilitet og bevægelse</td></tr></table></div>"},"url":"http://ehealth.sundhed.dk/cs/fs3-health-musculoskeletal","version":"4.0.0","name":"FS III, Bevægeapparat","title":"FS III, Bevægeapparat","status":"active","experimental":true,"date":"2019-02-02T00:00:00+00:00","publisher":"Den telemedicinske infrastruktur (eHealth Infrastructure)","contact":[{"name":"Den telemedicinske infrastruktur (eHealth Infrastructure)","telecom":[{"system":"url","value":"http://ehealth.sundhed.dk"}]}],"description":"FS III, Bevægeapparat","jurisdiction":[{"coding":[{"system":"urn:iso:std:iso:3166","code":"DK","display":"Denmark"}]}],"content":"complete","concept":[{"code":"MOBILITY_AND_MOVEMENT","display":"Problemer med mobilitet og bevægelse","designation":[{"language":"da","value":"Problemer med mobilitet og bevægelse"}]}]}