{"resourceType":"CodeSystem","id":"ehealth-clinicalimpression-finding-codes","text":{"status":"generated","div":"<div xmlns=\"http://www.w3.org/1999/xhtml\"><p class=\"res-header-id\"><b>Generated Narrative: CodeSystem ehealth-clinicalimpression-finding-codes</b></p><a name=\"ehealth-clinicalimpression-finding-codes\"> </a><a name=\"hcehealth-clinicalimpression-finding-codes\"> </a><a name=\"hcehealth-clinicalimpression-finding-codes-en-US\"> </a><p>This case-sensitive code system <code>http://ehealth.sundhed.dk/cs/clinicalimpression-finding-codes</code> defines the following codes:</p><table class=\"codes\"><tr><td style=\"white-space:nowrap\"><b>Code</b></td><td><b>Display</b></td><td><b>Definition</b></td><td><b>Dansk (Danish, da)</b></td></tr><tr><td style=\"white-space:nowrap\">red-question-answer<a name=\"ehealth-clinicalimpression-finding-codes-red-question-answer\"> </a></td><td>red question and answer combination</td><td>Applied to a single question and answer pair, this indicates a red combination. Applied as summary to multiple question and answer pairs in a questionnaire response, this indicates at least one red combination found.</td><td>Rød spørgsmål/svar-kombination fundet i spørgeskemabesvarelse</td></tr><tr><td style=\"white-space:nowrap\">yellow-question-answer<a name=\"ehealth-clinicalimpression-finding-codes-yellow-question-answer\"> </a></td><td>yellow question and answer combination</td><td>Applied to a single question and answer pair, this indicates a yellow combination. Applied as summary to multiple question and answer pairs in a questionnaire response, this indicates at least one yellow combination found and no red combinations found.</td><td>Gul spørgsmål/svar-kombination fundet i spørgeskemabesvarelse</td></tr><tr><td style=\"white-space:nowrap\">green-question-answer<a name=\"ehealth-clinicalimpression-finding-codes-green-question-answer\"> </a></td><td>green question and answer combination</td><td>Applied to a single question and answer pair, this indicates a green combination. Applied as summary to multiple question and answer pairs in a questionnaire response, this indicates at least one green combination found and no red or yellow combinations found.</td><td>Grøn spørgsmål/svar-kombination fundet i spørgeskemabesvarelse.</td></tr><tr><td style=\"white-space:nowrap\">no-effective-answer-significance<a name=\"ehealth-clinicalimpression-finding-codes-no-effective-answer-significance\"> </a></td><td>no effective answer significance for answer and question combination</td><td>Applied to a single question and answer pair, this indicates that answer did not meet any answer significance conditions. Applied as summary to multiple question and answer pairs in a questionnaire response, this indicates that no answer met the conditions of any answer significance(s) in the related question.</td><td>Ingen triageringsindikator for spørgsmål/svar-kombination har fundet anvendelse.</td></tr><tr><td style=\"white-space:nowrap\">no-answer-significance-defined<a name=\"ehealth-clinicalimpression-finding-codes-no-answer-significance-defined\"> </a></td><td>no answer significance defined for question(s)</td><td>Applied to a single question and answer pair, this indicates that the question did not have any answer significance. Applied as summary to multiple question and answer pairs in a questionnaire response, this indicates that no question had any associated answer significance(s).</td><td>Ingen triageringsindikator defineret i spørgeskemaet.</td></tr><tr><td style=\"white-space:nowrap\">red<a name=\"ehealth-clinicalimpression-finding-codes-red\"> </a></td><td>Red overall assessment</td><td>Overall assessment is red</td><td>Samlet vurdering er rød</td></tr><tr><td style=\"white-space:nowrap\">yellow<a name=\"ehealth-clinicalimpression-finding-codes-yellow\"> </a></td><td>Yellow overall assessment</td><td>Overall assessment is yellow</td><td>Samlet vurdering er gul</td></tr><tr><td style=\"white-space:nowrap\">green<a name=\"ehealth-clinicalimpression-finding-codes-green\"> </a></td><td>Green overall assessment</td><td>Overall assessment is green</td><td>Samlet vurdering er grøn</td></tr><tr><td style=\"white-space:nowrap\">data-absent<a name=\"ehealth-clinicalimpression-finding-codes-data-absent\"> </a></td><td>measurement data is absent</td><td>measurement data is absent</td><td>Måledata (måling) har fravær af værdi</td></tr><tr><td style=\"white-space:nowrap\">TBD<a name=\"ehealth-clinicalimpression-finding-codes-TBD\"> </a></td><td>Example value - Under construction</td><td>Example value - Under construction</td><td/></tr></table></div>"},"url":"http://ehealth.sundhed.dk/cs/clinicalimpression-finding-codes","version":"3.1.0","name":"ClinicalImpressionFindingCodes","title":"ClinicalImpression Finding Codes","status":"active","experimental":false,"date":"2019-01-29T00:00:00+00:00","publisher":"Den telemedicinske infrastruktur (eHealth Infrastructure)","contact":[{"name":"Den telemedicinske infrastruktur (eHealth Infrastructure)","telecom":[{"system":"url","value":"http://ehealth.sundhed.dk"}]}],"description":"Clinical Impression Finding Codes","caseSensitive":true,"content":"complete","concept":[{"code":"red-question-answer","display":"red question and answer combination","definition":"Applied to a single question and answer pair, this indicates a red combination. Applied as summary to multiple question and answer pairs in a questionnaire response, this indicates at least one red combination found.","designation":[{"language":"da","value":"Rød spørgsmål/svar-kombination fundet i spørgeskemabesvarelse"}]},{"code":"yellow-question-answer","display":"yellow question and answer combination","definition":"Applied to a single question and answer pair, this indicates a yellow combination. Applied as summary to multiple question and answer pairs in a questionnaire response, this indicates at least one yellow combination found and no red combinations found.","designation":[{"language":"da","value":"Gul spørgsmål/svar-kombination fundet i spørgeskemabesvarelse"}]},{"code":"green-question-answer","display":"green question and answer combination","definition":"Applied to a single question and answer pair, this indicates a green combination. Applied as summary to multiple question and answer pairs in a questionnaire response, this indicates at least one green combination found and no red or yellow combinations found.","designation":[{"language":"da","value":"Grøn spørgsmål/svar-kombination fundet i spørgeskemabesvarelse."}]},{"code":"no-effective-answer-significance","display":"no effective answer significance for answer and question combination","definition":"Applied to a single question and answer pair, this indicates that answer did not meet any answer significance conditions. Applied as summary to multiple question and answer pairs in a questionnaire response, this indicates that no answer met the conditions of any answer significance(s) in the related question.","designation":[{"language":"da","value":"Ingen triageringsindikator for spørgsmål/svar-kombination har fundet anvendelse."}]},{"code":"no-answer-significance-defined","display":"no answer significance defined for question(s)","definition":"Applied to a single question and answer pair, this indicates that the question did not have any answer significance. Applied as summary to multiple question and answer pairs in a questionnaire response, this indicates that no question had any associated answer significance(s).","designation":[{"language":"da","value":"Ingen triageringsindikator defineret i spørgeskemaet."}]},{"code":"red","display":"Red overall assessment","definition":"Overall assessment is red","designation":[{"language":"da","value":"Samlet vurdering er rød"}]},{"code":"yellow","display":"Yellow overall assessment","definition":"Overall assessment is yellow","designation":[{"language":"da","value":"Samlet vurdering er gul"}]},{"code":"green","display":"Green overall assessment","definition":"Overall assessment is green","designation":[{"language":"da","value":"Samlet vurdering er grøn"}]},{"code":"data-absent","display":"measurement data is absent","definition":"measurement data is absent","designation":[{"language":"da","value":"Måledata (måling) har fravær af værdi"}]},{"code":"TBD","display":"Example value - Under construction","definition":"Example value - Under construction","property":[{"code":"deprecated","valueDateTime":"2020-02-03"}]}]}