{"resourceType":"CodeSystem","id":"ehealth-plandefinition-recommendation","text":{"status":"generated","div":"<div xmlns=\"http://www.w3.org/1999/xhtml\"><p class=\"res-header-id\"><b>Generated Narrative: Kodesystem ehealth-plandefinition-recommendation</b></p><a name=\"ehealth-plandefinition-recommendation\"> </a><a name=\"hcehealth-plandefinition-recommendation\"> </a><p><b>Properties</b></p><p><b>This code system defines the following properties for its concepts</b></p><table class=\"grid\"><tr><td><b>Name</b></td><td><b>Code</b></td><td><b>URI</b></td><td><b>Type</b></td><td><b>Description</b></td></tr><tr><td>Deprecated</td><td>deprecated</td><td>http://hl7.org/fhir/concept-properties#deprecated</td><td>dateTime</td><td>Indicates that the concept is deprecated and should not be used</td></tr></table><p><b>Concepts</b></p><p>This case-sensitive code system <code>http://ehealth.sundhed.dk/cs/plandefinition-recommendation</code> defines the following codes:</p><table class=\"codes\"><tr><td style=\"white-space:nowrap\"><b>Code</b></td><td><b>Display</b></td><td><b>Definition</b></td><td><b>Deprecated</b></td></tr><tr><td style=\"white-space:nowrap\">TBD<a name=\"ehealth-plandefinition-recommendation-TBD\"> </a></td><td>Example value - Under construction</td><td>Example value - Under construction</td><td>2020-03-24</td></tr><tr><td style=\"white-space:nowrap\">Mandatory<a name=\"ehealth-plandefinition-recommendation-Mandatory\"> </a></td><td>Mandatory</td><td>Mandatory</td><td/></tr><tr><td style=\"white-space:nowrap\">Recommended<a name=\"ehealth-plandefinition-recommendation-Recommended\"> </a></td><td>Recommended</td><td>Recommended</td><td/></tr><tr><td style=\"white-space:nowrap\">Confirmed<a name=\"ehealth-plandefinition-recommendation-Confirmed\"> </a></td><td>Confirmed</td><td>Confirmed</td><td/></tr><tr><td style=\"white-space:nowrap\">NotRecommended<a name=\"ehealth-plandefinition-recommendation-NotRecommended\"> </a></td><td>NotRecommended</td><td>NotRecommended</td><td/></tr><tr><td style=\"white-space:nowrap\">Applicable<a name=\"ehealth-plandefinition-recommendation-Applicable\"> </a></td><td>Applicable</td><td>Applicable</td><td/></tr><tr><td style=\"white-space:nowrap\">PhasedOut<a name=\"ehealth-plandefinition-recommendation-PhasedOut\"> </a></td><td>PhasedOut</td><td>PhasedOut</td><td/></tr><tr><td style=\"white-space:nowrap\">Observed<a name=\"ehealth-plandefinition-recommendation-Observed\"> </a></td><td>Observed</td><td>Observed</td><td/></tr><tr><td style=\"white-space:nowrap\">Planned<a name=\"ehealth-plandefinition-recommendation-Planned\"> </a></td><td>Planned</td><td>Planned</td><td/></tr></table></div>"},"url":"http://ehealth.sundhed.dk/cs/plandefinition-recommendation","version":"4.0.0","name":"PlanDefinitionRecommendation","title":"PlanDefinition Recommendation","status":"active","experimental":false,"date":"2019-01-29T00:00:00+00:00","publisher":"Den telemedicinske infrastruktur (eHealth Infrastructure)","contact":[{"name":"Den telemedicinske infrastruktur (eHealth Infrastructure)","telecom":[{"system":"url","value":"http://ehealth.sundhed.dk"}]}],"description":"Plan Definition Recommendation","jurisdiction":[{"coding":[{"system":"urn:iso:std:iso:3166","code":"DK","display":"Denmark"}]}],"caseSensitive":true,"content":"complete","property":[{"code":"deprecated","uri":"http://hl7.org/fhir/concept-properties#deprecated","description":"Indicates that the concept is deprecated and should not be used","type":"dateTime"}],"concept":[{"code":"TBD","display":"Example value - Under construction","definition":"Example value - Under construction","property":[{"code":"deprecated","valueDateTime":"2020-03-24"}]},{"code":"Mandatory","display":"Mandatory","definition":"Mandatory"},{"code":"Recommended","display":"Recommended","definition":"Recommended"},{"code":"Confirmed","display":"Confirmed","definition":"Confirmed"},{"code":"NotRecommended","display":"NotRecommended","definition":"NotRecommended"},{"code":"Applicable","display":"Applicable","definition":"Applicable"},{"code":"PhasedOut","display":"PhasedOut","definition":"PhasedOut"},{"code":"Observed","display":"Observed","definition":"Observed"},{"code":"Planned","display":"Planned","definition":"Planned"}]}