{"resourceType":"CodeSystem","id":"ehealth-clinicalimpression-decision-codes","text":{"status":"generated","div":"<div xmlns=\"http://www.w3.org/1999/xhtml\"><p class=\"res-header-id\"><b>Generated Narrative: CodeSystem ehealth-clinicalimpression-decision-codes</b></p><a name=\"ehealth-clinicalimpression-decision-codes\"> </a><a name=\"hcehealth-clinicalimpression-decision-codes\"> </a><a name=\"ehealth-clinicalimpression-decision-codes-da-DK\"> </a><p>This case-sensitive code system <code>http://ehealth.sundhed.dk/cs/clinicalimpression-decision-codes</code> defines the following codes:</p><table class=\"codes\"><tr><td style=\"white-space:nowrap\"><b>Code</b></td><td><b>Display</b></td><td><b>Definition</b></td><td><b>Dansk (Danish, da)</b></td></tr><tr><td style=\"white-space:nowrap\">approved<a name=\"ehealth-clinicalimpression-decision-codes-approved\"> </a></td><td>Approved</td><td>Approved</td><td>Godkendt</td></tr><tr><td style=\"white-space:nowrap\">approved-for-sharing<a name=\"ehealth-clinicalimpression-decision-codes-approved-for-sharing\"> </a></td><td>Approved for sharing</td><td>Approved for sharing</td><td>Godkendt til dokumentdeling</td></tr><tr><td style=\"white-space:nowrap\">citizen-view-approved<a name=\"ehealth-clinicalimpression-decision-codes-citizen-view-approved\"> </a></td><td>Approved Citizen View</td><td>Approved Citizen View</td><td>Godkendt Borger Visning</td></tr><tr><td style=\"white-space:nowrap\">invalidated-fulfills<a name=\"ehealth-clinicalimpression-decision-codes-invalidated-fulfills\"> </a></td><td>Handle invalidated measurement as fulfilling expected submission</td><td>Handle invalidated measurement as fulfilling expected submission</td><td>Ugyldiggjort måledata tæller som opfyldelse af indsendt måledata</td></tr><tr><td style=\"white-space:nowrap\">invalidated-is-not-fulfillment<a name=\"ehealth-clinicalimpression-decision-codes-invalidated-is-not-fulfillment\"> </a></td><td>Handle invalidated measurement as not fulfilling expected submission</td><td>Handle invalidated measurement as not fulfilling expected submission</td><td>Ugyldiggjort måledata tæller ikke som opfyldelse af indsendt måledata</td></tr></table></div>"},"url":"http://ehealth.sundhed.dk/cs/clinicalimpression-decision-codes","version":"3.5.0","name":"ClinicalImpressionDecisionCodes","title":"ClinicalImpression Decision Codes","status":"active","experimental":false,"date":"2019-09-23T00:00:00+00:00","publisher":"Den telemedicinske infrastruktur (eHealth Infrastructure)","contact":[{"name":"Den telemedicinske infrastruktur (eHealth Infrastructure)","telecom":[{"system":"url","value":"http://ehealth.sundhed.dk"}]}],"description":"Clinical Impression Decision Codes","jurisdiction":[{"coding":[{"system":"urn:iso:std:iso:3166","code":"DK","display":"Denmark"}]}],"caseSensitive":true,"content":"complete","concept":[{"code":"approved","display":"Approved","definition":"Approved","designation":[{"language":"da","value":"Godkendt"},{"use":{"system":"http://terminology.hl7.org/CodeSystem/designation-usage","code":"display"},"value":"Approved"}]},{"code":"approved-for-sharing","display":"Approved for sharing","definition":"Approved for sharing","designation":[{"language":"da","value":"Godkendt til dokumentdeling"},{"use":{"system":"http://terminology.hl7.org/CodeSystem/designation-usage","code":"display"},"value":"Approved for sharing"}]},{"code":"citizen-view-approved","display":"Approved Citizen View","definition":"Approved Citizen View","designation":[{"language":"da","value":"Godkendt Borger Visning"},{"use":{"system":"http://terminology.hl7.org/CodeSystem/designation-usage","code":"display"},"value":"Approved Citizen View"}]},{"code":"invalidated-fulfills","display":"Handle invalidated measurement as fulfilling expected submission","definition":"Handle invalidated measurement as fulfilling expected submission","designation":[{"language":"da","value":"Ugyldiggjort måledata tæller som opfyldelse af indsendt måledata"},{"use":{"system":"http://terminology.hl7.org/CodeSystem/designation-usage","code":"display"},"value":"Handle invalidated measurement as fulfilling expected submission"}]},{"code":"invalidated-is-not-fulfillment","display":"Handle invalidated measurement as not fulfilling expected submission","definition":"Handle invalidated measurement as not fulfilling expected submission","designation":[{"language":"da","value":"Ugyldiggjort måledata tæller ikke som opfyldelse af indsendt måledata"},{"use":{"system":"http://terminology.hl7.org/CodeSystem/designation-usage","code":"display"},"value":"Handle invalidated measurement as not fulfilling expected submission"}]}]}