{"resourceType":"CodeSystem","id":"ehealth-devicemetric-quality-types","text":{"status":"generated","div":"<div xmlns=\"http://www.w3.org/1999/xhtml\"><p class=\"res-header-id\"><b>Generated Narrative: Kodesystem ehealth-devicemetric-quality-types</b></p><a name=\"ehealth-devicemetric-quality-types\"> </a><a name=\"hcehealth-devicemetric-quality-types\"> </a><p>This case-sensitive code system <code>http://ehealth.sundhed.dk/cs/devicemetric-quality-types</code> defines the following codes:</p><table class=\"codes\"><tr><td style=\"white-space:nowrap\"><b>Code</b></td><td><b>Display</b></td><td><b>English (United States) (English (United States), en)</b></td></tr><tr><td style=\"white-space:nowrap\">initial<a name=\"ehealth-devicemetric-quality-types-initial\"> </a></td><td>Initial device quality</td><td>Initial device quality</td></tr><tr><td style=\"white-space:nowrap\">degraded<a name=\"ehealth-devicemetric-quality-types-degraded\"> </a></td><td>Degraded device quality</td><td>Degraded device quality</td></tr><tr><td style=\"white-space:nowrap\">overridden<a name=\"ehealth-devicemetric-quality-types-overridden\"> </a></td><td>Overridden device quality</td><td>Overridden device quality</td></tr></table></div>"},"url":"http://ehealth.sundhed.dk/cs/devicemetric-quality-types","version":"4.0.0","name":"DeviceMetricQualityTypes","title":"DeviceMetric Quality Types","status":"active","experimental":false,"date":"2019-01-29T00:00:00+00:00","publisher":"Den telemedicinske infrastruktur (eHealth Infrastructure)","contact":[{"name":"Den telemedicinske infrastruktur (eHealth Infrastructure)","telecom":[{"system":"url","value":"http://ehealth.sundhed.dk"}]}],"description":"Device metric quality type codes","jurisdiction":[{"coding":[{"system":"urn:iso:std:iso:3166","code":"DK","display":"Denmark"}]}],"caseSensitive":true,"content":"complete","concept":[{"code":"initial","display":"Initial device quality","designation":[{"language":"en-US","value":"Initial device quality"}]},{"code":"degraded","display":"Degraded device quality","designation":[{"language":"en-US","value":"Degraded device quality"}]},{"code":"overridden","display":"Overridden device quality","designation":[{"language":"en-US","value":"Overridden device quality"}]}]}