{"resourceType":"CodeSystem","id":"EventTiming","meta":{"lastUpdated":"2016-11-11T00:00:00.000+11:00"},"text":{"status":"generated","div":"<div xmlns=\"http://www.w3.org/1999/xhtml\"><p class=\"res-header-id\"><b>Generated Narrative: CodeSystem EventTiming</b></p><a name=\"EventTiming\"> </a><a name=\"hcEventTiming\"> </a><a name=\"EventTiming-en-US\"> </a><div style=\"display: inline-block; background-color: #d9e0e7; padding: 6px; margin: 4px; border: 1px solid #8da1b4; border-radius: 5px; line-height: 60%\"><p style=\"margin-bottom: 0px\">Last updated: 2016-11-11 00:00:00+1100</p></div><p>This code system <code>http://hl7.org/fhir/event-timing</code> defines displays on the following codes:</p><table class=\"codes\"><tr><td style=\"white-space:nowrap\"><b>Code</b></td><td><b>Display</b></td><td><b>Definition</b></td><td><b>Dansk (Danish, da)</b></td></tr><tr><td><a style=\"white-space:nowrap\" href=\"http://hl7.org/fhir/R4/codesystem-event-timing.html#event-timing-MORN\">MORN</a><a name=\"EventTiming-MORN\"> </a></td><td>Morning</td><td>Event occurs during the morning. The exact time is unspecified and established by institution convention or patient interpretation.</td><td>Morgen</td></tr><tr><td><a style=\"white-space:nowrap\" href=\"http://hl7.org/fhir/R4/codesystem-event-timing.html#event-timing-MORN.46early\">MORN.early</a><a name=\"EventTiming-MORN.46early\"> </a></td><td>Early Morning</td><td>Event occurs during the early morning. The exact time is unspecified and established by institution convention or patient interpretation.</td><td>Tidlig morgen</td></tr><tr><td><a style=\"white-space:nowrap\" href=\"http://hl7.org/fhir/R4/codesystem-event-timing.html#event-timing-MORN.46late\">MORN.late</a><a name=\"EventTiming-MORN.46late\"> </a></td><td>Late Morning</td><td>Event occurs during the late morning. The exact time is unspecified and established by institution convention or patient interpretation.</td><td>Sen morgen</td></tr><tr><td><a style=\"white-space:nowrap\" href=\"http://hl7.org/fhir/R4/codesystem-event-timing.html#event-timing-NOON\">NOON</a><a name=\"EventTiming-NOON\"> </a></td><td>Noon</td><td>Event occurs around 12:00pm. The exact time is unspecified and established by institution convention or patient interpretation.</td><td>Middag</td></tr><tr><td><a style=\"white-space:nowrap\" href=\"http://hl7.org/fhir/R4/codesystem-event-timing.html#event-timing-AFT\">AFT</a><a name=\"EventTiming-AFT\"> </a></td><td>Afternoon</td><td>Event occurs during the afternoon. The exact time is unspecified and established by institution convention or patient interpretation.</td><td>Eftermiddag</td></tr><tr><td><a style=\"white-space:nowrap\" href=\"http://hl7.org/fhir/R4/codesystem-event-timing.html#event-timing-AFT.46early\">AFT.early</a><a name=\"EventTiming-AFT.46early\"> </a></td><td>Early Afternoon</td><td>Event occurs during the early afternoon. The exact time is unspecified and established by institution convention or patient interpretation.</td><td>Tidlig eftermiddag</td></tr><tr><td><a style=\"white-space:nowrap\" href=\"http://hl7.org/fhir/R4/codesystem-event-timing.html#event-timing-AFT.46late\">AFT.late</a><a name=\"EventTiming-AFT.46late\"> </a></td><td>Late Afternoon</td><td>Event occurs during the late afternoon. The exact time is unspecified and established by institution convention or patient interpretation.</td><td>Sen eftermiddag</td></tr><tr><td><a style=\"white-space:nowrap\" href=\"http://hl7.org/fhir/R4/codesystem-event-timing.html#event-timing-EVE\">EVE</a><a name=\"EventTiming-EVE\"> </a></td><td>Evening</td><td>Event occurs during the evening. The exact time is unspecified and established by institution convention or patient interpretation.</td><td>Aften</td></tr><tr><td><a style=\"white-space:nowrap\" href=\"http://hl7.org/fhir/R4/codesystem-event-timing.html#event-timing-EVE.46early\">EVE.early</a><a name=\"EventTiming-EVE.46early\"> </a></td><td>Early Evening</td><td>Event occurs during the early evening. The exact time is unspecified and established by institution convention or patient interpretation.</td><td>Tidlig aften</td></tr><tr><td><a style=\"white-space:nowrap\" href=\"http://hl7.org/fhir/R4/codesystem-event-timing.html#event-timing-EVE.46late\">EVE.late</a><a name=\"EventTiming-EVE.46late\"> </a></td><td>Late Evening</td><td>Event occurs during the late evening. The exact time is unspecified and established by institution convention or patient interpretation.</td><td>Sen aften</td></tr><tr><td><a style=\"white-space:nowrap\" href=\"http://hl7.org/fhir/R4/codesystem-event-timing.html#event-timing-NIGHT\">NIGHT</a><a name=\"EventTiming-NIGHT\"> </a></td><td>Night</td><td>Event occurs during the night. The exact time is unspecified and established by institution convention or patient interpretation.</td><td>Nat</td></tr><tr><td><a style=\"white-space:nowrap\" href=\"http://hl7.org/fhir/R4/codesystem-event-timing.html#event-timing-PHS\">PHS</a><a name=\"EventTiming-PHS\"> </a></td><td>After Sleep</td><td>Event occurs [offset] after subject goes to sleep. The exact time is unspecified and established by institution convention or patient interpretation.</td><td>Efter søvn</td></tr></table></div>"},"url":"http://hl7.org/fhir/event-timing","version":"3.1.0","name":"EventTiming","status":"active","experimental":false,"date":"2016-11-11T00:00:00+11:00","publisher":"Den telemedicinske infrastruktur (eHealth Infrastructure)","contact":[{"name":"Den telemedicinske infrastruktur (eHealth Infrastructure)","telecom":[{"system":"url","value":"http://ehealth.sundhed.dk"}]}],"description":"EventTiming","content":"supplement","supplements":"http://hl7.org/fhir/event-timing","concept":[{"code":"MORN","display":"Morning","definition":"Event occurs during the morning. The exact time is unspecified and established by institution convention or patient interpretation.","designation":[{"language":"da","value":"Morgen"}]},{"code":"MORN.early","display":"Early Morning","definition":"Event occurs during the early morning. The exact time is unspecified and established by institution convention or patient interpretation.","designation":[{"language":"da","value":"Tidlig morgen"}]},{"code":"MORN.late","display":"Late Morning","definition":"Event occurs during the late morning. The exact time is unspecified and established by institution convention or patient interpretation.","designation":[{"language":"da","value":"Sen morgen"}]},{"code":"NOON","display":"Noon","definition":"Event occurs around 12:00pm. The exact time is unspecified and established by institution convention or patient interpretation.","designation":[{"language":"da","value":"Middag"}]},{"code":"AFT","display":"Afternoon","definition":"Event occurs during the afternoon. The exact time is unspecified and established by institution convention or patient interpretation.","designation":[{"language":"da","value":"Eftermiddag"}]},{"code":"AFT.early","display":"Early Afternoon","definition":"Event occurs during the early afternoon. The exact time is unspecified and established by institution convention or patient interpretation.","designation":[{"language":"da","value":"Tidlig eftermiddag"}]},{"code":"AFT.late","display":"Late Afternoon","definition":"Event occurs during the late afternoon. The exact time is unspecified and established by institution convention or patient interpretation.","designation":[{"language":"da","value":"Sen eftermiddag"}]},{"code":"EVE","display":"Evening","definition":"Event occurs during the evening. The exact time is unspecified and established by institution convention or patient interpretation.","designation":[{"language":"da","value":"Aften"}]},{"code":"EVE.early","display":"Early Evening","definition":"Event occurs during the early evening. The exact time is unspecified and established by institution convention or patient interpretation.","designation":[{"language":"da","value":"Tidlig aften"}]},{"code":"EVE.late","display":"Late Evening","definition":"Event occurs during the late evening. The exact time is unspecified and established by institution convention or patient interpretation.","designation":[{"language":"da","value":"Sen aften"}]},{"code":"NIGHT","display":"Night","definition":"Event occurs during the night. The exact time is unspecified and established by institution convention or patient interpretation.","designation":[{"language":"da","value":"Nat"}]},{"code":"PHS","display":"After Sleep","definition":"Event occurs [offset] after subject goes to sleep. The exact time is unspecified and established by institution convention or patient interpretation.","designation":[{"language":"da","value":"Efter søvn"}]}]}