{"resourceType":"CodeSystem","id":"ehealth-device-supplier-roles","text":{"status":"generated","div":"<div xmlns=\"http://www.w3.org/1999/xhtml\"><p class=\"res-header-id\"><b>Generated Narrative: CodeSystem ehealth-device-supplier-roles</b></p><a name=\"ehealth-device-supplier-roles\"> </a><a name=\"hcehealth-device-supplier-roles\"> </a><a name=\"ehealth-device-supplier-roles-da-DK\"> </a><p>This case-sensitive code system <code>http://ehealth.sundhed.dk/cs/device-supplier-roles</code> defines the following code:</p><table class=\"codes\"><tr><td style=\"white-space:nowrap\"><b>Code</b></td><td><b>Display</b></td><td><b>Definition</b></td></tr><tr><td style=\"white-space:nowrap\">TBD<a name=\"ehealth-device-supplier-roles-TBD\"> </a></td><td>Example value - Under construction</td><td>Example value - Under construction</td></tr></table></div>"},"url":"http://ehealth.sundhed.dk/cs/device-supplier-roles","version":"3.4.1","name":"DeviceSupplierRoles","title":"Device Supplier Roles","status":"active","experimental":false,"date":"2019-01-29T00:00:00+00:00","publisher":"Den telemedicinske infrastruktur (eHealth Infrastructure)","contact":[{"name":"Den telemedicinske infrastruktur (eHealth Infrastructure)","telecom":[{"system":"url","value":"http://ehealth.sundhed.dk"}]}],"description":"Types of device related services.","jurisdiction":[{"coding":[{"system":"urn:iso:std:iso:3166","code":"DK","display":"Denmark"}]}],"caseSensitive":true,"content":"complete","concept":[{"code":"TBD","display":"Example value - Under construction","definition":"Example value - Under construction","designation":[{"use":{"system":"http://terminology.hl7.org/CodeSystem/designation-usage","code":"display"},"value":"Example value - Under construction"}],"property":[{"valueDateTime":"2020-02-03"}]}]}