{"resourceType":"CodeSystem","id":"ehealth-library-type","text":{"status":"generated","div":"<div xmlns=\"http://www.w3.org/1999/xhtml\"><p class=\"res-header-id\"><b>Generated Narrative: Kodesystem ehealth-library-type</b></p><a name=\"ehealth-library-type\"> </a><a name=\"hcehealth-library-type\"> </a><p>This case-sensitive code system <code>http://ehealth.sundhed.dk/cs/library-type</code> defines the following code:</p><table class=\"codes\"><tr><td style=\"white-space:nowrap\"><b>Code</b></td><td><b>Display</b></td><td><b>Definition</b></td><td><b>Dansk (Danish, da)</b></td></tr><tr><td style=\"white-space:nowrap\">automated-processing<a name=\"ehealth-library-type-automated-processing\"> </a></td><td>Automated Processing</td><td>The resource defines an evaluation context for automated processing</td><td>Ressourcen definerer en regel og dennes kontekst til brug i automatisk processering</td></tr></table></div>"},"url":"http://ehealth.sundhed.dk/cs/library-type","version":"5.0.1","name":"LibraryType","title":"Library Type","status":"active","experimental":false,"date":"2019-08-27T00:00:00+00:00","publisher":"Den telemedicinske infrastruktur (eHealth Infrastructure)","contact":[{"name":"Den telemedicinske infrastruktur (eHealth Infrastructure)","telecom":[{"system":"url","value":"http://ehealth.sundhed.dk"}]}],"description":"Library Type","jurisdiction":[{"coding":[{"system":"urn:iso:std:iso:3166","code":"DK","display":"Denmark"}]}],"caseSensitive":true,"content":"complete","concept":[{"code":"automated-processing","display":"Automated Processing","definition":"The resource defines an evaluation context for automated processing","designation":[{"language":"da","value":"Ressourcen definerer en regel og dennes kontekst til brug i automatisk processering"}]}]}