{"resourceType":"CodeSystem","id":"ehealth-conditions","text":{"status":"generated","div":"<div xmlns=\"http://www.w3.org/1999/xhtml\"><p class=\"res-header-id\"><b>Generated Narrative: Kodesystem ehealth-conditions</b></p><a name=\"ehealth-conditions\"> </a><a name=\"hcehealth-conditions\"> </a><p><b>Properties</b></p><p><b>This code system defines the following properties for its concepts</b></p><table class=\"grid\"><tr><td><b>Name</b></td><td><b>Code</b></td><td><b>URI</b></td><td><b>Type</b></td><td><b>Description</b></td></tr><tr><td>Deprecated</td><td>deprecated</td><td>http://hl7.org/fhir/concept-properties#deprecated</td><td>dateTime</td><td>Indicates that the concept is deprecated and should not be used</td></tr></table><p><b>Concepts</b></p><p>This case-sensitive code system <code>http://ehealth.sundhed.dk/cs/conditions</code> defines the following codes:</p><table class=\"codes\"><tr><td style=\"white-space:nowrap\"><b>Code</b></td><td><b>Display</b></td><td><b>Definition</b></td><td><b>Deprecated</b></td></tr><tr><td style=\"white-space:nowrap\">TBD<a name=\"ehealth-conditions-TBD\"> </a></td><td>Example value - Under construction</td><td>Example value - Under construction</td><td>2020-02-03</td></tr><tr><td style=\"white-space:nowrap\">TBD2<a name=\"ehealth-conditions-TBD2\"> </a></td><td>Example value 2 - Under construction</td><td>Example value 2 - Under construction</td><td>2020-02-03</td></tr></table></div>"},"url":"http://ehealth.sundhed.dk/cs/conditions","version":"4.0.1","name":"Conditions","title":"Conditions","status":"active","experimental":false,"date":"2019-01-29T00:00:00+00:00","publisher":"Den telemedicinske infrastruktur (eHealth Infrastructure)","contact":[{"name":"Den telemedicinske infrastruktur (eHealth Infrastructure)","telecom":[{"system":"url","value":"http://ehealth.sundhed.dk"}]}],"description":"Condition codes","jurisdiction":[{"coding":[{"system":"urn:iso:std:iso:3166","code":"DK","display":"Denmark"}]}],"caseSensitive":true,"content":"complete","property":[{"code":"deprecated","uri":"http://hl7.org/fhir/concept-properties#deprecated","description":"Indicates that the concept is deprecated and should not be used","type":"dateTime"}],"concept":[{"code":"TBD","display":"Example value - Under construction","definition":"Example value - Under construction","property":[{"code":"deprecated","valueDateTime":"2020-02-03"}]},{"code":"TBD2","display":"Example value 2 - Under construction","definition":"Example value 2 - Under construction","property":[{"code":"deprecated","valueDateTime":"2020-02-03"}]}]}