{"resourceType":"CodeSystem","id":"fs3-health-sexuality","text":{"status":"generated","div":"<div xmlns=\"http://www.w3.org/1999/xhtml\"><p class=\"res-header-id\"><b>Generated Narrative: CodeSystem fs3-health-sexuality</b></p><a name=\"fs3-health-sexuality\"> </a><a name=\"hcfs3-health-sexuality\"> </a><a name=\"fs3-health-sexuality-en-US\"> </a><p>This  code system <code>http://ehealth.sundhed.dk/cs/fs3-health-sexuality</code> defines the following code:</p><table class=\"codes\"><tr><td style=\"white-space:nowrap\"><b>Code</b></td><td><b>Display</b></td><td><b>Dansk (Danish, da)</b></td></tr><tr><td style=\"white-space:nowrap\">SEXUALITY<a name=\"fs3-health-sexuality-SEXUALITY\"> </a></td><td>Problemer med seksualitet</td><td>Problemer med seksualitet</td></tr></table></div>"},"url":"http://ehealth.sundhed.dk/cs/fs3-health-sexuality","version":"3.1.0","name":"FS III, Seksualitet","title":"FS III, Seksualitet","status":"active","experimental":true,"date":"2019-02-02T00:00:00+00:00","publisher":"Den telemedicinske infrastruktur (eHealth Infrastructure)","contact":[{"name":"Den telemedicinske infrastruktur (eHealth Infrastructure)","telecom":[{"system":"url","value":"http://ehealth.sundhed.dk"}]}],"description":"FS III, Seksualitet","content":"complete","concept":[{"code":"SEXUALITY","display":"Problemer med seksualitet","designation":[{"language":"da","value":"Problemer med seksualitet"}]}]}