{"resourceType":"CodeSystem","id":"ehealth-designation-use","text":{"status":"generated","div":"<div xmlns=\"http://www.w3.org/1999/xhtml\"><p class=\"res-header-id\"><b>Generated Narrative: CodeSystem ehealth-designation-use</b></p><a name=\"ehealth-designation-use\"> </a><a name=\"hcehealth-designation-use\"> </a><p>This case-sensitive code system <code>http://ehealth.sundhed.dk/cs/ehealth-designation-use</code> defines the following code:</p><table class=\"codes\"><tr><td style=\"white-space:nowrap\"><b>Code</b></td><td><b>Display</b></td><td><b>Definition</b></td></tr><tr><td style=\"white-space:nowrap\">phmr-short-name<a name=\"ehealth-designation-use-phmr-short-name\"> </a></td><td>PHMR Short Name</td><td>PHMR Short Name used for display names in IHE profiles</td></tr></table></div>"},"url":"http://ehealth.sundhed.dk/cs/ehealth-designation-use","version":"6.0.0","name":"eHealthDesignationUse","title":"eHealth Designation Use","status":"active","experimental":false,"date":"2025-03-05T09:00:00+00:00","publisher":"Den telemedicinske infrastruktur (eHealth Infrastructure)","contact":[{"name":"Den telemedicinske infrastruktur (eHealth Infrastructure)","telecom":[{"system":"url","value":"http://ehealth.sundhed.dk"}]}],"description":"Codes used to identify/describe designation use.","jurisdiction":[{"coding":[{"system":"urn:iso:std:iso:3166","code":"DK","display":"Denmark"}]}],"caseSensitive":true,"content":"complete","concept":[{"code":"phmr-short-name","display":"PHMR Short Name","definition":"PHMR Short Name used for display names in IHE profiles","designation":[{"use":{"system":"http://terminology.hl7.org/CodeSystem/hl7TermMaintInfra","code":"preferredForLanguage"},"value":"PHMR Short Name"}]}]}