{"resourceType":"CodeSystem","id":"ehealth-oio-organization-type","text":{"status":"generated","div":"<div xmlns=\"http://www.w3.org/1999/xhtml\"><p class=\"res-header-id\"><b>Generated Narrative: CodeSystem ehealth-oio-organization-type</b></p><a name=\"ehealth-oio-organization-type\"> </a><a name=\"hcehealth-oio-organization-type\"> </a><a name=\"ehealth-oio-organization-type-en-US\"> </a><p>This case-sensitive code system <code>http://ehealth.sundhed.dk/cs/oio-organization-type</code> defines the following codes:</p><table class=\"codes\"><tr><td style=\"white-space:nowrap\"><b>Code</b></td><td><b>Definition</b></td></tr><tr><td style=\"white-space:nowrap\">Organisation<a name=\"ehealth-oio-organization-type-Organisation\"> </a></td><td>Organisation</td></tr><tr><td style=\"white-space:nowrap\">OrganisationEnhed<a name=\"ehealth-oio-organization-type-OrganisationEnhed\"> </a></td><td>OrganisationEnhed</td></tr></table></div>"},"url":"http://ehealth.sundhed.dk/cs/oio-organization-type","version":"3.2.0","name":"OIOOrganizationType","title":"OIO Organization Type","status":"active","experimental":false,"date":"2019-01-29T00:00:00+00:00","publisher":"Den telemedicinske infrastruktur (eHealth Infrastructure)","contact":[{"name":"Den telemedicinske infrastruktur (eHealth Infrastructure)","telecom":[{"system":"url","value":"http://ehealth.sundhed.dk"}]}],"description":"Organization types specific for organizations from OIO / STS-ORG","caseSensitive":true,"content":"complete","concept":[{"code":"Organisation","display":"Organisation","definition":"Organisation"},{"code":"OrganisationEnhed","display":"OrganisationEnhed","definition":"OrganisationEnhed"}]}