{"resourceType":"CodeSystem","id":"percentage-codes","text":{"status":"generated","div":"<div xmlns=\"http://www.w3.org/1999/xhtml\"><p class=\"res-header-id\"><b>Generated Narrative: Kodesystem percentage-codes</b></p><a name=\"percentage-codes\"> </a><a name=\"hcpercentage-codes\"> </a><p>This  code system <code>http://ehealth.sundhed.dk/cs/percentage-codes</code> defines the following codes:</p><table class=\"codes\"><tr><td style=\"white-space:nowrap\"><b>Code</b></td></tr><tr><td style=\"white-space:nowrap\">0<a name=\"percentage-codes-0\"> </a></td></tr><tr><td style=\"white-space:nowrap\">1<a name=\"percentage-codes-1\"> </a></td></tr><tr><td style=\"white-space:nowrap\">2<a name=\"percentage-codes-2\"> </a></td></tr><tr><td style=\"white-space:nowrap\">3<a name=\"percentage-codes-3\"> </a></td></tr><tr><td style=\"white-space:nowrap\">4<a name=\"percentage-codes-4\"> </a></td></tr><tr><td style=\"white-space:nowrap\">5<a name=\"percentage-codes-5\"> </a></td></tr><tr><td style=\"white-space:nowrap\">6<a name=\"percentage-codes-6\"> </a></td></tr><tr><td style=\"white-space:nowrap\">7<a name=\"percentage-codes-7\"> </a></td></tr><tr><td style=\"white-space:nowrap\">8<a name=\"percentage-codes-8\"> </a></td></tr><tr><td style=\"white-space:nowrap\">9<a name=\"percentage-codes-9\"> </a></td></tr><tr><td style=\"white-space:nowrap\">10<a name=\"percentage-codes-10\"> </a></td></tr><tr><td style=\"white-space:nowrap\">11<a name=\"percentage-codes-11\"> </a></td></tr><tr><td style=\"white-space:nowrap\">12<a name=\"percentage-codes-12\"> </a></td></tr><tr><td style=\"white-space:nowrap\">13<a name=\"percentage-codes-13\"> </a></td></tr><tr><td style=\"white-space:nowrap\">14<a name=\"percentage-codes-14\"> </a></td></tr><tr><td style=\"white-space:nowrap\">15<a name=\"percentage-codes-15\"> </a></td></tr><tr><td style=\"white-space:nowrap\">16<a name=\"percentage-codes-16\"> </a></td></tr><tr><td style=\"white-space:nowrap\">17<a name=\"percentage-codes-17\"> </a></td></tr><tr><td style=\"white-space:nowrap\">18<a name=\"percentage-codes-18\"> </a></td></tr><tr><td style=\"white-space:nowrap\">19<a name=\"percentage-codes-19\"> </a></td></tr><tr><td style=\"white-space:nowrap\">20<a name=\"percentage-codes-20\"> </a></td></tr><tr><td style=\"white-space:nowrap\">21<a name=\"percentage-codes-21\"> </a></td></tr><tr><td style=\"white-space:nowrap\">22<a name=\"percentage-codes-22\"> </a></td></tr><tr><td style=\"white-space:nowrap\">23<a name=\"percentage-codes-23\"> </a></td></tr><tr><td style=\"white-space:nowrap\">24<a name=\"percentage-codes-24\"> </a></td></tr><tr><td style=\"white-space:nowrap\">25<a name=\"percentage-codes-25\"> </a></td></tr><tr><td style=\"white-space:nowrap\">26<a name=\"percentage-codes-26\"> </a></td></tr><tr><td style=\"white-space:nowrap\">27<a name=\"percentage-codes-27\"> </a></td></tr><tr><td style=\"white-space:nowrap\">28<a name=\"percentage-codes-28\"> </a></td></tr><tr><td style=\"white-space:nowrap\">29<a name=\"percentage-codes-29\"> </a></td></tr><tr><td style=\"white-space:nowrap\">30<a name=\"percentage-codes-30\"> </a></td></tr><tr><td style=\"white-space:nowrap\">31<a name=\"percentage-codes-31\"> </a></td></tr><tr><td style=\"white-space:nowrap\">32<a name=\"percentage-codes-32\"> </a></td></tr><tr><td style=\"white-space:nowrap\">33<a name=\"percentage-codes-33\"> </a></td></tr><tr><td style=\"white-space:nowrap\">34<a name=\"percentage-codes-34\"> </a></td></tr><tr><td style=\"white-space:nowrap\">35<a name=\"percentage-codes-35\"> </a></td></tr><tr><td style=\"white-space:nowrap\">36<a name=\"percentage-codes-36\"> </a></td></tr><tr><td style=\"white-space:nowrap\">37<a name=\"percentage-codes-37\"> </a></td></tr><tr><td style=\"white-space:nowrap\">38<a name=\"percentage-codes-38\"> </a></td></tr><tr><td style=\"white-space:nowrap\">39<a name=\"percentage-codes-39\"> </a></td></tr><tr><td style=\"white-space:nowrap\">40<a name=\"percentage-codes-40\"> </a></td></tr><tr><td style=\"white-space:nowrap\">41<a name=\"percentage-codes-41\"> </a></td></tr><tr><td style=\"white-space:nowrap\">42<a name=\"percentage-codes-42\"> </a></td></tr><tr><td style=\"white-space:nowrap\">43<a name=\"percentage-codes-43\"> </a></td></tr><tr><td style=\"white-space:nowrap\">44<a name=\"percentage-codes-44\"> </a></td></tr><tr><td style=\"white-space:nowrap\">45<a name=\"percentage-codes-45\"> </a></td></tr><tr><td style=\"white-space:nowrap\">46<a name=\"percentage-codes-46\"> </a></td></tr><tr><td style=\"white-space:nowrap\">47<a name=\"percentage-codes-47\"> </a></td></tr><tr><td style=\"white-space:nowrap\">48<a name=\"percentage-codes-48\"> </a></td></tr><tr><td style=\"white-space:nowrap\">49<a name=\"percentage-codes-49\"> </a></td></tr><tr><td style=\"white-space:nowrap\">50<a name=\"percentage-codes-50\"> </a></td></tr><tr><td style=\"white-space:nowrap\">51<a name=\"percentage-codes-51\"> </a></td></tr><tr><td style=\"white-space:nowrap\">52<a name=\"percentage-codes-52\"> </a></td></tr><tr><td style=\"white-space:nowrap\">53<a name=\"percentage-codes-53\"> </a></td></tr><tr><td style=\"white-space:nowrap\">54<a name=\"percentage-codes-54\"> </a></td></tr><tr><td style=\"white-space:nowrap\">55<a name=\"percentage-codes-55\"> </a></td></tr><tr><td style=\"white-space:nowrap\">56<a name=\"percentage-codes-56\"> </a></td></tr><tr><td style=\"white-space:nowrap\">57<a name=\"percentage-codes-57\"> </a></td></tr><tr><td style=\"white-space:nowrap\">58<a name=\"percentage-codes-58\"> </a></td></tr><tr><td style=\"white-space:nowrap\">59<a name=\"percentage-codes-59\"> </a></td></tr><tr><td style=\"white-space:nowrap\">60<a name=\"percentage-codes-60\"> </a></td></tr><tr><td style=\"white-space:nowrap\">61<a name=\"percentage-codes-61\"> </a></td></tr><tr><td style=\"white-space:nowrap\">62<a name=\"percentage-codes-62\"> </a></td></tr><tr><td style=\"white-space:nowrap\">63<a name=\"percentage-codes-63\"> </a></td></tr><tr><td style=\"white-space:nowrap\">64<a name=\"percentage-codes-64\"> </a></td></tr><tr><td style=\"white-space:nowrap\">65<a name=\"percentage-codes-65\"> </a></td></tr><tr><td style=\"white-space:nowrap\">66<a name=\"percentage-codes-66\"> </a></td></tr><tr><td style=\"white-space:nowrap\">67<a name=\"percentage-codes-67\"> </a></td></tr><tr><td style=\"white-space:nowrap\">68<a name=\"percentage-codes-68\"> </a></td></tr><tr><td style=\"white-space:nowrap\">69<a name=\"percentage-codes-69\"> </a></td></tr><tr><td style=\"white-space:nowrap\">70<a name=\"percentage-codes-70\"> </a></td></tr><tr><td style=\"white-space:nowrap\">71<a name=\"percentage-codes-71\"> </a></td></tr><tr><td style=\"white-space:nowrap\">72<a name=\"percentage-codes-72\"> </a></td></tr><tr><td style=\"white-space:nowrap\">73<a name=\"percentage-codes-73\"> </a></td></tr><tr><td style=\"white-space:nowrap\">74<a name=\"percentage-codes-74\"> </a></td></tr><tr><td style=\"white-space:nowrap\">75<a name=\"percentage-codes-75\"> </a></td></tr><tr><td style=\"white-space:nowrap\">76<a name=\"percentage-codes-76\"> </a></td></tr><tr><td style=\"white-space:nowrap\">77<a name=\"percentage-codes-77\"> </a></td></tr><tr><td style=\"white-space:nowrap\">78<a name=\"percentage-codes-78\"> </a></td></tr><tr><td style=\"white-space:nowrap\">79<a name=\"percentage-codes-79\"> </a></td></tr><tr><td style=\"white-space:nowrap\">80<a name=\"percentage-codes-80\"> </a></td></tr><tr><td style=\"white-space:nowrap\">81<a name=\"percentage-codes-81\"> </a></td></tr><tr><td style=\"white-space:nowrap\">82<a name=\"percentage-codes-82\"> </a></td></tr><tr><td style=\"white-space:nowrap\">83<a name=\"percentage-codes-83\"> </a></td></tr><tr><td style=\"white-space:nowrap\">84<a name=\"percentage-codes-84\"> </a></td></tr><tr><td style=\"white-space:nowrap\">85<a name=\"percentage-codes-85\"> </a></td></tr><tr><td style=\"white-space:nowrap\">86<a name=\"percentage-codes-86\"> </a></td></tr><tr><td style=\"white-space:nowrap\">87<a name=\"percentage-codes-87\"> </a></td></tr><tr><td style=\"white-space:nowrap\">88<a name=\"percentage-codes-88\"> </a></td></tr><tr><td style=\"white-space:nowrap\">89<a name=\"percentage-codes-89\"> </a></td></tr><tr><td style=\"white-space:nowrap\">90<a name=\"percentage-codes-90\"> </a></td></tr><tr><td style=\"white-space:nowrap\">91<a name=\"percentage-codes-91\"> </a></td></tr><tr><td style=\"white-space:nowrap\">92<a name=\"percentage-codes-92\"> </a></td></tr><tr><td style=\"white-space:nowrap\">93<a name=\"percentage-codes-93\"> </a></td></tr><tr><td style=\"white-space:nowrap\">94<a name=\"percentage-codes-94\"> </a></td></tr><tr><td style=\"white-space:nowrap\">95<a name=\"percentage-codes-95\"> </a></td></tr><tr><td style=\"white-space:nowrap\">96<a name=\"percentage-codes-96\"> </a></td></tr><tr><td style=\"white-space:nowrap\">97<a name=\"percentage-codes-97\"> </a></td></tr><tr><td style=\"white-space:nowrap\">98<a name=\"percentage-codes-98\"> </a></td></tr><tr><td style=\"white-space:nowrap\">99<a name=\"percentage-codes-99\"> </a></td></tr><tr><td style=\"white-space:nowrap\">100<a name=\"percentage-codes-100\"> </a></td></tr></table></div>"},"url":"http://ehealth.sundhed.dk/cs/percentage-codes","version":"4.0.0","name":"Integer percentage codes","title":"Integer percentage codes","status":"active","experimental":true,"date":"2019-02-02T00:00:00+00:00","publisher":"Den telemedicinske infrastruktur (eHealth Infrastructure)","contact":[{"name":"Den telemedicinske infrastruktur (eHealth Infrastructure)","telecom":[{"system":"url","value":"http://ehealth.sundhed.dk"}]}],"description":"Integer percentage codes 0-100","jurisdiction":[{"coding":[{"system":"urn:iso:std:iso:3166","code":"DK","display":"Denmark"}]}],"content":"complete","concept":[{"code":"0","display":"0"},{"code":"1","display":"1"},{"code":"2","display":"2"},{"code":"3","display":"3"},{"code":"4","display":"4"},{"code":"5","display":"5"},{"code":"6","display":"6"},{"code":"7","display":"7"},{"code":"8","display":"8"},{"code":"9","display":"9"},{"code":"10","display":"10"},{"code":"11","display":"11"},{"code":"12","display":"12"},{"code":"13","display":"13"},{"code":"14","display":"14"},{"code":"15","display":"15"},{"code":"16","display":"16"},{"code":"17","display":"17"},{"code":"18","display":"18"},{"code":"19","display":"19"},{"code":"20","display":"20"},{"code":"21","display":"21"},{"code":"22","display":"22"},{"code":"23","display":"23"},{"code":"24","display":"24"},{"code":"25","display":"25"},{"code":"26","display":"26"},{"code":"27","display":"27"},{"code":"28","display":"28"},{"code":"29","display":"29"},{"code":"30","display":"30"},{"code":"31","display":"31"},{"code":"32","display":"32"},{"code":"33","display":"33"},{"code":"34","display":"34"},{"code":"35","display":"35"},{"code":"36","display":"36"},{"code":"37","display":"37"},{"code":"38","display":"38"},{"code":"39","display":"39"},{"code":"40","display":"40"},{"code":"41","display":"41"},{"code":"42","display":"42"},{"code":"43","display":"43"},{"code":"44","display":"44"},{"code":"45","display":"45"},{"code":"46","display":"46"},{"code":"47","display":"47"},{"code":"48","display":"48"},{"code":"49","display":"49"},{"code":"50","display":"50"},{"code":"51","display":"51"},{"code":"52","display":"52"},{"code":"53","display":"53"},{"code":"54","display":"54"},{"code":"55","display":"55"},{"code":"56","display":"56"},{"code":"57","display":"57"},{"code":"58","display":"58"},{"code":"59","display":"59"},{"code":"60","display":"60"},{"code":"61","display":"61"},{"code":"62","display":"62"},{"code":"63","display":"63"},{"code":"64","display":"64"},{"code":"65","display":"65"},{"code":"66","display":"66"},{"code":"67","display":"67"},{"code":"68","display":"68"},{"code":"69","display":"69"},{"code":"70","display":"70"},{"code":"71","display":"71"},{"code":"72","display":"72"},{"code":"73","display":"73"},{"code":"74","display":"74"},{"code":"75","display":"75"},{"code":"76","display":"76"},{"code":"77","display":"77"},{"code":"78","display":"78"},{"code":"79","display":"79"},{"code":"80","display":"80"},{"code":"81","display":"81"},{"code":"82","display":"82"},{"code":"83","display":"83"},{"code":"84","display":"84"},{"code":"85","display":"85"},{"code":"86","display":"86"},{"code":"87","display":"87"},{"code":"88","display":"88"},{"code":"89","display":"89"},{"code":"90","display":"90"},{"code":"91","display":"91"},{"code":"92","display":"92"},{"code":"93","display":"93"},{"code":"94","display":"94"},{"code":"95","display":"95"},{"code":"96","display":"96"},{"code":"97","display":"97"},{"code":"98","display":"98"},{"code":"99","display":"99"},{"code":"100","display":"100"}]}