{"resourceType":"CodeSystem","id":"hl7.org-fhir-care-team-status","text":{"status":"generated","div":"<div xmlns=\"http://www.w3.org/1999/xhtml\"><p class=\"res-header-id\"><b>Generated Narrative: Kodesystem hl7.org-fhir-care-team-status</b></p><a name=\"hl7.org-fhir-care-team-status\"> </a><a name=\"hchl7.org-fhir-care-team-status\"> </a><p>This code system supplement <code>http://hl7.org/fhir/care-team-status</code> defines displays on the following codes:</p><table class=\"codes\"><tr><td style=\"white-space:nowrap\"><b>Code</b></td><td><b>Display</b></td><td><b>Definition</b></td><td><b>Dansk (Danish, da)</b></td></tr><tr><td><a style=\"white-space:nowrap\" href=\"http://hl7.org/fhir/R4/codesystem-care-team-status.html#care-team-status-proposed\">proposed</a><a name=\"hl7.org-fhir-care-team-status-proposed\"> </a></td><td>Proposed</td><td>The care team has been drafted and proposed, but not yet participating in the coordination and delivery of care.</td><td>Forslag</td></tr><tr><td><a style=\"white-space:nowrap\" href=\"http://hl7.org/fhir/R4/codesystem-care-team-status.html#care-team-status-active\">active</a><a name=\"hl7.org-fhir-care-team-status-active\"> </a></td><td>Active</td><td>The care team is currently participating in the coordination and delivery of care.</td><td>Aktiv</td></tr><tr><td><a style=\"white-space:nowrap\" href=\"http://hl7.org/fhir/R4/codesystem-care-team-status.html#care-team-status-suspended\">suspended</a><a name=\"hl7.org-fhir-care-team-status-suspended\"> </a></td><td>Suspended</td><td>The care team is temporarily on hold or suspended and not participating in the coordination and delivery of care.</td><td>Suspenderet</td></tr><tr><td><a style=\"white-space:nowrap\" href=\"http://hl7.org/fhir/R4/codesystem-care-team-status.html#care-team-status-inactive\">inactive</a><a name=\"hl7.org-fhir-care-team-status-inactive\"> </a></td><td>Inactive</td><td>The care team was, but is no longer, participating in the coordination and delivery of care.</td><td>Inaktiv</td></tr><tr><td><a style=\"white-space:nowrap\" href=\"http://hl7.org/fhir/R4/codesystem-care-team-status.html#care-team-status-entered-in-error\">entered-in-error</a><a name=\"hl7.org-fhir-care-team-status-entered-in-error\"> </a></td><td>Entered In Error</td><td>The care team should have never existed.</td><td>Fejlindtastning</td></tr></table></div>"},"extension":[{"url":"http://hl7.org/fhir/StructureDefinition/structuredefinition-wg","valueCode":"fhir"},{"url":"http://hl7.org/fhir/StructureDefinition/structuredefinition-standards-status","valueCode":"normative"},{"url":"http://hl7.org/fhir/StructureDefinition/structuredefinition-normative-version","valueCode":"4.0.0"},{"url":"http://hl7.org/fhir/StructureDefinition/structuredefinition-fmm","valueInteger":5}],"url":"http://hl7.org/fhir/care-team-status","version":"5.0.1","name":"CareTeamStatus","title":"Care Team Status","status":"active","experimental":false,"date":"2021-10-27T13:27:27+00:00","publisher":"Den telemedicinske infrastruktur (eHealth Infrastructure)","contact":[{"name":"Den telemedicinske infrastruktur (eHealth Infrastructure)","telecom":[{"system":"url","value":"http://ehealth.sundhed.dk"}]}],"description":"Indicates the status of the care team.","jurisdiction":[{"coding":[{"system":"urn:iso:std:iso:3166","code":"DK","display":"Denmark"}]}],"content":"supplement","supplements":"http://hl7.org/fhir/care-team-status","concept":[{"code":"proposed","display":"Proposed","definition":"The care team has been drafted and proposed, but not yet participating in the coordination and delivery of care.","designation":[{"language":"da","use":{"system":"http://snomed.info/sct","code":"900000000000013009"},"value":"Forslag"}]},{"code":"active","display":"Active","definition":"The care team is currently participating in the coordination and delivery of care.","designation":[{"language":"da","use":{"system":"http://snomed.info/sct","code":"900000000000013009"},"value":"Aktiv"}]},{"code":"suspended","display":"Suspended","definition":"The care team is temporarily on hold or suspended and not participating in the coordination and delivery of care.","designation":[{"language":"da","use":{"system":"http://snomed.info/sct","code":"900000000000013009"},"value":"Suspenderet"}]},{"code":"inactive","display":"Inactive","definition":"The care team was, but is no longer, participating in the coordination and delivery of care.","designation":[{"language":"da","use":{"system":"http://snomed.info/sct","code":"900000000000013009"},"value":"Inaktiv"}]},{"code":"entered-in-error","display":"Entered In Error","definition":"The care team should have never existed.","designation":[{"language":"da","use":{"system":"http://snomed.info/sct","code":"900000000000013009"},"value":"Fejlindtastning"}]}]}