{"resourceType":"OperationDefinition","id":"-s-transform-to-QFDD","text":{"status":"generated","div":"<div xmlns=\"http://www.w3.org/1999/xhtml\"><p class=\"res-header-id\"><b>Generated Narrative: Operationsdefinition -s-transform-to-QFDD</b></p><a name=\"-s-transform-to-QFDD\"> </a><a name=\"hc-s-transform-to-QFDD\"> </a><p>URL: [base]/$$transform-to-QFDD</p><h3>Parameters</h3><table class=\"grid\"><tr><td><b>Use</b></td><td><b>Name</b></td><td><b>Scope</b></td><td><b>Cardinality</b></td><td><b>Type</b></td><td><b>Binding</b></td><td><b>Documentation</b></td></tr><tr><td>IN</td><td>bundle</td><td/><td>0..1</td><td><a href=\"http://hl7.org/fhir/R4/bundle.html\">Bundle</a></td><td/><td/></tr><tr><td>OUT</td><td>documentReference</td><td/><td>0..1</td><td><a href=\"http://hl7.org/fhir/R4/documentreference.html\">DocumentReference</a></td><td/><td/></tr></table></div>"},"url":"http://ehealth.sundhed.dk/fhir/OperationDefinition/-s-transform-to-QFDD","version":"5.0.1","name":"transform-to-QFDD","title":"Transform to QFDD","status":"active","kind":"operation","date":"2025-08-12T13:00:26+00:00","publisher":"Den telemedicinske infrastruktur (eHealth Infrastructure)","contact":[{"name":"Den telemedicinske infrastruktur (eHealth Infrastructure)","telecom":[{"system":"url","value":"http://ehealth.sundhed.dk"}]}],"description":"Transforms an eHealth Questionnaire resource to the DK-HL7 Questionnaire Form Definition Document (QFDD). The input Bundle contains an eHealth Questionnaire and Composition resource which reference the returned eHealth Questionnaire. The returned Bundle in case of no validation errors contains the FHIR DocumentReference containing the QFDD XML for the DK-HL7 Questionnaire Form Definition Document and an OperationOutcome will possible warnings. In case of validation errors the Bundle will only contain an OperationOutcome with the validation errors/warnings.","jurisdiction":[{"coding":[{"system":"urn:iso:std:iso:3166","code":"DK","display":"Denmark"}]}],"affectsState":false,"code":"transform-to-QFDD","system":true,"type":false,"instance":false,"parameter":[{"name":"bundle","use":"in","min":0,"max":"1","type":"Bundle"},{"name":"documentReference","use":"out","min":0,"max":"1","type":"DocumentReference"}]}