{"resourceType":"OperationDefinition","id":"Organization-i-traverse-to-sor","text":{"status":"generated","div":"<div xmlns=\"http://www.w3.org/1999/xhtml\"><p class=\"res-header-id\"><b>Generated Narrative: OperationDefinition Organization-i-traverse-to-sor</b></p><a name=\"Organization-i-traverse-to-sor\"> </a><a name=\"hcOrganization-i-traverse-to-sor\"> </a><a name=\"Organization-i-traverse-to-sor-da-DK\"> </a><p>URL: [base]/Organization/[id]/$traverse-to-sor</p><h3>Parameters</h3><table class=\"grid\"><tr><td><b>Use</b></td><td><b>Name</b></td><td><b>Scope</b></td><td><b>Cardinality</b></td><td><b>Type</b></td><td><b>Binding</b></td><td><b>Documentation</b></td></tr><tr><td>OUT</td><td>return</td><td/><td>0..1</td><td><a href=\"http://hl7.org/fhir/R4/organization.html\">Organization</a></td><td/><td/></tr></table></div>"},"url":"https://organization.devtest.systematic-ehealth.com/fhir/OperationDefinition/Organization-i-traverse-to-sor","version":"3.4.0","name":"traverse-to-sor","title":"Traverse to SOR","status":"active","kind":"operation","date":"2025-02-17T14:41:06+00:00","publisher":"Den telemedicinske infrastruktur (eHealth Infrastructure)","contact":[{"name":"Den telemedicinske infrastruktur (eHealth Infrastructure)","telecom":[{"system":"url","value":"http://ehealth.sundhed.dk"}]}],"description":"Traverse upforwards to the first SOR organization\nHttp response code 404 will be returned if no related SOR organization could be found","jurisdiction":[{"coding":[{"system":"urn:iso:std:iso:3166","code":"DK","display":"Denmark"}]}],"affectsState":false,"code":"traverse-to-sor","resource":["Organization"],"system":false,"type":false,"instance":true,"parameter":[{"name":"return","use":"out","min":0,"max":"1","type":"Organization"}]}