{"resourceType":"OperationDefinition","id":"-s-transform-from-QRD-based-on-questionnaire","text":{"status":"generated","div":"<div xmlns=\"http://www.w3.org/1999/xhtml\">Operation</div>"},"url":"http://ehealth.sundhed.dk/fhir/OperationDefinition/-s-transform-from-QRD-based-on-questionnaire","version":"5.0.0","name":"transform-from-QRD-based-on-questionnaire","title":"Transform from QRD based on FHIR Questionnaire","status":"active","kind":"operation","date":"2025-08-11T11:48:43+00:00","publisher":"Den telemedicinske infrastruktur (eHealth Infrastructure)","contact":[{"name":"Den telemedicinske infrastruktur (eHealth Infrastructure)","telecom":[{"system":"url","value":"http://ehealth.sundhed.dk"}]}],"description":"Transforms a DK-HL7 Questionnaire Response Document (QRD) XML document to a FHIR QuestionnaireResponse (ehealth-questionnaireresponse profile) resource. The input bundle must contain the QRD XML document adhering to the DK-HL7 Questionnaire Response Document profile. And a FHIR Questionnaire resource. The returned FHIR Bundle contains FHIR Composition (ehealth-composition profile) resource referencing a FHIR QuestionnaireResponse (ehealth-documentreference profile) resource.","jurisdiction":[{"coding":[{"system":"urn:iso:std:iso:3166","code":"DK","display":"Denmark"}]}],"affectsState":false,"code":"transform-from-QRD-based-on-questionnaire","system":true,"type":false,"instance":false,"parameter":[{"name":"bundle","use":"in","min":0,"max":"1","type":"Bundle"},{"name":"bundle","use":"out","min":0,"max":"1","type":"Bundle"}]}