{"resourceType":"OperationDefinition","id":"EpisodeOfCare-i-is-context-allowed","text":{"status":"generated","div":"<div xmlns=\"http://www.w3.org/1999/xhtml\"><p class=\"res-header-id\"><b>Generated Narrative: OperationDefinition EpisodeOfCare-i-is-context-allowed</b></p><a name=\"EpisodeOfCare-i-is-context-allowed\"> </a><a name=\"hcEpisodeOfCare-i-is-context-allowed\"> </a><p>URL: [base]/EpisodeOfCare/[id]/$is-context-allowed</p><h3>Parameters</h3><table class=\"grid\"><tr><td><b>Use</b></td><td><b>Name</b></td><td><b>Scope</b></td><td><b>Cardinality</b></td><td><b>Type</b></td><td><b>Binding</b></td><td><b>Documentation</b></td></tr><tr><td>IN</td><td>patient</td><td/><td>0..1</td><td><a href=\"http://hl7.org/fhir/R4/references.html#Reference\">Reference</a></td><td/><td/></tr><tr><td>IN</td><td>careTeam</td><td/><td>0..1</td><td><a href=\"http://hl7.org/fhir/R4/references.html#Reference\">Reference</a></td><td/><td/></tr><tr><td>OUT</td><td>return</td><td/><td>0..1</td><td><a href=\"http://hl7.org/fhir/R4/parameters.html\">Parameters</a></td><td/><td/></tr></table></div>"},"url":"http://ehealth.sundhed.dk/fhir/OperationDefinition/EpisodeOfCare-i-is-context-allowed","version":"6.0.0","name":"is-context-allowed","title":"Is context allowed","status":"active","kind":"operation","date":"2025-10-23T10:34:08+00:00","publisher":"Den telemedicinske infrastruktur (eHealth Infrastructure)","contact":[{"name":"Den telemedicinske infrastruktur (eHealth Infrastructure)","telecom":[{"system":"url","value":"http://ehealth.sundhed.dk"}]}],"description":"Checks that it is allowed to set an EpisodeOfCare as context.\r\nIf the user requesting context is a patient, then the patient input parameter should be specified.\r\nIf the user requesting context is a practitioner, then the careTeam input parameter should be specified.\r\nThrows an exception if it is not allowed to select the Episode Of Care context.\r\n## Output\r\nFor valid Episode of Care is returned references that cause the Episode of Care to be valid context. \r\nFor a practitioner, two output parameters will be returned on success:\r\n- CareTeam: The Careteam that gave access\r\n- EpisodeOfCare/CarePlan: The EpisodeOfCare or CarePlan that referenced the CareTeam","jurisdiction":[{"coding":[{"system":"urn:iso:std:iso:3166","code":"DK","display":"Denmark"}]}],"affectsState":false,"code":"is-context-allowed","resource":["EpisodeOfCare"],"system":false,"type":false,"instance":true,"parameter":[{"name":"patient","use":"in","min":0,"max":"1","type":"Reference"},{"name":"careTeam","use":"in","min":0,"max":"1","type":"Reference"},{"name":"return","use":"out","min":0,"max":"1","type":"Parameters"}]}