{"resourceType":"OperationDefinition","id":"-s-execute-careplan-and-episode-of-care-stats","text":{"status":"generated","div":"<div xmlns=\"http://www.w3.org/1999/xhtml\">Operation</div>"},"url":"http://ehealth.sundhed.dk/fhir/OperationDefinition/-s-execute-careplan-and-episode-of-care-stats","version":"4.0.0","name":"execute-careplan-and-episode-of-care-stats","title":"Execute careplan and episode of care stats","status":"active","kind":"operation","date":"2025-08-08T06:54:32+00:00","publisher":"Den telemedicinske infrastruktur (eHealth Infrastructure)","contact":[{"name":"Den telemedicinske infrastruktur (eHealth Infrastructure)","telecom":[{"system":"url","value":"http://ehealth.sundhed.dk"}]}],"description":"### Report Contents\nThis report contains a count of active EpisodeOfCare and CarePlans.\n### Grouping \nThis report is grouped by ConditionCode. Each group is returned in a separate JSon file.\n### Parameters\n- organization: Filter on EpisodeOfCare.managingOrganization match\n- period: Filter on CarePlan.period overlap\n\n### Output\nOutput can be found in Binary.content. This is a Base64 encoded .zip file containing JSon files corresponding to the report groups.\n### Example output\nThe ConditionCode is a Fhir CodeableConcept. See the implementation guide for details\n\n    {\n        'ConditionCode': {\n            'valueCodeableConcept': {\n                'coding': [{\n                        'system': 'urn:oid:1.2.208.176.2.4',\n                        'code': 'DJ44'\n                    }\n                ]\n            }\n        },\n        'ConditionSummary': {\n            'activeEpisodeOfCareCount': 1,\n            'activeCarePlanCount': 1\n        }\n    }","jurisdiction":[{"coding":[{"system":"urn:iso:std:iso:3166","code":"DK","display":"Denmark"}]}],"affectsState":true,"code":"execute-careplan-and-episode-of-care-stats","system":true,"type":false,"instance":false,"parameter":[{"name":"anonymization","use":"in","min":1,"max":"1","type":"string"},{"name":"organization","use":"in","min":0,"max":"1","type":"Reference"},{"name":"period","use":"in","min":0,"max":"1","type":"Period"},{"name":"return","use":"out","min":0,"max":"1","type":"Binary"}]}