{"resourceType":"OperationDefinition","id":"PlanDefinition-i-apply","text":{"status":"generated","div":"<div xmlns=\"http://www.w3.org/1999/xhtml\"><p class=\"res-header-id\"><b>Generated Narrative: OperationDefinition PlanDefinition-i-apply</b></p><a name=\"PlanDefinition-i-apply\"> </a><a name=\"hcPlanDefinition-i-apply\"> </a><a name=\"PlanDefinition-i-apply-en-US\"> </a><p>URL: [base]/PlanDefinition/[id]/$apply</p><p>Parameters</p><table class=\"grid\"><tr><td><b>Use</b></td><td><b>Name</b></td><td><b>Scope</b></td><td><b>Cardinality</b></td><td><b>Type</b></td><td><b>Binding</b></td><td><b>Documentation</b></td></tr><tr><td>IN</td><td>episodeOfCare</td><td/><td>0..1</td><td><a href=\"http://hl7.org/fhir/R4/references.html#Reference\">Reference</a></td><td/><td/></tr></table></div>"},"url":"https://plan.devtest.systematic-ehealth.com/fhir/OperationDefinition/PlanDefinition-i-apply","version":"3.1.0","name":"apply","title":"Create a careplan","status":"active","kind":"operation","date":"2024-08-29T10:30:24+00:00","publisher":"Den telemedicinske infrastruktur (eHealth Infrastructure)","contact":[{"name":"Den telemedicinske infrastruktur (eHealth Infrastructure)","telecom":[{"system":"url","value":"http://ehealth.sundhed.dk"}]}],"description":"Create a careplan for a specific episodeOfCare using this PlanDefinition as a template.","affectsState":true,"code":"apply","resource":["PlanDefinition"],"system":false,"type":false,"instance":true,"parameter":[{"name":"episodeOfCare","use":"in","min":0,"max":"1","type":"Reference"}]}