{"resourceType":"OperationDefinition","id":"-s-upload-external-code-system","text":{"status":"extensions","div":"<div xmlns=\"http://www.w3.org/1999/xhtml\"><h2>upload-external-code-system</h2><p>OPERATION: upload-external-code-system</p><p>The official URL for this operation definition is: </p><pre>http://ehealth.sundhed.dk/fhir/OperationDefinition/-s-upload-external-code-system</pre><p>URL: [base]/$upload-external-code-system</p><p>Parameters</p><table class=\"grid\"><tr><td><b>Use</b></td><td><b>Name</b></td><td><b>Cardinality</b></td><td><b>Type</b></td><td><b>Binding</b></td><td><b>Documentation</b></td></tr><tr><td>IN</td><td>url</td><td>1..1</td><td><a href=\"http://hl7.org/fhir/STU3/datatypes.html#string\">string</a><br/>(<a href=\"http://hl7.org/fhir/STU3/search.html#string\">string</a>)</td><td/><td/></tr><tr><td>IN</td><td>localfile</td><td>1..*</td><td><a href=\"http://hl7.org/fhir/STU3/datatypes.html#string\">string</a></td><td/><td/></tr><tr><td>IN</td><td>package</td><td>0..*</td><td><a href=\"http://hl7.org/fhir/STU3/datatypes.html#Attachment\">Attachment</a></td><td/><td/></tr><tr><td>OUT</td><td>conceptCount</td><td>1..1</td><td><a href=\"http://hl7.org/fhir/STU3/datatypes.html#integer\">integer</a></td><td/><td/></tr></table></div>"},"url":"http://ehealth.sundhed.dk/fhir/OperationDefinition/-s-upload-external-code-system","version":"5.0.0","name":"upload-external-code-system","status":"active","kind":"operation","date":"2021-05-06T08:31:20+00:00","publisher":"Den telemedicinske infrastruktur (eHealth Infrastructure)","contact":[{"name":"Den telemedicinske infrastruktur (eHealth Infrastructure)","telecom":[{"system":"url","value":"http://ehealth.sundhed.dk"}]}],"jurisdiction":[{"coding":[{"system":"urn:iso:std:iso:3166","code":"DK","display":"Denmark"}]}],"code":"upload-external-code-system","system":true,"type":false,"instance":false,"parameter":[{"name":"url","use":"in","min":1,"max":"1","type":"string","searchType":"string"},{"name":"localfile","use":"in","min":1,"max":"*","type":"string"},{"name":"package","use":"in","min":0,"max":"*","type":"Attachment"},{"name":"conceptCount","use":"out","min":1,"max":"1","type":"integer"}]}