{"resourceType":"SearchParameter","id":"ehealth-communication-search-communicationAbout","text":{"status":"generated","div":"<div xmlns=\"http://www.w3.org/1999/xhtml\"><p class=\"res-header-id\"><b>Generated Narrative: SearchParameter ehealth-communication-search-communicationAbout</b></p><a name=\"ehealth-communication-search-communicationAbout\"> </a><a name=\"hcehealth-communication-search-communicationAbout\"> </a><a name=\"ehealth-communication-search-communicationAbout-da-DK\"> </a><h2>communicationAbout</h2><p>Parameter <code>communicationAbout</code>:<code>reference</code></p><div><p>Search parameter for finding communication based on about</p>\n</div><table class=\"grid\"><tr><td>Resource</td><td><a href=\"http://hl7.org/fhir/R4/communication.html\">Communication</a></td></tr><tr><td>Expression</td><td><code>Communication.about</code></td></tr><tr><td>Processing Mode</td><td>Normal</td></tr><tr><td>Multiples</td><td><ul><li>multipleAnd: It's up to the server whether the parameter may repeat in order to specify multiple values that must all be true</li><li>multipleOr: It's up to the server whether the parameter can have multiple values (separated by comma) where at least one must be true</li></ul></td></tr></table></div>"},"url":"http://ehealth.sundhed.dk/fhir/SearchParameter/Communication/about","version":"3.4.1","name":"communicationAbout","status":"active","date":"2022-08-09T12:05:00+00:00","publisher":"Den telemedicinske infrastruktur (eHealth Infrastructure)","contact":[{"name":"Den telemedicinske infrastruktur (eHealth Infrastructure)","telecom":[{"system":"url","value":"http://ehealth.sundhed.dk"}]}],"description":"Search parameter for finding communication based on about","jurisdiction":[{"coding":[{"system":"urn:iso:std:iso:3166","code":"DK","display":"Denmark"}]}],"code":"communicationAbout","base":["Communication"],"type":"reference","expression":"Communication.about","xpathUsage":"normal"}