{"resourceType":"ValueSet","id":"ehealth-modifier-role","text":{"status":"generated","div":"<div xmlns=\"http://www.w3.org/1999/xhtml\"><p class=\"res-header-id\"><b>Generated Narrative: ValueSet ehealth-modifier-role</b></p><a name=\"ehealth-modifier-role\"> </a><a name=\"hcehealth-modifier-role\"> </a><a name=\"ehealth-modifier-role-en-US\"> </a><ul><li>Include all codes defined in <a href=\"CodeSystem-ehealth-modifier-role.html\"><code>http://ehealth.sundhed.dk/cs/modifier-role</code></a></li></ul></div>"},"url":"http://ehealth.sundhed.dk/vs/modifier-role","version":"3.2.0","name":"ModifierRole","title":"Modifier Role","status":"active","experimental":true,"date":"2019-02-08T00:00:00+00:00","publisher":"Den telemedicinske infrastruktur (eHealth Infrastructure)","contact":[{"name":"Den telemedicinske infrastruktur (eHealth Infrastructure)","telecom":[{"system":"url","value":"http://ehealth.sundhed.dk"}]}],"description":"Value set of plan definition modifier role codes.","compose":{"include":[{"system":"http://ehealth.sundhed.dk/cs/modifier-role"}]}}