{"resourceType":"ValueSet","id":"ehealth-measurement-sharing-policies","text":{"status":"generated","div":"<div xmlns=\"http://www.w3.org/1999/xhtml\"><p class=\"res-header-id\"><b>Generated Narrative: Værdisæt ehealth-measurement-sharing-policies</b></p><a name=\"ehealth-measurement-sharing-policies\"> </a><a name=\"hcehealth-measurement-sharing-policies\"> </a><ul><li>Include all codes defined in <a href=\"CodeSystem-ehealth-measurement-sharing-policies.html\"><code>http://ehealth.sundhed.dk/cs/measurement-sharing-policies</code></a></li></ul></div>"},"url":"http://ehealth.sundhed.dk/vs/measurement-sharing-policies","version":"5.0.0","name":"MeasurementSharingPolicies","title":"Measurement Sharing Policies","status":"active","experimental":true,"date":"2019-02-08T00:00:00+00:00","publisher":"Den telemedicinske infrastruktur (eHealth Infrastructure)","contact":[{"name":"Den telemedicinske infrastruktur (eHealth Infrastructure)","telecom":[{"system":"url","value":"http://ehealth.sundhed.dk"}]}],"description":"Policies of sharing submissions with national registers such as KIH.","jurisdiction":[{"coding":[{"system":"urn:iso:std:iso:3166","code":"DK","display":"Denmark"}]}],"compose":{"include":[{"system":"http://ehealth.sundhed.dk/cs/measurement-sharing-policies"}]}}