{"resourceType":"ValueSet","id":"ehealth-clinicalimpression-investigation-item-codes","text":{"status":"generated","div":"<div xmlns=\"http://www.w3.org/1999/xhtml\"><p class=\"res-header-id\"><b>Generated Narrative: Værdisæt ehealth-clinicalimpression-investigation-item-codes</b></p><a name=\"ehealth-clinicalimpression-investigation-item-codes\"> </a><a name=\"hcehealth-clinicalimpression-investigation-item-codes\"> </a><p>This value set includes codes based on the following rules:</p><ul><li>Include all codes defined in <a href=\"CodeSystem-ehealth-clinicalimpression-investigation-item-codes.html\"><code>http://ehealth.sundhed.dk/cs/clinicalimpression-investigation-item-codes</code></a></li><li>Include these codes as defined in <a href=\"http://www.snomed.org/\"><code>http://snomed.info/sct</code></a><table class=\"none\"><tr><td style=\"white-space:nowrap\"><b>Code</b></td><td><b>Display</b></td></tr><tr><td><a href=\"http://snomed.info/id/160237006\">160237006</a></td><td/></tr></table></li></ul></div>"},"url":"http://ehealth.sundhed.dk/vs/clinicalimpression-investigation-item-codes","version":"4.0.0","name":"ClinicalImpressionInvestigationItemCodes","title":"ClinicalImpression Investigation Item Codes","status":"active","experimental":true,"date":"2024-01-19T00:00:00+00:00","publisher":"Den telemedicinske infrastruktur (eHealth Infrastructure)","contact":[{"name":"Den telemedicinske infrastruktur (eHealth Infrastructure)","telecom":[{"system":"url","value":"http://ehealth.sundhed.dk"}]}],"description":"Value set of clinical impression investigation item codes.","jurisdiction":[{"coding":[{"system":"urn:iso:std:iso:3166","code":"DK","display":"Denmark"}]}],"compose":{"include":[{"system":"http://ehealth.sundhed.dk/cs/clinicalimpression-investigation-item-codes"},{"system":"http://snomed.info/sct","concept":[{"code":"160237006"}]}]}}