{"resourceType":"ValueSet","id":"ehealth-ucum-printsymbol-supplement","text":{"status":"generated","div":"<div xmlns=\"http://www.w3.org/1999/xhtml\"><p class=\"res-header-id\"><b>Generated Narrative: Værdisæt ehealth-ucum-printsymbol-supplement</b></p><a name=\"ehealth-ucum-printsymbol-supplement\"> </a><a name=\"hcehealth-ucum-printsymbol-supplement\"> </a><ul><li>Include all codes defined in <a href=\"CodeSystem-ehealth-ucum-printsymbol-supplement.html\"><code>http://ehealth.sundhed.dk/cs/ehealth-ucum-printsymbol-supplement</code></a></li></ul></div>"},"url":"http://ehealth.sundhed.dk/vs/ehealth-ucum-printsymbol-supplement","version":"5.0.1","name":"UCUMPrintSymbolSupplement","title":"UCUM printSymbol supplement","status":"active","experimental":true,"date":"2019-02-13T00:00:00+00:00","publisher":"Den telemedicinske infrastruktur (eHealth Infrastructure)","contact":[{"name":"Den telemedicinske infrastruktur (eHealth Infrastructure)","telecom":[{"system":"url","value":"http://ehealth.sundhed.dk"}]}],"description":"UCUM printSymbol supplement","jurisdiction":[{"coding":[{"system":"urn:iso:std:iso:3166","code":"DK","display":"Denmark"}]}],"compose":{"include":[{"system":"http://ehealth.sundhed.dk/cs/ehealth-ucum-printsymbol-supplement"}]}}