{"resourceType":"ValueSet","id":"ehealth-task-category","text":{"status":"generated","div":"<div xmlns=\"http://www.w3.org/1999/xhtml\"><p class=\"res-header-id\"><b>Generated Narrative: ValueSet ehealth-task-category</b></p><a name=\"ehealth-task-category\"> </a><a name=\"hcehealth-task-category\"> </a><a name=\"ehealth-task-category-en-US\"> </a><ul><li>Include all codes defined in <a href=\"CodeSystem-ehealth-task-category.html\"><code>http://ehealth.sundhed.dk/cs/task-category</code></a></li></ul></div>"},"url":"http://ehealth.sundhed.dk/vs/task-category","version":"3.2.0","name":"TaskCategory","title":"Task Category","status":"active","experimental":true,"date":"2019-02-08T00:00:00+00:00","publisher":"Den telemedicinske infrastruktur (eHealth Infrastructure)","contact":[{"name":"Den telemedicinske infrastruktur (eHealth Infrastructure)","telecom":[{"system":"url","value":"http://ehealth.sundhed.dk"}]}],"description":"Value set for task category.","compose":{"include":[{"system":"http://ehealth.sundhed.dk/cs/task-category"}]}}