{"resourceType":"ValueSet","id":"ehealth-quality-types","text":{"status":"generated","div":"<div xmlns=\"http://www.w3.org/1999/xhtml\"><p class=\"res-header-id\"><b>Generated Narrative: ValueSet ehealth-quality-types</b></p><a name=\"ehealth-quality-types\"> </a><a name=\"hcehealth-quality-types\"> </a><a name=\"ehealth-quality-types-da-DK\"> </a><ul><li>Include all codes defined in <a href=\"CodeSystem-ehealth-quality-types.html\"><code>http://ehealth.sundhed.dk/cs/quality-types</code></a></li></ul></div>"},"url":"http://ehealth.sundhed.dk/vs/quality-types","version":"3.5.1","name":"QualityTypes","title":"Quality Types","status":"active","experimental":true,"date":"2019-02-08T00:00:00+00:00","publisher":"Den telemedicinske infrastruktur (eHealth Infrastructure)","contact":[{"name":"Den telemedicinske infrastruktur (eHealth Infrastructure)","telecom":[{"system":"url","value":"http://ehealth.sundhed.dk"}]}],"description":"Types of quality; e.g. situation quality, usability quality, device quality.","jurisdiction":[{"coding":[{"system":"urn:iso:std:iso:3166","code":"DK","display":"Denmark"}]}],"compose":{"include":[{"system":"http://ehealth.sundhed.dk/cs/quality-types"}]}}