{"resourceType":"ValueSet","id":"ehealth-body-site","text":{"status":"generated","div":"<div xmlns=\"http://www.w3.org/1999/xhtml\"><p class=\"res-header-id\"><b>Generated Narrative: Værdisæt ehealth-body-site</b></p><a name=\"ehealth-body-site\"> </a><a name=\"hcehealth-body-site\"> </a><ul><li>Import all the codes that are contained in <a href=\"http://hl7.org/fhir/R4/valueset-body-site.html\">SNOMED CT Body Structures</a></li></ul></div>"},"url":"http://ehealth.sundhed.dk/vs/body-site","version":"5.0.1","name":"BodySite","title":"Body site","status":"active","experimental":true,"date":"2024-10-21T00:00:00+00:00","publisher":"Den telemedicinske infrastruktur (eHealth Infrastructure)","contact":[{"name":"Den telemedicinske infrastruktur (eHealth Infrastructure)","telecom":[{"system":"url","value":"http://ehealth.sundhed.dk"}]}],"description":"Body site","jurisdiction":[{"coding":[{"system":"urn:iso:std:iso:3166","code":"DK","display":"Denmark"}]}],"compose":{"include":[{"valueSet":["http://hl7.org/fhir/ValueSet/body-site"]}]}}