{"resourceType":"ValueSet","id":"ehealth-clinicalimpression-finding-codes","text":{"status":"extensions","div":"<div xmlns=\"http://www.w3.org/1999/xhtml\"><p class=\"res-header-id\"><b>Generated Narrative: Værdisæt ehealth-clinicalimpression-finding-codes</b></p><a name=\"ehealth-clinicalimpression-finding-codes\"> </a><a name=\"hcehealth-clinicalimpression-finding-codes\"> </a><p>This value set includes codes based on the following rules:</p><ul><li>Include all codes defined in <a href=\"CodeSystem-ehealth-clinicalimpression-finding-codes.html\"><code>http://ehealth.sundhed.dk/cs/clinicalimpression-finding-codes</code></a></li><li>Import all the codes that are contained in <a href=\"ValueSet-ehealth-observation-codes.html\">Observation Codes</a></li><li>Include these codes as defined in <a href=\"http://www.snomed.org/\"><code>http://snomed.info/sct</code></a><table class=\"none\"><tr><td style=\"white-space:nowrap\"><b>Code</b></td><td><b>Display</b></td><td><b>English (United States) (English (United States), en)</b></td><td><b>Dansk (Danish, da)</b></td></tr><tr><td><a href=\"http://snomed.info/id/281300000\">281300000</a></td><td>Below reference range</td><td>Below reference range</td><td></td></tr><tr><td><a href=\"http://snomed.info/id/281302008\">281302008</a></td><td>Above reference range</td><td>Above reference range</td><td></td></tr><tr><td><a href=\"http://snomed.info/id/281301001\">281301001</a></td><td>Within reference range</td><td>Within reference range</td><td></td></tr><tr><td><a href=\"http://snomed.info/id/394844007\">394844007</a></td><td>Outside reference range</td><td>Outside reference range</td><td></td></tr><tr><td><a href=\"http://snomed.info/id/442686002\">442686002</a></td><td>Measurement finding below reference range</td><td>Measurement finding below reference range</td><td></td></tr><tr><td><a href=\"http://snomed.info/id/442756004\">442756004</a></td><td>Measurement finding above reference range</td><td>Measurement finding above reference range</td><td></td></tr><tr><td><a href=\"http://snomed.info/id/442082004\">442082004</a></td><td>Measurement finding within reference range</td><td>Measurement finding within reference range</td><td></td></tr><tr><td><a href=\"http://snomed.info/id/442096005\">442096005</a></td><td>Measurement finding outside reference range</td><td>Measurement finding outside reference range</td><td></td></tr><tr><td><a href=\"http://snomed.info/id/449171008\">449171008</a></td><td>Oxygen saturation below reference range</td><td>Oxygen saturation below reference range</td><td></td></tr><tr><td><a href=\"http://snomed.info/id/448225001\">448225001</a></td><td>Oxygen saturation within reference range</td><td>Oxygen saturation within reference range</td><td></td></tr></table></li><li>Include these codes as defined in <a href=\"CodeSystem-urn-oid-1.2.208.184.100.1.html\"><code>urn:oid:1.2.208.184.100.1</code></a><table class=\"none\"><tr><td style=\"white-space:nowrap\"><b>Code</b></td><td><b>Display</b></td><td><b>Definition</b></td><td><b>English (United States) (English (United States), en)</b></td><td><b>Dansk (Danish, da)</b></td></tr><tr><td><a href=\"CodeSystem-urn-oid-1.2.208.184.100.1.html#urn-oid-1.2.208.184.100.1-RAL\">RAL</a></td><td>Terapeutiske grænseværdier for RØD alarm</td><td>Terapeutiske grænseværdier for RØD alarm</td><td></td><td>Terapeutiske grænseværdier for RØD alarm</td></tr><tr><td><a href=\"CodeSystem-urn-oid-1.2.208.184.100.1.html#urn-oid-1.2.208.184.100.1-GAL\">GAL</a></td><td>Terapeutiske grænseværdier for GUL alarm</td><td>Terapeutiske grænseværdier for GUL alarm</td><td></td><td>Terapeutiske grænseværdier for GUL alarm</td></tr></table></li><li>Include these codes as defined in <a href=\"CodeSystem-ehealth-reference-range-type.html\"><code>http://ehealth.sundhed.dk/cs/reference-range-type</code></a><table class=\"none\"><tr><td style=\"white-space:nowrap\"><b>Code</b></td><td><b>Display</b></td><td><b>Definition</b></td><td><b>English (United States) (English (United States), en)</b></td><td><b>Dansk (Danish, da)</b></td></tr><tr><td><a href=\"CodeSystem-ehealth-reference-range-type.html#ehealth-reference-range-type-RELRAL\">RELRAL</a></td><td>Terapeutic relative reference range for RED alarm</td><td>Terapeutic relative reference range for RED alarm</td><td></td><td>Terapeutiske relative grænseværdier for RØD alarm</td></tr><tr><td><a href=\"CodeSystem-ehealth-reference-range-type.html#ehealth-reference-range-type-RELGAL\">RELGAL</a></td><td>Terapeutic relative reference range for YELLOW alarm</td><td>Terapeutic relative reference range for YELLOW alarm</td><td></td><td>Terapeutiske relative grænseværdier for GUL alarm</td></tr></table></li></ul></div>"},"url":"http://ehealth.sundhed.dk/vs/clinicalimpression-finding-codes","version":"5.0.0","name":"ClinicalImpressionFindingCodes","title":"ClinicalImpression Finding Codes","status":"active","experimental":true,"date":"2019-02-08T00:00:00+00:00","publisher":"Den telemedicinske infrastruktur (eHealth Infrastructure)","contact":[{"name":"Den telemedicinske infrastruktur (eHealth Infrastructure)","telecom":[{"system":"url","value":"http://ehealth.sundhed.dk"}]}],"description":"Value set of clinical impression finding codes.","jurisdiction":[{"coding":[{"system":"urn:iso:std:iso:3166","code":"DK","display":"Denmark"}]}],"compose":{"include":[{"system":"http://ehealth.sundhed.dk/cs/clinicalimpression-finding-codes"},{"valueSet":["http://ehealth.sundhed.dk/vs/observation-codes"]},{"system":"http://snomed.info/sct","concept":[{"code":"281300000","display":"Below reference range","designation":[{"language":"en-US","value":"Below reference range"}]},{"code":"281302008","display":"Above reference range","designation":[{"language":"en-US","value":"Above reference range"}]},{"code":"281301001","display":"Within reference range","designation":[{"language":"en-US","value":"Within reference range"}]},{"code":"394844007","display":"Outside reference range","designation":[{"language":"en-US","value":"Outside reference range"}]},{"code":"442686002","display":"Measurement finding below reference range","designation":[{"language":"en-US","value":"Measurement finding below reference range"}]},{"code":"442756004","display":"Measurement finding above reference range","designation":[{"language":"en-US","value":"Measurement finding above reference range"}]},{"code":"442082004","display":"Measurement finding within reference range","designation":[{"language":"en-US","value":"Measurement finding within reference range"}]},{"code":"442096005","display":"Measurement finding outside reference range","designation":[{"language":"en-US","value":"Measurement finding outside reference range"}]},{"code":"449171008","display":"Oxygen saturation below reference range","designation":[{"language":"en-US","value":"Oxygen saturation below reference range"}]},{"code":"448225001","display":"Oxygen saturation within reference range","designation":[{"language":"en-US","value":"Oxygen saturation within reference range"}]}]},{"system":"urn:oid:1.2.208.184.100.1","concept":[{"code":"RAL","display":"Terapeutiske grænseværdier for RØD alarm","designation":[{"language":"da","value":"Terapeutiske grænseværdier for RØD alarm"}]},{"code":"GAL","display":"Terapeutiske grænseværdier for GUL alarm","designation":[{"language":"da","value":"Terapeutiske grænseværdier for GUL alarm"}]}]},{"system":"http://ehealth.sundhed.dk/cs/reference-range-type","concept":[{"code":"RELRAL","display":"Terapeutic relative reference range for RED alarm","designation":[{"language":"da","value":"Terapeutiske relative grænseværdier for RØD alarm"}]},{"code":"RELGAL","display":"Terapeutic relative reference range for YELLOW alarm","designation":[{"language":"da","value":"Terapeutiske relative grænseværdier for GUL alarm"}]}]}]}}