{"resourceType":"ValueSet","id":"ehealth-trigger-enablement-code","text":{"status":"generated","div":"<div xmlns=\"http://www.w3.org/1999/xhtml\"><p class=\"res-header-id\"><b>Generated Narrative: ValueSet ehealth-trigger-enablement-code</b></p><a name=\"ehealth-trigger-enablement-code\"> </a><a name=\"hcehealth-trigger-enablement-code\"> </a><ul><li>Include all codes defined in <a href=\"CodeSystem-ehealth-trigger-enablement-code.html\"><code>http://ehealth.sundhed.dk/cs/trigger-enablement-code</code></a><span title=\"Version is not explicitly stated, which means it is fixed to the version provided in this specification\"> version &#x1F4E6;6.0.0</span></li></ul></div>"},"url":"http://ehealth.sundhed.dk/vs/trigger-enablement-code","version":"6.0.0","name":"triggerEnablementCode","title":"Trigger Enablement Code","status":"active","experimental":true,"date":"2021-10-22T00:00:00+00:00","publisher":"Den telemedicinske infrastruktur (eHealth Infrastructure)","contact":[{"name":"Den telemedicinske infrastruktur (eHealth Infrastructure)","telecom":[{"system":"url","value":"http://ehealth.sundhed.dk"}]}],"description":"ServiceRequest trigger enablement value set.","jurisdiction":[{"coding":[{"system":"urn:iso:std:iso:3166","code":"DK","display":"Denmark"}]}],"compose":{"include":[{"system":"http://ehealth.sundhed.dk/cs/trigger-enablement-code"}]}}