{"resourceType":"ValueSet","id":"ehealth-measurement-sharing-policies","text":{"status":"generated","div":"<div xmlns=\"http://www.w3.org/1999/xhtml\"><p class=\"res-header-id\"><b>Generated Narrative: ValueSet ehealth-measurement-sharing-policies</b></p><a name=\"ehealth-measurement-sharing-policies\"> </a><a name=\"hcehealth-measurement-sharing-policies\"> </a><a name=\"ehealth-measurement-sharing-policies-en-US\"> </a><ul><li>Include all codes defined in <a href=\"CodeSystem-ehealth-measurement-sharing-policies.html\"><code>http://ehealth.sundhed.dk/cs/measurement-sharing-policies</code></a></li></ul></div>"},"url":"http://ehealth.sundhed.dk/vs/measurement-sharing-policies","version":"3.1.0","name":"MeasurementSharingPolicies","title":"Measurement Sharing Policies","status":"active","experimental":true,"date":"2019-02-08T00:00:00+00:00","publisher":"Den telemedicinske infrastruktur (eHealth Infrastructure)","contact":[{"name":"Den telemedicinske infrastruktur (eHealth Infrastructure)","telecom":[{"system":"url","value":"http://ehealth.sundhed.dk"}]}],"description":"Policies of sharing submissions with national registers such as KIH.","compose":{"include":[{"system":"http://ehealth.sundhed.dk/cs/measurement-sharing-policies"}]}}