{"resourceType":"ValueSet","id":"ehealth-media-codes","text":{"status":"generated","div":"<div xmlns=\"http://www.w3.org/1999/xhtml\"><p class=\"res-header-id\"><b>Generated Narrative: Værdisæt ehealth-media-codes</b></p><a name=\"ehealth-media-codes\"> </a><a name=\"hcehealth-media-codes\"> </a><p>This value set includes codes based on the following rules:</p><ul><li>Include these codes as defined in <a href=\"http://www.snomed.org/\"><code>http://snomed.info/sct</code></a><table class=\"none\"><tr><td style=\"white-space:nowrap\"><b>Code</b></td><td><b>Display</b></td></tr><tr><td><a href=\"http://snomed.info/id/446080005\">446080005</a></td><td>Photography of wound</td></tr></table></li><li>Include these codes as defined in <a href=\"CodeSystem-urn-oid-1.2.208.176.2.4.html\"><code>urn:oid:1.2.208.176.2.4</code></a><table class=\"none\"><tr><td style=\"white-space:nowrap\"><b>Code</b></td><td><b>Display</b></td></tr><tr><td><a href=\"CodeSystem-urn-oid-1.2.208.176.2.4.html#urn-oid-1.2.208.176.2.4-ZZ7011\">ZZ7011</a></td><td>Klinisk foto</td></tr></table></li></ul></div>"},"url":"http://ehealth.sundhed.dk/vs/media-codes","version":"4.0.1","name":"MediaCodes","title":"Media Codes","status":"active","experimental":false,"date":"2025-01-09T00:00:00+00:00","publisher":"Den telemedicinske infrastruktur (eHealth Infrastructure)","contact":[{"name":"Den telemedicinske infrastruktur (eHealth Infrastructure)","telecom":[{"system":"url","value":"http://ehealth.sundhed.dk"}]}],"description":"Media codes value set","jurisdiction":[{"coding":[{"system":"urn:iso:std:iso:3166","code":"DK","display":"Denmark"}]}],"compose":{"include":[{"system":"http://snomed.info/sct","concept":[{"code":"446080005","display":"Photography of wound"}]},{"system":"urn:oid:1.2.208.176.2.4","concept":[{"code":"ZZ7011","display":"Klinisk foto"}]}]}}