{"resourceType":"ValueSet","id":"ehealth-device-calibration-type","text":{"status":"generated","div":"<div xmlns=\"http://www.w3.org/1999/xhtml\"><p class=\"res-header-id\"><b>Generated Narrative: Værdisæt ehealth-device-calibration-type</b></p><a name=\"ehealth-device-calibration-type\"> </a><a name=\"hcehealth-device-calibration-type\"> </a><ul><li>Include all codes defined in <a href=\"http://hl7.org/fhir/R4/codesystem-metric-calibration-type.html\"><code>http://hl7.org/fhir/metric-calibration-type</code></a></li></ul></div>"},"url":"http://ehealth.sundhed.dk/vs/device-calibration-type","version":"5.0.1","name":"DeviceCalibrationType","title":"Device Calibration Type","status":"active","experimental":true,"date":"2019-09-16T00:00:00+00:00","publisher":"Den telemedicinske infrastruktur (eHealth Infrastructure)","contact":[{"name":"Den telemedicinske infrastruktur (eHealth Infrastructure)","telecom":[{"system":"url","value":"http://ehealth.sundhed.dk"}]}],"description":"Device calibration type","jurisdiction":[{"coding":[{"system":"urn:iso:std:iso:3166","code":"DK","display":"Denmark"}]}],"compose":{"include":[{"system":"http://hl7.org/fhir/metric-calibration-type"}]}}