{"resourceType":"ValueSet","id":"ehealth-organization-specialty","text":{"status":"generated","div":"<div xmlns=\"http://www.w3.org/1999/xhtml\"><p class=\"res-header-id\"><b>Generated Narrative: Værdisæt ehealth-organization-specialty</b></p><a name=\"ehealth-organization-specialty\"> </a><a name=\"hcehealth-organization-specialty\"> </a><ul><li>Import all the codes that are contained in <a href=\"ValueSet-sor-organization-specialty.html\">SorOrganizationSpecialty</a></li></ul></div>"},"url":"http://ehealth.sundhed.dk/vs/organization-specialty","version":"5.0.1","name":"OrganizationSpecialty","title":"Organization Specialty","status":"active","experimental":true,"date":"2019-05-27T00:00:00+00:00","publisher":"Den telemedicinske infrastruktur (eHealth Infrastructure)","contact":[{"name":"Den telemedicinske infrastruktur (eHealth Infrastructure)","telecom":[{"system":"url","value":"http://ehealth.sundhed.dk"}]}],"description":"Value set used for indicating the specialty for organizations.","jurisdiction":[{"coding":[{"system":"urn:iso:std:iso:3166","code":"DK","display":"Denmark"}]}],"compose":{"include":[{"valueSet":["http://ehealth.sundhed.dk/vs/sor-organization-specialty"]}]}}