{"resourceType":"ValueSet","id":"dk-ihe-typecode-vs","text":{"status":"extensions","div":"<div xmlns=\"http://www.w3.org/1999/xhtml\"><p class=\"res-header-id\"><b>Generated Narrative: ValueSet dk-ihe-typecode-vs</b></p><a name=\"dk-ihe-typecode-vs\"> </a><a name=\"hcdk-ihe-typecode-vs\"> </a><p>This value set includes codes based on the following rules:</p><ul><li>Include these codes as defined in <a href=\"http://loinc.org\"><code>http://loinc.org</code></a><span title=\"Version is not explicity stated. No matching Code System found\"> version Not Stated (use latest from terminology server)</span><table class=\"none\"><tr><td style=\"white-space:nowrap\"><b>Code</b></td><td><b>Display</b></td><td><b>English (United States) (English (United States), en)</b></td></tr><tr><td><a href=\"https://loinc.org/103140-0/\">103140-0</a></td><td>Personal health attachment Document</td><td>Personal health attachment Document</td></tr><tr><td><a href=\"https://loinc.org/53576-5/\">53576-5</a></td><td>Personal health monitoring report Document</td><td>Personal health monitoring report Document</td></tr><tr><td><a href=\"https://loinc.org/74468-0/\">74468-0</a></td><td>Questionnaire Form Definition Document</td><td>Questionnaire Form Definition Document</td></tr><tr><td><a href=\"https://loinc.org/74465-6/\">74465-6</a></td><td>Questionnaire Response Document</td><td>Questionnaire Response Document</td></tr><tr><td><a href=\"https://loinc.org/11502-2/\">11502-2</a></td><td>LABORATORY REPORT.TOTAL</td><td>LABORATORY REPORT.TOTAL</td></tr><tr><td><a href=\"https://loinc.org/56446-8/\">56446-8</a></td><td>Appointment Summary Document</td><td>Appointment Summary Document</td></tr><tr><td><a href=\"https://loinc.org/39290-2/\">39290-2</a></td><td>Follow-up (referred to) program, appointment date</td><td>Follow-up (referred to) program, appointment date</td></tr><tr><td><a href=\"https://loinc.org/39289-4/\">39289-4</a></td><td>Follow-up (referred to) provider and/or specialist, appointment date</td><td>Follow-up (referred to) provider and/or specialist, appointment date</td></tr><tr><td><a href=\"https://loinc.org/81215-6/\">81215-6</a></td><td>Care plan - recommended C-CDA R2.0 and R2.1 sections</td><td>Care plan - recommended C-CDA R2.0 and R2.1 sections</td></tr><tr><td><a href=\"https://loinc.org/57059-8/\">57059-8</a></td><td>Pregnancy visit summary note Narrative</td><td>Summary for prenancy visit</td></tr><tr><td><a href=\"https://loinc.org/28615-3/\">28615-3</a></td><td>Audiology Study</td><td>DA: Audiologi dokument</td></tr></table></li><li>Include these codes as defined in <a href=\"CodeSystem-urn-oid-1.2.208.184.100.1.html\"><code>urn:oid:1.2.208.184.100.1</code></a><span title=\"Version is not explicitly stated, which means it is fixed to the version provided in this specification\"> version &#x1F4E6;6.0.0</span><table class=\"none\"><tr><td style=\"white-space:nowrap\"><b>Code</b></td><td><b>Display</b></td><td><b>Definition</b></td><td><b>English (United States) (English (United States), en)</b></td></tr><tr><td><a href=\"CodeSystem-urn-oid-1.2.208.184.100.1.html#urn-oid-1.2.208.184.100.1-CMR\">CMR</a></td><td>Clinical Mesurement Report</td><td>Clinical Mesurement Report</td><td></td></tr><tr><td><a href=\"CodeSystem-urn-oid-1.2.208.184.100.1.html#urn-oid-1.2.208.184.100.1-PDC\">PDC</a></td><td>Stamkort</td><td>Personal Data Card</td><td></td></tr><tr><td><a href=\"CodeSystem-urn-oid-1.2.208.184.100.1.html#urn-oid-1.2.208.184.100.1-MADC\">MADC</a></td><td>MADC</td><td>Graviditetskort</td><td></td></tr></table></li></ul></div>"},"url":"http://sundhedsdatastyrelsen.dk/terminologi/dk-ihe-typecode-vs","version":"6.0.0","name":"DK_IHE_TypeCode_VS","title":"DK_IHE_TypeCode_VS","status":"active","experimental":false,"date":"2019-12-11T00:00:00+00:00","publisher":"Den telemedicinske infrastruktur (eHealth Infrastructure)","contact":[{"name":"Den telemedicinske infrastruktur (eHealth Infrastructure)","telecom":[{"system":"url","value":"http://ehealth.sundhed.dk"}]}],"description":"Value set for the typeCode attribute. The typeCode specifies the precise type of document from the user perspective. The granularity of typeCode is finer grained than its superior classCode.","jurisdiction":[{"coding":[{"system":"urn:iso:std:iso:3166","code":"DK","display":"Denmark"}]}],"compose":{"include":[{"system":"http://loinc.org","concept":[{"code":"103140-0","display":"Personal health attachment Document","designation":[{"language":"en-US","value":"Personal health attachment Document"}]},{"code":"53576-5","display":"Personal health monitoring report Document","designation":[{"language":"en-US","value":"Personal health monitoring report Document"}]},{"code":"74468-0","display":"Questionnaire Form Definition Document","designation":[{"language":"en-US","value":"Questionnaire Form Definition Document"}]},{"code":"74465-6","display":"Questionnaire Response Document","designation":[{"language":"en-US","value":"Questionnaire Response Document"}]},{"code":"11502-2","display":"LABORATORY REPORT.TOTAL","designation":[{"language":"en-US","value":"LABORATORY REPORT.TOTAL"}]},{"code":"56446-8","display":"Appointment Summary Document","designation":[{"language":"en-US","value":"Appointment Summary Document"}]},{"code":"39290-2","display":"Follow-up (referred to) program, appointment date","designation":[{"language":"en-US","value":"Follow-up (referred to) program, appointment date"}]},{"code":"39289-4","display":"Follow-up (referred to) provider and/or specialist, appointment date","designation":[{"language":"en-US","value":"Follow-up (referred to) provider and/or specialist, appointment date"}]},{"code":"81215-6","display":"Care plan - recommended C-CDA R2.0 and R2.1 sections","designation":[{"language":"en-US","value":"Care plan - recommended C-CDA R2.0 and R2.1 sections"}]},{"code":"57059-8","display":"Pregnancy visit summary note Narrative","designation":[{"language":"en-US","value":"Summary for prenancy visit"}]},{"code":"28615-3","display":"Audiology Study","designation":[{"language":"en-US","value":"DA: Audiologi dokument"}]}]},{"system":"urn:oid:1.2.208.184.100.1","concept":[{"code":"CMR","display":"Clinical Mesurement Report"},{"code":"PDC","display":"Stamkort"},{"code":"MADC","display":"MADC"}]}]}}