Source File	Size	loadResources	load	generateSnapshots	load-configure	scan	loadDepInfo	loadInfo	checkR4R4B	generateNarratives	validate	loadLists	checkConformanceResources	checkConformanceResources2	checkConformanceResources3	generateLogicalMaps	validateExpressions	scanForUsageStats	checkURLsUnique	processProvenanceDetails	generate1	generate2	generateLogicals	makeDependencies	generateExampleZip	generateValidationPack	scanProfilesForR5	scanExamplesForR5
/fsh-generated/resources/ImplementationGuide-dk.ehealth.sundhed.fhir.ig.core.json	628025	-	0	0	0	0	0	0	29	80	0	0	0	0	0	0	0	4	0	0	1251	687	0	0	0	50	0	3
fsh-generated/resources/Appointment-appointment01.json	2562	8	0	0	0	0	0	0	0	51	0	0	0	0	0	0	0	0	0	0	35	29	0	0	0	0	0	1
fsh-generated/resources/Appointment-group-appointment01.json	5494	11	0	0	1	0	0	0	1	1060	0	0	0	0	0	0	0	0	0	0	42	34	0	0	0	0	0	0
fsh-generated/resources/Appointment-group-videoappointment01.json	4304	7	0	0	0	0	0	0	0	18	0	0	0	0	0	0	0	0	0	0	40	21	0	0	0	0	0	0
fsh-generated/resources/Appointment-videoappointment01.json	3439	12	0	0	0	0	0	0	0	14	0	0	0	0	0	0	0	0	0	0	35	20	0	0	0	0	0	0
fsh-generated/resources/CareTeam-108752.json	560	5	0	0	0	0	0	0	0	2	0	0	0	0	0	0	0	0	0	0	26	20	0	0	0	1	0	0
fsh-generated/resources/CareTeam-42.json	555	5	0	0	1	0	0	0	0	0	0	0	0	0	0	0	0	0	0	0	26	14	0	0	0	0	0	0
fsh-generated/resources/Condition-42.json	523	5	0	0	0	0	0	0	0	1	0	0	0	0	0	0	0	0	0	0	25	17	0	0	0	0	0	0
fsh-generated/resources/Consent-1.json	901	6	0	0	0	0	0	0	1	193	0	0	0	0	0	0	0	0	0	0	29	20	0	0	0	0	0	0
fsh-generated/resources/Consent-23.json	1282	5	0	0	0	0	0	0	0	399	0	0	0	0	0	0	0	0	0	0	27	16	0	0	0	0	0	0
fsh-generated/resources/EpisodeOfCare-42.json	719	5	0	0	0	0	0	0	0	5	0	0	0	0	0	0	0	0	0	0	18	20	0	0	0	0	0	0
fsh-generated/resources/Organization-108752.json	2388	6	0	0	0	0	0	0	0	2	0	0	0	0	0	0	0	0	0	0	25	18	0	0	0	0	0	0
fsh-generated/resources/Organization-8564.json	2364	9	0	0	0	0	0	0	0	2	0	0	0	0	0	0	0	0	0	0	30	14	0	0	0	0	0	0
fsh-generated/resources/Parameters-expParam.json	153	8	0	0	0	0	0	0	0	0	0	0	0	0	0	0	0	0	0	0	36	14	0	0	0	0	0	0
fsh-generated/resources/Patient-102.json	1550	6	0	0	0	0	0	0	0	1	0	0	0	0	0	0	0	0	0	0	29	21	0	0	0	0	0	0
fsh-generated/resources/Patient-291.json	651	5	0	0	0	0	0	0	0	1	0	0	0	0	0	0	0	0	0	0	27	14	0	0	0	0	0	0
fsh-generated/resources/Practitioner-107302.json	302	5	0	0	0	0	0	0	0	1	0	0	0	0	0	0	0	0	0	0	25	15	0	0	0	0	0	0
fsh-generated/resources/Practitioner-123.json	299	6	0	0	1	0	0	0	0	0	0	0	0	0	0	0	0	0	0	0	17	12	0	0	0	0	0	0
fsh-generated/resources/Practitioner-42.json	298	5	0	0	0	0	0	0	0	1	0	0	0	0	0	0	0	0	0	0	24	13	0	0	0	0	0	0
fsh-generated/resources/Provenance-1.json	841	5	0	0	0	0	0	0	0	2	0	0	0	0	0	0	0	0	0	0	16	18	0	0	0	0	0	0
fsh-generated/resources/RelatedPerson-relatedperson01.json	1731	6	0	0	0	0	0	0	0	396	0	0	0	0	0	0	0	0	0	0	18	17	0	0	0	0	0	0
fsh-generated/resources/StructureDefinition-ehealth-access-consent.json	1260	6	0	231	0	0	1	0	1	50	0	0	1	0	0	0	0	0	0	0	141	566	0	0	0	4	0	0
fsh-generated/resources/StructureDefinition-ehealth-access-provenance.json	2613	5	0	140	0	0	0	0	0	26	0	0	0	0	0	0	0	1	0	0	106	351	0	0	0	3	0	1
fsh-generated/resources/StructureDefinition-ehealth-actionTrigger.json	5724	6	0	80	0	0	0	0	0	94	0	0	0	0	0	0	0	0	0	0	127	348	0	0	0	4	0	0
fsh-generated/resources/StructureDefinition-ehealth-actionguidance-for.json	3698	5	0	77	0	0	0	0	0	16	0	0	0	0	0	0	0	0	0	0	84	272	0	0	0	4	0	0
fsh-generated/resources/StructureDefinition-ehealth-actionguidance-type.json	1450	6	0	50	1	0	0	0	0	10	0	0	0	0	0	0	0	0	0	0	39	146	0	0	0	1	0	0
fsh-generated/resources/StructureDefinition-ehealth-actionguidance.json	5525	5	0	204	0	0	0	1	0	16	0	0	0	0	0	0	0	0	0	0	110	165	0	0	0	3	0	1
fsh-generated/resources/StructureDefinition-ehealth-activitydefinition.json	7397	6	0	102	0	0	0	0	0	40	0	0	1	0	0	0	0	1	0	0	209	307	0	0	0	7	0	0
fsh-generated/resources/StructureDefinition-ehealth-administrative-status.json	1601	5	0	8	0	0	0	0	0	10	0	0	0	0	0	0	0	0	0	0	46	96	0	0	0	1	0	0
fsh-generated/resources/StructureDefinition-ehealth-answer-Condition.json	3399	6	0	12	0	0	0	0	0	21	0	0	0	0	0	0	0	0	0	0	110	141	0	0	0	2	0	1
fsh-generated/resources/StructureDefinition-ehealth-appointment.json	9304	6	0	1304	0	0	0	0	0	23	0	0	0	0	0	0	0	1	0	0	201	258	0	1	0	6	0	0
fsh-generated/resources/StructureDefinition-ehealth-artifact-date.json	1493	6	0	9	0	0	0	0	0	9	0	0	0	0	0	0	0	0	0	0	44	92	0	0	0	1	0	1
fsh-generated/resources/StructureDefinition-ehealth-assigning-careteam.json	1810	5	0	7	0	0	0	0	0	10	0	0	0	0	0	0	0	0	0	0	46	110	0	0	0	1	0	0
fsh-generated/resources/StructureDefinition-ehealth-auditevent.json	714	5	0	38	0	0	0	0	0	13	0	0	0	0	0	0	0	1	0	0	144	293	0	0	0	5	1	0
fsh-generated/resources/StructureDefinition-ehealth-base-environment.json	1425	6	0	8	0	0	0	0	0	10	0	0	0	0	0	0	0	0	0	0	53	113	0	0	0	1	0	0
fsh-generated/resources/StructureDefinition-ehealth-base.json	1314	6	0	7	0	0	0	0	0	9	0	0	0	0	0	0	0	0	0	0	51	109	0	0	0	1	0	1
fsh-generated/resources/StructureDefinition-ehealth-basic-title.json	1272	5	0	6	1	0	0	0	0	9	0	0	0	0	0	0	0	0	0	0	35	88	0	0	0	1	0	0
fsh-generated/resources/StructureDefinition-ehealth-careplan-statusHistory.json	2469	5	0	7	0	0	0	0	0	13	0	0	0	0	0	0	0	0	0	0	70	110	0	0	0	2	0	0
fsh-generated/resources/StructureDefinition-ehealth-careplan-statusschedule.json	2642	6	0	7	0	0	0	0	0	12	0	0	0	0	0	0	0	0	0	0	71	112	0	0	0	2	0	0
fsh-generated/resources/StructureDefinition-ehealth-careplan.json	13489	6	0	18	0	0	0	0	1	66	0	0	1	0	0	0	0	1	0	0	308	502	0	0	0	9	0	1
fsh-generated/resources/StructureDefinition-ehealth-careteam.json	5248	6	0	10	0	0	0	0	0	17	0	0	0	0	0	0	0	1	0	0	145	209	0	0	0	5	0	1
fsh-generated/resources/StructureDefinition-ehealth-clinicalimpression-assessor-organization.json	1640	5	0	6	0	0	0	0	0	10	0	0	0	0	0	0	0	0	0	0	37	97	0	0	0	1	0	0
fsh-generated/resources/StructureDefinition-ehealth-clinicalimpression-assessor-other.json	1706	5	0	6	0	0	0	0	0	8	0	0	0	0	0	0	0	0	0	0	36	101	0	0	0	0	0	0
fsh-generated/resources/StructureDefinition-ehealth-clinicalimpression-careplan.json	1621	5	0	6	0	0	0	0	0	8	0	0	0	0	0	0	0	0	0	0	36	113	0	0	0	1	0	0
fsh-generated/resources/StructureDefinition-ehealth-clinicalimpression-decision.json	1556	6	0	6	0	0	0	0	0	11	0	0	0	0	0	0	0	0	0	0	37	98	0	0	0	1	0	0
fsh-generated/resources/StructureDefinition-ehealth-clinicalimpression-decisionContext.json	1649	5	0	6	0	0	0	0	0	10	0	0	0	0	0	0	0	0	0	0	37	93	0	1	0	1	0	0
fsh-generated/resources/StructureDefinition-ehealth-clinicalimpression-mediaInvestigationItem.json	1658	5	0	8	1	0	0	0	0	9	0	0	0	0	0	0	0	0	0	0	36	97	0	0	0	1	0	0
fsh-generated/resources/StructureDefinition-ehealth-clinicalimpression-viewInvestigationItem.json	1649	6	0	6	0	0	0	0	0	15	0	0	0	0	0	0	0	0	0	0	37	90	0	0	0	0	0	0
fsh-generated/resources/StructureDefinition-ehealth-clinicalimpression.json	10565	6	0	12	0	0	0	0	0	33	0	0	0	0	0	0	0	1	0	0	198	235	0	0	0	6	0	1
fsh-generated/resources/StructureDefinition-ehealth-code-qualification.json	1426	5	0	6	0	0	0	0	0	10	0	0	0	0	0	0	0	0	0	0	37	91	0	0	0	1	0	0
fsh-generated/resources/StructureDefinition-ehealth-communication-recipientCareTeam.json	1599	6	0	7	0	0	0	0	0	9	0	0	0	0	0	0	0	0	0	0	37	90	0	0	0	1	0	0
fsh-generated/resources/StructureDefinition-ehealth-communication-request.json	3318	5	0	23	0	0	0	0	0	16	0	0	0	0	0	0	0	0	0	0	115	206	0	0	0	4	0	0
fsh-generated/resources/StructureDefinition-ehealth-communication-senderCareTeam.json	1575	6	0	7	0	0	0	0	0	9	0	0	0	0	0	0	0	0	0	0	36	94	0	0	0	1	0	0
fsh-generated/resources/StructureDefinition-ehealth-communication.json	6673	7	0	27	0	0	0	0	0	27	0	0	0	0	0	0	0	1	0	0	143	230	0	0	0	4	0	1
fsh-generated/resources/StructureDefinition-ehealth-composition-authorOrganization.json	1630	5	0	7	1	0	0	0	0	12	0	0	0	0	0	0	0	0	0	0	38	92	0	0	0	1	0	0
fsh-generated/resources/StructureDefinition-ehealth-composition.json	4928	6	0	35	0	0	0	0	0	20	0	0	1	0	0	0	0	0	0	0	178	286	0	0	0	5	1	0
fsh-generated/resources/StructureDefinition-ehealth-condition.json	4929	5	0	11	0	0	0	0	0	16	0	0	0	0	0	0	0	1	0	0	154	254	0	0	0	5	0	1
fsh-generated/resources/StructureDefinition-ehealth-consent-affiliation.json	1759	5	0	8	0	0	0	0	0	9	0	0	0	0	0	0	0	0	0	0	39	98	0	0	0	1	0	0
fsh-generated/resources/StructureDefinition-ehealth-consent.json	4215	6	0	80	0	0	0	0	1	18	0	0	0	0	0	0	0	0	0	0	160	329	0	0	0	5	0	1
fsh-generated/resources/StructureDefinition-ehealth-content.json	1866	5	0	7	0	0	0	0	0	11	0	0	0	0	0	0	0	0	0	0	45	147	0	0	0	1	0	0
fsh-generated/resources/StructureDefinition-ehealth-creator.json	1402	5	0	7	0	0	0	0	0	15	0	0	0	0	0	0	0	1	0	0	36	143	0	0	0	1	0	0
fsh-generated/resources/StructureDefinition-ehealth-definedquestion.json	579	5	0	41	0	0	0	0	0	15	0	0	0	0	0	0	0	0	0	0	135	257	0	0	0	4	0	0
fsh-generated/resources/StructureDefinition-ehealth-description.json	1256	6	0	7	0	0	0	0	0	9	0	0	0	0	0	0	0	0	0	0	37	84	0	0	0	1	0	0
fsh-generated/resources/StructureDefinition-ehealth-device-privatelyOwned.json	1409	5	0	6	1	0	0	0	0	8	0	0	0	0	0	0	0	0	0	0	36	85	0	0	0	1	0	0
fsh-generated/resources/StructureDefinition-ehealth-device-suppliers.json	3210	6	0	7	0	0	0	0	0	13	0	0	0	0	0	0	0	0	0	0	73	108	0	0	0	1	0	1
fsh-generated/resources/StructureDefinition-ehealth-device.json	3457	6	0	12	0	0	0	0	0	17	0	0	0	0	0	0	0	1	0	0	165	236	0	0	0	5	0	0
fsh-generated/resources/StructureDefinition-ehealth-devicemetric-calibrationExpires.json	1446	5	0	6	0	0	0	0	0	9	0	0	0	0	0	0	0	0	0	0	36	83	0	0	0	1	0	0
fsh-generated/resources/StructureDefinition-ehealth-devicemetric-properties.json	3490	5	0	8	0	0	0	0	0	14	0	0	0	0	0	0	0	0	0	0	100	113	0	0	0	2	0	1
fsh-generated/resources/StructureDefinition-ehealth-devicemetric-qualities.json	2781	6	0	8	0	0	0	0	0	12	0	0	0	0	0	0	0	0	0	0	79	108	0	0	0	2	0	0
fsh-generated/resources/StructureDefinition-ehealth-devicemetric-qualityHistory.json	4101	6	0	9	0	0	0	0	0	13	0	0	0	0	0	0	0	1	0	0	110	129	0	0	0	3	1	0
fsh-generated/resources/StructureDefinition-ehealth-devicemetric-templateQualities.json	2972	5	0	7	1	0	0	0	0	11	0	0	0	0	0	0	0	0	0	0	79	108	0	0	0	2	0	0
fsh-generated/resources/StructureDefinition-ehealth-devicemetric.json	4210	6	0	9	0	0	0	0	0	15	0	0	1	0	0	0	0	0	0	0	103	150	0	1	0	3	0	0
fsh-generated/resources/StructureDefinition-ehealth-deviceusestatement-context.json	1565	5	0	7	0	0	0	0	0	9	0	0	0	0	0	0	0	0	0	0	37	93	0	0	0	1	0	0
fsh-generated/resources/StructureDefinition-ehealth-deviceusestatement.json	3761	5	0	21	0	0	0	0	0	15	0	0	0	0	0	0	0	0	0	0	99	145	0	0	0	2	0	1
fsh-generated/resources/StructureDefinition-ehealth-document-sharing-state.json	1566	5	0	7	0	0	0	0	0	8	0	0	0	0	0	0	0	0	0	0	37	82	0	0	0	1	0	0
fsh-generated/resources/StructureDefinition-ehealth-documentreference.json	9197	6	0	15	0	0	0	0	0	23	0	0	0	0	0	0	0	1	0	0	219	240	0	0	0	7	0	0
fsh-generated/resources/StructureDefinition-ehealth-effectivePeriod.json	1385	5	0	7	0	0	0	0	0	9	0	0	0	0	0	0	0	0	0	0	36	81	0	0	0	1	0	0
fsh-generated/resources/StructureDefinition-ehealth-employee-title.json	1263	5	0	6	0	0	0	0	0	8	0	0	0	0	0	0	0	0	0	0	34	82	0	0	0	1	0	0
fsh-generated/resources/StructureDefinition-ehealth-enableBehavior-conditionId.json	1301	6	0	5	0	0	0	0	0	8	0	0	0	0	0	0	0	0	0	0	35	80	0	0	0	0	0	0
fsh-generated/resources/StructureDefinition-ehealth-end-meeting-on-end-time.json	1378	5	0	8	1	0	0	0	0	9	0	0	0	0	0	0	0	0	0	0	36	82	0	0	0	1	0	1
fsh-generated/resources/StructureDefinition-ehealth-endpoint.json	953	5	0	9	0	0	0	0	0	10	0	0	0	0	0	0	0	1	0	0	63	115	0	0	0	3	0	0
fsh-generated/resources/StructureDefinition-ehealth-episodeofcare-caremanagerOrganization.json	1627	6	0	6	0	0	0	0	0	10	0	0	0	0	0	0	0	0	0	0	37	83	0	0	0	1	0	0
fsh-generated/resources/StructureDefinition-ehealth-episodeofcare-statusschedule.json	2727	5	0	7	0	0	0	0	0	13	0	0	0	0	0	0	0	0	0	0	70	115	0	0	0	2	0	0
fsh-generated/resources/StructureDefinition-ehealth-episodeofcare.json	5431	6	0	11	0	0	0	0	0	66	0	0	0	0	0	0	0	0	0	0	154	196	0	0	0	6	0	0
fsh-generated/resources/StructureDefinition-ehealth-ext-careteam.json	1399	5	0	6	0	0	0	0	0	15	0	0	0	0	0	0	0	0	0	0	36	120	0	0	0	1	0	0
fsh-generated/resources/StructureDefinition-ehealth-external-identifier.json	1424	5	0	6	0	0	0	0	0	14	0	0	0	0	0	0	0	0	0	0	36	81	0	0	0	1	0	0
fsh-generated/resources/StructureDefinition-ehealth-general-health-condition.json	2945	6	0	7	0	0	0	0	0	18	0	0	0	0	0	0	0	1	0	0	72	100	0	0	0	2	0	1
fsh-generated/resources/StructureDefinition-ehealth-goal.json	2873	5	0	8	1	0	0	0	0	17	0	0	0	0	0	0	0	0	0	0	98	162	0	0	0	3	0	0
fsh-generated/resources/StructureDefinition-ehealth-group-appointment.json	11669	6	0	38	0	0	0	0	1	20	0	0	1	0	0	0	0	1	0	0	208	209	0	1	0	6	0	0
fsh-generated/resources/StructureDefinition-ehealth-group-id.json	1521	5	0	7	0	0	0	0	0	8	0	0	0	0	0	0	0	0	0	0	37	81	0	0	0	1	0	0
fsh-generated/resources/StructureDefinition-ehealth-group-videoappointment.json	14447	6	0	48	0	0	0	0	0	25	0	0	0	0	0	0	0	0	0	0	243	227	0	0	0	8	1	1
fsh-generated/resources/StructureDefinition-ehealth-guest-pin-code.json	1449	6	0	7	0	0	0	0	0	9	0	0	0	0	0	0	0	0	0	0	35	80	0	0	0	1	0	0
fsh-generated/resources/StructureDefinition-ehealth-guidanceresponse-episodeOfCare.json	1431	5	0	7	0	0	0	0	0	8	0	0	0	0	0	0	0	0	0	0	36	85	0	0	0	1	0	0
fsh-generated/resources/StructureDefinition-ehealth-guidanceresponse.json	3309	5	0	16	0	0	0	0	0	11	0	0	0	0	0	0	0	1	0	0	89	137	0	0	0	4	0	0
fsh-generated/resources/StructureDefinition-ehealth-host-pin-code.json	1548	5	0	8	0	0	0	0	0	8	0	0	0	0	0	0	0	0	0	0	36	83	0	0	0	1	0	0
fsh-generated/resources/StructureDefinition-ehealth-include-as-extra.json	1701	6	0	6	0	0	0	0	0	8	0	0	0	0	0	0	0	0	0	0	36	81	0	0	0	1	0	0
fsh-generated/resources/StructureDefinition-ehealth-intendedAudience.json	1739	5	0	7	1	0	0	0	0	10	0	0	0	0	0	0	0	0	0	0	36	82	0	0	0	1	0	0
fsh-generated/resources/StructureDefinition-ehealth-intendedOrganization.json	1607	5	0	6	0	0	0	0	0	8	0	0	0	0	0	0	0	0	0	0	36	82	0	0	0	1	0	0
fsh-generated/resources/StructureDefinition-ehealth-itcompetencelevel.json	3261	6	0	8	0	0	0	0	0	11	0	0	0	0	0	0	0	0	0	0	86	110	0	0	0	3	0	1
fsh-generated/resources/StructureDefinition-ehealth-legalBasis.json	1340	5	0	6	0	0	0	0	0	8	0	0	0	0	0	0	0	0	0	0	36	81	0	0	0	0	0	0
fsh-generated/resources/StructureDefinition-ehealth-library.json	2818	5	0	10	0	0	0	0	0	13	0	0	0	0	0	0	0	1	0	0	139	173	0	0	0	4	0	0
fsh-generated/resources/StructureDefinition-ehealth-manuallydeprecated-type.json	1370	5	0	9	0	0	0	0	0	8	0	0	0	0	0	0	0	0	0	0	42	82	0	0	0	1	0	0
fsh-generated/resources/StructureDefinition-ehealth-material-communication.json	4453	6	0	30	0	0	0	0	0	14	0	0	0	0	0	0	0	0	0	0	151	193	0	0	0	5	0	0
fsh-generated/resources/StructureDefinition-ehealth-max-participants.json	1424	5	0	6	0	0	0	0	0	7	0	0	0	0	0	0	0	0	0	0	37	81	0	0	0	0	0	1
fsh-generated/resources/StructureDefinition-ehealth-media-related-to.json	1464	5	0	6	1	0	0	0	0	8	0	0	1	0	0	0	0	0	0	0	37	86	0	0	0	1	0	0
fsh-generated/resources/StructureDefinition-ehealth-media-series-id.json	1247	6	0	6	0	0	0	0	0	10	0	0	0	0	0	0	0	0	0	0	36	86	0	0	0	1	0	0
fsh-generated/resources/StructureDefinition-ehealth-media-thumbnail.json	4890	5	0	9	0	0	0	0	0	17	0	0	0	0	0	0	0	1	0	0	120	129	0	0	0	3	0	0
fsh-generated/resources/StructureDefinition-ehealth-media-usage-mode.json	1399	6	0	6	0	0	0	0	0	8	0	0	0	0	0	0	0	0	0	0	37	83	0	0	0	0	0	0
fsh-generated/resources/StructureDefinition-ehealth-media.json	8450	5	0	10	0	0	0	0	0	17	0	0	0	0	0	0	0	0	0	0	178	209	0	1	0	6	0	0
fsh-generated/resources/StructureDefinition-ehealth-meeting-url.json	1410	6	0	6	0	0	0	0	0	8	0	0	0	0	0	0	0	0	0	0	36	81	0	0	0	1	0	0
fsh-generated/resources/StructureDefinition-ehealth-message-author.json	2448	5	0	8	1	0	0	0	0	8	0	0	0	0	0	0	0	0	0	0	39	123	0	0	0	1	0	0
fsh-generated/resources/StructureDefinition-ehealth-message.json	15280	6	0	52	0	0	0	0	0	28	0	0	0	0	0	0	0	1	0	0	272	259	0	0	0	8	0	1
fsh-generated/resources/StructureDefinition-ehealth-modifier-role.json	3089	6	0	8	0	0	0	0	0	13	0	0	0	0	0	0	0	0	0	0	73	102	0	0	0	2	0	0
fsh-generated/resources/StructureDefinition-ehealth-nameandaddressprotection.json	1643	5	0	6	0	0	0	0	0	8	0	0	0	0	0	0	0	0	0	0	37	84	0	0	0	0	0	0
fsh-generated/resources/StructureDefinition-ehealth-observation-method.json	1477	5	0	7	0	0	0	0	0	9	0	0	0	0	0	0	0	1	0	0	37	84	0	0	0	1	0	0
fsh-generated/resources/StructureDefinition-ehealth-observation-wound-dimensions.json	9353	6	0	40	0	0	0	0	1	1391	0	0	0	0	0	0	0	1	0	0	400	4514	0	0	0	12	0	1
fsh-generated/resources/StructureDefinition-ehealth-observation.json	5853	6	0	0	0	0	0	0	0	71	0	0	1	0	0	0	0	0	0	0	196	335	0	0	0	7	0	1
fsh-generated/resources/StructureDefinition-ehealth-on-behalf-of.json	1433	5	0	7	0	0	0	0	0	19	0	0	0	0	0	0	0	0	0	0	41	96	0	0	0	1	0	0
fsh-generated/resources/StructureDefinition-ehealth-organization-cvrNumber.json	1480	5	0	6	1	0	0	0	0	15	0	0	0	0	0	0	0	0	0	0	38	99	0	0	0	0	0	0
fsh-generated/resources/StructureDefinition-ehealth-organization-municipalityCode.json	1488	6	0	6	0	0	0	0	0	14	0	0	0	0	0	0	0	0	0	0	36	134	0	0	0	1	0	0
fsh-generated/resources/StructureDefinition-ehealth-organization-providerIdentifier.json	1983	5	0	6	0	0	0	0	0	16	0	0	0	0	0	0	0	0	0	0	40	142	0	0	0	1	0	0
fsh-generated/resources/StructureDefinition-ehealth-organization-regionCode.json	1334	6	0	6	0	0	0	0	0	15	0	0	0	0	0	0	0	0	0	0	36	132	0	0	0	1	0	0
fsh-generated/resources/StructureDefinition-ehealth-organization-relatedTo.json	6254	5	0	9	0	0	0	0	0	52	0	0	0	0	0	0	0	1	0	0	210	220	0	1	0	5	0	0
fsh-generated/resources/StructureDefinition-ehealth-organization-source.json	1461	6	0	57	0	0	0	0	0	18	0	0	0	0	0	0	0	0	0	0	36	139	0	0	0	1	0	0
fsh-generated/resources/StructureDefinition-ehealth-organization-specialty.json	3055	5	0	10	1	0	0	0	0	25	0	0	0	0	0	1	0	0	0	0	72	175	0	0	0	2	0	0
fsh-generated/resources/StructureDefinition-ehealth-organization-synchronizationStatus.json	1601	6	0	7	0	0	0	0	0	14	0	0	0	0	0	0	0	0	0	0	37	149	0	0	0	0	0	0
fsh-generated/resources/StructureDefinition-ehealth-organization-telecomCustodian.json	1542	5	0	7	0	0	0	0	0	9	0	0	0	0	0	0	0	0	0	0	36	136	0	0	0	1	0	0
fsh-generated/resources/StructureDefinition-ehealth-organization-telecomSystem.json	1777	5	0	7	0	0	0	0	0	9	0	0	0	0	0	0	0	0	0	0	40	126	0	0	0	1	0	0
fsh-generated/resources/StructureDefinition-ehealth-organization-telecomValue.json	1453	6	0	6	0	0	0	0	0	8	0	0	0	0	0	0	0	0	0	0	36	128	0	0	0	1	0	0
fsh-generated/resources/StructureDefinition-ehealth-organization.json	7315	6	0	16	0	0	0	0	0	24	0	0	0	0	0	0	0	1	0	0	228	418	0	0	0	6	0	1
fsh-generated/resources/StructureDefinition-ehealth-overviewUsageMode.json	1723	6	0	6	1	0	0	0	0	9	0	0	0	0	0	0	0	0	0	0	37	91	0	0	0	1	0	0
fsh-generated/resources/StructureDefinition-ehealth-participant.json	3679	5	0	9	0	0	0	0	0	11	0	0	0	0	0	0	0	0	0	0	90	117	0	0	0	2	0	0
fsh-generated/resources/StructureDefinition-ehealth-patient-contactnote.json	1479	6	0	6	0	0	0	0	0	8	0	0	0	0	0	0	0	0	0	0	36	84	0	0	0	1	0	0
fsh-generated/resources/StructureDefinition-ehealth-patient.json	9212	5	0	26	0	0	0	0	0	40	0	0	1	0	0	0	0	2	0	0	399	1043	0	0	0	13	0	1
fsh-generated/resources/StructureDefinition-ehealth-performer.json	1598	6	0	12	0	0	0	0	0	9	0	0	0	0	0	0	0	0	0	0	37	126	0	0	0	1	0	0
fsh-generated/resources/StructureDefinition-ehealth-performing-organization.json	1591	5	0	9	1	0	0	0	0	9	0	0	0	0	0	0	0	0	0	0	37	130	0	0	0	1	0	0
fsh-generated/resources/StructureDefinition-ehealth-period.json	1455	5	0	8	0	0	0	0	0	8	0	0	0	0	0	0	0	0	0	0	36	126	0	0	0	1	0	1
fsh-generated/resources/StructureDefinition-ehealth-plandefinition.json	6592	6	0	16	0	0	0	0	0	21	0	0	0	0	0	0	0	1	0	0	254	514	0	0	0	16	0	0
fsh-generated/resources/StructureDefinition-ehealth-practitioner.json	1852	5	0	10	0	0	0	0	0	11	0	0	0	0	0	0	0	0	0	0	101	275	0	1	0	3	1	0
fsh-generated/resources/StructureDefinition-ehealth-practitionerrole.json	1529	5	0	9	0	0	0	0	0	11	0	0	0	0	0	0	0	0	0	0	90	208	0	0	0	2	0	1
fsh-generated/resources/StructureDefinition-ehealth-predecessor.json	1370	5	0	8	0	0	0	0	0	9	0	0	0	0	0	0	0	1	0	0	53	100	0	0	0	1	0	0
fsh-generated/resources/StructureDefinition-ehealth-priority.json	1356	6	0	6	0	0	0	0	0	8	0	0	0	0	0	0	0	0	0	0	36	90	0	0	0	1	0	0
fsh-generated/resources/StructureDefinition-ehealth-provenance-dateTimeOfReusedEntity.json	1465	5	0	6	0	0	0	0	0	9	0	0	0	0	0	0	0	0	0	0	40	81	0	0	0	1	0	0
fsh-generated/resources/StructureDefinition-ehealth-provenance.json	2812	5	0	10	0	0	0	0	1	11	0	0	0	0	0	0	0	0	0	0	103	141	0	0	0	3	0	0
fsh-generated/resources/StructureDefinition-ehealth-provider-affiliation.json	4031	5	0	8	0	0	0	0	0	15	0	0	1	0	0	0	0	0	0	0	113	141	0	0	0	3	0	0
fsh-generated/resources/StructureDefinition-ehealth-purpose.json	1209	6	0	7	1	0	0	0	0	9	0	0	0	0	0	0	0	0	0	0	35	81	0	0	0	1	0	0
fsh-generated/resources/StructureDefinition-ehealth-quality.json	4182	5	0	7	0	0	0	0	0	11	0	0	0	0	0	0	0	0	0	0	83	103	0	0	0	2	0	1
fsh-generated/resources/StructureDefinition-ehealth-questionnaire-advanced.json	2141	5	0	60	0	0	0	0	0	25	0	0	0	0	0	0	0	1	0	0	246	515	0	0	0	8	0	0
fsh-generated/resources/StructureDefinition-ehealth-questionnaire-answerSignificance.json	3069	5	0	8	0	0	0	0	0	11	0	0	0	0	0	0	0	1	0	0	65	166	0	0	0	2	0	1
fsh-generated/resources/StructureDefinition-ehealth-questionnaire-feedback.json	3234	6	0	8	0	0	0	0	0	11	0	0	0	0	0	0	0	0	0	0	86	153	0	0	0	2	0	0
fsh-generated/resources/StructureDefinition-ehealth-questionnaire-helpText.json	2999	5	0	7	0	0	0	0	0	10	0	0	0	0	0	0	0	0	0	0	71	171	0	0	0	2	0	0
fsh-generated/resources/StructureDefinition-ehealth-questionnaire-image.json	5991	5	0	9	1	0	0	0	0	19	0	0	0	0	0	0	0	0	0	0	200	208	0	0	0	4	0	0
fsh-generated/resources/StructureDefinition-ehealth-questionnaire-intendedOrganization.json	1692	6	0	6	0	0	0	0	0	9	0	0	0	0	0	0	0	0	0	0	37	132	0	0	0	1	0	0
fsh-generated/resources/StructureDefinition-ehealth-questionnaire-item-is-copyright.json	1552	5	0	7	0	0	0	0	0	9	0	0	0	0	0	0	0	0	0	0	36	123	0	0	0	1	0	0
fsh-generated/resources/StructureDefinition-ehealth-questionnaire-recommendation.json	1596	5	0	6	0	0	0	0	0	8	0	0	0	0	0	0	0	0	0	0	37	98	0	0	0	1	0	0
fsh-generated/resources/StructureDefinition-ehealth-questionnaire-shortText.json	1285	6	0	6	0	0	0	0	0	8	0	0	0	0	0	0	0	0	0	0	35	108	0	0	0	1	0	0
fsh-generated/resources/StructureDefinition-ehealth-questionnaire-sliderStepValueDecimal.json	1486	5	0	6	0	0	0	0	0	9	0	0	0	0	0	0	0	1	0	0	35	96	0	0	0	0	0	0
fsh-generated/resources/StructureDefinition-ehealth-questionnaire-type.json	1518	5	0	7	1	0	0	0	0	7	0	0	0	0	0	0	0	0	0	0	37	131	0	0	0	1	0	0
fsh-generated/resources/StructureDefinition-ehealth-questionnaire.json	18579	6	0	0	0	0	0	0	0	86	0	0	1	0	0	0	0	1	0	0	364	585	0	1	0	12	0	1
fsh-generated/resources/StructureDefinition-ehealth-questionnaireresponse-finding-basis.json	4821	5	0	9	0	0	0	0	0	26	0	0	0	0	0	0	0	0	0	0	124	199	0	0	0	3	0	0
fsh-generated/resources/StructureDefinition-ehealth-questionnaireresponse.json	5831	6	0	10	0	0	0	0	0	17	0	0	0	0	0	0	0	0	0	0	136	228	0	0	0	4	0	1
fsh-generated/resources/StructureDefinition-ehealth-recommendation.json	1490	5	0	6	0	0	0	0	0	9	0	0	0	0	0	0	0	1	0	0	39	82	0	0	0	1	0	0
fsh-generated/resources/StructureDefinition-ehealth-reference-careplan.json	1457	5	0	8	0	0	0	0	0	7	0	0	0	0	0	0	0	0	0	0	36	88	0	0	0	1	0	0
fsh-generated/resources/StructureDefinition-ehealth-referenceRange.json	3502	6	0	21	0	0	0	0	0	12	0	0	0	0	0	0	0	0	0	0	85	108	0	0	0	2	0	0
fsh-generated/resources/StructureDefinition-ehealth-registration-deadline.json	1285	5	0	6	1	0	0	0	0	8	0	0	0	0	0	0	0	0	0	0	35	83	0	0	0	1	0	0
fsh-generated/resources/StructureDefinition-ehealth-relatedperson.json	2666	5	0	10	0	0	0	0	0	12	0	0	0	0	0	0	0	0	0	0	100	146	0	0	0	3	0	0
fsh-generated/resources/StructureDefinition-ehealth-releasableResource.json	1441	5	0	6	0	0	0	0	1	8	0	0	0	0	0	0	0	0	0	0	35	82	0	0	0	1	0	0
fsh-generated/resources/StructureDefinition-ehealth-resolved-timing.json	4766	6	0	9	0	0	0	0	0	16	0	0	0	0	0	0	0	1	0	0	104	119	0	0	0	2	0	1
fsh-generated/resources/StructureDefinition-ehealth-responsible-organization.json	1553	5	0	6	0	0	0	0	0	9	0	0	0	0	0	0	0	0	0	0	37	80	0	0	0	1	0	0
fsh-generated/resources/StructureDefinition-ehealth-responsible.json	1660	6	0	7	0	0	0	0	0	7	0	0	0	0	0	0	0	0	0	0	36	79	0	1	0	1	0	0
fsh-generated/resources/StructureDefinition-ehealth-restriction-category.json	1538	5	0	6	1	0	0	0	0	9	0	0	0	0	0	0	0	0	0	0	37	79	0	0	0	0	0	0
fsh-generated/resources/StructureDefinition-ehealth-reuseCriteria.json	4835	6	0	9	0	0	0	0	0	19	0	0	0	0	0	0	0	0	0	0	118	120	0	0	0	3	0	0
fsh-generated/resources/StructureDefinition-ehealth-revision.json	1256	5	0	6	0	0	0	0	0	9	0	0	0	0	0	0	0	0	0	0	35	78	0	0	0	1	0	0
fsh-generated/resources/StructureDefinition-ehealth-servicerequest-statusHistory.json	2505	5	0	8	0	0	0	0	0	11	0	0	0	0	0	0	0	0	0	0	70	103	0	0	0	2	0	0
fsh-generated/resources/StructureDefinition-ehealth-servicerequest-statusSchedule.json	2678	6	0	7	0	0	0	0	0	10	0	0	0	0	0	0	0	0	0	0	71	133	0	0	0	2	0	0
fsh-generated/resources/StructureDefinition-ehealth-servicerequest.json	9212	5	0	14	0	0	0	0	0	19	0	0	1	0	0	0	0	1	0	0	199	223	0	0	0	6	0	1
fsh-generated/resources/StructureDefinition-ehealth-sharingApprovalPolicy.json	1604	6	0	6	1	0	0	0	0	9	0	0	0	0	0	0	0	0	0	0	37	78	0	0	0	1	0	0
fsh-generated/resources/StructureDefinition-ehealth-sharingPolicy.json	1518	5	0	7	0	0	0	0	0	8	0	0	0	0	0	0	0	0	0	0	37	78	0	0	0	1	0	0
fsh-generated/resources/StructureDefinition-ehealth-skrs-patient.json	4021	5	0	47	0	0	0	0	0	17	0	0	0	0	0	0	0	1	0	0	167	223	0	0	0	5	0	0
fsh-generated/resources/StructureDefinition-ehealth-status.json	1355	5	0	8	0	0	0	0	0	9	0	0	0	0	0	0	0	0	0	0	36	78	0	0	0	1	0	1
fsh-generated/resources/StructureDefinition-ehealth-task-category.json	1391	6	0	8	0	0	0	0	0	8	0	0	0	0	0	0	0	0	0	0	37	80	0	0	0	1	0	0
fsh-generated/resources/StructureDefinition-ehealth-task-episodeOfCare.json	1375	5	0	7	0	0	0	0	0	8	0	0	0	0	0	0	0	0	0	0	36	81	0	0	0	1	0	0
fsh-generated/resources/StructureDefinition-ehealth-task-responsible.json	1777	5	0	8	0	0	0	0	0	7	0	0	0	0	0	0	0	0	0	0	36	80	0	1	0	0	0	0
fsh-generated/resources/StructureDefinition-ehealth-task.json	7673	5	0	48	0	0	0	0	0	18	0	0	0	0	0	0	0	1	0	0	209	257	0	0	0	7	0	0
fsh-generated/resources/StructureDefinition-ehealth-teamHistory.json	2729	6	0	7	1	0	0	0	0	13	0	0	0	0	0	0	0	0	0	0	72	96	0	0	0	2	0	0
fsh-generated/resources/StructureDefinition-ehealth-teamschedule.json	3441	5	0	8	0	0	0	0	0	12	0	0	0	0	0	0	0	0	0	0	86	106	0	0	0	2	0	1
fsh-generated/resources/StructureDefinition-ehealth-thread-id.json	1407	5	0	6	0	0	0	0	0	8	0	0	0	0	0	0	0	0	0	0	36	78	0	0	0	1	0	0
fsh-generated/resources/StructureDefinition-ehealth-title.json	1201	6	0	7	0	0	0	0	0	7	0	0	0	0	0	0	0	0	0	0	35	79	0	0	0	1	0	0
fsh-generated/resources/StructureDefinition-ehealth-transformation-documentreference.json	6219	5	0	29	0	0	0	0	0	15	0	0	0	0	0	0	0	1	0	0	168	180	0	0	0	5	0	0
fsh-generated/resources/StructureDefinition-ehealth-trigger-enablement-code.json	1669	5	0	7	1	0	0	0	0	9	0	0	0	0	0	0	0	0	0	0	38	79	0	0	0	0	0	0
fsh-generated/resources/StructureDefinition-ehealth-triggerCondition.json	3746	6	0	7	0	0	0	0	0	10	0	0	1	0	0	0	0	0	0	0	80	103	0	0	0	2	0	0
fsh-generated/resources/StructureDefinition-ehealth-usage.json	1197	5	0	7	0	0	0	0	0	8	0	0	0	0	0	0	0	0	0	0	35	82	0	0	0	1	0	0
fsh-generated/resources/StructureDefinition-ehealth-useContext.json	1324	5	0	6	0	0	0	0	0	22	0	0	0	0	0	0	0	0	0	0	54	78	0	0	0	1	0	0
fsh-generated/resources/StructureDefinition-ehealth-version.json	1219	5	0	6	0	0	0	0	0	10	0	0	0	0	0	0	0	0	0	0	35	77	0	0	0	1	0	0
fsh-generated/resources/StructureDefinition-ehealth-videoappointment.json	12520	6	0	84	0	0	0	0	0	28	0	0	0	0	0	0	0	1	0	0	245	222	0	1	0	7	0	1
fsh-generated/resources/StructureDefinition-ehealth-view-for.json	3651	5	0	12	1	0	0	0	1	17	0	0	0	0	0	0	0	0	0	0	81	102	0	0	0	3	0	0
fsh-generated/resources/StructureDefinition-ehealth-view-type.json	1350	6	0	8	0	0	0	0	0	11	0	0	0	0	0	0	0	0	0	0	36	79	0	0	0	0	0	0
fsh-generated/resources/StructureDefinition-ehealth-view.json	5475	5	0	22	0	0	0	0	0	26	0	0	0	0	0	0	0	0	0	0	105	122	0	0	0	5	1	1
fsh-generated/resources/StructureDefinition-ehealth-vmr-uri.json	1428	5	0	7	0	0	0	0	0	48	0	0	0	0	0	0	0	1	0	0	36	105	0	0	0	1	0	0
fsh-generated/resources/StructureDefinition-patient-interpreterRequired.json	1726	5	0	6	0	0	0	0	0	8	0	0	0	0	0	0	0	0	0	0	37	79	0	0	0	0	0	0
input/examples/message01.json	1970	6	0	0	0	0	0	0	0	5	0	0	0	0	0	0	0	0	0	0	17	25	0	0	0	0	0	0
input/resources/CapabilityStatement-careplan.json	58933	7	0	0	0	0	0	0	3	92	0	0	0	0	0	0	0	0	0	0	193	68	0	0	0	7	0	0
input/resources/CapabilityStatement-device.json	17211	5	0	0	0	0	0	0	1	36	0	0	0	0	0	0	0	0	0	0	93	23	0	0	0	3	0	0
input/resources/CapabilityStatement-document-query.json	12161	6	0	0	1	0	0	0	1	18	0	0	0	0	0	0	0	0	0	0	58	17	0	0	0	1	0	0
input/resources/CapabilityStatement-document-transformation.json	26937	5	0	0	0	0	0	0	1	46	0	0	0	0	0	0	0	0	0	0	93	25	0	0	0	3	0	0
input/resources/CapabilityStatement-library.json	12596	6	0	0	0	0	0	0	1	21	0	0	0	0	0	0	0	0	0	0	61	19	0	1	0	1	0	0
input/resources/CapabilityStatement-measurement.json	31066	6	0	0	0	0	0	0	1	39	0	0	0	0	0	0	0	0	0	0	118	28	0	0	0	4	0	0
input/resources/CapabilityStatement-organization.json	30579	6	0	0	0	0	0	0	2	41	0	0	0	0	0	0	0	1	0	0	109	27	0	0	0	4	0	1
input/resources/CapabilityStatement-patient.json	243113	9	0	0	0	0	0	0	6	210	0	0	0	0	0	0	0	0	0	0	651	144	0	4	0	24	0	0
input/resources/CapabilityStatement-plan.json	35891	6	0	0	0	0	0	0	2	44	0	0	0	0	0	0	0	0	0	0	167	53	0	0	0	4	0	0
input/resources/CapabilityStatement-questionnaire.json	23047	6	0	0	0	0	0	0	2	33	0	0	0	0	0	0	0	0	0	0	118	44	0	0	0	3	0	0
input/resources/CapabilityStatement-reporting.json	397194	7	0	0	0	0	0	0	0	126	0	0	0	0	0	0	0	1	0	0	976	78	0	0	0	29	0	1
input/resources/CapabilityStatement-task.json	20734	6	0	0	0	0	0	0	1	26	0	0	0	0	0	0	0	0	0	0	78	35	0	0	0	2	0	0
input/resources/CapabilityStatement-terminology.json	47551	7	0	0	0	0	0	0	3	78	0	0	0	0	0	0	0	0	0	0	147	34	0	1	0	6	0	0
input/resources/CodeSystem-EventTiming.json	5220	5	0	0	1	0	0	0	1	12	0	0	0	0	0	0	0	0	0	0	25	491	0	0	0	0	0	0
input/resources/CodeSystem-ICD11-MMS.json	18673	6	0	0	0	0	0	0	1	12	0	0	0	0	0	0	0	0	0	0	50	120	0	0	0	2	0	0
input/resources/CodeSystem-action-participant-function.json	2122	6	0	0	0	0	0	0	0	6	0	0	0	0	0	0	0	0	0	0	17	48	0	0	0	1	0	0
input/resources/CodeSystem-audit-restriction-levels.json	1376	5	0	0	0	0	0	0	0	7	0	0	0	0	0	0	0	0	0	0	16	43	0	0	0	0	0	0
input/resources/CodeSystem-care-plan-status.json	4060	6	0	0	0	0	0	0	0	7	0	0	0	0	0	0	0	0	0	0	23	44	0	0	0	0	0	0
input/resources/CodeSystem-ehealth-access-provenance-activity.json	775	5	0	0	0	0	0	0	0	6	0	0	0	0	0	0	0	0	0	0	14	36	0	0	0	0	0	0
input/resources/CodeSystem-ehealth-access-provenance-agent-role.json	877	5	0	0	0	0	0	0	1	7	0	0	0	0	0	0	0	0	0	0	16	36	0	0	0	0	0	0
input/resources/CodeSystem-ehealth-action-guidance-types.json	875	5	0	0	0	0	0	0	0	6	0	0	0	0	0	0	0	0	0	0	15	34	0	0	0	1	0	0
input/resources/CodeSystem-ehealth-action-type.json	879	5	0	0	1	0	0	0	0	6	0	0	0	0	0	0	0	0	0	0	16	35	0	0	0	0	0	0
input/resources/CodeSystem-ehealth-action.json	873	5	0	0	0	0	0	0	0	7	0	0	0	0	0	0	0	0	0	0	15	35	0	0	0	0	0	0
input/resources/CodeSystem-ehealth-activitydefinition-code.json	3086	5	0	0	0	0	0	0	0	7	0	0	0	0	0	0	0	0	0	0	20	39	0	0	0	0	0	0
input/resources/CodeSystem-ehealth-administrative-status.json	1341	5	0	0	0	0	0	0	0	6	0	0	0	0	0	0	0	0	0	0	15	36	0	0	0	0	0	0
input/resources/CodeSystem-ehealth-appointment-reason.json	728	5	0	0	0	0	0	0	0	6	0	0	0	0	0	0	0	0	0	0	15	33	0	0	0	0	0	0
input/resources/CodeSystem-ehealth-appointment-servicetype.json	959	6	0	0	0	0	0	0	0	7	0	0	0	0	0	0	0	0	0	0	15	35	0	0	0	1	0	0
input/resources/CodeSystem-ehealth-appointmenttype-codes.json	1115	5	0	0	0	0	0	0	0	7	0	0	0	0	0	0	0	0	0	0	16	33	0	0	0	0	0	0
input/resources/CodeSystem-ehealth-basic-resource-type.json	987	5	0	0	0	0	0	0	0	6	0	0	0	0	0	0	0	0	0	0	15	33	0	0	0	0	0	0
input/resources/CodeSystem-ehealth-careplan-category.json	1389	5	0	0	0	0	0	0	1	7	0	0	0	0	0	0	0	0	0	0	17	37	0	0	0	0	0	0
input/resources/CodeSystem-ehealth-careteam-category.json	626	5	0	0	0	0	0	0	0	6	0	0	0	0	0	0	0	0	0	0	14	32	0	0	0	0	0	0
input/resources/CodeSystem-ehealth-careteam-participant-role.json	5782	5	0	0	0	0	0	0	0	8	0	0	0	0	0	0	0	0	0	0	25	36	0	0	0	1	0	0
input/resources/CodeSystem-ehealth-clinicalimpression-codes.json	3031	6	0	0	1	0	0	0	0	7	0	0	0	0	0	0	0	0	0	0	20	35	0	0	0	0	0	0
input/resources/CodeSystem-ehealth-clinicalimpression-decision-codes.json	2232	5	0	0	0	0	0	0	0	7	0	0	0	0	0	0	0	0	0	0	18	33	0	0	0	0	0	0
input/resources/CodeSystem-ehealth-clinicalimpression-decision-support-codes.json	1895	5	0	0	0	0	0	0	0	6	0	0	0	0	0	0	0	0	0	0	18	31	0	0	0	0	0	0
input/resources/CodeSystem-ehealth-clinicalimpression-finding-codes.json	5856	5	0	0	0	0	0	0	1	8	0	0	0	0	0	0	0	0	0	0	26	35	0	0	0	1	0	0
input/resources/CodeSystem-ehealth-clinicalimpression-investigation-item-codes.json	1237	5	0	0	0	0	0	0	0	6	0	0	0	0	0	0	0	1	0	0	15	32	0	0	0	0	0	0
input/resources/CodeSystem-ehealth-clone-operation.json	997	5	0	0	0	0	0	0	0	7	0	0	0	0	0	0	0	0	0	0	16	31	0	0	0	0	0	0
input/resources/CodeSystem-ehealth-communication-category.json	1044	5	0	0	0	0	0	0	0	6	0	0	1	0	0	0	0	0	0	0	15	32	0	0	0	0	0	0
input/resources/CodeSystem-ehealth-conditions.json	1359	5	0	0	0	0	0	0	0	7	0	0	0	0	0	0	0	0	0	0	17	34	0	0	0	0	0	0
input/resources/CodeSystem-ehealth-consent-category.json	2049	5	0	0	0	0	0	0	0	7	0	0	0	0	0	0	0	0	0	0	18	34	0	0	0	1	0	0
input/resources/CodeSystem-ehealth-consent-policy.json	1146	6	0	0	1	0	0	0	0	7	0	0	0	0	0	0	0	0	0	0	16	47	0	0	0	0	0	0
input/resources/CodeSystem-ehealth-consent-scope.json	939	5	0	0	0	0	0	0	0	6	0	0	0	0	0	0	0	0	0	0	16	45	0	0	0	0	0	0
input/resources/CodeSystem-ehealth-contactpoint-custodian.json	2398	5	0	0	0	0	0	0	1	7	0	0	0	0	0	0	0	0	0	0	18	35	0	0	0	0	0	0
input/resources/CodeSystem-ehealth-contactpoint-system.json	1715	5	0	0	0	0	0	0	0	10	0	0	0	0	0	0	0	0	0	0	16	51	0	0	0	0	0	0
input/resources/CodeSystem-ehealth-designation-use.json	828	5	0	0	0	0	0	0	0	6	0	0	0	0	0	0	0	0	0	0	15	48	0	0	0	0	0	0
input/resources/CodeSystem-ehealth-device-calibration-actor.json	1606	5	0	0	0	0	0	0	0	7	0	0	0	0	0	0	0	0	0	0	17	49	0	0	0	1	0	0
input/resources/CodeSystem-ehealth-device-calibration-period.json	1279	5	0	0	0	0	0	0	0	7	0	0	0	0	0	0	0	0	0	0	15	49	0	0	0	0	0	0
input/resources/CodeSystem-ehealth-device-measuring-quality.json	11753	6	0	0	0	0	0	0	0	10	0	0	0	0	0	0	0	0	0	0	31	57	0	0	0	0	0	1
input/resources/CodeSystem-ehealth-device-safety.json	1120	5	0	0	0	0	0	0	1	6	0	0	0	0	0	0	0	0	0	0	16	49	0	0	0	1	0	0
input/resources/CodeSystem-ehealth-device-service-types.json	3291	5	0	0	1	0	0	0	0	7	0	0	0	0	0	0	0	0	0	0	20	50	0	0	0	0	0	0
input/resources/CodeSystem-ehealth-device-supplier-roles.json	1147	5	0	0	0	0	0	0	0	7	0	0	0	0	0	0	0	0	0	0	16	49	0	0	0	0	0	0
input/resources/CodeSystem-ehealth-device-types.json	1330	5	0	0	0	0	0	0	0	12	0	0	0	0	0	0	0	0	0	0	16	50	0	0	0	0	0	0
input/resources/CodeSystem-ehealth-device-use-reason.json	1117	6	0	0	0	0	0	0	0	8	0	0	0	0	0	0	0	0	0	0	17	49	0	0	0	0	0	0
input/resources/CodeSystem-ehealth-devicemetric-property-types.json	1453	6	0	0	0	0	0	0	0	7	0	0	0	0	0	0	0	0	0	0	20	64	0	0	0	0	0	0
input/resources/CodeSystem-ehealth-devicemetric-quality-types.json	1292	6	0	0	0	0	0	0	0	7	0	0	0	0	0	0	0	0	0	0	16	34	0	0	0	1	0	0
input/resources/CodeSystem-ehealth-document-class.json	726	7	0	0	0	0	0	0	0	6	0	0	0	0	0	0	0	0	0	0	15	28	0	0	0	0	0	0
input/resources/CodeSystem-ehealth-document-reference-type.json	772	5	0	0	0	0	0	0	0	7	0	0	0	0	0	0	0	0	0	0	14	27	0	0	0	0	0	0
input/resources/CodeSystem-ehealth-document-sharing-state.json	3584	6	0	0	1	0	0	0	1	12	0	0	0	0	0	0	0	0	0	0	23	31	0	0	0	0	0	0
input/resources/CodeSystem-ehealth-document-type.json	1589	5	0	0	0	0	0	0	0	12	0	0	0	0	0	0	0	0	0	0	16	27	0	0	0	0	0	0
input/resources/CodeSystem-ehealth-ehealth-provenance-policies.json	4492	5	0	0	0	0	0	0	0	13	0	0	0	0	0	0	0	0	0	0	24	30	0	0	0	1	0	0
input/resources/CodeSystem-ehealth-ehealth-ucum-printsymbol-supplement.json	3848	5	0	0	0	0	0	0	0	8	0	0	0	0	0	0	0	0	0	0	21	36	0	0	0	0	0	0
input/resources/CodeSystem-ehealth-fs3-citizen-importance-scores.json	957	6	0	0	0	0	0	0	1	6	0	0	0	0	0	0	0	0	0	0	15	27	0	0	0	0	0	0
input/resources/CodeSystem-ehealth-fs3-citizen-performance-scores.json	1352	5	0	0	0	0	0	0	0	7	0	0	0	0	0	0	0	0	0	0	20	28	0	0	0	0	0	0
input/resources/CodeSystem-ehealth-fs3-group-communitylife.json	651	5	0	0	0	0	0	0	0	8	0	0	0	0	0	0	0	0	0	0	19	30	0	0	0	1	0	0
input/resources/CodeSystem-ehealth-fs3-group-mentalfunctions.json	2193	5	0	0	1	0	0	0	0	6	0	0	0	0	0	0	0	0	0	0	19	28	0	0	0	0	0	0
input/resources/CodeSystem-ehealth-fs3-group-mobility.json	2207	5	0	0	0	0	0	0	0	6	0	0	0	0	0	0	0	0	0	0	18	28	0	0	0	0	0	0
input/resources/CodeSystem-ehealth-fs3-group-practicaltasks.json	1306	5	0	0	0	0	0	0	0	7	0	0	0	0	0	0	0	0	0	0	16	30	0	0	0	0	0	0
input/resources/CodeSystem-ehealth-fs3-group-selfcare.json	1916	5	0	0	0	0	0	0	1	6	0	0	0	0	0	0	0	0	0	0	17	28	0	0	0	0	0	0
input/resources/CodeSystem-ehealth-fs3-health-communication.json	657	5	0	0	0	0	0	0	0	6	0	0	0	0	0	0	0	0	0	0	15	27	0	0	0	0	0	0
input/resources/CodeSystem-ehealth-fs3-health-excretion-of-waste-materials.json	1423	6	0	0	0	0	0	0	0	6	0	0	0	0	0	0	0	0	0	0	16	26	0	0	0	0	0	0
input/resources/CodeSystem-ehealth-fs3-health-function-level.json	904	5	0	0	1	0	0	0	0	7	0	0	0	0	0	0	0	0	0	0	16	27	0	0	0	1	0	0
input/resources/CodeSystem-ehealth-fs3-health-knowledge-and-development.json	1369	5	0	0	0	0	0	0	0	6	0	0	0	0	0	0	0	0	0	0	16	28	0	0	0	0	0	0
input/resources/CodeSystem-ehealth-fs3-health-musculoskeletal.json	692	5	0	0	0	0	0	0	0	7	0	0	0	0	0	0	0	0	0	0	15	25	0	0	0	0	0	0
input/resources/CodeSystem-ehealth-fs3-health-nutrition.json	1495	6	0	0	0	0	0	0	0	6	0	0	0	0	0	0	0	0	0	0	16	30	0	0	0	0	0	0
input/resources/CodeSystem-ehealth-fs3-health-pain-and-sensory-impressions.json	2139	5	0	0	0	0	0	0	0	7	0	0	0	0	0	0	0	0	0	0	19	29	0	0	0	0	0	0
input/resources/CodeSystem-ehealth-fs3-health-psychosocial-conditions.json	1299	5	0	0	0	0	0	0	1	6	0	0	0	0	0	0	0	0	0	0	16	32	0	0	0	0	0	0
input/resources/CodeSystem-ehealth-fs3-health-respiration-and-circulation.json	916	5	0	0	0	0	0	0	0	6	0	0	0	0	0	0	0	0	0	0	15	25	0	0	0	1	0	0
input/resources/CodeSystem-ehealth-fs3-health-sexuality.json	635	5	0	0	0	0	0	0	0	6	0	0	0	0	0	0	0	0	0	0	14	25	0	0	0	0	0	0
input/resources/CodeSystem-ehealth-fs3-health-skin-and-mucous-membranes.json	2452	5	0	0	1	0	0	0	0	8	0	0	0	0	0	0	0	0	0	0	18	28	0	0	0	0	0	0
input/resources/CodeSystem-ehealth-fs3-health-sleep-and-rest.json	835	5	0	0	0	0	0	0	0	6	0	0	0	0	0	0	0	0	0	0	15	27	0	0	0	0	0	0
input/resources/CodeSystem-ehealth-fs3-scores.json	2048	5	0	0	0	0	0	0	0	6	0	0	0	0	0	0	0	0	0	0	17	29	0	0	0	0	0	0
input/resources/CodeSystem-ehealth-goal-description.json	921	6	0	0	0	0	0	0	0	7	0	0	0	0	0	0	0	0	0	0	16	27	0	0	0	0	0	0
input/resources/CodeSystem-ehealth-jurisdiction.json	1364	5	0	0	0	0	0	0	0	6	0	0	0	0	0	0	0	0	0	0	15	26	0	0	0	0	0	0
input/resources/CodeSystem-ehealth-library-type.json	951	5	0	0	0	0	0	0	0	6	0	0	0	0	0	0	0	0	0	0	16	27	0	0	0	1	0	0
input/resources/CodeSystem-ehealth-material-category.json	960	5	0	0	0	0	0	0	0	6	0	0	0	0	0	0	0	0	0	0	15	27	0	0	0	0	0	0
input/resources/CodeSystem-ehealth-material-communication-category.json	789	5	0	0	1	0	0	0	1	7	0	0	0	0	0	0	0	0	0	0	15	25	0	0	0	0	0	0
input/resources/CodeSystem-ehealth-measurement-sharing-approval-policies.json	1227	5	0	0	0	0	0	0	0	6	0	0	0	0	0	0	0	0	0	0	16	26	0	0	0	0	0	0
input/resources/CodeSystem-ehealth-measurement-sharing-policies.json	2601	6	0	0	0	0	0	0	0	7	0	0	0	0	0	0	0	0	0	0	19	29	0	0	0	0	0	0
input/resources/CodeSystem-ehealth-media-usage-mode.json	1134	5	0	0	0	0	0	0	0	7	0	0	0	0	0	0	0	0	0	0	15	25	0	0	0	0	0	0
input/resources/CodeSystem-ehealth-message-category.json	1637	5	0	0	0	0	0	0	0	6	0	0	0	0	0	0	0	0	0	0	16	26	0	0	0	0	0	0
input/resources/CodeSystem-ehealth-message-medium.json	1148	5	0	0	0	0	0	0	0	7	0	0	0	0	0	0	0	0	0	0	16	27	0	0	0	0	0	0
input/resources/CodeSystem-ehealth-message-reasonCode.json	5079	6	0	0	1	0	0	0	1	6	0	0	0	0	0	0	0	0	0	0	24	27	0	0	0	0	0	0
input/resources/CodeSystem-ehealth-modifier-role.json	1001	5	0	0	0	0	0	0	0	7	0	0	0	0	0	0	0	0	0	0	15	24	0	0	0	0	0	0
input/resources/CodeSystem-ehealth-observation-method.json	984	5	0	0	0	0	0	0	0	6	0	0	0	0	0	0	0	0	0	0	14	22	0	0	0	0	0	0
input/resources/CodeSystem-ehealth-oio-bpp-roles.json	16915	5	0	0	0	0	0	0	1	11	0	0	0	0	0	0	0	1	0	0	46	32	0	0	0	1	0	0
input/resources/CodeSystem-ehealth-oio-organization-type.json	1050	5	0	0	0	0	0	0	0	6	0	0	0	0	0	0	0	0	0	0	15	24	0	0	0	0	0	0
input/resources/CodeSystem-ehealth-organization-relation-type.json	1152	6	0	0	0	0	0	0	0	6	0	0	0	0	0	0	0	0	0	0	17	25	0	0	0	1	0	0
input/resources/CodeSystem-ehealth-organization-source.json	1201	5	0	0	1	0	0	0	0	6	0	0	0	0	0	0	0	0	0	0	16	27	0	0	0	0	0	0
input/resources/CodeSystem-ehealth-organization-synchronization-status.json	1357	5	0	0	0	0	0	0	0	7	0	0	0	0	0	0	0	0	0	0	15	25	0	0	0	0	0	0
input/resources/CodeSystem-ehealth-overviewUsageMode.json	2633	5	0	0	0	0	0	0	0	7	0	0	0	0	0	0	0	0	0	0	20	25	0	0	0	0	0	0
input/resources/CodeSystem-ehealth-participant-function.json	1437	5	0	0	0	0	0	0	0	6	0	0	0	0	0	0	0	0	0	0	16	24	0	0	0	0	0	0
input/resources/CodeSystem-ehealth-percentage-codes.json	5973	6	0	0	0	0	0	0	1	8	0	0	0	0	0	0	0	0	0	0	30	33	0	0	0	1	0	0
input/resources/CodeSystem-ehealth-plandefinition-recommendation.json	2008	5	0	0	0	0	0	0	0	6	0	0	0	0	0	0	0	0	0	0	18	26	0	0	0	0	0	0
input/resources/CodeSystem-ehealth-priority.json	1181	5	0	0	1	0	0	0	0	7	0	0	0	0	0	0	0	0	0	0	16	25	0	0	0	0	0	0
input/resources/CodeSystem-ehealth-program.json	1267	6	0	0	0	0	0	0	0	6	0	0	0	0	0	0	0	0	0	0	16	25	0	0	0	1	0	0
input/resources/CodeSystem-ehealth-property.json	1205	5	0	0	0	0	0	0	0	6	0	0	0	0	0	0	0	0	0	0	16	25	0	0	0	0	0	0
input/resources/CodeSystem-ehealth-quality-types.json	2102	5	0	0	0	0	0	0	1	6	0	0	0	0	0	0	0	0	0	0	19	26	0	0	0	0	0	0
input/resources/CodeSystem-ehealth-questionnaire-elements.json	1737	5	0	0	0	0	0	0	0	7	0	0	0	0	0	0	0	0	0	0	16	27	0	0	0	0	0	0
input/resources/CodeSystem-ehealth-questionnaire-item-significance-indicator.json	1410	5	0	0	0	0	0	0	0	6	0	0	0	0	0	0	0	0	0	0	16	25	0	0	0	0	0	0
input/resources/CodeSystem-ehealth-questionnaire-recommendation.json	3568	5	0	0	0	0	0	0	0	7	0	0	0	0	0	0	0	0	0	0	23	27	0	0	0	1	0	0
input/resources/CodeSystem-ehealth-questionnaire-types.json	2015	6	0	0	1	0	0	0	0	7	0	0	0	0	0	0	0	0	0	0	17	25	0	0	0	0	0	0
input/resources/CodeSystem-ehealth-reference-range-type.json	2209	5	0	0	0	0	0	0	0	6	0	0	0	0	0	0	0	0	0	0	18	25	0	0	0	0	0	0
input/resources/CodeSystem-ehealth-resolved-timing-type.json	1485	5	0	0	0	0	0	0	1	6	0	0	0	0	0	0	0	0	0	0	15	28	0	0	0	0	0	0
input/resources/CodeSystem-ehealth-restriction-category.json	1588	5	0	0	0	0	0	0	0	7	0	0	0	0	0	0	0	0	0	0	18	27	0	0	0	1	0	0
input/resources/CodeSystem-ehealth-situation-quality.json	7442	6	0	0	0	0	0	0	0	9	0	0	0	0	0	0	0	0	0	0	25	28	0	0	0	0	0	1
input/resources/CodeSystem-ehealth-sor-organization-specialty.json	899	5	0	0	1	0	0	0	0	6	0	0	0	0	0	0	0	0	0	0	17	24	0	0	0	0	0	0
input/resources/CodeSystem-ehealth-sor-organization-type.json	1173	5	0	0	0	0	0	0	0	6	0	0	0	0	0	0	0	0	0	0	16	22	0	0	0	0	0	0
input/resources/CodeSystem-ehealth-supplement-ICD11-MMS.json	12426	6	0	0	0	0	0	0	1	9	0	0	0	0	0	0	0	0	0	0	45	34	0	0	0	1	0	0
input/resources/CodeSystem-ehealth-supplement-action-selection-behavior.json	3773	5	0	0	0	0	0	0	0	9	0	0	0	0	0	0	0	0	0	0	20	26	0	0	0	1	0	0
input/resources/CodeSystem-ehealth-supplement-loinc.org.json	4598	6	0	0	0	0	0	0	1	7	0	0	0	0	0	0	0	0	0	0	25	26	0	0	0	0	0	0
input/resources/CodeSystem-ehealth-supplement-snomed.info-sct.json	1292	5	0	0	0	0	0	0	0	13	0	0	0	0	0	0	0	0	0	0	16	24	0	0	0	0	0	0
input/resources/CodeSystem-ehealth-system.json	844	5	0	0	0	0	0	0	0	8	0	0	0	0	0	0	0	0	0	0	15	24	0	0	0	0	0	0
input/resources/CodeSystem-ehealth-task-category.json	7263	5	0	0	1	0	0	0	0	7	0	0	0	0	0	0	0	0	0	0	29	27	0	0	0	1	0	0
input/resources/CodeSystem-ehealth-task-handover-roles.json	2496	6	0	0	0	0	0	0	0	7	0	0	0	0	0	0	0	0	0	0	18	24	0	0	0	0	0	0
input/resources/CodeSystem-ehealth-thumbnail-size-category.json	2573	5	0	0	0	0	0	0	0	8	0	0	0	0	0	0	0	0	0	0	20	24	0	0	0	1	0	0
input/resources/CodeSystem-ehealth-thumbnail-status.json	1121	5	0	0	0	0	0	0	1	7	0	0	0	0	0	0	0	0	0	0	17	25	0	0	0	0	0	0
input/resources/CodeSystem-ehealth-topic-type.json	1314	6	0	0	0	0	0	0	0	7	0	0	0	0	0	0	0	0	0	0	17	25	0	0	0	0	0	0
input/resources/CodeSystem-ehealth-trigger-enablement-code.json	1736	5	0	0	1	0	0	0	0	7	0	0	0	0	0	0	0	0	0	0	17	23	0	0	0	0	0	0
input/resources/CodeSystem-ehealth-unit-code.json	1085	5	0	0	0	0	0	0	0	6	0	0	0	0	0	0	0	0	0	0	15	22	0	0	0	0	0	0
input/resources/CodeSystem-ehealth-usage-context-type.json	4342	5	0	0	0	0	0	0	0	7	0	0	0	0	0	0	0	0	0	0	23	24	0	0	0	1	0	0
input/resources/CodeSystem-ehealth-usage-quality.json	5042	6	0	0	0	0	0	0	0	7	0	0	0	0	0	0	0	0	0	0	22	24	0	0	0	0	0	0
input/resources/CodeSystem-ehealth-view-type.json	811	5	0	0	0	0	0	0	0	7	0	0	0	0	0	0	0	0	0	0	15	22	0	0	0	0	0	0
input/resources/CodeSystem-hl7.org-fhir-address-type.json	2269	5	0	0	0	0	0	0	1	6	0	0	0	0	0	0	0	0	0	0	18	25	0	0	0	0	0	0
input/resources/CodeSystem-hl7.org-fhir-address-use.json	2680	5	0	0	0	0	0	0	0	7	0	0	0	0	0	0	0	0	0	0	17	23	0	0	0	0	0	0
input/resources/CodeSystem-hl7.org-fhir-care-team-status.json	3242	5	0	0	1	0	0	0	0	6	0	0	0	0	0	0	0	0	0	0	20	25	0	0	0	1	0	0
input/resources/CodeSystem-hl7.org-fhir-consent-state-codes.json	3388	6	0	0	0	0	0	0	0	7	0	0	0	0	0	0	0	0	0	0	19	25	0	0	0	0	0	0
input/resources/CodeSystem-hl7.org-fhir-days-of-week.json	3388	5	0	0	0	0	0	0	0	7	0	0	0	0	0	0	0	0	0	0	20	27	0	0	0	0	0	0
input/resources/CodeSystem-hl7.org-fhir-episode-of-care-status.json	4425	5	0	0	0	0	0	0	1	7	0	0	0	0	0	0	0	1	0	0	22	24	0	0	0	1	0	0
input/resources/CodeSystem-hl7.org-fhir-item-type.json	9616	6	0	0	0	0	0	0	0	8	0	0	0	0	0	0	0	0	0	0	29	29	0	0	0	0	0	0
input/resources/CodeSystem-hl7.org-fhir-publication-status.json	3266	5	0	0	0	0	0	0	0	12	0	0	0	0	0	0	0	0	0	0	19	34	0	0	0	0	0	0
input/resources/CodeSystem-hl7.org-fhir-request-status.json	4317	5	0	0	1	0	0	0	1	8	0	0	1	0	0	0	0	0	0	0	22	26	0	0	0	1	0	0
input/resources/CodeSystem-hl7.org-fhir-resource-types.json	59126	8	0	0	0	0	0	0	2	19	0	0	0	0	0	0	0	0	0	0	136	46	0	0	0	5	0	0
input/resources/CodeSystem-hl7.org-fhir-v3-TimingEvent.json	6888	5	0	0	0	0	0	0	1	8	0	0	0	0	0	0	0	0	0	0	28	26	0	0	0	1	0	0
input/resources/CodeSystem-iso-obp-ui-iso-code-3166-DK.json	1411	5	0	0	0	0	0	0	0	7	0	0	0	0	0	0	0	0	0	0	16	23	0	0	0	0	0	0
input/resources/CodeSystem-kl.dk-fhir-common-caresocial-CodeSystem-FSIII.json	76155	8	0	0	0	0	0	0	3	21	0	0	0	0	0	0	0	0	0	1	216	71	0	0	0	10	0	1
input/resources/CodeSystem-snomed-554471000005108-version-20150731.json	11790	6	0	0	0	0	0	0	1	8	0	0	0	0	0	0	0	0	0	0	35	28	0	0	0	1	0	0
input/resources/CodeSystem-snomed-554471000005108-version-20180331.json	3166	5	0	0	1	0	0	0	0	7	0	0	0	0	0	0	0	0	0	0	20	26	0	0	0	0	0	0
input/resources/CodeSystem-snomed-554471000005108-version-20180930.json	1149	5	0	0	0	0	0	0	0	6	0	0	0	0	0	0	0	0	0	0	14	24	0	0	0	0	0	0
input/resources/CodeSystem-telewound-wound-type.json	1854	5	0	0	0	0	0	0	0	6	0	0	0	0	0	0	0	0	0	0	18	27	0	0	0	1	0	0
input/resources/CodeSystem-terminology.hl7.org-CodeSystem-data-absent-reason.json	9132	6	0	0	0	0	0	0	1	8	0	0	0	0	0	0	0	1	0	0	29	34	0	0	0	0	0	0
input/resources/CodeSystem-terminology.hl7.org-CodeSystem-hl7TermMaintInfra.json	8820	5	0	0	0	0	0	0	0	8	0	0	0	0	0	0	0	0	0	0	37	26	0	0	0	1	0	0
input/resources/CodeSystem-urn-ietf-bcp-47.json	33818	7	0	0	0	0	0	0	3	13	0	0	0	0	0	0	0	0	0	0	58	37	0	0	0	2	0	0
input/resources/CodeSystem-urn-oid-1.2.208.176.2.1.json	8805	5	0	0	1	0	0	0	0	7	0	0	0	0	0	0	0	0	0	0	25	27	0	0	0	0	0	1
input/resources/CodeSystem-urn-oid-1.2.208.176.2.4.json	62868	8	0	0	0	0	0	0	4	16	0	0	0	0	0	0	0	0	0	0	136	58	0	0	0	7	0	0
input/resources/CodeSystem-urn-oid-1.2.208.176.7.3.1.json	1539	5	0	0	0	0	0	0	0	6	0	0	0	0	0	0	0	0	0	0	17	26	0	0	0	1	0	0
input/resources/CodeSystem-urn-oid-1.2.208.184.100.1.json	1708	6	0	0	0	0	0	0	0	9	0	0	0	0	0	0	0	0	0	0	17	23	0	0	0	0	0	0
input/resources/CodeSystem-urn-oid-1.2.208.184.100.10.json	3885	5	0	0	0	0	0	0	0	7	0	0	0	0	0	0	0	0	0	0	24	24	0	0	0	1	0	0
input/resources/CodeSystem-urn-oid-1.2.208.184.100.8.json	235241	17	0	0	0	0	0	0	13	154	0	0	1	0	0	0	0	2	0	0	369	168	0	0	0	14	0	1
input/resources/CodeSystem-urn-oid-1.2.208.184.100.9.json	1096	5	0	0	1	0	0	0	0	8	0	0	0	0	0	0	0	0	0	0	16	23	0	0	0	0	0	0
input/resources/ConceptMap-ehealth.sundhed.dk-ConceptMap-activitydefinition-code-to-do-missing-measurement.json	12831	6	0	0	0	0	0	0	1	36	0	0	0	0	0	0	0	0	0	0	37	29	0	0	0	1	0	1
input/resources/ConceptMap-ehealth.sundhed.dk-ConceptMap-activitydefinition-code-to-do-reminder.json	12781	6	0	0	0	0	0	0	1	35	0	0	0	0	0	0	0	0	0	0	37	25	0	0	0	1	0	0
input/resources/ConceptMap-ehealth.sundhed.dk-ConceptMap-activitydefinition-code-to-measurement-resource-type.json	10765	6	0	0	0	0	0	0	1	25	0	0	0	0	0	0	0	0	0	0	33	23	0	1	0	1	0	0
input/resources/ConceptMap-ehealth.sundhed.dk-ConceptMap-activitydefinition-code-to-observation-code.json	2598	5	0	0	0	0	0	0	0	15	0	0	0	0	0	0	0	0	0	0	22	19	0	0	0	0	0	0
input/resources/ConceptMap-ehealth.sundhed.dk-ConceptMap-activitydefinition-code-to-perform-sharing.json	12638	5	0	0	0	0	0	0	1	20	0	0	0	0	0	0	0	0	0	0	36	24	0	0	0	1	0	0
input/resources/ConceptMap-ehealth.sundhed.dk-ConceptMap-conceptmap-obs-code-to-ucum.json	9549	6	0	0	0	0	0	0	0	17	0	0	0	0	0	0	0	0	0	0	33	22	0	0	0	1	0	0
input/resources/ConceptMap-ehealth.sundhed.dk-ConceptMap-conceptmap-obs-code-to-value-type.json	9536	5	0	0	0	0	0	0	1	15	0	0	0	0	0	0	0	0	0	0	31	21	0	0	0	1	0	0
input/resources/ConceptMap-ehealth.sundhed.dk-ConceptMap-conceptmap-ucum-to-printsymbol.json	8311	6	0	0	0	0	0	0	0	13	0	0	0	0	0	0	0	0	0	0	30	20	0	0	0	0	0	0
input/resources/ConceptMap-ehealth.sundhed.dk-ConceptMap-oio-bpp-roles-to-careteam-participant-roles.json	14489	6	0	0	0	0	0	0	1	12	0	0	0	0	0	0	0	0	0	0	39	22	0	0	0	1	0	0
input/resources/NamingSystem-Danish-civil-registration-system---CPR.json	1362	5	13	0	0	0	0	0	0	8	1342	0	0	0	0	0	0	0	0	0	17	15	0	0	0	0	0	0
input/resources/NamingSystem-Danish-provider-registry---Ydernummer.json	1336	5	6	0	1	0	0	0	0	6	20	0	0	0	0	0	0	0	0	0	17	14	0	0	0	1	0	0
input/resources/NamingSystem-Sundhedsv-senets-Organisationsregister-SOR-.json	1839	5	6	0	0	0	0	0	0	6	19	0	0	0	0	0	0	0	0	0	17	14	0	0	0	0	0	0
input/resources/NamingSystem-eHealth-Environment.json	726	5	5	0	0	0	0	0	0	7	11	0	0	0	0	0	0	0	0	0	15	13	0	0	0	0	0	0
input/resources/NamingSystem-eHealthIdentifier.json	946	5	6	0	0	0	0	0	0	6	13	0	0	0	0	0	0	0	0	0	16	14	0	0	0	0	0	0
input/resources/NamingSystem-eHealthQuestionIdentifier.json	815	6	5	0	0	0	0	0	0	7	9	0	0	0	0	0	0	0	0	0	16	13	0	0	0	0	0	0
input/resources/NamingSystem-ehealth-device-identifier.json	705	5	6	0	0	0	0	0	0	6	9	0	0	0	0	0	0	0	0	0	15	14	0	0	0	1	0	0
input/resources/OperationDefinition--s-apply.json	1188	5	0	0	0	0	0	0	0	7	0	0	0	0	0	0	0	1	0	0	16	16	0	0	0	0	0	0
input/resources/OperationDefinition--s-create-episode-of-care.json	3949	5	0	0	1	0	0	0	0	7	0	0	0	0	0	0	0	0	0	0	20	15	0	0	0	0	0	0
input/resources/OperationDefinition--s-execute-careplan-and-episode-of-care-stats.json	2354	5	0	0	0	0	0	0	1	6	0	0	0	0	0	0	0	0	0	0	18	15	0	0	0	0	0	0
input/resources/OperationDefinition--s-execute-careplan-customization-stats.json	3464	5	0	0	0	0	0	0	0	8	0	0	0	0	0	0	0	0	0	0	19	15	0	0	0	1	0	0
input/resources/OperationDefinition--s-execute-careplan-duration-stats.json	6899	6	0	0	0	0	0	0	0	7	0	0	0	0	0	0	0	0	0	0	24	15	0	0	0	0	0	0
input/resources/OperationDefinition--s-execute-careplans-by-patient.json	8350	5	0	0	0	0	0	0	0	7	0	0	0	0	0	0	0	0	0	0	29	16	0	0	0	1	0	0
input/resources/OperationDefinition--s-execute-careteam-stats.json	3361	6	0	0	1	0	0	0	0	10	0	0	0	0	0	0	0	0	0	0	24	15	0	0	0	0	0	0
input/resources/OperationDefinition--s-execute-measurement-stats.json	3776	12	0	0	0	0	0	0	0	6	0	0	0	0	0	0	0	0	0	0	21	16	0	0	0	0	0	0
input/resources/OperationDefinition--s-execute-patient-devices.json	9589	9	0	0	0	0	0	0	0	8	0	0	0	0	0	0	0	0	0	0	27	43	0	0	0	1	0	0
input/resources/OperationDefinition--s-execute-patient-gdpr.json	36357	5	0	0	1	0	0	0	0	7	0	0	0	0	0	0	0	0	0	0	60	18	0	0	0	1	0	0
input/resources/OperationDefinition--s-execute-patient-total.json	30534	6	0	0	1	0	0	0	1	10	0	0	0	0	0	0	0	0	0	0	53	16	0	0	0	1	0	0
input/resources/OperationDefinition--s-execute-patient-usage-stats.json	7519	5	0	0	0	0	0	0	0	6	0	0	0	0	0	0	0	0	0	0	24	15	0	0	0	0	0	0
input/resources/OperationDefinition--s-execute-practitioner-gdpr.json	4062	5	0	0	0	0	0	0	0	12	0	0	0	0	0	0	0	0	0	0	20	15	0	0	0	1	0	0
input/resources/OperationDefinition--s-execute-practitioner-stats.json	11163	5	0	0	0	0	0	0	0	7	0	0	0	0	0	0	0	0	0	0	29	16	0	0	0	0	0	0
input/resources/OperationDefinition--s-execute-questionnaireresponses.json	20119	5	0	0	1	0	0	0	0	8	0	0	0	0	0	0	0	0	0	0	42	16	0	0	0	1	0	0
input/resources/OperationDefinition--s-execute-ssl-orders.json	3304	5	0	0	0	0	0	0	0	6	0	0	0	0	0	0	0	0	0	0	19	15	0	0	0	1	0	0
input/resources/OperationDefinition--s-export-poll-status.json	1515	5	0	0	0	0	0	0	0	6	0	0	0	0	0	0	0	0	0	0	16	15	0	0	0	0	0	0
input/resources/OperationDefinition--s-export.json	4693	6	0	0	1	0	0	0	1	6	0	0	0	0	0	0	0	0	0	0	20	15	0	0	0	0	0	0
input/resources/OperationDefinition--s-expunge.json	917	5	0	0	0	0	0	0	0	6	0	0	0	0	0	0	0	0	0	0	15	15	0	0	0	0	0	0
input/resources/OperationDefinition--s-fetch-careplan-and-episode-of-care-stats.json	2344	5	0	0	0	0	0	0	0	7	0	0	0	0	0	0	0	0	0	0	18	15	0	0	0	0	0	0
input/resources/OperationDefinition--s-fetch-careplan-customization-stats.json	3454	5	0	0	0	0	0	0	0	6	0	0	0	0	0	0	0	0	0	0	19	15	0	0	0	1	0	0
input/resources/OperationDefinition--s-fetch-careplan-duration-stats.json	6889	5	0	0	0	0	0	0	0	7	0	0	0	0	0	0	0	0	0	0	24	15	0	0	0	0	0	0
input/resources/OperationDefinition--s-fetch-careplans-by-patient.json	8340	5	0	0	0	0	0	0	0	7	0	0	0	0	0	0	0	0	0	0	25	15	0	0	0	0	0	0
input/resources/OperationDefinition--s-fetch-careteam-stats.json	3351	5	0	0	1	0	0	0	0	11	0	0	0	0	0	0	0	0	0	0	19	15	0	0	0	1	0	0
input/resources/OperationDefinition--s-fetch-measurement-stats.json	3766	5	0	0	0	0	0	0	1	14	0	0	0	0	0	0	0	0	0	0	20	15	0	0	0	0	0	0
input/resources/OperationDefinition--s-fetch-patient-devices.json	9579	5	0	0	0	0	0	0	0	7	0	0	0	0	0	0	0	0	0	0	27	16	0	0	0	0	0	0
input/resources/OperationDefinition--s-fetch-patient-gdpr.json	36347	6	0	0	1	0	0	0	0	10	0	0	0	0	0	0	0	0	0	0	60	17	0	0	0	2	0	0
input/resources/OperationDefinition--s-fetch-patient-total.json	30524	5	0	0	0	0	0	0	0	9	0	0	0	0	0	0	0	0	0	0	54	16	0	0	0	1	0	0
input/resources/OperationDefinition--s-fetch-patient-usage-stats.json	7509	5	0	0	1	0	0	0	0	9	0	0	0	0	0	0	0	0	0	0	24	16	0	0	0	0	0	0
input/resources/OperationDefinition--s-fetch-practitioner-gdpr.json	4052	5	0	0	0	0	0	0	0	11	0	0	0	0	0	0	0	0	0	0	19	15	0	0	0	1	0	0
input/resources/OperationDefinition--s-fetch-practitioner-stats.json	11153	5	0	0	0	0	0	0	0	10	0	0	0	0	0	0	0	0	0	0	29	15	0	0	0	0	0	0
input/resources/OperationDefinition--s-fetch-questionnaireresponses.json	20109	6	0	0	0	0	0	0	1	13	0	0	0	0	0	0	0	0	0	0	42	16	0	0	0	1	0	0
input/resources/OperationDefinition--s-fetch-ssl-orders.json	3294	5	0	0	1	0	0	0	0	10	0	0	0	0	0	0	0	0	0	0	19	15	0	0	0	0	0	0
input/resources/OperationDefinition--s-get-patient-procedures.json	8660	5	0	0	0	0	0	0	0	9	0	0	0	0	0	0	0	0	0	0	28	16	0	0	0	1	0	0
input/resources/OperationDefinition--s-get-report-job-status.json	2826	5	0	0	0	0	0	0	0	7	0	0	0	0	0	0	0	0	0	0	18	14	0	0	0	0	0	1
input/resources/OperationDefinition--s-get-resource-counts.json	578	5	0	0	0	0	0	0	0	7	0	0	0	0	0	0	0	0	0	0	14	15	0	0	0	0	0	0
input/resources/OperationDefinition--s-hapi.fhir.reindex-status.json	810	5	0	0	0	0	0	0	0	7	0	0	0	0	0	0	0	0	0	0	16	15	0	0	0	1	0	0
input/resources/OperationDefinition--s-import-organizations.json	793	5	0	0	0	0	0	0	0	6	0	0	0	0	0	0	0	0	0	0	15	14	0	0	0	0	0	0
input/resources/OperationDefinition--s-import.json	790	5	0	0	0	0	0	0	0	6	0	0	0	0	0	0	0	0	0	0	15	15	0	0	0	0	0	0
input/resources/OperationDefinition--s-meta.json	407	5	0	0	0	0	0	0	0	6	0	0	0	0	0	0	0	0	0	0	15	15	0	0	0	0	0	0
input/resources/OperationDefinition--s-migrate.json	486	5	0	0	0	0	0	0	0	6	0	0	0	0	0	0	0	0	0	0	15	14	0	0	0	0	0	0
input/resources/OperationDefinition--s-persist-login.json	1933	5	0	0	1	0	0	0	1	6	0	0	0	0	0	0	0	0	0	0	17	15	0	0	0	0	0	0
input/resources/OperationDefinition--s-reindex-terminology.json	355	6	0	0	0	0	0	0	0	6	0	0	0	0	0	0	0	0	0	0	24	15	0	0	0	0	0	0
input/resources/OperationDefinition--s-reindex.json	2293	5	0	0	0	0	0	0	0	7	0	0	0	0	0	0	0	0	0	0	21	15	0	0	0	1	0	0
input/resources/OperationDefinition--s-schedule-careplan-and-episode-of-care-stats.json	2359	5	0	0	0	0	0	0	0	7	0	0	0	0	0	0	0	0	0	0	18	15	0	0	0	0	0	0
input/resources/OperationDefinition--s-schedule-careplan-customization-stats.json	3469	5	0	0	0	0	0	0	0	7	0	0	0	0	0	0	0	0	0	0	19	14	0	0	0	0	0	0
input/resources/OperationDefinition--s-schedule-careplan-duration-stats.json	6904	5	0	0	0	0	0	0	1	7	0	0	0	0	0	0	0	0	0	0	24	16	0	0	0	1	0	0
input/resources/OperationDefinition--s-schedule-careplans-by-patient.json	8355	6	0	0	0	0	0	0	0	6	0	0	0	0	0	0	0	0	0	0	26	15	0	0	0	0	0	0
input/resources/OperationDefinition--s-schedule-careteam-stats.json	3366	5	0	0	1	0	0	0	0	7	0	0	0	0	0	0	0	0	0	0	29	15	0	0	0	0	0	0
input/resources/OperationDefinition--s-schedule-measurement-stats.json	3781	5	0	0	0	0	0	0	0	6	0	0	0	0	0	0	0	0	0	0	19	15	0	0	0	1	0	0
input/resources/OperationDefinition--s-schedule-patient-devices.json	9594	5	0	0	0	0	0	0	0	7	0	0	0	0	0	0	0	0	0	0	28	15	0	0	0	0	0	0
input/resources/OperationDefinition--s-schedule-patient-gdpr.json	36363	6	0	0	1	0	0	0	0	8	0	0	0	0	0	0	0	0	0	0	60	17	0	0	0	2	0	0
input/resources/OperationDefinition--s-schedule-patient-total.json	30539	7	0	0	1	0	0	0	0	7	0	0	0	0	0	0	0	0	0	0	53	16	0	0	0	1	0	0
input/resources/OperationDefinition--s-schedule-patient-usage-stats.json	7520	6	0	0	0	0	0	0	1	6	0	0	0	0	0	0	0	0	0	0	24	15	0	0	0	0	0	0
input/resources/OperationDefinition--s-schedule-practitioner-gdpr.json	4067	5	0	0	0	0	0	0	0	7	0	0	0	0	0	0	0	0	0	0	20	15	0	0	0	0	0	0
input/resources/OperationDefinition--s-schedule-practitioner-stats.json	11168	5	0	0	0	0	0	0	0	7	0	0	0	0	0	0	0	0	0	0	29	16	0	0	0	1	0	0
input/resources/OperationDefinition--s-schedule-questionnaireresponses.json	20124	6	0	0	1	0	0	0	0	8	0	0	0	0	0	0	0	0	0	0	41	16	0	0	0	1	0	0
input/resources/OperationDefinition--s-schedule-ssl-orders.json	3309	5	0	0	0	0	0	0	0	6	0	0	0	0	0	0	0	0	0	0	19	15	0	0	0	0	0	0
input/resources/OperationDefinition--s-search-measurements-bundle-limit.json	6834	5	0	0	0	0	0	0	0	8	0	0	0	0	0	0	0	0	0	0	27	16	0	0	0	1	0	0
input/resources/OperationDefinition--s-search-measurements.json	3857	5	0	0	0	0	0	0	1	7	0	0	0	0	0	0	0	0	0	0	21	15	0	0	0	0	0	0
input/resources/OperationDefinition--s-submit-measurement.json	2792	6	0	0	0	0	0	0	0	6	0	0	0	0	0	0	0	0	0	0	17	15	0	0	0	0	0	0
input/resources/OperationDefinition--s-transform-from-APD.json	1305	5	0	0	1	0	0	0	0	6	0	0	0	0	0	0	0	0	0	0	17	15	0	0	0	0	0	0
input/resources/OperationDefinition--s-transform-from-PHMR.json	1264	5	0	0	0	0	0	0	0	7	0	0	0	0	0	0	0	0	0	0	15	14	0	0	0	1	0	0
input/resources/OperationDefinition--s-transform-from-QFDD.json	1120	5	0	0	0	0	0	0	0	6	0	0	0	0	0	0	0	0	0	0	16	15	0	0	0	0	0	0
input/resources/OperationDefinition--s-transform-from-QRD-based-on-questionnaire.json	1363	5	0	0	0	0	0	0	0	7	0	0	0	0	0	0	0	1	0	0	18	15	0	0	0	0	0	0
input/resources/OperationDefinition--s-transform-from-QRD.json	1219	6	0	0	0	0	0	0	0	6	0	0	0	0	0	0	0	0	0	0	16	15	0	0	0	0	0	0
input/resources/OperationDefinition--s-transform-to-APD.json	1300	5	0	0	0	0	0	0	0	6	0	0	0	0	0	0	0	0	0	0	15	14	0	0	0	0	0	0
input/resources/OperationDefinition--s-transform-to-PHMR.json	1344	5	0	0	0	0	0	0	0	6	0	0	0	0	0	0	0	0	0	0	17	15	0	0	0	0	0	0
input/resources/OperationDefinition--s-transform-to-QFDD.json	1419	5	0	0	1	0	0	0	0	6	0	0	0	0	0	0	0	0	0	0	19	15	0	0	0	1	0	0
input/resources/OperationDefinition--s-transform-to-QRD.json	1435	5	0	0	0	0	0	0	1	7	0	0	0	0	0	0	0	0	0	0	17	15	0	0	0	0	0	0
input/resources/OperationDefinition--s-upload-QFDD.json	1273	5	0	0	0	0	0	0	0	6	0	0	0	0	0	0	0	0	0	0	16	15	0	0	0	0	0	0
input/resources/OperationDefinition--s-upload-external-code-system.json	941	5	0	0	0	0	0	0	0	6	0	0	0	0	0	0	0	0	0	0	16	22	0	0	0	0	0	0
input/resources/OperationDefinition-ActivityDefinitionPlanDefinition-i-create-clone.json	2321	6	0	0	0	0	0	0	0	7	0	0	0	0	0	0	0	0	0	0	18	18	0	0	0	0	0	0
input/resources/OperationDefinition-Binary-its-expunge.json	965	5	0	0	0	0	0	0	0	6	0	0	0	0	0	0	0	0	0	0	15	16	0	0	0	1	0	0
input/resources/OperationDefinition-Binary-t-retrieve-document.json	2546	5	0	0	0	0	0	0	0	6	0	0	0	0	0	0	0	0	0	0	19	17	0	0	0	0	0	0
input/resources/OperationDefinition-Bundle-t-retrieve-and-transform-APD.json	3420	5	0	0	0	0	0	0	0	7	0	0	0	0	0	0	0	0	0	0	20	19	0	0	0	0	0	0
input/resources/OperationDefinition-Bundle-t-retrieve-and-transform-PHMR.json	3583	5	0	0	1	0	0	0	0	7	0	0	0	0	0	0	0	0	0	0	20	15	0	0	0	1	0	0
input/resources/OperationDefinition-Bundle-t-retrieve-and-transform-QRD.json	4332	5	0	0	0	0	0	0	1	7	0	0	0	0	0	0	0	0	0	0	21	15	0	0	0	0	0	0
input/resources/OperationDefinition-CarePlan-i-suggest-care-teams.json	1401	6	0	0	0	0	0	0	0	6	0	0	0	0	0	0	0	0	0	0	17	15	0	0	0	0	0	0
input/resources/OperationDefinition-CarePlanEpisodeOfCare-i-update-care-teams.json	1205	5	0	0	0	0	0	0	0	6	0	0	0	0	0	0	0	0	0	0	16	15	0	0	0	0	0	0
input/resources/OperationDefinition-ClinicalImpression-t-set-measurement-validity.json	3304	5	0	0	0	0	0	0	0	7	0	0	0	0	0	0	0	0	0	0	18	16	0	0	0	1	0	0
input/resources/OperationDefinition-DocumentReference-t-deprecate-document.json	1595	5	0	0	0	0	0	0	0	6	0	0	0	0	0	0	0	0	0	0	17	14	0	0	0	0	0	0
input/resources/OperationDefinition-EpisodeOfCare-i-is-context-allowed.json	1782	5	0	0	0	0	0	0	0	6	0	0	0	0	0	0	0	0	0	0	17	15	0	0	0	0	0	0
input/resources/OperationDefinition-Library-it-evaluate.json	1580	5	0	0	1	0	0	0	0	7	0	0	0	0	0	0	0	0	0	0	16	15	0	0	0	0	0	0
input/resources/OperationDefinition-Media-t-get-data.json	1080	5	0	0	0	0	0	0	0	6	0	0	0	0	0	0	0	0	0	0	16	15	0	0	0	0	0	0
input/resources/OperationDefinition-Organization-i-traverse-to-sor.json	732	5	0	0	0	0	0	0	0	6	0	0	0	0	0	0	0	0	0	0	15	14	0	0	0	1	0	0
input/resources/OperationDefinition-Organization-t-get-general-practitioner-info.json	2014	6	0	0	0	0	0	0	0	6	0	0	0	0	0	0	0	0	0	0	17	15	0	0	0	0	0	0
input/resources/OperationDefinition-PlanDefinition-i-apply.json	1275	5	0	0	0	0	0	0	0	6	0	0	0	0	0	0	0	0	0	0	16	15	0	0	0	0	0	0
input/resources/OperationDefinition-PlanDefinition-i-export.json	1266	5	0	0	0	0	0	0	1	6	0	0	0	0	0	0	0	0	0	0	19	15	0	0	0	0	0	0
input/resources/OperationDefinition-PlanDefinition-t-import.json	1176	5	0	0	0	0	0	0	0	6	0	0	0	0	0	0	0	0	0	0	16	15	0	0	0	0	0	0
input/resources/OperationDefinition-Questionnaire-i-create-clone.json	1435	5	0	0	0	0	0	0	0	6	0	0	0	0	0	0	0	0	0	0	16	14	0	0	0	0	0	0
input/resources/OperationDefinition-ehealth-appointment-toical.json	914	5	0	0	0	0	0	0	0	7	0	0	0	0	0	0	0	0	0	0	15	15	0	0	0	1	0	0
input/resources/OperationDefinition-ehealth-patient-create.json	2094	5	0	0	1	0	0	0	0	6	0	0	0	0	0	0	0	0	0	0	17	15	0	0	0	0	0	0
input/resources/OperationDefinition-ehealth-patient-skrs-update.json	1124	5	0	0	0	0	0	0	0	7	0	0	0	0	0	0	0	0	0	0	15	15	0	0	0	0	0	0
input/resources/OperationDefinition-ehealth-person-match.json	2594	5	0	0	0	0	0	0	0	6	0	0	0	0	0	0	0	0	0	0	19	15	0	0	0	0	0	0
input/resources/SearchParameter-ehealth-appointment-search-careteam-participant.json	651	5	0	0	0	0	0	0	0	7	0	0	0	0	0	0	0	0	0	0	15	13	0	0	0	1	0	0
input/resources/SearchParameter-ehealth-appointment-search-groupId.json	589	5	0	0	0	0	0	0	0	7	0	0	0	0	0	0	0	0	0	0	16	13	0	0	0	0	0	0
input/resources/SearchParameter-ehealth-appointment-search-intended-audience.json	623	6	0	0	0	0	0	0	0	6	0	0	0	0	0	0	0	0	0	0	15	14	0	0	0	0	0	0
input/resources/SearchParameter-ehealth-appointment-search-responsible.json	595	5	0	0	0	0	0	0	0	6	0	0	0	0	0	0	0	0	0	0	16	13	0	0	0	0	0	0
input/resources/SearchParameter-ehealth-communication-search-about.json	535	5	0	0	0	0	0	0	0	6	0	0	0	0	0	0	0	0	0	0	15	13	0	0	0	0	0	0
input/resources/SearchParameter-ehealth-communication-search-administrativeStatus.json	656	5	0	0	0	0	0	0	0	6	0	0	0	0	0	0	0	0	0	0	15	13	0	0	0	0	0	0
input/resources/SearchParameter-ehealth-communication-search-careTeamRecipient.json	655	5	0	0	1	0	0	0	1	6	0	0	0	0	0	0	0	0	0	0	16	14	0	0	0	1	0	0
input/resources/SearchParameter-ehealth-communication-search-careTeamSender.json	637	5	0	0	0	0	0	0	0	6	0	0	0	0	0	0	0	0	0	0	15	13	0	0	0	0	0	0
input/resources/SearchParameter-ehealth-communication-search-communicationCategory.json	565	5	0	0	0	0	0	0	0	6	0	0	0	0	0	0	0	0	0	0	16	13	0	0	0	0	0	0
input/resources/SearchParameter-ehealth-communication-search-episodeOfCare.json	606	5	0	0	0	0	0	0	0	6	0	0	0	0	0	0	0	0	0	0	15	13	0	0	0	0	0	0
input/resources/SearchParameter-ehealth-communication-search-groupId.json	601	5	0	0	0	0	0	0	0	7	0	0	0	0	0	0	0	0	0	0	16	14	0	0	0	0	0	0
input/resources/SearchParameter-ehealth-communication-search-on-behalf-of.json	610	5	0	0	0	0	0	0	0	6	0	0	0	0	0	0	0	0	0	0	15	13	0	0	0	0	0	0
input/resources/SearchParameter-ehealth-communication-search-participant.json	848	5	0	0	0	0	0	0	0	6	0	0	0	0	0	0	0	0	0	0	16	14	0	0	0	1	0	0
input/resources/SearchParameter-ehealth-communication-search-period.json	569	5	0	0	0	0	0	0	0	6	0	0	0	0	0	0	0	0	0	0	15	13	0	0	0	0	0	0
input/resources/SearchParameter-ehealth-communication-search-relates-to.json	946	5	0	0	0	0	0	0	0	6	0	0	0	0	0	0	0	0	0	0	16	13	0	0	0	0	0	0
input/resources/SearchParameter-ehealth-communication-search-restrictionCategory.json	650	6	0	0	0	0	0	0	0	6	0	0	0	0	0	0	0	0	0	0	16	13	0	0	0	0	0	0
input/resources/SearchParameter-ehealth-communication-search-threadId.json	585	5	0	0	1	0	0	0	0	6	0	0	0	0	0	0	0	0	0	0	15	14	0	0	0	0	0	0
input/resources/SearchParameter-ehealth-communication-search-topic.json	492	5	0	0	0	0	0	0	0	6	0	0	0	0	0	0	0	0	0	0	16	13	0	0	0	0	0	0
input/resources/SearchParameter-ehealth-patient-search-cpridentifier-unique.json	939	5	0	0	0	0	0	0	0	7	0	0	0	0	0	0	0	0	0	0	15	13	0	0	0	1	0	0
input/resources/SearchParameter-ehealth-patient-search-cpridentifier.json	562	5	0	0	0	0	0	0	0	6	0	0	0	0	0	0	0	0	0	0	16	14	0	0	0	0	0	0
input/resources/StructureDefinition-address-official.json	27049	8	0	11	0	0	0	0	0	0	0	0	0	0	0	0	0	0	0	0	44	85	0	0	0	1	0	0
input/resources/ValueSet-ehealth-access-provenance-activity.json	742	6	0	0	0	0	0	0	1	33	0	0	0	0	0	0	0	0	0	0	16	57	0	1	0	0	0	0
input/resources/ValueSet-ehealth-access-provenance-agent-role.json	753	5	0	0	0	0	0	0	0	6	0	0	0	0	0	0	0	0	0	0	16	32	0	0	0	0	0	0
input/resources/ValueSet-ehealth-action-guidance-for-types.json	1279	5	0	0	0	0	0	0	0	345	0	0	0	0	0	0	0	0	0	0	15	452	0	0	0	0	0	0
input/resources/ValueSet-ehealth-action-guidance-types.json	722	5	0	0	1	0	0	0	0	6	0	0	0	0	0	0	0	0	0	0	15	28	0	0	0	1	0	0
input/resources/ValueSet-ehealth-action.json	656	5	0	0	0	0	0	0	0	6	0	0	0	0	0	0	0	0	0	0	14	27	0	0	0	0	0	0
input/resources/ValueSet-ehealth-activitydefinition-code.json	1434	5	0	0	0	0	0	0	0	326	0	0	0	0	0	0	0	0	0	0	23	614	0	0	0	0	0	0
input/resources/ValueSet-ehealth-administrative-status.json	715	5	0	0	0	0	0	0	0	6	0	0	0	0	0	0	0	0	0	0	15	35	0	0	0	0	0	0
input/resources/ValueSet-ehealth-appointment-reason.json	705	5	0	0	0	0	0	1	0	6	0	0	0	0	0	0	0	0	0	0	14	28	0	0	0	0	0	0
input/resources/ValueSet-ehealth-appointment-servicetype.json	737	5	0	0	0	0	0	0	0	6	0	0	0	0	0	0	0	0	0	0	14	31	0	0	0	0	0	0
input/resources/ValueSet-ehealth-appointmenttype-codes.json	535	6	0	0	0	0	0	0	0	6	0	0	0	0	0	0	0	0	0	0	17	33	0	0	0	0	0	0
input/resources/ValueSet-ehealth-basic-resource-type.json	710	5	0	0	0	0	0	0	0	6	0	0	0	0	0	0	0	0	0	0	14	27	0	0	0	1	0	0
input/resources/ValueSet-ehealth-body-site.json	675	5	0	0	0	0	0	0	0	6	0	0	0	0	0	0	0	0	0	0	14	1923	0	0	0	0	0	0
input/resources/ValueSet-ehealth-careplan-category.json	700	5	0	0	0	0	0	0	0	6	0	0	0	0	0	0	0	0	0	0	14	31	0	0	0	0	0	0
input/resources/ValueSet-ehealth-careteam-category.json	801	5	0	0	0	0	0	0	0	6	0	0	0	0	0	0	0	0	0	0	14	25	0	0	0	0	0	0
input/resources/ValueSet-ehealth-careteam-participant-role.json	748	5	0	0	0	0	0	0	0	6	0	0	0	0	0	0	0	0	0	0	14	48	0	0	0	0	0	0
input/resources/ValueSet-ehealth-clinicalimpression-codes.json	757	5	0	0	1	0	0	0	0	6	0	0	0	0	0	0	0	0	0	0	15	34	0	0	0	0	0	1
input/resources/ValueSet-ehealth-clinicalimpression-decision-codes.json	809	5	0	0	0	0	0	0	1	5	0	0	0	0	0	0	0	0	0	0	14	32	0	0	0	0	0	0
input/resources/ValueSet-ehealth-clinicalimpression-finding-codes.json	2328	5	0	0	0	0	0	0	0	270	0	0	0	0	0	0	0	0	0	0	22	382	0	0	0	0	0	0
input/resources/ValueSet-ehealth-clinicalimpression-investigation-item-codes.json	1016	5	0	0	0	0	0	0	0	607	0	0	0	0	0	0	0	0	0	0	16	665	0	0	0	1	0	0
input/resources/ValueSet-ehealth-communication-category.json	730	6	0	0	0	0	0	0	0	6	0	0	0	0	0	0	0	0	0	0	14	29	0	0	0	0	0	0
input/resources/ValueSet-ehealth-condition-conditions.json	551	5	0	0	0	0	0	0	0	6	0	0	0	0	0	0	0	0	0	0	14	83	0	0	0	0	0	0
input/resources/ValueSet-ehealth-condition-qualification-tele-wound.json	828	5	0	0	0	0	0	0	0	6	0	0	0	0	0	0	0	0	0	0	15	48	0	0	0	0	0	0
input/resources/ValueSet-ehealth-condition-qualification.json	780	5	0	0	0	0	0	0	0	6	0	0	0	0	0	0	0	0	0	0	14	40	0	0	0	0	0	0
input/resources/ValueSet-ehealth-conditions.json	3913	5	0	0	0	0	0	0	0	14	0	0	0	0	0	0	0	0	0	0	26	259	0	0	0	1	0	0
input/resources/ValueSet-ehealth-consent-category.json	708	5	0	0	0	0	0	0	0	7	0	0	0	0	0	0	0	0	0	0	18	30	0	0	0	0	0	0
input/resources/ValueSet-ehealth-consent-policy.json	719	6	0	0	0	0	0	0	0	6	0	0	0	0	0	0	0	0	0	0	14	25	0	0	0	0	0	0
input/resources/ValueSet-ehealth-consent-provision-class.json	844	5	0	0	1	0	0	0	0	321	0	0	0	0	0	0	0	0	0	0	16	423	0	0	0	0	0	0
input/resources/ValueSet-ehealth-consent-provision-code.json	855	5	0	0	0	0	0	0	1	7	0	0	0	0	0	0	0	0	0	0	15	27	0	0	0	0	0	0
input/resources/ValueSet-ehealth-consent-scope.json	817	5	0	0	0	0	0	0	0	6	0	0	0	0	0	0	0	0	0	0	14	31	0	0	0	0	0	0
input/resources/ValueSet-ehealth-contactpoint-custodian.json	852	5	0	0	0	0	0	0	0	6	0	0	0	0	0	0	0	0	0	0	15	28	0	0	0	0	0	0
input/resources/ValueSet-ehealth-contactpoint-system.json	983	5	0	0	0	0	0	0	0	6	0	0	0	0	0	0	0	0	0	0	14	35	0	0	0	0	0	0
input/resources/ValueSet-ehealth-data-absent-reason.json	1200	5	0	0	0	0	0	0	0	263	0	0	0	0	0	0	0	0	0	0	15	283	0	0	0	0	0	0
input/resources/ValueSet-ehealth-designation-use.json	761	5	0	0	0	0	0	0	0	7	0	0	0	0	0	0	0	0	0	0	14	30	0	0	0	1	0	0
input/resources/ValueSet-ehealth-device-calibration-actor.json	760	5	0	0	0	0	0	0	0	6	0	0	0	0	0	0	0	0	0	0	14	33	0	0	0	0	0	0
input/resources/ValueSet-ehealth-device-calibration-period.json	767	5	0	0	0	0	0	0	0	5	0	0	0	0	0	0	0	0	0	0	14	39	0	0	0	0	0	0
input/resources/ValueSet-ehealth-device-calibration-type.json	744	5	0	0	0	0	0	0	0	7	0	0	0	0	0	0	0	0	0	0	15	33	0	0	0	0	0	0
input/resources/ValueSet-ehealth-device-measurement-unit.json	905	5	0	0	0	0	0	0	0	6	0	0	0	0	0	0	0	0	0	0	15	31	0	0	0	0	0	0
input/resources/ValueSet-ehealth-device-measuring-quality.json	751	5	0	0	1	0	0	0	0	6	0	0	0	0	0	0	0	0	0	0	14	43	0	0	0	0	0	0
input/resources/ValueSet-ehealth-device-safety.json	705	5	0	0	0	0	0	0	0	6	0	0	0	0	0	0	0	1	0	0	14	26	0	0	0	0	0	0
input/resources/ValueSet-ehealth-device-service-types.json	726	6	0	0	0	0	0	0	0	6	0	0	0	0	0	0	0	0	0	0	14	36	0	0	0	0	0	0
input/resources/ValueSet-ehealth-device-supplier-roles.json	733	5	0	0	0	0	0	0	0	6	0	0	0	0	0	0	0	0	0	0	16	27	0	0	0	1	0	0
input/resources/ValueSet-ehealth-device-types.json	876	5	0	0	0	0	0	0	0	279	0	0	0	0	0	0	0	0	0	0	14	327	0	0	0	0	0	0
input/resources/ValueSet-ehealth-device-use-reason.json	709	5	0	0	0	0	0	0	0	6	0	0	0	0	0	0	0	0	0	0	15	31	0	0	0	0	0	0
input/resources/ValueSet-ehealth-devicemetric-property-types.json	768	5	0	0	0	0	0	0	1	6	0	0	0	0	0	0	0	0	0	0	14	28	0	0	0	0	0	0
input/resources/ValueSet-ehealth-devicemetric-quality-types.json	764	5	0	0	0	0	0	0	0	6	0	0	0	0	0	0	0	0	0	0	14	28	0	0	0	0	0	0
input/resources/ValueSet-ehealth-document-category.json	713	5	0	0	0	0	0	0	0	6	0	0	0	0	0	0	0	0	0	0	14	26	0	0	0	0	0	0
input/resources/ValueSet-ehealth-document-class.json	894	5	0	0	0	0	0	0	0	286	0	0	0	0	0	0	0	0	0	0	15	312	0	0	0	0	0	0
input/resources/ValueSet-ehealth-document-reference-type.json	1111	5	0	0	0	0	0	0	0	300	0	0	0	0	0	0	0	0	0	0	15	296	0	0	0	0	0	0
input/resources/ValueSet-ehealth-document-sharing-state.json	721	5	0	0	1	0	0	0	0	7	0	0	0	0	0	0	0	0	0	0	14	45	0	0	0	0	0	0
input/resources/ValueSet-ehealth-document-type.json	926	5	0	0	0	0	0	0	0	271	0	0	0	0	0	0	0	0	0	0	15	605	0	0	0	1	0	0
input/resources/ValueSet-ehealth-ehealth-provenance-policies.json	762	5	0	0	0	0	0	0	0	6	0	0	0	0	0	0	0	0	0	0	15	36	0	1	0	0	0	0
input/resources/ValueSet-ehealth-ehealth-ucum-printsymbol-supplement.json	794	5	0	0	0	0	0	0	0	6	0	0	0	0	0	0	0	0	0	0	15	49	0	0	0	0	0	0
input/resources/ValueSet-ehealth-endpoint-connection-type-code.json	867	6	0	0	0	0	0	0	0	273	0	0	0	0	0	0	0	0	0	0	15	285	0	0	0	0	0	0
input/resources/ValueSet-ehealth-endpoint-payload-type-code.json	852	5	0	0	0	0	0	0	0	7	0	0	0	0	0	0	0	0	0	0	15	29	0	0	0	0	0	0
input/resources/ValueSet-ehealth-event-type-codes.json	750	5	0	0	0	0	0	0	0	6	0	0	0	0	0	0	0	0	0	0	14	73	0	0	0	0	0	0
input/resources/ValueSet-ehealth-facility-type-codes.json	5798	5	0	0	0	0	0	0	1	641	0	0	0	0	0	0	0	0	0	0	35	791	0	0	0	1	0	0
input/resources/ValueSet-ehealth-format-codes.json	726	5	0	0	0	0	0	0	0	13	0	0	0	0	0	0	0	0	0	0	14	41	0	0	0	0	0	0
input/resources/ValueSet-ehealth-fs3-health.json	1744	5	0	0	1	0	0	0	0	7	0	0	0	0	0	0	0	0	0	0	18	74	0	0	0	0	0	0
input/resources/ValueSet-ehealth-goal-description.json	729	5	0	0	0	0	0	0	0	6	0	0	0	0	0	0	0	0	0	0	14	27	0	0	0	0	0	0
input/resources/ValueSet-ehealth-goal-target-measure.json	760	5	0	0	0	0	0	0	0	8	0	0	0	0	0	0	0	0	0	0	14	54	0	0	0	0	0	0
input/resources/ValueSet-ehealth-health-conditions.json	679	6	0	0	0	0	0	0	0	11	0	0	0	0	0	0	0	0	0	0	15	28	0	0	0	1	0	0
input/resources/ValueSet-ehealth-itcompetencelevel-codes.json	1357	5	0	0	0	0	0	0	0	10	0	0	0	0	0	0	0	0	0	0	18	42	0	0	0	0	0	0
input/resources/ValueSet-ehealth-jurisdiction.json	644	5	0	0	0	0	0	0	0	10	0	0	0	0	0	0	0	0	0	0	15	28	0	0	0	0	0	0
input/resources/ValueSet-ehealth-library-type.json	818	5	0	0	0	0	0	0	0	11	0	0	0	0	0	0	0	0	0	0	14	30	0	0	0	0	0	0
input/resources/ValueSet-ehealth-material-assignment-participant-function.json	920	5	0	0	0	0	0	0	0	11	0	0	0	0	0	0	0	0	0	0	16	27	0	0	0	0	0	0
input/resources/ValueSet-ehealth-material-communication-category.json	750	5	0	0	1	0	0	0	0	9	0	0	0	0	0	0	0	0	0	0	14	27	0	0	0	0	0	0
input/resources/ValueSet-ehealth-material-registration-participant-function.json	1006	5	0	0	0	0	0	0	0	11	0	0	0	0	0	0	0	0	0	0	14	27	0	0	0	0	0	0
input/resources/ValueSet-ehealth-measurement-sharing-policies.json	804	5	0	0	0	0	0	0	1	7	0	0	0	0	0	0	0	0	0	0	15	28	0	0	0	0	0	0
input/resources/ValueSet-ehealth-media-codes.json	991	6	0	0	0	0	0	0	0	284	0	0	0	0	0	0	0	0	0	0	15	28	0	0	0	1	0	0
input/resources/ValueSet-ehealth-media-modality.json	844	5	0	0	0	0	0	0	0	7	0	0	0	0	0	0	0	0	0	0	14	320	0	0	0	0	0	0
input/resources/ValueSet-ehealth-media-view.json	820	5	0	0	0	0	0	0	0	6	0	0	0	0	0	0	0	0	0	0	14	827	0	0	0	0	0	0
input/resources/ValueSet-ehealth-message-category.json	970	5	0	0	0	0	0	0	0	7	0	0	0	0	0	0	0	0	0	0	15	52	0	0	0	0	0	0
input/resources/ValueSet-ehealth-message-medium.json	913	5	0	0	0	0	0	0	0	7	0	0	0	0	0	0	0	0	0	0	15	48	0	0	0	0	0	0
input/resources/ValueSet-ehealth-message-reasonCode.json	771	5	0	0	0	0	0	0	0	6	0	0	0	0	0	0	0	0	0	0	14	60	0	0	0	0	0	0
input/resources/ValueSet-ehealth-modifier-role.json	711	5	0	0	1	0	0	0	0	6	0	0	0	0	0	0	0	0	0	0	15	31	0	0	0	0	0	0
input/resources/ValueSet-ehealth-observation-codes.json	2396	5	0	0	0	0	0	0	0	277	0	0	0	0	0	0	0	0	0	0	35	64	0	0	0	1	0	0
input/resources/ValueSet-ehealth-observation-method.json	946	5	0	0	0	0	0	0	0	10	0	0	0	0	0	0	0	0	0	0	15	28	0	0	0	0	0	0
input/resources/ValueSet-ehealth-oio-bpp-roles.json	694	5	0	0	0	0	0	0	0	6	0	0	0	0	0	0	0	0	0	0	14	73	0	0	0	0	0	0
input/resources/ValueSet-ehealth-oio-organization-type.json	909	6	0	0	0	0	0	0	1	6	0	0	0	0	0	0	0	0	0	0	15	40	0	0	0	0	0	0
input/resources/ValueSet-ehealth-organization-relation-type.json	775	5	0	0	0	0	0	0	0	6	0	0	0	0	0	0	0	0	0	0	15	27	0	0	0	1	0	0
input/resources/ValueSet-ehealth-organization-source.json	865	5	0	0	0	0	0	0	0	6	0	0	0	0	0	0	0	0	0	0	14	29	0	0	0	0	0	0
input/resources/ValueSet-ehealth-organization-specialty.json	935	5	0	0	0	0	0	0	0	7	0	0	0	0	0	0	0	0	0	0	14	434	0	0	0	0	0	0
input/resources/ValueSet-ehealth-organization-synchronization-status.json	960	5	0	0	1	0	0	0	0	5	0	0	0	0	0	0	0	0	0	0	15	31	0	0	0	0	0	0
input/resources/ValueSet-ehealth-organization-type.json	1049	5	0	0	0	0	0	0	0	7	0	0	0	0	0	0	0	0	0	0	14	123	0	0	0	0	0	0
input/resources/ValueSet-ehealth-overviewUsageMode.json	750	5	0	0	0	0	0	0	0	5	0	0	0	0	0	0	0	0	0	0	15	33	0	0	0	0	0	0
input/resources/ValueSet-ehealth-participant-function.json	714	5	0	0	0	0	0	0	0	7	0	0	0	0	0	0	0	0	0	0	14	31	0	0	0	0	0	0
input/resources/ValueSet-ehealth-plandefinition-recommendation.json	792	6	0	0	0	0	0	0	0	6	0	0	0	0	0	0	0	0	0	0	14	36	0	0	0	0	0	0
input/resources/ValueSet-ehealth-practice-setting-codes.json	796	5	0	0	0	0	0	0	0	6	0	0	0	0	0	0	0	0	0	0	14	77	0	0	0	0	0	0
input/resources/ValueSet-ehealth-priority.json	656	5	0	0	0	0	0	0	0	6	0	0	0	0	0	0	0	0	0	0	14	32	0	0	0	0	0	0
input/resources/ValueSet-ehealth-program.json	811	5	0	0	0	0	0	0	0	6	0	0	0	0	0	0	0	0	0	0	14	31	0	0	0	1	0	0
input/resources/ValueSet-ehealth-property.json	742	5	0	0	0	0	0	0	0	6	0	0	0	0	0	0	0	0	0	0	15	30	0	0	0	0	0	0
input/resources/ValueSet-ehealth-quality-types.json	738	5	0	0	1	0	0	0	0	6	0	0	0	0	0	0	0	0	0	0	17	34	0	0	0	0	0	0
input/resources/ValueSet-ehealth-questionnaire-elements.json	771	5	0	0	0	0	0	0	0	6	0	0	0	0	0	0	0	0	0	0	14	32	0	0	0	0	0	0
input/resources/ValueSet-ehealth-questionnaire-item-control.json	1157	5	0	0	0	0	0	0	0	9	0	0	0	0	0	0	0	0	0	0	18	33	0	0	0	0	0	0
input/resources/ValueSet-ehealth-questionnaire-item-image-format.json	1489	5	0	0	0	0	0	0	1	326	0	0	0	0	0	0	0	0	0	0	15	343	0	0	0	0	0	0
input/resources/ValueSet-ehealth-questionnaire-item-significance-indicator.json	846	5	0	0	0	0	0	0	0	6	0	0	0	0	0	0	0	0	0	0	15	31	0	0	0	0	0	0
input/resources/ValueSet-ehealth-questionnaire-recommendation.json	784	5	0	0	0	0	0	0	0	6	0	0	0	0	0	0	0	0	0	0	15	64	0	0	0	0	0	0
input/resources/ValueSet-ehealth-questionnaire-types.json	884	6	0	0	0	0	0	0	0	285	0	0	0	0	0	0	0	0	0	0	15	335	0	0	0	1	0	0
input/resources/ValueSet-ehealth-reference-range-type.json	1144	5	0	0	0	0	0	0	0	8	0	0	0	0	0	0	0	0	0	0	16	80	0	1	0	0	0	0
input/resources/ValueSet-ehealth-regional-subdivision-codes.json	515	5	0	0	1	0	0	0	0	6	0	0	0	0	0	0	0	0	0	0	17	36	0	0	0	0	0	0
input/resources/ValueSet-ehealth-relatedperson-relationshiptype.json	3023	5	0	0	0	0	0	0	0	18	0	0	0	0	0	0	0	0	0	0	24	51	0	0	0	0	0	0
input/resources/ValueSet-ehealth-required-provenance-policies.json	1223	5	0	0	0	0	0	0	0	6	0	0	0	0	0	0	0	0	0	0	16	32	0	0	0	1	0	0
input/resources/ValueSet-ehealth-resolved-timing-type.json	743	5	0	0	0	0	0	0	0	7	0	0	0	0	0	0	0	0	0	0	15	30	0	0	0	0	0	0
input/resources/ValueSet-ehealth-restriction-category.json	746	6	0	0	0	0	0	0	0	6	0	0	0	0	0	0	0	0	0	0	14	31	0	0	0	0	0	0
input/resources/ValueSet-ehealth-sharing-approval-policies.json	851	5	0	0	0	0	0	0	0	7	0	0	0	0	0	0	0	0	0	0	15	29	0	0	0	0	0	0
input/resources/ValueSet-ehealth-situation-quality.json	762	5	0	0	0	0	0	0	0	6	0	0	0	0	0	0	0	0	0	0	15	43	0	0	0	0	0	0
input/resources/ValueSet-ehealth-sor-organization-specialty.json	4255	5	0	0	0	0	0	0	1	642	0	0	0	0	0	0	0	0	0	0	27	610	0	0	0	0	0	0
input/resources/ValueSet-ehealth-sor-organization-type.json	5717	5	0	0	1	0	0	0	0	9	0	0	0	0	0	0	0	0	0	0	35	117	0	0	0	1	0	0
input/resources/ValueSet-ehealth-system.json	718	5	0	0	0	0	0	0	0	6	0	0	0	0	0	0	0	0	0	0	15	28	0	0	0	0	0	0
input/resources/ValueSet-ehealth-task-category.json	690	6	0	0	0	0	0	0	0	6	0	0	0	0	0	0	0	0	0	0	14	43	0	0	0	0	0	0
input/resources/ValueSet-ehealth-thumbnail-size-category.json	821	5	0	0	0	0	0	0	0	6	0	0	0	0	0	0	0	0	0	0	15	33	0	0	0	1	0	0
input/resources/ValueSet-ehealth-thumbnail-status.json	779	5	0	0	0	0	0	0	0	6	0	0	0	0	0	0	0	0	0	0	14	30	0	0	0	0	0	0
input/resources/ValueSet-ehealth-topic-type.json	751	5	0	0	0	0	0	0	0	7	0	0	0	0	0	0	0	0	0	0	19	32	0	0	0	0	0	0
input/resources/ValueSet-ehealth-treatment-area-collection-xa.json	1171	5	0	0	0	0	0	0	1	6	0	0	0	0	0	0	0	0	0	0	15	240	0	0	0	0	0	0
input/resources/ValueSet-ehealth-treatment-area-collection-xb.json	1591	5	0	0	0	0	0	0	0	6	0	0	0	0	0	0	0	0	0	0	16	28	0	0	0	0	0	0
input/resources/ValueSet-ehealth-treatment-area-collection-xc.json	1311	6	0	0	1	0	0	0	0	6	0	0	0	0	0	0	0	0	0	0	15	24	0	0	0	0	0	0
input/resources/ValueSet-ehealth-treatment-area-xa-1.json	762	5	0	0	0	0	0	0	0	6	0	0	0	0	0	0	0	0	0	0	14	238	0	0	0	0	0	0
input/resources/ValueSet-ehealth-treatment-area-xb-1.json	1583	5	0	0	0	0	0	0	0	7	0	0	0	0	0	0	0	0	0	0	19	36	0	0	0	1	0	1
input/resources/ValueSet-ehealth-treatment-area-xb-2.json	878	5	0	0	0	0	0	0	0	6	0	0	0	0	0	0	0	0	0	0	15	27	0	0	0	0	0	0
input/resources/ValueSet-ehealth-treatment-area-xb-3.json	1119	5	0	0	0	0	0	0	0	7	0	0	0	0	0	0	0	0	0	0	16	30	0	0	0	0	0	0
input/resources/ValueSet-ehealth-treatment-area-xb-4.json	817	5	0	0	0	0	0	0	0	6	0	0	0	0	0	0	0	0	0	0	15	28	0	0	0	0	0	0
input/resources/ValueSet-ehealth-treatment-area-xb-5.json	1121	5	0	0	0	0	0	0	0	7	0	0	0	0	0	0	0	0	0	0	16	29	0	0	0	0	0	0
input/resources/ValueSet-ehealth-treatment-area-xb-6.json	3272	6	0	0	0	0	0	0	0	11	0	0	0	0	0	0	0	0	0	0	39	76	0	0	0	1	0	0
input/resources/ValueSet-ehealth-treatment-area-xb-7.json	779	5	0	0	0	0	0	0	1	6	0	0	0	0	0	0	0	0	0	0	14	24	0	0	0	0	0	0
input/resources/ValueSet-ehealth-treatment-area-xc-1.json	965	5	0	0	1	0	0	0	0	15	0	0	0	0	0	0	0	0	0	0	16	28	0	0	0	1	0	0
input/resources/ValueSet-ehealth-treatment-area-xc-2.json	1058	5	0	0	0	0	0	0	0	8	0	0	0	0	0	0	0	0	0	0	15	29	0	0	0	0	0	0
input/resources/ValueSet-ehealth-treatment-area-xc-3.json	914	5	0	0	0	0	0	0	0	7	0	0	0	0	0	0	0	0	0	0	16	26	0	0	0	0	0	0
input/resources/ValueSet-ehealth-trigger-behavior.json	849	5	0	0	0	0	0	0	0	12	0	0	0	0	0	0	0	0	0	0	15	26	0	0	0	0	0	0
input/resources/ValueSet-ehealth-trigger-enablement-code.json	769	5	0	0	0	0	0	0	0	6	0	0	0	0	0	0	0	0	0	0	14	27	0	0	0	0	0	0
input/resources/ValueSet-ehealth-unit-code.json	711	5	0	0	0	0	0	0	0	6	0	0	0	0	0	0	0	0	0	0	14	25	0	0	0	0	0	0
input/resources/ValueSet-ehealth-unit.json	833	5	0	0	0	0	0	0	0	8	0	0	0	0	0	0	0	1	0	0	15	1763	0	0	0	0	0	0
input/resources/ValueSet-ehealth-usage-context-body-site-tele-wound.json	4955	6	0	0	0	0	0	0	0	10	0	0	0	0	0	0	0	0	0	0	30	127	0	0	0	1	0	0
input/resources/ValueSet-ehealth-usage-context-body-site.json	756	5	0	0	1	0	0	0	0	6	0	0	0	0	0	0	0	0	0	0	16	131	0	0	0	0	0	0
input/resources/ValueSet-ehealth-usage-context-task-type-tele-wound.json	913	5	0	0	0	0	0	0	0	6	0	0	0	0	0	0	0	0	0	0	14	54	0	0	0	0	0	0
input/resources/ValueSet-ehealth-usage-context-task-type.json	764	5	0	0	0	0	0	0	0	7	0	0	0	0	0	0	0	0	0	0	15	27	0	1	0	0	0	0
input/resources/ValueSet-ehealth-usage-context-type.json	6408	5	0	0	0	0	0	0	0	7	0	0	0	0	0	0	0	0	0	0	22	49	0	0	0	1	0	0
input/resources/ValueSet-ehealth-usage-context-workflow-tele-wound.json	1011	5	0	0	0	0	0	0	0	276	0	0	0	0	0	0	0	0	0	0	14	339	0	0	0	0	0	0
input/resources/ValueSet-ehealth-usage-context-workflow.json	759	5	0	0	0	0	0	0	0	7	0	0	0	0	0	0	0	0	0	0	15	28	0	0	0	0	0	0
input/resources/ValueSet-ehealth-usage-quality.json	792	5	0	0	0	0	0	0	0	11	0	0	0	0	0	0	0	0	0	0	14	35	0	0	0	0	0	0
input/resources/ValueSet-ehealth-view-for-type.json	1218	6	0	0	1	0	0	0	0	12	0	0	0	0	0	0	0	0	0	0	15	27	0	0	0	0	0	0
input/resources/ValueSet-ehealth-view-type.json	652	5	0	0	0	0	0	0	0	12	0	0	0	0	0	0	0	0	0	0	16	26	0	0	0	0	0	0
input/resources/ValueSet-ehealth-wound-conditions.json	7330	5	0	0	0	0	0	0	1	11	0	0	0	0	0	0	0	0	0	0	45	157	0	0	0	1	0	0
input/resources/ValueSet-kl.dk-fhir-common-caresocial-ValueSet-KLConditionCodesNursing.json	3323	6	0	0	0	0	0	0	0	9	0	0	0	0	0	0	0	0	0	0	31	69	0	0	0	1	0	0
input/resources/ValueSet-medcom-phmr-observation-vs.json	2625	5	0	0	0	0	0	0	0	7	0	0	0	0	0	0	0	0	0	0	21	47	0	0	0	0	0	0
input/resources/ValueSet-sundhedsdatastyrelsen-dk-ihe-classcode-vs.json	830	5	0	0	0	0	0	0	0	6	0	0	0	0	0	0	0	0	0	0	15	26	0	0	0	0	0	0
input/resources/ValueSet-sundhedsdatastyrelsen-dk-ihe-eventcodelists-vs.json	2419	5	0	0	0	0	0	0	0	8	0	0	0	0	0	0	0	0	0	0	24	56	0	0	0	1	0	0
input/resources/ValueSet-sundhedsdatastyrelsen-dk-ihe-formatcode-vs.json	3031	5	0	0	0	0	0	0	0	8	0	0	0	0	0	0	0	0	0	0	22	45	0	0	0	0	0	0
input/resources/ValueSet-sundhedsdatastyrelsen-dk-ihe-healthcarefacilitytypecode-vs.json	18480	6	0	0	0	0	0	0	1	911	0	0	0	0	0	0	0	0	0	0	38	3230	0	0	0	1	0	0
input/resources/ValueSet-sundhedsdatastyrelsen-dk-ihe-practicesettingcode-vs.json	15736	5	0	0	1	0	0	0	1	646	0	0	0	0	0	0	0	0	0	0	34	801	0	0	0	1	0	0
input/resources/ValueSet-sundhedsdatastyrelsen-dk-ihe-typecode-vs.json	4530	6	0	0	0	0	0	0	1	270	0	0	0	0	0	0	0	0	0	0	21	43	0	0	0	0	0	0
input/resources/Valueset-audit-restriction-levels.json	817	5	0	0	0	0	0	0	0	6	0	0	0	0	0	0	0	0	0	0	14	749	0	0	0	0	0	0
input/resources/Valueset-ehealth-media-usage-mode.json	693	5	0	0	0	0	0	0	0	6	1	0	0	0	0	0	0	0	0	0	20	31	0	0	0	0	0	0
