{"resourceType":"CodeSystem","id":"hl7.org-fhir-resource-types","text":{"status":"generated","div":"<div xmlns=\"http://www.w3.org/1999/xhtml\"><p/><table class=\"codes\"><tr><td style=\"white-space:nowrap\"><b>Code</b></td><td><b>Display</b></td><td><b>Definition</b></td></tr><tr><td style=\"white-space:nowrap\">Account<a name=\"resource-types-dk-supplement-Account\"> </a></td><td>Account</td><td>A financial tool for tracking value accrued for a particular purpose.  In the healthcare field, used to track charges for a patient, cost centers, etc.</td></tr><tr><td style=\"white-space:nowrap\">ActivityDefinition<a name=\"resource-types-dk-supplement-ActivityDefinition\"> </a></td><td>ActivityDefinition</td><td>This resource allows for the definition of some activity to be performed, independent of a particular patient, practitioner, or other performance context.</td></tr><tr><td style=\"white-space:nowrap\">AdverseEvent<a name=\"resource-types-dk-supplement-AdverseEvent\"> </a></td><td>AdverseEvent</td><td>Actual or  potential/avoided event causing unintended physical injury resulting from or contributed to by medical care, a research study or other healthcare setting factors that requires additional monitoring, treatment, or hospitalization, or that results in death.</td></tr><tr><td style=\"white-space:nowrap\">AllergyIntolerance<a name=\"resource-types-dk-supplement-AllergyIntolerance\"> </a></td><td>AllergyIntolerance</td><td>Risk of harmful or undesirable, physiological response which is unique to an individual and associated with exposure to a substance.</td></tr><tr><td style=\"white-space:nowrap\">Appointment<a name=\"resource-types-dk-supplement-Appointment\"> </a></td><td>Appointment</td><td>A booking of a healthcare event among patient(s), practitioner(s), related person(s) and/or device(s) for a specific date/time. This may result in one or more Encounter(s).</td></tr><tr><td style=\"white-space:nowrap\">AppointmentResponse<a name=\"resource-types-dk-supplement-AppointmentResponse\"> </a></td><td>AppointmentResponse</td><td>A reply to an appointment request for a patient and/or practitioner(s), such as a confirmation or rejection.</td></tr><tr><td style=\"white-space:nowrap\">AuditEvent<a name=\"resource-types-dk-supplement-AuditEvent\"> </a></td><td>AuditEvent</td><td>A record of an event made for purposes of maintaining a security log. Typical uses include detection of intrusion attempts and monitoring for inappropriate usage.</td></tr><tr><td style=\"white-space:nowrap\">Basic<a name=\"resource-types-dk-supplement-Basic\"> </a></td><td>Basic</td><td>Basic is used for handling concepts not yet defined in FHIR, narrative-only resources that don't map to an existing resource, and custom resources not appropriate for inclusion in the FHIR specification.</td></tr><tr><td style=\"white-space:nowrap\">Binary<a name=\"resource-types-dk-supplement-Binary\"> </a></td><td>Binary</td><td>A binary resource can contain any content, whether text, image, pdf, zip archive, etc.</td></tr><tr><td style=\"white-space:nowrap\">BodyStructure<a name=\"resource-types-dk-supplement-BodyStructure\"> </a></td><td>BodyStructure</td><td>Record details about the anatomical location of a specimen or body part.  This resource may be used when a coded concept does not provide the necessary detail needed for the use case.</td></tr><tr><td style=\"white-space:nowrap\">Bundle<a name=\"resource-types-dk-supplement-Bundle\"> </a></td><td>Bundle</td><td>A container for a collection of resources.</td></tr><tr><td style=\"white-space:nowrap\">CapabilityStatement<a name=\"resource-types-dk-supplement-CapabilityStatement\"> </a></td><td>CapabilityStatement</td><td>A Capability Statement documents a set of capabilities (behaviors) of a FHIR Server that may be used as a statement of actual server functionality or a statement of required or desired server implementation.</td></tr><tr><td style=\"white-space:nowrap\">CarePlan<a name=\"resource-types-dk-supplement-CarePlan\"> </a></td><td>CarePlan</td><td>Describes the intention of how one or more practitioners intend to deliver care for a particular patient, group or community for a period of time, possibly limited to care for a specific condition or set of conditions.</td></tr><tr><td style=\"white-space:nowrap\">CareTeam<a name=\"resource-types-dk-supplement-CareTeam\"> </a></td><td>CareTeam</td><td>The Care Team includes all the people and organizations who plan to participate in the coordination and delivery of care for a patient.</td></tr><tr><td style=\"white-space:nowrap\">ChargeItem<a name=\"resource-types-dk-supplement-ChargeItem\"> </a></td><td>ChargeItem</td><td>The resource ChargeItem describes the provision of healthcare provider products for a certain patient, therefore referring not only to the product, but containing in addition details of the provision, like date, time, amounts and participating organizations and persons. Main Usage of the ChargeItem is to enable the billing process and internal cost allocation.</td></tr><tr><td style=\"white-space:nowrap\">Claim<a name=\"resource-types-dk-supplement-Claim\"> </a></td><td>Claim</td><td>A provider issued list of services and products provided, or to be provided, to a patient which is provided to an insurer for payment recovery.</td></tr><tr><td style=\"white-space:nowrap\">ClaimResponse<a name=\"resource-types-dk-supplement-ClaimResponse\"> </a></td><td>ClaimResponse</td><td>This resource provides the adjudication details from the processing of a Claim resource.</td></tr><tr><td style=\"white-space:nowrap\">ClinicalImpression<a name=\"resource-types-dk-supplement-ClinicalImpression\"> </a></td><td>ClinicalImpression</td><td>A record of a clinical assessment performed to determine what problem(s) may affect the patient and before planning the treatments or management strategies that are best to manage a patient's condition. Assessments are often 1:1 with a clinical consultation / encounter,  but this varies greatly depending on the clinical workflow. This resource is called &quot;ClinicalImpression&quot; rather than &quot;ClinicalAssessment&quot; to avoid confusion with the recording of assessment tools such as Apgar score.</td></tr><tr><td style=\"white-space:nowrap\">CodeSystem<a name=\"resource-types-dk-supplement-CodeSystem\"> </a></td><td>CodeSystem</td><td>A code system resource specifies a set of codes drawn from one or more code systems.</td></tr><tr><td style=\"white-space:nowrap\">Communication<a name=\"resource-types-dk-supplement-Communication\"> </a></td><td>Communication</td><td>An occurrence of information being transmitted; e.g. an alert that was sent to a responsible provider, a public health agency was notified about a reportable condition.</td></tr><tr><td style=\"white-space:nowrap\">CommunicationRequest<a name=\"resource-types-dk-supplement-CommunicationRequest\"> </a></td><td>CommunicationRequest</td><td>A request to convey information; e.g. the CDS system proposes that an alert be sent to a responsible provider, the CDS system proposes that the public health agency be notified about a reportable condition.</td></tr><tr><td style=\"white-space:nowrap\">CompartmentDefinition<a name=\"resource-types-dk-supplement-CompartmentDefinition\"> </a></td><td>CompartmentDefinition</td><td>A compartment definition that defines how resources are accessed on a server.</td></tr><tr><td style=\"white-space:nowrap\">Composition<a name=\"resource-types-dk-supplement-Composition\"> </a></td><td>Composition</td><td>A set of healthcare-related information that is assembled together into a single logical document that provides a single coherent statement of meaning, establishes its own context and that has clinical attestation with regard to who is making the statement. While a Composition defines the structure, it does not actually contain the content: rather the full content of a document is contained in a Bundle, of which the Composition is the first resource contained.</td></tr><tr><td style=\"white-space:nowrap\">ConceptMap<a name=\"resource-types-dk-supplement-ConceptMap\"> </a></td><td>ConceptMap</td><td>A statement of relationships from one set of concepts to one or more other concepts - either code systems or data elements, or classes in class models.</td></tr><tr><td style=\"white-space:nowrap\">Condition<a name=\"resource-types-dk-supplement-Condition\"> </a></td><td>Condition</td><td>A clinical condition, problem, diagnosis, or other event, situation, issue, or clinical concept that has risen to a level of concern.</td></tr><tr><td style=\"white-space:nowrap\">Consent<a name=\"resource-types-dk-supplement-Consent\"> </a></td><td>Consent</td><td>A record of a healthcare consumer’s policy choices, which permits or denies identified recipient(s) or recipient role(s) to perform one or more actions within a given policy context, for specific purposes and periods of time.</td></tr><tr><td style=\"white-space:nowrap\">Contract<a name=\"resource-types-dk-supplement-Contract\"> </a></td><td>Contract</td><td>A formal agreement between parties regarding the conduct of business, exchange of information or other matters.</td></tr><tr><td style=\"white-space:nowrap\">Coverage<a name=\"resource-types-dk-supplement-Coverage\"> </a></td><td>Coverage</td><td>Financial instrument which may be used to reimburse or pay for health care products and services.</td></tr><tr><td style=\"white-space:nowrap\">DetectedIssue<a name=\"resource-types-dk-supplement-DetectedIssue\"> </a></td><td>DetectedIssue</td><td>Indicates an actual or potential clinical issue with or between one or more active or proposed clinical actions for a patient; e.g. Drug-drug interaction, Ineffective treatment frequency, Procedure-condition conflict, etc.</td></tr><tr><td style=\"white-space:nowrap\">Device<a name=\"resource-types-dk-supplement-Device\"> </a></td><td>Device</td><td>This resource identifies an instance or a type of a manufactured item that is used in the provision of healthcare without being substantially changed through that activity. The device may be a medical or non-medical device.  Medical devices include durable (reusable) medical equipment, implantable devices, as well as disposable equipment used for diagnostic, treatment, and research for healthcare and public health.  Non-medical devices may include items such as a machine, cellphone, computer, application, etc.</td></tr><tr><td style=\"white-space:nowrap\">DeviceDefinition<a name=\"resource-types-dk-supplement-DeviceDefinition\"> </a></td><td>DeviceDefinition</td><td>The characteristics, operational status and capabilities of a medical-related component of a medical device.</td></tr><tr><td style=\"white-space:nowrap\">DeviceMetric<a name=\"resource-types-dk-supplement-DeviceMetric\"> </a></td><td>DeviceMetric</td><td>Describes a measurement, calculation or setting capability of a medical device.</td></tr><tr><td style=\"white-space:nowrap\">DeviceRequest<a name=\"resource-types-dk-supplement-DeviceRequest\"> </a></td><td>DeviceRequest</td><td>Represents a request for a patient to employ a medical device. The device may be an implantable device, or an external assistive device, such as a walker.</td></tr><tr><td style=\"white-space:nowrap\">DeviceUseStatement<a name=\"resource-types-dk-supplement-DeviceUseStatement\"> </a></td><td>DeviceUseStatement</td><td>A record of a device being used by a patient where the record is the result of a report from the patient or another clinician.</td></tr><tr><td style=\"white-space:nowrap\">DiagnosticReport<a name=\"resource-types-dk-supplement-DiagnosticReport\"> </a></td><td>DiagnosticReport</td><td>The findings and interpretation of diagnostic  tests performed on patients, groups of patients, devices, and locations, and/or specimens derived from these. The report includes clinical context such as requesting and provider information, and some mix of atomic results, images, textual and coded interpretations, and formatted representation of diagnostic reports.</td></tr><tr><td style=\"white-space:nowrap\">DocumentManifest<a name=\"resource-types-dk-supplement-DocumentManifest\"> </a></td><td>DocumentManifest</td><td>A collection of documents compiled for a purpose together with metadata that applies to the collection.</td></tr><tr><td style=\"white-space:nowrap\">DocumentReference<a name=\"resource-types-dk-supplement-DocumentReference\"> </a></td><td>DocumentReference</td><td>A reference to a document.</td></tr><tr><td style=\"white-space:nowrap\">DomainResource<a name=\"resource-types-dk-supplement-DomainResource\"> </a></td><td>DomainResource</td><td>A resource that includes narrative, extensions, and contained resources.</td></tr><tr><td style=\"white-space:nowrap\">CoverageEligibilityRequest<a name=\"resource-types-dk-supplement-CoverageEligibilityRequest\"> </a></td><td>CoverageEligibilityRequest</td><td>The CoverageEligibilityRequest provides patient and insurance coverage information to an insurer for them to respond, in the form of an CoverageEligibilityResponse, with information regarding whether the stated coverage is valid and in-force and optionally to provide the insurance details of the policy.</td></tr><tr><td style=\"white-space:nowrap\">CoverageEligibilityResponse<a name=\"resource-types-dk-supplement-CoverageEligibilityResponse\"> </a></td><td>CoverageEligibilityResponse</td><td>This resource provides eligibility and plan details from the processing of an CoverageEligibilityRequest resource.</td></tr><tr><td style=\"white-space:nowrap\">Encounter<a name=\"resource-types-dk-supplement-Encounter\"> </a></td><td>Encounter</td><td>An interaction between a patient and healthcare provider(s) for the purpose of providing healthcare service(s) or assessing the health status of a patient.</td></tr><tr><td style=\"white-space:nowrap\">Endpoint<a name=\"resource-types-dk-supplement-Endpoint\"> </a></td><td>Endpoint</td><td>The technical details of an endpoint that can be used for electronic services, such as for web services providing XDS.b or a REST endpoint for another FHIR server. This may include any security context information.</td></tr><tr><td style=\"white-space:nowrap\">EnrollmentRequest<a name=\"resource-types-dk-supplement-EnrollmentRequest\"> </a></td><td>EnrollmentRequest</td><td>This resource provides the insurance enrollment details to the insurer regarding a specified coverage.</td></tr><tr><td style=\"white-space:nowrap\">EnrollmentResponse<a name=\"resource-types-dk-supplement-EnrollmentResponse\"> </a></td><td>EnrollmentResponse</td><td>This resource provides enrollment and plan details from the processing of an Enrollment resource.</td></tr><tr><td style=\"white-space:nowrap\">EpisodeOfCare<a name=\"resource-types-dk-supplement-EpisodeOfCare\"> </a></td><td>EpisodeOfCare</td><td>An association between a patient and an organization / healthcare provider(s) during which time encounters may occur. The managing organization assumes a level of responsibility for the patient during this time.</td></tr><tr><td style=\"white-space:nowrap\">ExplanationOfBenefit<a name=\"resource-types-dk-supplement-ExplanationOfBenefit\"> </a></td><td>ExplanationOfBenefit</td><td>This resource provides: the claim details; adjudication details from the processing of a Claim; and optionally account balance information, for informing the subscriber of the benefits provided.</td></tr><tr><td style=\"white-space:nowrap\">FamilyMemberHistory<a name=\"resource-types-dk-supplement-FamilyMemberHistory\"> </a></td><td>FamilyMemberHistory</td><td>Significant health events and conditions for a person related to the patient relevant in the context of care for the patient.</td></tr><tr><td style=\"white-space:nowrap\">Flag<a name=\"resource-types-dk-supplement-Flag\"> </a></td><td>Flag</td><td>Prospective warnings of potential issues when providing care to the patient.</td></tr><tr><td style=\"white-space:nowrap\">Goal<a name=\"resource-types-dk-supplement-Goal\"> </a></td><td>Goal</td><td>Describes the intended objective(s) for a patient, group or organization care, for example, weight loss, restoring an activity of daily living, obtaining herd immunity via immunization, meeting a process improvement objective, etc.</td></tr><tr><td style=\"white-space:nowrap\">GraphDefinition<a name=\"resource-types-dk-supplement-GraphDefinition\"> </a></td><td>GraphDefinition</td><td>A formal computable definition of a graph of resources - that is, a coherent set of resources that form a graph by following references. The Graph Definition resource defines a set and makes rules about the set.</td></tr><tr><td style=\"white-space:nowrap\">Group<a name=\"resource-types-dk-supplement-Group\"> </a></td><td>Group</td><td>Represents a defined collection of entities that may be discussed or acted upon collectively but which are not expected to act collectively and are not formally or legally recognized; i.e. a collection of entities that isn't an Organization.</td></tr><tr><td style=\"white-space:nowrap\">GuidanceResponse<a name=\"resource-types-dk-supplement-GuidanceResponse\"> </a></td><td>GuidanceResponse</td><td>A guidance response is the formal response to a guidance request, including any output parameters returned by the evaluation, as well as the description of any proposed actions to be taken.</td></tr><tr><td style=\"white-space:nowrap\">HealthcareService<a name=\"resource-types-dk-supplement-HealthcareService\"> </a></td><td>HealthcareService</td><td>The details of a healthcare service available at a location.</td></tr><tr><td style=\"white-space:nowrap\">Immunization<a name=\"resource-types-dk-supplement-Immunization\"> </a></td><td>Immunization</td><td>Describes the event of a patient being administered a vaccination or a record of a vaccination as reported by a patient, a clinician or another party and may include vaccine reaction information and what vaccination protocol was followed.</td></tr><tr><td style=\"white-space:nowrap\">ImmunizationRecommendation<a name=\"resource-types-dk-supplement-ImmunizationRecommendation\"> </a></td><td>ImmunizationRecommendation</td><td>A patient's point-in-time immunization and recommendation (i.e. forecasting a patient's immunization eligibility according to a published schedule) with optional supporting justification.</td></tr><tr><td style=\"white-space:nowrap\">ImplementationGuide<a name=\"resource-types-dk-supplement-ImplementationGuide\"> </a></td><td>ImplementationGuide</td><td>A set of rules of how FHIR is used to solve a particular problem. This resource is used to gather all the parts of an implementation guide into a logical whole and to publish a computable definition of all the parts.</td></tr><tr><td style=\"white-space:nowrap\">Library<a name=\"resource-types-dk-supplement-Library\"> </a></td><td>Library</td><td>The Library resource is a general-purpose container for knowledge asset definitions. It can be used to describe and expose existing knowledge assets such as logic libraries and information model descriptions, as well as to describe a collection of knowledge assets.</td></tr><tr><td style=\"white-space:nowrap\">Linkage<a name=\"resource-types-dk-supplement-Linkage\"> </a></td><td>Linkage</td><td>Identifies two or more records (resource instances) that are referring to the same real-world &quot;occurrence&quot;.</td></tr><tr><td style=\"white-space:nowrap\">List<a name=\"resource-types-dk-supplement-List\"> </a></td><td>List</td><td>A set of information summarized from a list of other resources.</td></tr><tr><td style=\"white-space:nowrap\">Location<a name=\"resource-types-dk-supplement-Location\"> </a></td><td>Location</td><td>Details and position information for a physical place where services are provided  and resources and participants may be stored, found, contained or accommodated.</td></tr><tr><td style=\"white-space:nowrap\">Measure<a name=\"resource-types-dk-supplement-Measure\"> </a></td><td>Measure</td><td>The Measure resource provides the definition of a quality measure.</td></tr><tr><td style=\"white-space:nowrap\">MeasureReport<a name=\"resource-types-dk-supplement-MeasureReport\"> </a></td><td>MeasureReport</td><td>The MeasureReport resource contains the results of evaluating a measure.</td></tr><tr><td style=\"white-space:nowrap\">Media<a name=\"resource-types-dk-supplement-Media\"> </a></td><td>Media</td><td>A photo, video, or audio recording acquired or used in healthcare. The actual content may be inline or provided by direct reference.</td></tr><tr><td style=\"white-space:nowrap\">Medication<a name=\"resource-types-dk-supplement-Medication\"> </a></td><td>Medication</td><td>This resource is primarily used for the identification and definition of a medication. It covers the ingredients and the packaging for a medication.</td></tr><tr><td style=\"white-space:nowrap\">MedicationAdministration<a name=\"resource-types-dk-supplement-MedicationAdministration\"> </a></td><td>MedicationAdministration</td><td>Describes the event of a patient consuming or otherwise being administered a medication.  This may be as simple as swallowing a tablet or it may be a long running infusion.  Related resources tie this event to the authorizing prescription, and the specific encounter between patient and health care practitioner.</td></tr><tr><td style=\"white-space:nowrap\">MedicationDispense<a name=\"resource-types-dk-supplement-MedicationDispense\"> </a></td><td>MedicationDispense</td><td>Indicates that a medication product is to be or has been dispensed for a named person/patient.  This includes a description of the medication product (supply) provided and the instructions for administering the medication.  The medication dispense is the result of a pharmacy system responding to a medication order.</td></tr><tr><td style=\"white-space:nowrap\">MedicationRequest<a name=\"resource-types-dk-supplement-MedicationRequest\"> </a></td><td>MedicationRequest</td><td>An order or request for both supply of the medication and the instructions for administration of the medication to a patient. The resource is called &quot;MedicationRequest&quot; rather than &quot;MedicationPrescription&quot; or &quot;MedicationOrder&quot; to generalize the use across inpatient and outpatient settings, including care plans, etc., and to harmonize with workflow patterns.</td></tr><tr><td style=\"white-space:nowrap\">MedicationStatement<a name=\"resource-types-dk-supplement-MedicationStatement\"> </a></td><td>MedicationStatement</td><td>A record of a medication that is being consumed by a patient.   A MedicationStatement may indicate that the patient may be taking the medication now, or has taken the medication in the past or will be taking the medication in the future.  The source of this information can be the patient, significant other (such as a family member or spouse), or a clinician.  A common scenario where this information is captured is during the history taking process during a patient visit or stay.   The medication information may come from sources such as the patient's memory, from a prescription bottle,  or from a list of medications the patient, clinician or other party maintains   The primary difference between a medication statement and a medication administration is that the medication administration has complete administration information and is based on actual administration information from the person who administered the medication.  A medication statement is often, if not always, less specific.  There is no required date/time when the medication was administered, in fact we only know that a source has reported the patient is taking this medication, where details such as time, quantity, or rate or even medication product may be incomplete or missing or less precise.  As stated earlier, the medication statement information may come from the patient's memory, from a prescription bottle or from a list of medications the patient, clinician or other party maintains.  Medication administration is more formal and is not missing detailed information.</td></tr><tr><td style=\"white-space:nowrap\">MessageDefinition<a name=\"resource-types-dk-supplement-MessageDefinition\"> </a></td><td>MessageDefinition</td><td>Defines the characteristics of a message that can be shared between systems, including the type of event that initiates the message, the content to be transmitted and what response(s), if any, are permitted.</td></tr><tr><td style=\"white-space:nowrap\">MessageHeader<a name=\"resource-types-dk-supplement-MessageHeader\"> </a></td><td>MessageHeader</td><td>The header for a message exchange that is either requesting or responding to an action.  The reference(s) that are the subject of the action as well as other information related to the action are typically transmitted in a bundle in which the MessageHeader resource instance is the first resource in the bundle.</td></tr><tr><td style=\"white-space:nowrap\">NamingSystem<a name=\"resource-types-dk-supplement-NamingSystem\"> </a></td><td>NamingSystem</td><td>A curated namespace that issues unique symbols within that namespace for the identification of concepts, people, devices, etc.  Represents a &quot;System&quot; used within the Identifier and Coding data types.</td></tr><tr><td style=\"white-space:nowrap\">NutritionOrder<a name=\"resource-types-dk-supplement-NutritionOrder\"> </a></td><td>NutritionOrder</td><td>A request to supply a diet, formula feeding (enteral) or oral nutritional supplement to a patient/resident.</td></tr><tr><td style=\"white-space:nowrap\">Observation<a name=\"resource-types-dk-supplement-Observation\"> </a></td><td>Observation</td><td>Measurements and simple assertions made about a patient, device or other subject.</td></tr><tr><td style=\"white-space:nowrap\">OperationDefinition<a name=\"resource-types-dk-supplement-OperationDefinition\"> </a></td><td>OperationDefinition</td><td>A formal computable definition of an operation (on the RESTful interface) or a named query (using the search interaction).</td></tr><tr><td style=\"white-space:nowrap\">OperationOutcome<a name=\"resource-types-dk-supplement-OperationOutcome\"> </a></td><td>OperationOutcome</td><td>A collection of error, warning or information messages that result from a system action.</td></tr><tr><td style=\"white-space:nowrap\">Organization<a name=\"resource-types-dk-supplement-Organization\"> </a></td><td>Organization</td><td>A formally or informally recognized grouping of people or organizations formed for the purpose of achieving some form of collective action.  Includes companies, institutions, corporations, departments, community groups, healthcare practice groups, etc.</td></tr><tr><td style=\"white-space:nowrap\">Parameters<a name=\"resource-types-dk-supplement-Parameters\"> </a></td><td>Parameters</td><td>This special resource type is used to represent an operation request and response (operations.html). It has no other use, and there is no RESTful endpoint associated with it.</td></tr><tr><td style=\"white-space:nowrap\">Patient<a name=\"resource-types-dk-supplement-Patient\"> </a></td><td>Patient</td><td>Demographics and other administrative information about an individual or animal receiving care or other health-related services.</td></tr><tr><td style=\"white-space:nowrap\">PaymentNotice<a name=\"resource-types-dk-supplement-PaymentNotice\"> </a></td><td>PaymentNotice</td><td>This resource provides the status of the payment for goods and services rendered, and the request and response resource references.</td></tr><tr><td style=\"white-space:nowrap\">PaymentReconciliation<a name=\"resource-types-dk-supplement-PaymentReconciliation\"> </a></td><td>PaymentReconciliation</td><td>This resource provides payment details and claim references supporting a bulk payment.</td></tr><tr><td style=\"white-space:nowrap\">Person<a name=\"resource-types-dk-supplement-Person\"> </a></td><td>Person</td><td>Demographics and administrative information about a person independent of a specific health-related context.</td></tr><tr><td style=\"white-space:nowrap\">PlanDefinition<a name=\"resource-types-dk-supplement-PlanDefinition\"> </a></td><td>PlanDefinition</td><td>This resource allows for the definition of various types of plans as a sharable, consumable, and executable artifact. The resource is general enough to support the description of a broad range of clinical artifacts such as clinical decision support rules, order sets and protocols.</td></tr><tr><td style=\"white-space:nowrap\">Practitioner<a name=\"resource-types-dk-supplement-Practitioner\"> </a></td><td>Practitioner</td><td>A person who is directly or indirectly involved in the provisioning of healthcare.</td></tr><tr><td style=\"white-space:nowrap\">PractitionerRole<a name=\"resource-types-dk-supplement-PractitionerRole\"> </a></td><td>PractitionerRole</td><td>A specific set of Roles/Locations/specialties/services that a practitioner may perform at an organization for a period of time.</td></tr><tr><td style=\"white-space:nowrap\">Procedure<a name=\"resource-types-dk-supplement-Procedure\"> </a></td><td>Procedure</td><td>An action that is or was performed on a patient. This can be a physical intervention like an operation, or less invasive like counseling or hypnotherapy.</td></tr><tr><td style=\"white-space:nowrap\">ServiceRequest<a name=\"resource-types-dk-supplement-ServiceRequest\"> </a></td><td>ServiceRequest</td><td>A record of a request for service such as diagnostic investigations, treatments, or operations to be performed.</td></tr><tr><td style=\"white-space:nowrap\">Provenance<a name=\"resource-types-dk-supplement-Provenance\"> </a></td><td>Provenance</td><td>Provenance of a resource is a record that describes entities and processes involved in producing and delivering or otherwise influencing that resource. Provenance provides a critical foundation for assessing authenticity, enabling trust, and allowing reproducibility. Provenance assertions are a form of contextual metadata and can themselves become important records with their own provenance. Provenance statement indicates clinical significance in terms of confidence in authenticity, reliability, and trustworthiness, integrity, and stage in lifecycle (e.g. Document Completion - has the artifact been legally authenticated), all of which may impact security, privacy, and trust policies.</td></tr><tr><td style=\"white-space:nowrap\">Questionnaire<a name=\"resource-types-dk-supplement-Questionnaire\"> </a></td><td>Questionnaire</td><td>A structured set of questions intended to guide the collection of answers from end-users. Questionnaires provide detailed control over order, presentation, phraseology and grouping to allow coherent, consistent data collection.</td></tr><tr><td style=\"white-space:nowrap\">QuestionnaireResponse<a name=\"resource-types-dk-supplement-QuestionnaireResponse\"> </a></td><td>QuestionnaireResponse</td><td>A structured set of questions and their answers. The questions are ordered and grouped into coherent subsets, corresponding to the structure of the grouping of the questionnaire being responded to.</td></tr><tr><td style=\"white-space:nowrap\">RelatedPerson<a name=\"resource-types-dk-supplement-RelatedPerson\"> </a></td><td>RelatedPerson</td><td>Information about a person that is involved in the care for a patient, but who is not the target of healthcare, nor has a formal responsibility in the care process.</td></tr><tr><td style=\"white-space:nowrap\">RequestGroup<a name=\"resource-types-dk-supplement-RequestGroup\"> </a></td><td>RequestGroup</td><td>A group of related requests that can be used to capture intended activities that have inter-dependencies such as &quot;give this medication after that one&quot;.</td></tr><tr><td style=\"white-space:nowrap\">ResearchStudy<a name=\"resource-types-dk-supplement-ResearchStudy\"> </a></td><td>ResearchStudy</td><td>A process where a researcher or organization plans and then executes a series of steps intended to increase the field of healthcare-related knowledge.  This includes studies of safety, efficacy, comparative effectiveness and other information about medications, devices, therapies and other interventional and investigative techniques.  A ResearchStudy involves the gathering of information about human or animal subjects.</td></tr><tr><td style=\"white-space:nowrap\">ResearchSubject<a name=\"resource-types-dk-supplement-ResearchSubject\"> </a></td><td>ResearchSubject</td><td>A process where a researcher or organization plans and then executes a series of steps intended to increase the field of healthcare-related knowledge.  This includes studies of safety, efficacy, comparative effectiveness and other information about medications, devices, therapies and other interventional and investigative techniques.  A ResearchStudy involves the gathering of information about human or animal subjects.</td></tr><tr><td style=\"white-space:nowrap\">Resource<a name=\"resource-types-dk-supplement-Resource\"> </a></td><td>Resource</td><td>This is the base resource type for everything.</td></tr><tr><td style=\"white-space:nowrap\">RiskAssessment<a name=\"resource-types-dk-supplement-RiskAssessment\"> </a></td><td>RiskAssessment</td><td>An assessment of the likely outcome(s) for a patient or other subject as well as the likelihood of each outcome.</td></tr><tr><td style=\"white-space:nowrap\">Schedule<a name=\"resource-types-dk-supplement-Schedule\"> </a></td><td>Schedule</td><td>A container for slots of time that may be available for booking appointments.</td></tr><tr><td style=\"white-space:nowrap\">SearchParameter<a name=\"resource-types-dk-supplement-SearchParameter\"> </a></td><td>SearchParameter</td><td>A search parameter that defines a named search item that can be used to search/filter on a resource.</td></tr><tr><td style=\"white-space:nowrap\">MolecularSequence<a name=\"resource-types-dk-supplement-MolecularSequence\"> </a></td><td>MolecularSequence</td><td>Raw data describing a biological sequence.</td></tr><tr><td style=\"white-space:nowrap\">Slot<a name=\"resource-types-dk-supplement-Slot\"> </a></td><td>Slot</td><td>A slot of time on a schedule that may be available for booking appointments.</td></tr><tr><td style=\"white-space:nowrap\">Specimen<a name=\"resource-types-dk-supplement-Specimen\"> </a></td><td>Specimen</td><td>A sample to be used for analysis.</td></tr><tr><td style=\"white-space:nowrap\">StructureDefinition<a name=\"resource-types-dk-supplement-StructureDefinition\"> </a></td><td>StructureDefinition</td><td>A definition of a FHIR structure. This resource is used to describe the underlying resources, data types defined in FHIR, and also for describing extensions and constraints on resources and data types.</td></tr><tr><td style=\"white-space:nowrap\">StructureMap<a name=\"resource-types-dk-supplement-StructureMap\"> </a></td><td>StructureMap</td><td>A Map of relationships between 2 structures that can be used to transform data.</td></tr><tr><td style=\"white-space:nowrap\">Subscription<a name=\"resource-types-dk-supplement-Subscription\"> </a></td><td>Subscription</td><td>The subscription resource is used to define a push based subscription from a server to another system. Once a subscription is registered with the server, the server checks every resource that is created or updated, and if the resource matches the given criteria, it sends a message on the defined &quot;channel&quot; so that another system is able to take an appropriate action.</td></tr><tr><td style=\"white-space:nowrap\">Substance<a name=\"resource-types-dk-supplement-Substance\"> </a></td><td>Substance</td><td>A homogeneous material with a definite composition.</td></tr><tr><td style=\"white-space:nowrap\">SupplyDelivery<a name=\"resource-types-dk-supplement-SupplyDelivery\"> </a></td><td>SupplyDelivery</td><td>Record of delivery of what is supplied.</td></tr><tr><td style=\"white-space:nowrap\">SupplyRequest<a name=\"resource-types-dk-supplement-SupplyRequest\"> </a></td><td>SupplyRequest</td><td>A record of a request for a medication, substance or device used in the healthcare setting.</td></tr><tr><td style=\"white-space:nowrap\">Task<a name=\"resource-types-dk-supplement-Task\"> </a></td><td>Task</td><td>A task to be performed.</td></tr><tr><td style=\"white-space:nowrap\">TestReport<a name=\"resource-types-dk-supplement-TestReport\"> </a></td><td>TestReport</td><td>A summary of information based on the results of executing a TestScript.</td></tr><tr><td style=\"white-space:nowrap\">TestScript<a name=\"resource-types-dk-supplement-TestScript\"> </a></td><td>TestScript</td><td>A structured set of tests against a FHIR server implementation to determine compliance against the FHIR specification.</td></tr><tr><td style=\"white-space:nowrap\">ValueSet<a name=\"resource-types-dk-supplement-ValueSet\"> </a></td><td>ValueSet</td><td>A value set specifies a set of codes drawn from one or more code systems.</td></tr><tr><td style=\"white-space:nowrap\">VisionPrescription<a name=\"resource-types-dk-supplement-VisionPrescription\"> </a></td><td>VisionPrescription</td><td>An authorization for the supply of glasses and/or contact lenses to a patient.</td></tr></table><p><b>Additional Language Displays</b></p><table class=\"codes\"><tr><td><b>Code</b></td><td><b>Dansk (Danish, da)</b></td></tr><tr><td>Account</td><td>Konto</td></tr><tr><td>ActivityDefinition</td><td>Aktivitetsdefinition</td></tr><tr><td>AdverseEvent</td><td>Bivirkning</td></tr><tr><td>AllergyIntolerance</td><td>Allergi / intolerance</td></tr><tr><td>Appointment</td><td>Aftale</td></tr><tr><td>AppointmentResponse</td><td>Aftalesvar</td></tr><tr><td>AuditEvent</td><td>Kontrolrapportering</td></tr><tr><td>Basic</td><td>Grundlæggende</td></tr><tr><td>Binary</td><td>Binær</td></tr><tr><td>BodyStructure</td><td>Kropspunkt</td></tr><tr><td>Bundle</td><td>Bundt</td></tr><tr><td>CapabilityStatement</td><td>Kapabilitetserklæring</td></tr><tr><td>CarePlan</td><td>Behandlingsplan</td></tr><tr><td>CareTeam</td><td>Behandlingsteam</td></tr><tr><td>ChargeItem</td><td>Postering</td></tr><tr><td>Claim</td><td>Krav</td></tr><tr><td>ClaimResponse</td><td>Kravssvar</td></tr><tr><td>ClinicalImpression</td><td>Klinisk vurdering</td></tr><tr><td>CodeSystem</td><td>Kodesystem</td></tr><tr><td>Communication</td><td>Meddelelse</td></tr><tr><td>CommunicationRequest</td><td>Kommunikationsanmodning</td></tr><tr><td>CompartmentDefinition</td><td>Rumdefinition</td></tr><tr><td>Composition</td><td>Sammensætning</td></tr><tr><td>ConceptMap</td><td>Konceptkortlægning</td></tr><tr><td>Condition</td><td>Tilstand</td></tr><tr><td>Consent</td><td>Samtykke</td></tr><tr><td>Contract</td><td>Kontrakt</td></tr><tr><td>Coverage</td><td>Dækning</td></tr><tr><td>DetectedIssue</td><td>Registreret problem</td></tr><tr><td>Device</td><td>Enhed</td></tr><tr><td>DeviceDefinition</td><td>Enhedskomponent</td></tr><tr><td>DeviceMetric</td><td>Enhedsfunktion</td></tr><tr><td>DeviceRequest</td><td>Enhedsbrugsanmodning</td></tr><tr><td>DeviceUseStatement</td><td>Enhedsbrugsrapport</td></tr><tr><td>DiagnosticReport</td><td>Diagnosticeringsrapport</td></tr><tr><td>DocumentManifest</td><td>Dokumentsamling</td></tr><tr><td>DocumentReference</td><td>Dokumentsreference</td></tr><tr><td>DomainResource</td><td>Domæneressource</td></tr><tr><td>CoverageEligibilityRequest</td><td>Gyldighedsanmodning</td></tr><tr><td>CoverageEligibilityResponse</td><td>Gyldighedssvar</td></tr><tr><td>Encounter</td><td>Kontakt</td></tr><tr><td>Endpoint</td><td>Endepunkt</td></tr><tr><td>EnrollmentRequest</td><td>Tilmeldingsanmodning</td></tr><tr><td>EnrollmentResponse</td><td>Tilmeldingssvar</td></tr><tr><td>EpisodeOfCare</td><td>Forløb</td></tr><tr><td>ExplanationOfBenefit</td><td>Kravsudfald</td></tr><tr><td>FamilyMemberHistory</td><td>Familiemedlemshelbredshistorik</td></tr><tr><td>Flag</td><td>Flag</td></tr><tr><td>Goal</td><td>Mål</td></tr><tr><td>GraphDefinition</td><td>Grafdefinition</td></tr><tr><td>Group</td><td>Gruppe</td></tr><tr><td>GuidanceResponse</td><td>Vejledningssvar</td></tr><tr><td>HealthcareService</td><td>Sundhedsservice</td></tr><tr><td>Immunization</td><td>Immunisering</td></tr><tr><td>ImmunizationRecommendation</td><td>Immuniseringsanbefaling</td></tr><tr><td>ImplementationGuide</td><td>Implementationsguide</td></tr><tr><td>Library</td><td>Bibliotek</td></tr><tr><td>Linkage</td><td>Sammenkobling</td></tr><tr><td>List</td><td>Liste</td></tr><tr><td>Location</td><td>Lokation</td></tr><tr><td>Measure</td><td>Måling</td></tr><tr><td>MeasureReport</td><td>Målingsundersøgelse</td></tr><tr><td>Media</td><td>Medie</td></tr><tr><td>Medication</td><td>Medicin</td></tr><tr><td>MedicationAdministration</td><td>Medicinering</td></tr><tr><td>MedicationDispense</td><td>Dispensering</td></tr><tr><td>MedicationRequest</td><td>Medicineringsanmodning</td></tr><tr><td>MedicationStatement</td><td>Medicinerklæring</td></tr><tr><td>MessageDefinition</td><td>Beskeddefinition</td></tr><tr><td>MessageHeader</td><td>Brevhoved</td></tr><tr><td>NamingSystem</td><td>Navngivningssystem</td></tr><tr><td>NutritionOrder</td><td>Ernæringsbestilling</td></tr><tr><td>Observation</td><td>Observation</td></tr><tr><td>OperationDefinition</td><td>Operationsdefinition</td></tr><tr><td>OperationOutcome</td><td>Operationsudfald</td></tr><tr><td>Organization</td><td>Organisation</td></tr><tr><td>Parameters</td><td>Parametre</td></tr><tr><td>Patient</td><td>Patient</td></tr><tr><td>PaymentNotice</td><td>Betalingsstatus</td></tr><tr><td>PaymentReconciliation</td><td>Betalingsafstemning</td></tr><tr><td>Person</td><td>Person</td></tr><tr><td>PlanDefinition</td><td>Plandefinition</td></tr><tr><td>Practitioner</td><td>Sundhedsperson</td></tr><tr><td>PractitionerRole</td><td>Sundhedsrolle</td></tr><tr><td>Procedure</td><td>Procedure</td></tr><tr><td>ServiceRequest</td><td>Procedureanmodning</td></tr><tr><td>Provenance</td><td>Oprindelse</td></tr><tr><td>Questionnaire</td><td>Spørgeskema</td></tr><tr><td>QuestionnaireResponse</td><td>Spørgeskemasvar</td></tr><tr><td>RelatedPerson</td><td>Pårørende</td></tr><tr><td>RequestGroup</td><td>Anmodningsgruppe</td></tr><tr><td>ResearchStudy</td><td>Forskningsundersøgelse</td></tr><tr><td>ResearchSubject</td><td>Forskningsemne</td></tr><tr><td>Resource</td><td>Ressource</td></tr><tr><td>RiskAssessment</td><td>Risikovurdering</td></tr><tr><td>Schedule</td><td>Tidsplan</td></tr><tr><td>SearchParameter</td><td>Søgeparameter</td></tr><tr><td>MolecularSequence</td><td>Sekvens</td></tr><tr><td>Slot</td><td>Tidsvindue</td></tr><tr><td>Specimen</td><td>Prøve</td></tr><tr><td>StructureDefinition</td><td>Strukturdefinition</td></tr><tr><td>StructureMap</td><td>Strukturkortlægning</td></tr><tr><td>Subscription</td><td>Abonnement</td></tr><tr><td>Substance</td><td>Stof</td></tr><tr><td>SupplyDelivery</td><td>Forsyningslevering</td></tr><tr><td>SupplyRequest</td><td>Forsyningsanmodning</td></tr><tr><td>Task</td><td>Opgave</td></tr><tr><td>TestReport</td><td>Testrapport</td></tr><tr><td>TestScript</td><td>Testscript</td></tr><tr><td>ValueSet</td><td>Værdisæt</td></tr><tr><td>VisionPrescription</td><td>Synsrecept</td></tr></table></div>"},"url":"http://hl7.org/fhir/resource-types","version":"3.1.0","name":"ResourceType","status":"active","experimental":false,"date":"2021-10-27T13:27:27+00:00","publisher":"Den telemedicinske infrastruktur (eHealth Infrastructure)","contact":[{"name":"Den telemedicinske infrastruktur (eHealth Infrastructure)","telecom":[{"system":"url","value":"http://ehealth.sundhed.dk"}]}],"description":"One of the resource types defined as part of FHIR.","content":"supplement","supplements":"http://hl7.org/fhir/resource-types","concept":[{"code":"Account","display":"Account","definition":"A financial tool for tracking value accrued for a particular purpose.  In the healthcare field, used to track charges for a patient, cost centers, etc.","designation":[{"language":"da","use":{"system":"http://snomed.info/sct","code":"900000000000013009"},"value":"Konto"}]},{"code":"ActivityDefinition","display":"ActivityDefinition","definition":"This resource allows for the definition of some activity to be performed, independent of a particular patient, practitioner, or other performance context.","designation":[{"language":"da","use":{"system":"http://snomed.info/sct","code":"900000000000013009"},"value":"Aktivitetsdefinition"}]},{"code":"AdverseEvent","display":"AdverseEvent","definition":"Actual or  potential/avoided event causing unintended physical injury resulting from or contributed to by medical care, a research study or other healthcare setting factors that requires additional monitoring, treatment, or hospitalization, or that results in death.","designation":[{"language":"da","use":{"system":"http://snomed.info/sct","code":"900000000000013009"},"value":"Bivirkning"}]},{"code":"AllergyIntolerance","display":"AllergyIntolerance","definition":"Risk of harmful or undesirable, physiological response which is unique to an individual and associated with exposure to a substance.","designation":[{"language":"da","use":{"system":"http://snomed.info/sct","code":"900000000000013009"},"value":"Allergi / intolerance"}]},{"code":"Appointment","display":"Appointment","definition":"A booking of a healthcare event among patient(s), practitioner(s), related person(s) and/or device(s) for a specific date/time. This may result in one or more Encounter(s).","designation":[{"language":"da","use":{"system":"http://snomed.info/sct","code":"900000000000013009"},"value":"Aftale"}]},{"code":"AppointmentResponse","display":"AppointmentResponse","definition":"A reply to an appointment request for a patient and/or practitioner(s), such as a confirmation or rejection.","designation":[{"language":"da","use":{"system":"http://snomed.info/sct","code":"900000000000013009"},"value":"Aftalesvar"}]},{"code":"AuditEvent","display":"AuditEvent","definition":"A record of an event made for purposes of maintaining a security log. Typical uses include detection of intrusion attempts and monitoring for inappropriate usage.","designation":[{"language":"da","use":{"system":"http://snomed.info/sct","code":"900000000000013009"},"value":"Kontrolrapportering"}]},{"code":"Basic","display":"Basic","definition":"Basic is used for handling concepts not yet defined in FHIR, narrative-only resources that don't map to an existing resource, and custom resources not appropriate for inclusion in the FHIR specification.","designation":[{"language":"da","use":{"system":"http://snomed.info/sct","code":"900000000000013009"},"value":"Grundlæggende"}]},{"code":"Binary","display":"Binary","definition":"A binary resource can contain any content, whether text, image, pdf, zip archive, etc.","designation":[{"language":"da","use":{"system":"http://snomed.info/sct","code":"900000000000013009"},"value":"Binær"}]},{"code":"BodyStructure","display":"BodyStructure","definition":"Record details about the anatomical location of a specimen or body part.  This resource may be used when a coded concept does not provide the necessary detail needed for the use case.","designation":[{"language":"da","use":{"system":"http://snomed.info/sct","code":"900000000000013009"},"value":"Kropspunkt"}]},{"code":"Bundle","display":"Bundle","definition":"A container for a collection of resources.","designation":[{"language":"da","use":{"system":"http://snomed.info/sct","code":"900000000000013009"},"value":"Bundt"}]},{"code":"CapabilityStatement","display":"CapabilityStatement","definition":"A Capability Statement documents a set of capabilities (behaviors) of a FHIR Server that may be used as a statement of actual server functionality or a statement of required or desired server implementation.","designation":[{"language":"da","use":{"system":"http://snomed.info/sct","code":"900000000000013009"},"value":"Kapabilitetserklæring"}]},{"code":"CarePlan","display":"CarePlan","definition":"Describes the intention of how one or more practitioners intend to deliver care for a particular patient, group or community for a period of time, possibly limited to care for a specific condition or set of conditions.","designation":[{"language":"da","use":{"system":"http://snomed.info/sct","code":"900000000000013009"},"value":"Behandlingsplan"}]},{"code":"CareTeam","display":"CareTeam","definition":"The Care Team includes all the people and organizations who plan to participate in the coordination and delivery of care for a patient.","designation":[{"language":"da","use":{"system":"http://snomed.info/sct","code":"900000000000013009"},"value":"Behandlingsteam"}]},{"code":"ChargeItem","display":"ChargeItem","definition":"The resource ChargeItem describes the provision of healthcare provider products for a certain patient, therefore referring not only to the product, but containing in addition details of the provision, like date, time, amounts and participating organizations and persons. Main Usage of the ChargeItem is to enable the billing process and internal cost allocation.","designation":[{"language":"da","use":{"system":"http://snomed.info/sct","code":"900000000000013009"},"value":"Postering"}]},{"code":"Claim","display":"Claim","definition":"A provider issued list of services and products provided, or to be provided, to a patient which is provided to an insurer for payment recovery.","designation":[{"language":"da","use":{"system":"http://snomed.info/sct","code":"900000000000013009"},"value":"Krav"}]},{"code":"ClaimResponse","display":"ClaimResponse","definition":"This resource provides the adjudication details from the processing of a Claim resource.","designation":[{"language":"da","use":{"system":"http://snomed.info/sct","code":"900000000000013009"},"value":"Kravssvar"}]},{"code":"ClinicalImpression","display":"ClinicalImpression","definition":"A record of a clinical assessment performed to determine what problem(s) may affect the patient and before planning the treatments or management strategies that are best to manage a patient's condition. Assessments are often 1:1 with a clinical consultation / encounter,  but this varies greatly depending on the clinical workflow. This resource is called \"ClinicalImpression\" rather than \"ClinicalAssessment\" to avoid confusion with the recording of assessment tools such as Apgar score.","designation":[{"language":"da","use":{"system":"http://snomed.info/sct","code":"900000000000013009"},"value":"Klinisk vurdering"}]},{"code":"CodeSystem","display":"CodeSystem","definition":"A code system resource specifies a set of codes drawn from one or more code systems.","designation":[{"language":"da","use":{"system":"http://snomed.info/sct","code":"900000000000013009"},"value":"Kodesystem"}]},{"code":"Communication","display":"Communication","definition":"An occurrence of information being transmitted; e.g. an alert that was sent to a responsible provider, a public health agency was notified about a reportable condition.","designation":[{"language":"da","use":{"system":"http://snomed.info/sct","code":"900000000000013009"},"value":"Meddelelse"}]},{"code":"CommunicationRequest","display":"CommunicationRequest","definition":"A request to convey information; e.g. the CDS system proposes that an alert be sent to a responsible provider, the CDS system proposes that the public health agency be notified about a reportable condition.","designation":[{"language":"da","use":{"system":"http://snomed.info/sct","code":"900000000000013009"},"value":"Kommunikationsanmodning"}]},{"code":"CompartmentDefinition","display":"CompartmentDefinition","definition":"A compartment definition that defines how resources are accessed on a server.","designation":[{"language":"da","use":{"system":"http://snomed.info/sct","code":"900000000000013009"},"value":"Rumdefinition"}]},{"code":"Composition","display":"Composition","definition":"A set of healthcare-related information that is assembled together into a single logical document that provides a single coherent statement of meaning, establishes its own context and that has clinical attestation with regard to who is making the statement. While a Composition defines the structure, it does not actually contain the content: rather the full content of a document is contained in a Bundle, of which the Composition is the first resource contained.","designation":[{"language":"da","use":{"system":"http://snomed.info/sct","code":"900000000000013009"},"value":"Sammensætning"}]},{"code":"ConceptMap","display":"ConceptMap","definition":"A statement of relationships from one set of concepts to one or more other concepts - either code systems or data elements, or classes in class models.","designation":[{"language":"da","use":{"system":"http://snomed.info/sct","code":"900000000000013009"},"value":"Konceptkortlægning"}]},{"code":"Condition","display":"Condition","definition":"A clinical condition, problem, diagnosis, or other event, situation, issue, or clinical concept that has risen to a level of concern.","designation":[{"language":"da","use":{"system":"http://snomed.info/sct","code":"900000000000013009"},"value":"Tilstand"}]},{"code":"Consent","display":"Consent","definition":"A record of a healthcare consumer’s policy choices, which permits or denies identified recipient(s) or recipient role(s) to perform one or more actions within a given policy context, for specific purposes and periods of time.","designation":[{"language":"da","use":{"system":"http://snomed.info/sct","code":"900000000000013009"},"value":"Samtykke"}]},{"code":"Contract","display":"Contract","definition":"A formal agreement between parties regarding the conduct of business, exchange of information or other matters.","designation":[{"language":"da","use":{"system":"http://snomed.info/sct","code":"900000000000013009"},"value":"Kontrakt"}]},{"code":"Coverage","display":"Coverage","definition":"Financial instrument which may be used to reimburse or pay for health care products and services.","designation":[{"language":"da","use":{"system":"http://snomed.info/sct","code":"900000000000013009"},"value":"Dækning"}]},{"code":"DetectedIssue","display":"DetectedIssue","definition":"Indicates an actual or potential clinical issue with or between one or more active or proposed clinical actions for a patient; e.g. Drug-drug interaction, Ineffective treatment frequency, Procedure-condition conflict, etc.","designation":[{"language":"da","use":{"system":"http://snomed.info/sct","code":"900000000000013009"},"value":"Registreret problem"}]},{"code":"Device","display":"Device","definition":"This resource identifies an instance or a type of a manufactured item that is used in the provision of healthcare without being substantially changed through that activity. The device may be a medical or non-medical device.  Medical devices include durable (reusable) medical equipment, implantable devices, as well as disposable equipment used for diagnostic, treatment, and research for healthcare and public health.  Non-medical devices may include items such as a machine, cellphone, computer, application, etc.","designation":[{"language":"da","use":{"system":"http://snomed.info/sct","code":"900000000000013009"},"value":"Enhed"}]},{"code":"DeviceDefinition","display":"DeviceDefinition","definition":"The characteristics, operational status and capabilities of a medical-related component of a medical device.","designation":[{"language":"da","use":{"system":"http://snomed.info/sct","code":"900000000000013009"},"value":"Enhedskomponent"}]},{"code":"DeviceMetric","display":"DeviceMetric","definition":"Describes a measurement, calculation or setting capability of a medical device.","designation":[{"language":"da","use":{"system":"http://snomed.info/sct","code":"900000000000013009"},"value":"Enhedsfunktion"}]},{"code":"DeviceRequest","display":"DeviceRequest","definition":"Represents a request for a patient to employ a medical device. The device may be an implantable device, or an external assistive device, such as a walker.","designation":[{"language":"da","use":{"system":"http://snomed.info/sct","code":"900000000000013009"},"value":"Enhedsbrugsanmodning"}]},{"code":"DeviceUseStatement","display":"DeviceUseStatement","definition":"A record of a device being used by a patient where the record is the result of a report from the patient or another clinician.","designation":[{"language":"da","use":{"system":"http://snomed.info/sct","code":"900000000000013009"},"value":"Enhedsbrugsrapport"}]},{"code":"DiagnosticReport","display":"DiagnosticReport","definition":"The findings and interpretation of diagnostic  tests performed on patients, groups of patients, devices, and locations, and/or specimens derived from these. The report includes clinical context such as requesting and provider information, and some mix of atomic results, images, textual and coded interpretations, and formatted representation of diagnostic reports.","designation":[{"language":"da","use":{"system":"http://snomed.info/sct","code":"900000000000013009"},"value":"Diagnosticeringsrapport"}]},{"code":"DocumentManifest","display":"DocumentManifest","definition":"A collection of documents compiled for a purpose together with metadata that applies to the collection.","designation":[{"language":"da","use":{"system":"http://snomed.info/sct","code":"900000000000013009"},"value":"Dokumentsamling"}]},{"code":"DocumentReference","display":"DocumentReference","definition":"A reference to a document.","designation":[{"language":"da","use":{"system":"http://snomed.info/sct","code":"900000000000013009"},"value":"Dokumentsreference"}]},{"code":"DomainResource","display":"DomainResource","definition":"A resource that includes narrative, extensions, and contained resources.","designation":[{"language":"da","use":{"system":"http://snomed.info/sct","code":"900000000000013009"},"value":"Domæneressource"}]},{"code":"CoverageEligibilityRequest","display":"CoverageEligibilityRequest","definition":"The CoverageEligibilityRequest provides patient and insurance coverage information to an insurer for them to respond, in the form of an CoverageEligibilityResponse, with information regarding whether the stated coverage is valid and in-force and optionally to provide the insurance details of the policy.","designation":[{"language":"da","use":{"system":"http://snomed.info/sct","code":"900000000000013009"},"value":"Gyldighedsanmodning"}]},{"code":"CoverageEligibilityResponse","display":"CoverageEligibilityResponse","definition":"This resource provides eligibility and plan details from the processing of an CoverageEligibilityRequest resource.","designation":[{"language":"da","use":{"system":"http://snomed.info/sct","code":"900000000000013009"},"value":"Gyldighedssvar"}]},{"code":"Encounter","display":"Encounter","definition":"An interaction between a patient and healthcare provider(s) for the purpose of providing healthcare service(s) or assessing the health status of a patient.","designation":[{"language":"da","use":{"system":"http://snomed.info/sct","code":"900000000000013009"},"value":"Kontakt"}]},{"code":"Endpoint","display":"Endpoint","definition":"The technical details of an endpoint that can be used for electronic services, such as for web services providing XDS.b or a REST endpoint for another FHIR server. This may include any security context information.","designation":[{"language":"da","use":{"system":"http://snomed.info/sct","code":"900000000000013009"},"value":"Endepunkt"}]},{"code":"EnrollmentRequest","display":"EnrollmentRequest","definition":"This resource provides the insurance enrollment details to the insurer regarding a specified coverage.","designation":[{"language":"da","use":{"system":"http://snomed.info/sct","code":"900000000000013009"},"value":"Tilmeldingsanmodning"}]},{"code":"EnrollmentResponse","display":"EnrollmentResponse","definition":"This resource provides enrollment and plan details from the processing of an Enrollment resource.","designation":[{"language":"da","use":{"system":"http://snomed.info/sct","code":"900000000000013009"},"value":"Tilmeldingssvar"}]},{"code":"EpisodeOfCare","display":"EpisodeOfCare","definition":"An association between a patient and an organization / healthcare provider(s) during which time encounters may occur. The managing organization assumes a level of responsibility for the patient during this time.","designation":[{"language":"da","use":{"system":"http://snomed.info/sct","code":"900000000000013009"},"value":"Forløb"}]},{"code":"ExplanationOfBenefit","display":"ExplanationOfBenefit","definition":"This resource provides: the claim details; adjudication details from the processing of a Claim; and optionally account balance information, for informing the subscriber of the benefits provided.","designation":[{"language":"da","use":{"system":"http://snomed.info/sct","code":"900000000000013009"},"value":"Kravsudfald"}]},{"code":"FamilyMemberHistory","display":"FamilyMemberHistory","definition":"Significant health events and conditions for a person related to the patient relevant in the context of care for the patient.","designation":[{"language":"da","use":{"system":"http://snomed.info/sct","code":"900000000000013009"},"value":"Familiemedlemshelbredshistorik"}]},{"code":"Flag","display":"Flag","definition":"Prospective warnings of potential issues when providing care to the patient.","designation":[{"language":"da","use":{"system":"http://snomed.info/sct","code":"900000000000013009"},"value":"Flag"}]},{"code":"Goal","display":"Goal","definition":"Describes the intended objective(s) for a patient, group or organization care, for example, weight loss, restoring an activity of daily living, obtaining herd immunity via immunization, meeting a process improvement objective, etc.","designation":[{"language":"da","use":{"system":"http://snomed.info/sct","code":"900000000000013009"},"value":"Mål"}]},{"code":"GraphDefinition","display":"GraphDefinition","definition":"A formal computable definition of a graph of resources - that is, a coherent set of resources that form a graph by following references. The Graph Definition resource defines a set and makes rules about the set.","designation":[{"language":"da","use":{"system":"http://snomed.info/sct","code":"900000000000013009"},"value":"Grafdefinition"}]},{"code":"Group","display":"Group","definition":"Represents a defined collection of entities that may be discussed or acted upon collectively but which are not expected to act collectively and are not formally or legally recognized; i.e. a collection of entities that isn't an Organization.","designation":[{"language":"da","use":{"system":"http://snomed.info/sct","code":"900000000000013009"},"value":"Gruppe"}]},{"code":"GuidanceResponse","display":"GuidanceResponse","definition":"A guidance response is the formal response to a guidance request, including any output parameters returned by the evaluation, as well as the description of any proposed actions to be taken.","designation":[{"language":"da","use":{"system":"http://snomed.info/sct","code":"900000000000013009"},"value":"Vejledningssvar"}]},{"code":"HealthcareService","display":"HealthcareService","definition":"The details of a healthcare service available at a location.","designation":[{"language":"da","use":{"system":"http://snomed.info/sct","code":"900000000000013009"},"value":"Sundhedsservice"}]},{"code":"Immunization","display":"Immunization","definition":"Describes the event of a patient being administered a vaccination or a record of a vaccination as reported by a patient, a clinician or another party and may include vaccine reaction information and what vaccination protocol was followed.","designation":[{"language":"da","use":{"system":"http://snomed.info/sct","code":"900000000000013009"},"value":"Immunisering"}]},{"code":"ImmunizationRecommendation","display":"ImmunizationRecommendation","definition":"A patient's point-in-time immunization and recommendation (i.e. forecasting a patient's immunization eligibility according to a published schedule) with optional supporting justification.","designation":[{"language":"da","use":{"system":"http://snomed.info/sct","code":"900000000000013009"},"value":"Immuniseringsanbefaling"}]},{"code":"ImplementationGuide","display":"ImplementationGuide","definition":"A set of rules of how FHIR is used to solve a particular problem. This resource is used to gather all the parts of an implementation guide into a logical whole and to publish a computable definition of all the parts.","designation":[{"language":"da","use":{"system":"http://snomed.info/sct","code":"900000000000013009"},"value":"Implementationsguide"}]},{"code":"Library","display":"Library","definition":"The Library resource is a general-purpose container for knowledge asset definitions. It can be used to describe and expose existing knowledge assets such as logic libraries and information model descriptions, as well as to describe a collection of knowledge assets.","designation":[{"language":"da","use":{"system":"http://snomed.info/sct","code":"900000000000013009"},"value":"Bibliotek"}]},{"code":"Linkage","display":"Linkage","definition":"Identifies two or more records (resource instances) that are referring to the same real-world \"occurrence\".","designation":[{"language":"da","use":{"system":"http://snomed.info/sct","code":"900000000000013009"},"value":"Sammenkobling"}]},{"code":"List","display":"List","definition":"A set of information summarized from a list of other resources.","designation":[{"language":"da","use":{"system":"http://snomed.info/sct","code":"900000000000013009"},"value":"Liste"}]},{"code":"Location","display":"Location","definition":"Details and position information for a physical place where services are provided  and resources and participants may be stored, found, contained or accommodated.","designation":[{"language":"da","use":{"system":"http://snomed.info/sct","code":"900000000000013009"},"value":"Lokation"}]},{"code":"Measure","display":"Measure","definition":"The Measure resource provides the definition of a quality measure.","designation":[{"language":"da","use":{"system":"http://snomed.info/sct","code":"900000000000013009"},"value":"Måling"}]},{"code":"MeasureReport","display":"MeasureReport","definition":"The MeasureReport resource contains the results of evaluating a measure.","designation":[{"language":"da","use":{"system":"http://snomed.info/sct","code":"900000000000013009"},"value":"Målingsundersøgelse"}]},{"code":"Media","display":"Media","definition":"A photo, video, or audio recording acquired or used in healthcare. The actual content may be inline or provided by direct reference.","designation":[{"language":"da","use":{"system":"http://snomed.info/sct","code":"900000000000013009"},"value":"Medie"}]},{"code":"Medication","display":"Medication","definition":"This resource is primarily used for the identification and definition of a medication. It covers the ingredients and the packaging for a medication.","designation":[{"language":"da","use":{"system":"http://snomed.info/sct","code":"900000000000013009"},"value":"Medicin"}]},{"code":"MedicationAdministration","display":"MedicationAdministration","definition":"Describes the event of a patient consuming or otherwise being administered a medication.  This may be as simple as swallowing a tablet or it may be a long running infusion.  Related resources tie this event to the authorizing prescription, and the specific encounter between patient and health care practitioner.","designation":[{"language":"da","use":{"system":"http://snomed.info/sct","code":"900000000000013009"},"value":"Medicinering"}]},{"code":"MedicationDispense","display":"MedicationDispense","definition":"Indicates that a medication product is to be or has been dispensed for a named person/patient.  This includes a description of the medication product (supply) provided and the instructions for administering the medication.  The medication dispense is the result of a pharmacy system responding to a medication order.","designation":[{"language":"da","use":{"system":"http://snomed.info/sct","code":"900000000000013009"},"value":"Dispensering"}]},{"code":"MedicationRequest","display":"MedicationRequest","definition":"An order or request for both supply of the medication and the instructions for administration of the medication to a patient. The resource is called \"MedicationRequest\" rather than \"MedicationPrescription\" or \"MedicationOrder\" to generalize the use across inpatient and outpatient settings, including care plans, etc., and to harmonize with workflow patterns.","designation":[{"language":"da","use":{"system":"http://snomed.info/sct","code":"900000000000013009"},"value":"Medicineringsanmodning"}]},{"code":"MedicationStatement","display":"MedicationStatement","definition":"A record of a medication that is being consumed by a patient.   A MedicationStatement may indicate that the patient may be taking the medication now, or has taken the medication in the past or will be taking the medication in the future.  The source of this information can be the patient, significant other (such as a family member or spouse), or a clinician.  A common scenario where this information is captured is during the history taking process during a patient visit or stay.   The medication information may come from sources such as the patient's memory, from a prescription bottle,  or from a list of medications the patient, clinician or other party maintains   The primary difference between a medication statement and a medication administration is that the medication administration has complete administration information and is based on actual administration information from the person who administered the medication.  A medication statement is often, if not always, less specific.  There is no required date/time when the medication was administered, in fact we only know that a source has reported the patient is taking this medication, where details such as time, quantity, or rate or even medication product may be incomplete or missing or less precise.  As stated earlier, the medication statement information may come from the patient's memory, from a prescription bottle or from a list of medications the patient, clinician or other party maintains.  Medication administration is more formal and is not missing detailed information.","designation":[{"language":"da","use":{"system":"http://snomed.info/sct","code":"900000000000013009"},"value":"Medicinerklæring"}]},{"code":"MessageDefinition","display":"MessageDefinition","definition":"Defines the characteristics of a message that can be shared between systems, including the type of event that initiates the message, the content to be transmitted and what response(s), if any, are permitted.","designation":[{"language":"da","use":{"system":"http://snomed.info/sct","code":"900000000000013009"},"value":"Beskeddefinition"}]},{"code":"MessageHeader","display":"MessageHeader","definition":"The header for a message exchange that is either requesting or responding to an action.  The reference(s) that are the subject of the action as well as other information related to the action are typically transmitted in a bundle in which the MessageHeader resource instance is the first resource in the bundle.","designation":[{"language":"da","use":{"system":"http://snomed.info/sct","code":"900000000000013009"},"value":"Brevhoved"}]},{"code":"NamingSystem","display":"NamingSystem","definition":"A curated namespace that issues unique symbols within that namespace for the identification of concepts, people, devices, etc.  Represents a \"System\" used within the Identifier and Coding data types.","designation":[{"language":"da","use":{"system":"http://snomed.info/sct","code":"900000000000013009"},"value":"Navngivningssystem"}]},{"code":"NutritionOrder","display":"NutritionOrder","definition":"A request to supply a diet, formula feeding (enteral) or oral nutritional supplement to a patient/resident.","designation":[{"language":"da","use":{"system":"http://snomed.info/sct","code":"900000000000013009"},"value":"Ernæringsbestilling"}]},{"code":"Observation","display":"Observation","definition":"Measurements and simple assertions made about a patient, device or other subject.","designation":[{"language":"da","use":{"system":"http://snomed.info/sct","code":"900000000000013009"},"value":"Observation"}]},{"code":"OperationDefinition","display":"OperationDefinition","definition":"A formal computable definition of an operation (on the RESTful interface) or a named query (using the search interaction).","designation":[{"language":"da","use":{"system":"http://snomed.info/sct","code":"900000000000013009"},"value":"Operationsdefinition"}]},{"code":"OperationOutcome","display":"OperationOutcome","definition":"A collection of error, warning or information messages that result from a system action.","designation":[{"language":"da","use":{"system":"http://snomed.info/sct","code":"900000000000013009"},"value":"Operationsudfald"}]},{"code":"Organization","display":"Organization","definition":"A formally or informally recognized grouping of people or organizations formed for the purpose of achieving some form of collective action.  Includes companies, institutions, corporations, departments, community groups, healthcare practice groups, etc.","designation":[{"language":"da","use":{"system":"http://snomed.info/sct","code":"900000000000013009"},"value":"Organisation"}]},{"code":"Parameters","display":"Parameters","definition":"This special resource type is used to represent an operation request and response (operations.html). It has no other use, and there is no RESTful endpoint associated with it.","designation":[{"language":"da","use":{"system":"http://snomed.info/sct","code":"900000000000013009"},"value":"Parametre"}]},{"code":"Patient","display":"Patient","definition":"Demographics and other administrative information about an individual or animal receiving care or other health-related services.","designation":[{"language":"da","use":{"system":"http://snomed.info/sct","code":"900000000000013009"},"value":"Patient"}]},{"code":"PaymentNotice","display":"PaymentNotice","definition":"This resource provides the status of the payment for goods and services rendered, and the request and response resource references.","designation":[{"language":"da","use":{"system":"http://snomed.info/sct","code":"900000000000013009"},"value":"Betalingsstatus"}]},{"code":"PaymentReconciliation","display":"PaymentReconciliation","definition":"This resource provides payment details and claim references supporting a bulk payment.","designation":[{"language":"da","use":{"system":"http://snomed.info/sct","code":"900000000000013009"},"value":"Betalingsafstemning"}]},{"code":"Person","display":"Person","definition":"Demographics and administrative information about a person independent of a specific health-related context.","designation":[{"language":"da","use":{"system":"http://snomed.info/sct","code":"900000000000013009"},"value":"Person"}]},{"code":"PlanDefinition","display":"PlanDefinition","definition":"This resource allows for the definition of various types of plans as a sharable, consumable, and executable artifact. The resource is general enough to support the description of a broad range of clinical artifacts such as clinical decision support rules, order sets and protocols.","designation":[{"language":"da","use":{"system":"http://snomed.info/sct","code":"900000000000013009"},"value":"Plandefinition"}]},{"code":"Practitioner","display":"Practitioner","definition":"A person who is directly or indirectly involved in the provisioning of healthcare.","designation":[{"language":"da","use":{"system":"http://snomed.info/sct","code":"900000000000013009"},"value":"Sundhedsperson"}]},{"code":"PractitionerRole","display":"PractitionerRole","definition":"A specific set of Roles/Locations/specialties/services that a practitioner may perform at an organization for a period of time.","designation":[{"language":"da","use":{"system":"http://snomed.info/sct","code":"900000000000013009"},"value":"Sundhedsrolle"}]},{"code":"Procedure","display":"Procedure","definition":"An action that is or was performed on a patient. This can be a physical intervention like an operation, or less invasive like counseling or hypnotherapy.","designation":[{"language":"da","use":{"system":"http://snomed.info/sct","code":"900000000000013009"},"value":"Procedure"}]},{"code":"ServiceRequest","display":"ServiceRequest","definition":"A record of a request for service such as diagnostic investigations, treatments, or operations to be performed.","designation":[{"language":"da","use":{"system":"http://snomed.info/sct","code":"900000000000013009"},"value":"Procedureanmodning"}]},{"code":"Provenance","display":"Provenance","definition":"Provenance of a resource is a record that describes entities and processes involved in producing and delivering or otherwise influencing that resource. Provenance provides a critical foundation for assessing authenticity, enabling trust, and allowing reproducibility. Provenance assertions are a form of contextual metadata and can themselves become important records with their own provenance. Provenance statement indicates clinical significance in terms of confidence in authenticity, reliability, and trustworthiness, integrity, and stage in lifecycle (e.g. Document Completion - has the artifact been legally authenticated), all of which may impact security, privacy, and trust policies.","designation":[{"language":"da","use":{"system":"http://snomed.info/sct","code":"900000000000013009"},"value":"Oprindelse"}]},{"code":"Questionnaire","display":"Questionnaire","definition":"A structured set of questions intended to guide the collection of answers from end-users. Questionnaires provide detailed control over order, presentation, phraseology and grouping to allow coherent, consistent data collection.","designation":[{"language":"da","use":{"system":"http://snomed.info/sct","code":"900000000000013009"},"value":"Spørgeskema"}]},{"code":"QuestionnaireResponse","display":"QuestionnaireResponse","definition":"A structured set of questions and their answers. The questions are ordered and grouped into coherent subsets, corresponding to the structure of the grouping of the questionnaire being responded to.","designation":[{"language":"da","use":{"system":"http://snomed.info/sct","code":"900000000000013009"},"value":"Spørgeskemasvar"}]},{"code":"RelatedPerson","display":"RelatedPerson","definition":"Information about a person that is involved in the care for a patient, but who is not the target of healthcare, nor has a formal responsibility in the care process.","designation":[{"language":"da","use":{"system":"http://snomed.info/sct","code":"900000000000013009"},"value":"Pårørende"}]},{"code":"RequestGroup","display":"RequestGroup","definition":"A group of related requests that can be used to capture intended activities that have inter-dependencies such as \"give this medication after that one\".","designation":[{"language":"da","use":{"system":"http://snomed.info/sct","code":"900000000000013009"},"value":"Anmodningsgruppe"}]},{"code":"ResearchStudy","display":"ResearchStudy","definition":"A process where a researcher or organization plans and then executes a series of steps intended to increase the field of healthcare-related knowledge.  This includes studies of safety, efficacy, comparative effectiveness and other information about medications, devices, therapies and other interventional and investigative techniques.  A ResearchStudy involves the gathering of information about human or animal subjects.","designation":[{"language":"da","use":{"system":"http://snomed.info/sct","code":"900000000000013009"},"value":"Forskningsundersøgelse"}]},{"code":"ResearchSubject","display":"ResearchSubject","definition":"A process where a researcher or organization plans and then executes a series of steps intended to increase the field of healthcare-related knowledge.  This includes studies of safety, efficacy, comparative effectiveness and other information about medications, devices, therapies and other interventional and investigative techniques.  A ResearchStudy involves the gathering of information about human or animal subjects.","designation":[{"language":"da","use":{"system":"http://snomed.info/sct","code":"900000000000013009"},"value":"Forskningsemne"}]},{"code":"Resource","display":"Resource","definition":"This is the base resource type for everything.","designation":[{"language":"da","use":{"system":"http://snomed.info/sct","code":"900000000000013009"},"value":"Ressource"}]},{"code":"RiskAssessment","display":"RiskAssessment","definition":"An assessment of the likely outcome(s) for a patient or other subject as well as the likelihood of each outcome.","designation":[{"language":"da","use":{"system":"http://snomed.info/sct","code":"900000000000013009"},"value":"Risikovurdering"}]},{"code":"Schedule","display":"Schedule","definition":"A container for slots of time that may be available for booking appointments.","designation":[{"language":"da","use":{"system":"http://snomed.info/sct","code":"900000000000013009"},"value":"Tidsplan"}]},{"code":"SearchParameter","display":"SearchParameter","definition":"A search parameter that defines a named search item that can be used to search/filter on a resource.","designation":[{"language":"da","use":{"system":"http://snomed.info/sct","code":"900000000000013009"},"value":"Søgeparameter"}]},{"code":"MolecularSequence","display":"MolecularSequence","definition":"Raw data describing a biological sequence.","designation":[{"language":"da","use":{"system":"http://snomed.info/sct","code":"900000000000013009"},"value":"Sekvens"}]},{"code":"Slot","display":"Slot","definition":"A slot of time on a schedule that may be available for booking appointments.","designation":[{"language":"da","use":{"system":"http://snomed.info/sct","code":"900000000000013009"},"value":"Tidsvindue"}]},{"code":"Specimen","display":"Specimen","definition":"A sample to be used for analysis.","designation":[{"language":"da","use":{"system":"http://snomed.info/sct","code":"900000000000013009"},"value":"Prøve"}]},{"code":"StructureDefinition","display":"StructureDefinition","definition":"A definition of a FHIR structure. This resource is used to describe the underlying resources, data types defined in FHIR, and also for describing extensions and constraints on resources and data types.","designation":[{"language":"da","use":{"system":"http://snomed.info/sct","code":"900000000000013009"},"value":"Strukturdefinition"}]},{"code":"StructureMap","display":"StructureMap","definition":"A Map of relationships between 2 structures that can be used to transform data.","designation":[{"language":"da","use":{"system":"http://snomed.info/sct","code":"900000000000013009"},"value":"Strukturkortlægning"}]},{"code":"Subscription","display":"Subscription","definition":"The subscription resource is used to define a push based subscription from a server to another system. Once a subscription is registered with the server, the server checks every resource that is created or updated, and if the resource matches the given criteria, it sends a message on the defined \"channel\" so that another system is able to take an appropriate action.","designation":[{"language":"da","use":{"system":"http://snomed.info/sct","code":"900000000000013009"},"value":"Abonnement"}]},{"code":"Substance","display":"Substance","definition":"A homogeneous material with a definite composition.","designation":[{"language":"da","use":{"system":"http://snomed.info/sct","code":"900000000000013009"},"value":"Stof"}]},{"code":"SupplyDelivery","display":"SupplyDelivery","definition":"Record of delivery of what is supplied.","designation":[{"language":"da","use":{"system":"http://snomed.info/sct","code":"900000000000013009"},"value":"Forsyningslevering"}]},{"code":"SupplyRequest","display":"SupplyRequest","definition":"A record of a request for a medication, substance or device used in the healthcare setting.","designation":[{"language":"da","use":{"system":"http://snomed.info/sct","code":"900000000000013009"},"value":"Forsyningsanmodning"}]},{"code":"Task","display":"Task","definition":"A task to be performed.","designation":[{"language":"da","use":{"system":"http://snomed.info/sct","code":"900000000000013009"},"value":"Opgave"}]},{"code":"TestReport","display":"TestReport","definition":"A summary of information based on the results of executing a TestScript.","designation":[{"language":"da","use":{"system":"http://snomed.info/sct","code":"900000000000013009"},"value":"Testrapport"}]},{"code":"TestScript","display":"TestScript","definition":"A structured set of tests against a FHIR server implementation to determine compliance against the FHIR specification.","designation":[{"language":"da","use":{"system":"http://snomed.info/sct","code":"900000000000013009"},"value":"Testscript"}]},{"code":"ValueSet","display":"ValueSet","definition":"A value set specifies a set of codes drawn from one or more code systems.","designation":[{"language":"da","use":{"system":"http://snomed.info/sct","code":"900000000000013009"},"value":"Værdisæt"}]},{"code":"VisionPrescription","display":"VisionPrescription","definition":"An authorization for the supply of glasses and/or contact lenses to a patient.","designation":[{"language":"da","use":{"system":"http://snomed.info/sct","code":"900000000000013009"},"value":"Synsrecept"}]}]}