{"resourceType":"CodeSystem","id":"hl7.org-fhir-consent-state-codes","text":{"status":"generated","div":"<div xmlns=\"http://www.w3.org/1999/xhtml\"><p/><table class=\"codes\"><tr><td style=\"white-space:nowrap\"><b>Code</b></td><td><b>Display</b></td><td><b>Definition</b></td></tr><tr><td style=\"white-space:nowrap\">draft<a name=\"consent-state-codes-dk-supplement-draft\"> </a></td><td>Pending</td><td>The consent is in development or awaiting use but is not yet intended to be acted upon.</td></tr><tr><td style=\"white-space:nowrap\">proposed<a name=\"consent-state-codes-dk-supplement-proposed\"> </a></td><td>Proposed</td><td>The consent has been proposed but not yet agreed to by all parties. The negotiation stage.</td></tr><tr><td style=\"white-space:nowrap\">active<a name=\"consent-state-codes-dk-supplement-active\"> </a></td><td>Active</td><td>The consent is to be followed and enforced.</td></tr><tr><td style=\"white-space:nowrap\">rejected<a name=\"consent-state-codes-dk-supplement-rejected\"> </a></td><td>Rejected</td><td>The consent has been rejected by one or more of the parties.</td></tr><tr><td style=\"white-space:nowrap\">inactive<a name=\"consent-state-codes-dk-supplement-inactive\"> </a></td><td>Inactive</td><td>The consent is terminated or replaced.</td></tr><tr><td style=\"white-space:nowrap\">entered-in-error<a name=\"consent-state-codes-dk-supplement-entered-in-error\"> </a></td><td>Entered in Error</td><td>The consent was created wrongly (e.g. wrong patient) and should be ignored</td></tr></table><p><b>Additional Language Displays</b></p><table class=\"codes\"><tr><td><b>Code</b></td><td><b>Dansk (Danish, da)</b></td></tr><tr><td>draft</td><td>Under udarbejdelse</td></tr><tr><td>proposed</td><td>Forslag</td></tr><tr><td>active</td><td>Aktiv</td></tr><tr><td>rejected</td><td>Afvist</td></tr><tr><td>inactive</td><td>Inaktiv</td></tr><tr><td>entered-in-error</td><td>Fejlindtastning</td></tr></table></div>"},"url":"http://hl7.org/fhir/consent-state-codes","version":"3.1.0","name":"ConsentState","status":"active","experimental":false,"date":"2021-10-27T13:27:27+00:00","publisher":"Den telemedicinske infrastruktur (eHealth Infrastructure)","contact":[{"name":"Den telemedicinske infrastruktur (eHealth Infrastructure)","telecom":[{"system":"url","value":"http://ehealth.sundhed.dk"}]}],"description":"Indicates the state of the consent","content":"supplement","supplements":"http://hl7.org/fhir/consent-state-codes","concept":[{"code":"draft","display":"Pending","definition":"The consent is in development or awaiting use but is not yet intended to be acted upon.","designation":[{"language":"da","use":{"system":"http://snomed.info/sct","code":"900000000000013009"},"value":"Under udarbejdelse"}]},{"code":"proposed","display":"Proposed","definition":"The consent has been proposed but not yet agreed to by all parties. The negotiation stage.","designation":[{"language":"da","use":{"system":"http://snomed.info/sct","code":"900000000000013009"},"value":"Forslag"}]},{"code":"active","display":"Active","definition":"The consent is to be followed and enforced.","designation":[{"language":"da","use":{"system":"http://snomed.info/sct","code":"900000000000013009"},"value":"Aktiv"}]},{"code":"rejected","display":"Rejected","definition":"The consent has been rejected by one or more of the parties.","designation":[{"language":"da","use":{"system":"http://snomed.info/sct","code":"900000000000013009"},"value":"Afvist"}]},{"code":"inactive","display":"Inactive","definition":"The consent is terminated or replaced.","designation":[{"language":"da","use":{"system":"http://snomed.info/sct","code":"900000000000013009"},"value":"Inaktiv"}]},{"code":"entered-in-error","display":"Entered in Error","definition":"The consent was created wrongly (e.g. wrong patient) and should be ignored","designation":[{"language":"da","use":{"system":"http://snomed.info/sct","code":"900000000000013009"},"value":"Fejlindtastning"}]}]}