{"resourceType":"CodeSystem","id":"fs3-citizen-performance-scores","text":{"status":"generated","div":"<div xmlns=\"http://www.w3.org/1999/xhtml\"><p class=\"res-header-id\"><b>Generated Narrative: CodeSystem fs3-citizen-performance-scores</b></p><a name=\"fs3-citizen-performance-scores\"> </a><a name=\"hcfs3-citizen-performance-scores\"> </a><a name=\"hcfs3-citizen-performance-scores-en-US\"> </a><p>This  code system <code>http://ehealth.sundhed.dk/cs/fs3-citizen-performance-scores</code> defines the following codes:</p><table class=\"codes\"><tr><td style=\"white-space:nowrap\"><b>Code</b></td><td><b>Display</b></td><td><b>Dansk (Danish, da)</b></td></tr><tr><td style=\"white-space:nowrap\">PERFORMS_INDEPENDENTLY<a name=\"fs3-citizen-performance-scores-PERFORMS_INDEPENDENTLY\"> </a></td><td>Udfører selv</td><td>Udfører selv</td></tr><tr><td style=\"white-space:nowrap\">PERFORMS_PARTLY<a name=\"fs3-citizen-performance-scores-PERFORMS_PARTLY\"> </a></td><td>Udfører dele af aktiviteten</td><td>Udfører dele af aktiviteten</td></tr><tr><td style=\"white-space:nowrap\">DOES_NOT_PERFORM<a name=\"fs3-citizen-performance-scores-DOES_NOT_PERFORM\"> </a></td><td>Udfører ikke selv aktiviteten</td><td>Udfører ikke selv aktiviteten</td></tr><tr><td style=\"white-space:nowrap\">IRRELEVANT<a name=\"fs3-citizen-performance-scores-IRRELEVANT\"> </a></td><td>Ikke relevant</td><td>Ikke relevant</td></tr></table></div>"},"url":"http://ehealth.sundhed.dk/cs/fs3-citizen-performance-scores","version":"3.1.0","name":"FS III, borgerens vurdering af udførelse","title":"FS III, borgerens vurdering af udførelse","status":"active","experimental":true,"date":"2019-02-02T00:00:00+00:00","publisher":"Den telemedicinske infrastruktur (eHealth Infrastructure)","contact":[{"name":"Den telemedicinske infrastruktur (eHealth Infrastructure)","telecom":[{"system":"url","value":"http://ehealth.sundhed.dk"}]}],"description":"FS III, borgerens vurdering af udførelse","content":"complete","concept":[{"code":"PERFORMS_INDEPENDENTLY","display":"Udfører selv","designation":[{"language":"da","value":"Udfører selv"}]},{"code":"PERFORMS_PARTLY","display":"Udfører dele af aktiviteten","designation":[{"language":"da","value":"Udfører dele af aktiviteten"}]},{"code":"DOES_NOT_PERFORM","display":"Udfører ikke selv aktiviteten","designation":[{"language":"da","value":"Udfører ikke selv aktiviteten"}]},{"code":"IRRELEVANT","display":"Ikke relevant","designation":[{"language":"da","value":"Ikke relevant"}]}]}