{"resourceType":"OperationDefinition","id":"-s-search-measurements","text":{"status":"generated","div":"<div xmlns=\"http://www.w3.org/1999/xhtml\"><p class=\"res-header-id\"><b>Generated Narrative: OperationDefinition -s-search-measurements</b></p><a name=\"-s-search-measurements\"> </a><a name=\"hc-s-search-measurements\"> </a><a name=\"hc-s-search-measurements-en-US\"> </a><p>URL: [base]/$search-measurements</p><p>Parameters</p><table class=\"grid\"><tr><td><b>Use</b></td><td><b>Name</b></td><td><b>Scope</b></td><td><b>Cardinality</b></td><td><b>Type</b></td><td><b>Binding</b></td><td><b>Documentation</b></td></tr><tr><td>IN</td><td>patient</td><td/><td>0..1</td><td><a href=\"http://hl7.org/fhir/R4/references.html#Reference\">Reference</a></td><td/><td><div><p>Find resource(s) referring the specified patient - Reference(eHealth Patient).</p>\n</div></td></tr><tr><td>IN</td><td>episodeOfCare</td><td/><td>0..1</td><td><a href=\"http://hl7.org/fhir/R4/references.html#Reference\">Reference</a></td><td/><td><div><p>Find resource(s) referring the specified episode of care - Reference(eHealth EpisodeOfCare)</p>\n</div></td></tr><tr><td>IN</td><td>device</td><td/><td>0..1</td><td><a href=\"http://hl7.org/fhir/R4/references.html#Reference\">Reference</a></td><td/><td><div><p>Find resource(s) referring the specified device - Reference(eHealth Device)</p>\n</div></td></tr><tr><td>IN</td><td>period</td><td/><td>1..1</td><td><a href=\"http://hl7.org/fhir/R4/datatypes.html#Period\">Period</a></td><td/><td><div><p>Resource(s) must have either an instant or time period within or overlapping the given period.</p>\n</div></td></tr><tr><td>IN</td><td>based-on</td><td/><td>0..*</td><td><a href=\"http://hl7.org/fhir/R4/references.html#Reference\">Reference</a></td><td/><td><div><p>Resources(s) must be based on any of the specified procedure requests - Reference(eHealth ServiceRequest)</p>\n</div></td></tr><tr><td>IN</td><td>_tag</td><td/><td>0..*</td><td><a href=\"http://hl7.org/fhir/R4/datatypes.html#Coding\">Coding</a></td><td/><td><div><p>Search for resources which have the given tag</p>\n</div></td></tr><tr><td>OUT</td><td>bundle</td><td/><td>0..1</td><td><a href=\"http://hl7.org/fhir/R4/bundle.html\">Bundle</a></td><td/><td/></tr></table></div>"},"url":"https://measurement.devtest.systematic-ehealth.com/fhir/OperationDefinition/-s-search-measurements","version":"3.1.0","name":"search-measurements","title":"Search measurements","status":"active","kind":"operation","date":"2024-07-01T11:04:33+00:00","publisher":"Den telemedicinske infrastruktur (eHealth Infrastructure)","contact":[{"name":"Den telemedicinske infrastruktur (eHealth Infrastructure)","telecom":[{"system":"url","value":"http://ehealth.sundhed.dk"}]}],"description":"The search-measurements operation searches for bundles of related resources having Observations, Media or QuestionnaireResponses matching the search criteria.\n\n\n### Parameter description\n- patient: Find resource(s) referring the specified patient - Reference(eHealth Patient).\n- episodeOfCare: Find resource(s) referring the specified episode of care - Reference(eHealth EpisodeOfCare).\n- device: Find resource(s) referring the specified device - Reference(eHealth Device | eHealth DeviceMetric).\n- period: Resource(s) must have either an instant or time period within or overlapping the given period. The used instant/time period varies with resource as follows: Element effective for eHealth Observation; Element authored for eHealth QuestionnaireResponse; Element occurrence for eHealth Media.\n- based-on: Resources(s) must be based on any of the specified procedure requests - Reference(eHealth ServiceRequest).\n- _tag: When specified, resource(s) must have at least one of the specified tags in meta data - for instance a Coding(ehealth-system CodeSystem) or on token form: http://ehealth.sundhed.dk/cs/ehealth-system|xa. Note that the _tag functions as an optional filter, not as a selection criteria in the way the other parameters work.\n\n\n\"period\" must always be specified.\n\nAdditionally at least \"patient\" or \"episodeOfCare\" must be specified.\n\n### Output description\n\nThe result of this operation will return a Bundle with a list of nested Bundles having resources matching the search parameters.\n\nEach of the nested bundles will contain the full set of related eHealth Observation, eHealth Media, eHealth QuestionnaireResponse and eHealth Provenance resources.\n\nIf a eHealth QuestionnaireResponse is part of the nested bundle the referenced eHealth Questionnaire will also be included in the nested bundle.\n\nRelated resources are the set of resources created by a single invocation of the submit-measurement operation.\n\n","affectsState":false,"code":"search-measurements","system":true,"type":false,"instance":false,"parameter":[{"name":"patient","use":"in","min":0,"max":"1","documentation":"Find resource(s) referring the specified patient - Reference(eHealth Patient).","type":"Reference"},{"name":"episodeOfCare","use":"in","min":0,"max":"1","documentation":"Find resource(s) referring the specified episode of care - Reference(eHealth EpisodeOfCare)","type":"Reference"},{"name":"device","use":"in","min":0,"max":"1","documentation":"Find resource(s) referring the specified device - Reference(eHealth Device)","type":"Reference"},{"name":"period","use":"in","min":1,"max":"1","documentation":"Resource(s) must have either an instant or time period within or overlapping the given period.","type":"Period"},{"name":"based-on","use":"in","min":0,"max":"*","documentation":"Resources(s) must be based on any of the specified procedure requests - Reference(eHealth ServiceRequest)","type":"Reference"},{"name":"_tag","use":"in","min":0,"max":"*","documentation":"Search for resources which have the given tag","type":"Coding"},{"name":"bundle","use":"out","min":0,"max":"1","type":"Bundle"}]}