{"resourceType":"ValueSet","id":"ehealth-appointment-servicetype","text":{"status":"generated","div":"<div xmlns=\"http://www.w3.org/1999/xhtml\"><p class=\"res-header-id\"><b>Generated Narrative: ValueSet ehealth-appointment-servicetype</b></p><a name=\"ehealth-appointment-servicetype\"> </a><a name=\"hcehealth-appointment-servicetype\"> </a><a name=\"hcehealth-appointment-servicetype-en-US\"> </a><ul><li>Include all codes defined in <a href=\"CodeSystem-ehealth-appointment-servicetype.html\"><code>http://ehealth.sundhed.dk/cs/appointment-servicetype</code></a></li></ul></div>"},"url":"http://ehealth.sundhed.dk/vs/appointment-servicetype","version":"3.1.0","name":"AppointmentServiceType","title":"Appointment Service Type","status":"active","experimental":true,"date":"2019-02-08T00:00:00+00:00","publisher":"Den telemedicinske infrastruktur (eHealth Infrastructure)","contact":[{"name":"Den telemedicinske infrastruktur (eHealth Infrastructure)","telecom":[{"system":"url","value":"http://ehealth.sundhed.dk"}]}],"description":"Appointment service type","compose":{"include":[{"system":"http://ehealth.sundhed.dk/cs/appointment-servicetype"}]}}