{
  "resourceType" : "CapabilityStatement",
  "id" : "task",
  "text" : {
    "status" : "extensions",
    "div" : "<div xmlns=\"http://www.w3.org/1999/xhtml\"><h2 id=\"title\"/><ul><li>Implementation Guide Version: 3.3.0 </li><li>FHIR Version: 4.0.1 </li><li>Supported Formats: <code>application/fhir+xml</code>, <code>xml</code>, <code>application/fhir+json</code>, <code>json</code>, <code>application/x-turtle</code>, <code>ttl</code>, <code>html/json</code>, <code>html/xml</code>, <code>html/turtle</code></li><li>Supported Patch Formats: </li><li>Published on: 2024-04-29 03:12:22+0000 </li><li>Published by: Den telemedicinske infrastruktur (eHealth Infrastructure) </li></ul><blockquote class=\"impl-note\"><p><strong>Note to Implementers: FHIR Capabilities</strong></p><p>Any FHIR capability may be 'allowed' by the system unless explicitly marked as 'SHALL NOT'. A few items are marked as MAY in the Implementation Guide to highlight their potential relevance to the use case.</p></blockquote><h2 id=\"rest\">FHIR RESTful Capabilities</h2><div class=\"panel panel-default\"><div class=\"panel-heading\"><h3 id=\"mode1\" class=\"panel-title\">Mode: <code>server</code></h3></div><div class=\"panel-body\"><div class=\"lead\"><em>Summary of System-wide Interactions</em></div><ul><li>Supports the <code>transaction</code>interaction.</li><li>Supports the <code>history-system</code>interaction.</li></ul></div></div><h3 id=\"resourcesCap1\">Capabilities by Resource/Profile</h3><h4 id=\"resourcesSummary1\">Summary</h4><p>The summary table lists the resources that are part of this configuration, and for each resource it lists:</p><ul><li>The relevant profiles (if any)</li><li>The interactions supported by each resource (<b><span class=\"bg-info\">R</span></b>ead, <b><span class=\"bg-info\">S</span></b>earch, <b><span class=\"bg-info\">U</span></b>pdate, and <b><span class=\"bg-info\">C</span></b>reate, are always shown, while <b><span class=\"bg-info\">VR</span></b>ead, <b><span class=\"bg-info\">P</span></b>atch, <b><span class=\"bg-info\">D</span></b>elete, <b><span class=\"bg-info\">H</span></b>istory on <b><span class=\"bg-info\">I</span></b>nstance, or <b><span class=\"bg-info\">H</span></b>istory on <b><span class=\"bg-info\">T</span></b>ype are only present if at least one of the resources has support for them.</li><li><span>The required, recommended, and some optional search parameters (if any). </span></li><li>The linked resources enabled for <code>_include</code></li><li>The other resources enabled for <code>_revinclude</code></li><li>The operations on the resource (if any)</li></ul><div class=\"table-responsive\"><table class=\"table table-condensed table-hover\"><thead><tr><th><b>Resource Type</b></th><th><b>Profile</b></th><th class=\"text-center\"><b title=\"GET a resource (read interaction)\">R</b></th><th class=\"text-center\"><b title=\"GET past versions of resources (vread interaction)\">V-R</b></th><th class=\"text-center\"><b title=\"GET all set of resources of the type (search interaction)\">S</b></th><th class=\"text-center\"><b title=\"PUT a new resource version (update interaction)\">U</b></th><th class=\"text-center\"><b title=\"PATCH a new resource version (patch interaction)\">P</b></th><th class=\"text-center\"><b title=\"POST a new resource (create interaction)\">C</b></th><th><b title=\"Required and recommended search parameters\">Searches</b></th><th><code><b>_include</b></code></th><th><code><b>_revinclude</b></code></th><th><b>Operations</b></th></tr></thead><tbody><tr><td><a href=\"#ClinicalImpression1-1\">ClinicalImpression</a></td><td><a href=\"StructureDefinition-ehealth-clinicalimpression.html\">http://ehealth.sundhed.dk/fhir/StructureDefinition/ehealth-clinicalimpression</a></td><td>y</td><td class=\"text-center\">y</td><td class=\"text-center\">y</td><td class=\"text-center\"></td><td class=\"text-center\">y</td><td class=\"text-center\">y</td><td>_content, _has, _id, _language, _lastUpdated, _profile, _security, _tag, _text, action, assessor, carePlan, date, decision, episodeOfCare, finding-code, finding-ref, identifier, investigation, patient, previous, problem, status, subject</td><td><code>ClinicalImpression:previous</code></td><td><code>ClinicalImpression:action</code>, <code>ClinicalImpression:assessor</code>, <code>ClinicalImpression:carePlan</code>, <code>ClinicalImpression:episodeOfCare</code>, <code>ClinicalImpression:finding-ref</code>, <code>ClinicalImpression:investigation</code>, <code>ClinicalImpression:patient</code>, <code>ClinicalImpression:previous</code>, <code>ClinicalImpression:problem</code>, <code>ClinicalImpression:subject</code>, <code>Task:based-on</code>, <code>Task:episodeOfCare</code>, <code>Task:focus</code>, <code>Task:owner</code>, <code>Task:part-of</code>, <code>Task:patient</code>, <code>Task:requester</code>, <code>Task:responsible</code>, <code>Task:subject</code></td><td/></tr><tr><td><a href=\"#OperationDefinition1-2\">OperationDefinition</a></td><td><a href=\"http://hl7.org/fhir/R4/operationdefinition.html\">http://hl7.org/fhir/StructureDefinition/OperationDefinition</a></td><td>y</td><td class=\"text-center\"></td><td class=\"text-center\"></td><td class=\"text-center\"></td><td class=\"text-center\"></td><td class=\"text-center\"></td><td></td><td><code>*</code></td><td><code>ClinicalImpression:action</code>, <code>ClinicalImpression:assessor</code>, <code>ClinicalImpression:carePlan</code>, <code>ClinicalImpression:episodeOfCare</code>, <code>ClinicalImpression:finding-ref</code>, <code>ClinicalImpression:investigation</code>, <code>ClinicalImpression:patient</code>, <code>ClinicalImpression:previous</code>, <code>ClinicalImpression:problem</code>, <code>ClinicalImpression:subject</code>, <code>Task:based-on</code>, <code>Task:episodeOfCare</code>, <code>Task:focus</code>, <code>Task:owner</code>, <code>Task:part-of</code>, <code>Task:patient</code>, <code>Task:requester</code>, <code>Task:responsible</code>, <code>Task:subject</code></td><td/></tr><tr><td><a href=\"#Task1-3\">Task</a></td><td><a href=\"StructureDefinition-ehealth-task.html\">http://ehealth.sundhed.dk/fhir/StructureDefinition/ehealth-task</a></td><td>y</td><td class=\"text-center\">y</td><td class=\"text-center\">y</td><td class=\"text-center\"></td><td class=\"text-center\">y</td><td class=\"text-center\">y</td><td>_content, _has, _id, _language, _lastUpdated, _profile, _security, _tag, _text, authored-on, based-on, business-status, category, code, episodeOfCare, focus, group-identifier, identifier, intent, modified, owner, part-of, patient, performer, period, priority, requester, resolvedTimingEnd, resolvedTimingServiceRequestVersionId, resolvedTimingStart, resolvedTimingType, responsible, restriction-category, status, subject</td><td><code>Task:based-on</code>, <code>Task:focus</code>, <code>Task:part-of</code></td><td><code>ClinicalImpression:action</code>, <code>ClinicalImpression:assessor</code>, <code>ClinicalImpression:carePlan</code>, <code>ClinicalImpression:episodeOfCare</code>, <code>ClinicalImpression:finding-ref</code>, <code>ClinicalImpression:investigation</code>, <code>ClinicalImpression:patient</code>, <code>ClinicalImpression:previous</code>, <code>ClinicalImpression:problem</code>, <code>ClinicalImpression:subject</code>, <code>Task:based-on</code>, <code>Task:episodeOfCare</code>, <code>Task:focus</code>, <code>Task:owner</code>, <code>Task:part-of</code>, <code>Task:patient</code>, <code>Task:requester</code>, <code>Task:responsible</code>, <code>Task:subject</code></td><td/></tr></tbody></table></div><hr/><div class=\"panel panel-default\"><div class=\"panel-heading\"><h4 id=\"ClinicalImpression1-1\" class=\"panel-title\"><span style=\"float: right;\">Resource Conformance: supported </span>ClinicalImpression</h4></div><div class=\"panel-body\"><div class=\"container\"><div class=\"row\"><div class=\"col-lg-6\"><span class=\"lead\">Base System Profile</span><br/><a href=\"StructureDefinition-ehealth-clinicalimpression.html\">http://ehealth.sundhed.dk/fhir/StructureDefinition/ehealth-clinicalimpression</a></div><div class=\"col-lg-3\"><span class=\"lead\">Profile Conformance</span><br/><b>SHALL</b></div><div class=\"col-lg-3\"><span class=\"lead\">Reference Policy</span><br/></div></div><p/><div class=\"row\"><div class=\"col-lg-6\"><span class=\"lead\">Interaction summary</span><br/><ul><li>Supports <code>search-type</code>, <code>vread</code>, <code>read</code>, <code>patch</code>, <code>create</code>.</li></ul></div></div><p/><div class=\"row\"><div class=\"col-lg-7\"><span class=\"lead\">Search Parameters</span><table class=\"table table-condensed table-hover\"><thead><tr><th>Conformance</th><th>Parameter</th><th>Type</th><th>Documentation</th></tr></thead><tbody><tr><td><b>SHALL</b></td><td>_content</td><td><code>string</code></td><td><div><p>Search the contents of the resource's data using a fulltext search</p>\n</div></td></tr><tr><td><b>SHALL</b></td><td>_has</td><td><code>string</code></td><td><div><p>Return resources linked to by the given target</p>\n</div></td></tr><tr><td><b>SHALL</b></td><td>_id</td><td><code>token</code></td><td><div><p>The ID of the resource</p>\n</div></td></tr><tr><td><b>SHALL</b></td><td>_language</td><td><code>string</code></td><td><div><p>The language of the resource</p>\n</div></td></tr><tr><td><b>SHALL</b></td><td>_lastUpdated</td><td><code>date</code></td><td><div><p>Only return resources which were last updated as specified by the given range</p>\n</div></td></tr><tr><td><b>SHALL</b></td><td>_profile</td><td><code>uri</code></td><td><div><p>Search for resources which have the given profile</p>\n</div></td></tr><tr><td><b>SHALL</b></td><td>_security</td><td><code>token</code></td><td><div><p>Search for resources which have the given security labels</p>\n</div></td></tr><tr><td><b>SHALL</b></td><td>_tag</td><td><code>token</code></td><td><div><p>Search for resources which have the given tag</p>\n</div></td></tr><tr><td><b>SHALL</b></td><td>_text</td><td><code>string</code></td><td><div><p>Search the contents of the resource's narrative using a fulltext search</p>\n</div></td></tr><tr><td><b>SHALL</b></td><td>action</td><td><code>reference</code></td><td><div><p>Action taken as part of assessment procedure</p>\n</div></td></tr><tr><td><b>SHALL</b></td><td>assessor</td><td><code>reference</code></td><td><div><p>The clinician performing the assessment</p>\n</div></td></tr><tr><td><b>SHALL</b></td><td>carePlan</td><td><code>reference</code></td><td><div><p>CarePlan</p>\n</div></td></tr><tr><td><b>SHALL</b></td><td>date</td><td><code>date</code></td><td><div><p>When the assessment was documented</p>\n</div></td></tr><tr><td><b>SHALL</b></td><td>decision</td><td><code>token</code></td><td><div><p>Decision</p>\n</div></td></tr><tr><td><b>SHALL</b></td><td>episodeOfCare</td><td><code>reference</code></td><td><div><p>Encounter or Episode created from</p>\n</div></td></tr><tr><td><b>SHALL</b></td><td>finding-code</td><td><code>token</code></td><td><div><p>What was found</p>\n</div></td></tr><tr><td><b>SHALL</b></td><td>finding-ref</td><td><code>reference</code></td><td><div><p>What was found</p>\n</div></td></tr><tr><td><b>SHALL</b></td><td>identifier</td><td><code>token</code></td><td><div><p>Business identifier</p>\n</div></td></tr><tr><td><b>SHALL</b></td><td>investigation</td><td><code>reference</code></td><td><div><p>Record of a specific investigation</p>\n</div></td></tr><tr><td><b>SHALL</b></td><td>patient</td><td><code>reference</code></td><td><div><p>Patient or group assessed</p>\n</div></td></tr><tr><td><b>SHALL</b></td><td>previous</td><td><code>reference</code></td><td><div><p>Reference to last assessment</p>\n</div></td></tr><tr><td><b>SHALL</b></td><td>problem</td><td><code>reference</code></td><td><div><p>Relevant impressions of patient state</p>\n</div></td></tr><tr><td><b>SHALL</b></td><td>status</td><td><code>token</code></td><td><div><p>draft | completed | entered-in-error</p>\n</div></td></tr><tr><td><b>SHALL</b></td><td>subject</td><td><code>reference</code></td><td><div><p>Patient or group assessed</p>\n</div></td></tr></tbody></table></div><div class=\"col-lg-5\">\u00a0</div></div><div class=\"row\"><div class=\"col-12\"><span class=\"lead\">Extended Operations</span><table class=\"table table-condensed table-hover\"><thead><tr><th>Conformance</th><th>Operation</th><th>Documentation</th></tr></thead><tbody><tr><td><b>SHALL</b></td><td>$validate</td><td><div/></td></tr></tbody></table></div></div></div></div></div><div class=\"panel panel-default\"><div class=\"panel-heading\"><h4 id=\"OperationDefinition1-2\" class=\"panel-title\"><span style=\"float: right;\">Resource Conformance: supported </span>OperationDefinition</h4></div><div class=\"panel-body\"><div class=\"container\"><div class=\"row\"><div class=\"col-lg-6\"><span class=\"lead\">Base System Profile</span><br/><a href=\"http://hl7.org/fhir/R4/operationdefinition.html\">http://hl7.org/fhir/StructureDefinition/OperationDefinition</a></div><div class=\"col-lg-3\"><span class=\"lead\">Profile Conformance</span><br/><b>SHALL</b></div><div class=\"col-lg-3\"><span class=\"lead\">Reference Policy</span><br/></div></div><p/><div class=\"row\"><div class=\"col-lg-6\"><span class=\"lead\">Interaction summary</span><br/><ul><li>Supports <code>read</code>.</li></ul></div></div><p/></div></div></div><div class=\"panel panel-default\"><div class=\"panel-heading\"><h4 id=\"Task1-3\" class=\"panel-title\"><span style=\"float: right;\">Resource Conformance: supported </span>Task</h4></div><div class=\"panel-body\"><div class=\"container\"><div class=\"row\"><div class=\"col-lg-6\"><span class=\"lead\">Base System Profile</span><br/><a href=\"StructureDefinition-ehealth-task.html\">http://ehealth.sundhed.dk/fhir/StructureDefinition/ehealth-task</a></div><div class=\"col-lg-3\"><span class=\"lead\">Profile Conformance</span><br/><b>SHALL</b></div><div class=\"col-lg-3\"><span class=\"lead\">Reference Policy</span><br/></div></div><p/><div class=\"row\"><div class=\"col-lg-6\"><span class=\"lead\">Interaction summary</span><br/><ul><li>Supports <code>search-type</code>, <code>vread</code>, <code>read</code>, <code>patch</code>, <code>create</code>.</li></ul></div></div><p/><div class=\"row\"><div class=\"col-lg-7\"><span class=\"lead\">Search Parameters</span><table class=\"table table-condensed table-hover\"><thead><tr><th>Conformance</th><th>Parameter</th><th>Type</th><th>Documentation</th></tr></thead><tbody><tr><td><b>SHALL</b></td><td>_content</td><td><code>string</code></td><td><div><p>Search the contents of the resource's data using a fulltext search</p>\n</div></td></tr><tr><td><b>SHALL</b></td><td>_has</td><td><code>string</code></td><td><div><p>Return resources linked to by the given target</p>\n</div></td></tr><tr><td><b>SHALL</b></td><td>_id</td><td><code>token</code></td><td><div><p>The ID of the resource</p>\n</div></td></tr><tr><td><b>SHALL</b></td><td>_language</td><td><code>string</code></td><td><div><p>The language of the resource</p>\n</div></td></tr><tr><td><b>SHALL</b></td><td>_lastUpdated</td><td><code>date</code></td><td><div><p>Only return resources which were last updated as specified by the given range</p>\n</div></td></tr><tr><td><b>SHALL</b></td><td>_profile</td><td><code>uri</code></td><td><div><p>Search for resources which have the given profile</p>\n</div></td></tr><tr><td><b>SHALL</b></td><td>_security</td><td><code>token</code></td><td><div><p>Search for resources which have the given security labels</p>\n</div></td></tr><tr><td><b>SHALL</b></td><td>_tag</td><td><code>token</code></td><td><div><p>Search for resources which have the given tag</p>\n</div></td></tr><tr><td><b>SHALL</b></td><td>_text</td><td><code>string</code></td><td><div><p>Search the contents of the resource's narrative using a fulltext search</p>\n</div></td></tr><tr><td><b>SHALL</b></td><td>authored-on</td><td><code>date</code></td><td><div><p>Search by creation date</p>\n</div></td></tr><tr><td><b>SHALL</b></td><td>based-on</td><td><code>reference</code></td><td><div><p>Search by requests this task is based on</p>\n</div></td></tr><tr><td><b>SHALL</b></td><td>business-status</td><td><code>token</code></td><td><div><p>Search by business status</p>\n</div></td></tr><tr><td><b>SHALL</b></td><td>category</td><td><code>token</code></td><td><div><p>Search by category</p>\n</div></td></tr><tr><td><b>SHALL</b></td><td>code</td><td><code>token</code></td><td><div><p>Search by task code</p>\n</div></td></tr><tr><td><b>SHALL</b></td><td>episodeOfCare</td><td><code>reference</code></td><td><div><p>Search by encounter or episode</p>\n</div></td></tr><tr><td><b>SHALL</b></td><td>focus</td><td><code>reference</code></td><td><div><p>Search by task focus</p>\n</div></td></tr><tr><td><b>SHALL</b></td><td>group-identifier</td><td><code>token</code></td><td><div><p>Search by group identifier</p>\n</div></td></tr><tr><td><b>SHALL</b></td><td>identifier</td><td><code>token</code></td><td><div><p>Search for a task instance by its business identifier</p>\n</div></td></tr><tr><td><b>SHALL</b></td><td>intent</td><td><code>token</code></td><td><div><p>Search by task intent</p>\n</div></td></tr><tr><td><b>SHALL</b></td><td>modified</td><td><code>date</code></td><td><div><p>Search by last modification date</p>\n</div></td></tr><tr><td><b>SHALL</b></td><td>owner</td><td><code>reference</code></td><td><div><p>Search by task owner</p>\n</div></td></tr><tr><td><b>SHALL</b></td><td>part-of</td><td><code>reference</code></td><td><div><p>Search by task this task is part of</p>\n</div></td></tr><tr><td><b>SHALL</b></td><td>patient</td><td><code>reference</code></td><td><div><p>Search by patient</p>\n</div></td></tr><tr><td><b>SHALL</b></td><td>performer</td><td><code>token</code></td><td><div><p>Search by recommended type of performer (e.g., Requester, Performer, Scheduler).</p>\n</div></td></tr><tr><td><b>SHALL</b></td><td>period</td><td><code>date</code></td><td><div><p>Search by period Task is/was underway</p>\n</div></td></tr><tr><td><b>SHALL</b></td><td>priority</td><td><code>token</code></td><td><div><p>Search by task priority</p>\n</div></td></tr><tr><td><b>SHALL</b></td><td>requester</td><td><code>reference</code></td><td><div><p>Search by task requester</p>\n</div></td></tr><tr><td><b>SHALL</b></td><td>resolvedTimingEnd</td><td><code>date</code></td><td><div><p>Resolved Timing end</p>\n</div></td></tr><tr><td><b>SHALL</b></td><td>resolvedTimingServiceRequestVersionId</td><td><code>token</code></td><td><div><p>Resolved Timing serviceRequestVersionID</p>\n</div></td></tr><tr><td><b>SHALL</b></td><td>resolvedTimingStart</td><td><code>date</code></td><td><div><p>Resolved Timing start</p>\n</div></td></tr><tr><td><b>SHALL</b></td><td>resolvedTimingType</td><td><code>token</code></td><td><div><p>Resolved Timing type</p>\n</div></td></tr><tr><td><b>SHALL</b></td><td>responsible</td><td><code>reference</code></td><td><div><p>Search by responsible</p>\n</div></td></tr><tr><td><b>SHALL</b></td><td>restriction-category</td><td><code>token</code></td><td><div><p>Search by restriction category</p>\n</div></td></tr><tr><td><b>SHALL</b></td><td>status</td><td><code>token</code></td><td><div><p>Search by task status</p>\n</div></td></tr><tr><td><b>SHALL</b></td><td>subject</td><td><code>reference</code></td><td><div><p>Search by subject</p>\n</div></td></tr></tbody></table></div><div class=\"col-lg-5\">\u00a0</div></div><div class=\"row\"><div class=\"col-12\"><span class=\"lead\">Extended Operations</span><table class=\"table table-condensed table-hover\"><thead><tr><th>Conformance</th><th>Operation</th><th>Documentation</th></tr></thead><tbody><tr><td><b>SHALL</b></td><td>$validate</td><td><div/></td></tr></tbody></table></div></div></div></div></div></div>"
  },
  "url" : "http://ehealth.sundhed.dk/fhir/CapabilityStatement/task",
  "version" : "3.3.0",
  "name" : "task",
  "status" : "active",
  "date" : "2024-04-29T03:12:22.910+00:00",
  "publisher" : "Den telemedicinske infrastruktur (eHealth Infrastructure)",
  "contact" : [{
    "name" : "Den telemedicinske infrastruktur (eHealth Infrastructure)",
    "telecom" : [{
      "system" : "url",
      "value" : "http://ehealth.sundhed.dk"
    }]
  }],
  "kind" : "instance",
  "software" : {
    "name" : "task",
    "version" : "1.13.1"
  },
  "implementation" : {
    "description" : "eHealth task service",
    "url" : "https://task.devtest.systematic-ehealth.com/fhir"
  },
  "fhirVersion" : "4.0.1",
  "format" : ["application/fhir+xml",
  "xml",
  "application/fhir+json",
  "json",
  "application/x-turtle",
  "ttl",
  "html/json",
  "html/xml",
  "html/turtle"],
  "rest" : [{
    "mode" : "server",
    "resource" : [{
      "type" : "ClinicalImpression",
      "profile" : "http://ehealth.sundhed.dk/fhir/StructureDefinition/ehealth-clinicalimpression",
      "interaction" : [{
        "code" : "search-type"
      },
      {
        "code" : "vread"
      },
      {
        "code" : "read"
      },
      {
        "code" : "patch"
      },
      {
        "code" : "create"
      }],
      "conditionalCreate" : true,
      "searchInclude" : ["ClinicalImpression:previous"],
      "searchRevInclude" : ["ClinicalImpression:action",
      "ClinicalImpression:assessor",
      "ClinicalImpression:carePlan",
      "ClinicalImpression:episodeOfCare",
      "ClinicalImpression:finding-ref",
      "ClinicalImpression:investigation",
      "ClinicalImpression:patient",
      "ClinicalImpression:previous",
      "ClinicalImpression:problem",
      "ClinicalImpression:subject",
      "Task:based-on",
      "Task:episodeOfCare",
      "Task:focus",
      "Task:owner",
      "Task:part-of",
      "Task:patient",
      "Task:requester",
      "Task:responsible",
      "Task:subject"],
      "searchParam" : [{
        "name" : "_content",
        "type" : "string",
        "documentation" : "Search the contents of the resource's data using a fulltext search"
      },
      {
        "name" : "_has",
        "type" : "string",
        "documentation" : "Return resources linked to by the given target"
      },
      {
        "name" : "_id",
        "type" : "token",
        "documentation" : "The ID of the resource"
      },
      {
        "name" : "_language",
        "type" : "string",
        "documentation" : "The language of the resource"
      },
      {
        "name" : "_lastUpdated",
        "type" : "date",
        "documentation" : "Only return resources which were last updated as specified by the given range"
      },
      {
        "name" : "_profile",
        "type" : "uri",
        "documentation" : "Search for resources which have the given profile"
      },
      {
        "name" : "_security",
        "type" : "token",
        "documentation" : "Search for resources which have the given security labels"
      },
      {
        "name" : "_tag",
        "type" : "token",
        "documentation" : "Search for resources which have the given tag"
      },
      {
        "name" : "_text",
        "type" : "string",
        "documentation" : "Search the contents of the resource's narrative using a fulltext search"
      },
      {
        "name" : "action",
        "type" : "reference",
        "documentation" : "Action taken as part of assessment procedure"
      },
      {
        "name" : "assessor",
        "type" : "reference",
        "documentation" : "The clinician performing the assessment"
      },
      {
        "name" : "carePlan",
        "type" : "reference",
        "documentation" : "CarePlan"
      },
      {
        "name" : "date",
        "type" : "date",
        "documentation" : "When the assessment was documented"
      },
      {
        "name" : "decision",
        "type" : "token",
        "documentation" : "Decision"
      },
      {
        "name" : "episodeOfCare",
        "type" : "reference",
        "documentation" : "Encounter or Episode created from"
      },
      {
        "name" : "finding-code",
        "type" : "token",
        "documentation" : "What was found"
      },
      {
        "name" : "finding-ref",
        "type" : "reference",
        "documentation" : "What was found"
      },
      {
        "name" : "identifier",
        "type" : "token",
        "documentation" : "Business identifier"
      },
      {
        "name" : "investigation",
        "type" : "reference",
        "documentation" : "Record of a specific investigation"
      },
      {
        "name" : "patient",
        "type" : "reference",
        "documentation" : "Patient or group assessed"
      },
      {
        "name" : "previous",
        "type" : "reference",
        "documentation" : "Reference to last assessment"
      },
      {
        "name" : "problem",
        "type" : "reference",
        "documentation" : "Relevant impressions of patient state"
      },
      {
        "name" : "status",
        "type" : "token",
        "documentation" : "draft | completed | entered-in-error"
      },
      {
        "name" : "subject",
        "type" : "reference",
        "documentation" : "Patient or group assessed"
      }],
      "operation" : [{
        "name" : "validate",
        "definition" : "https://task.devtest.systematic-ehealth.com/fhir/OperationDefinition/ClinicalImpressionTask-it-validate"
      }]
    },
    {
      "type" : "OperationDefinition",
      "profile" : "http://hl7.org/fhir/StructureDefinition/OperationDefinition",
      "interaction" : [{
        "code" : "read"
      }],
      "searchInclude" : ["*"],
      "searchRevInclude" : ["ClinicalImpression:action",
      "ClinicalImpression:assessor",
      "ClinicalImpression:carePlan",
      "ClinicalImpression:episodeOfCare",
      "ClinicalImpression:finding-ref",
      "ClinicalImpression:investigation",
      "ClinicalImpression:patient",
      "ClinicalImpression:previous",
      "ClinicalImpression:problem",
      "ClinicalImpression:subject",
      "Task:based-on",
      "Task:episodeOfCare",
      "Task:focus",
      "Task:owner",
      "Task:part-of",
      "Task:patient",
      "Task:requester",
      "Task:responsible",
      "Task:subject"]
    },
    {
      "type" : "Task",
      "profile" : "http://ehealth.sundhed.dk/fhir/StructureDefinition/ehealth-task",
      "interaction" : [{
        "code" : "search-type"
      },
      {
        "code" : "vread"
      },
      {
        "code" : "read"
      },
      {
        "code" : "patch"
      },
      {
        "code" : "create"
      }],
      "conditionalCreate" : true,
      "searchInclude" : ["Task:based-on",
      "Task:focus",
      "Task:part-of"],
      "searchRevInclude" : ["ClinicalImpression:action",
      "ClinicalImpression:assessor",
      "ClinicalImpression:carePlan",
      "ClinicalImpression:episodeOfCare",
      "ClinicalImpression:finding-ref",
      "ClinicalImpression:investigation",
      "ClinicalImpression:patient",
      "ClinicalImpression:previous",
      "ClinicalImpression:problem",
      "ClinicalImpression:subject",
      "Task:based-on",
      "Task:episodeOfCare",
      "Task:focus",
      "Task:owner",
      "Task:part-of",
      "Task:patient",
      "Task:requester",
      "Task:responsible",
      "Task:subject"],
      "searchParam" : [{
        "name" : "_content",
        "type" : "string",
        "documentation" : "Search the contents of the resource's data using a fulltext search"
      },
      {
        "name" : "_has",
        "type" : "string",
        "documentation" : "Return resources linked to by the given target"
      },
      {
        "name" : "_id",
        "type" : "token",
        "documentation" : "The ID of the resource"
      },
      {
        "name" : "_language",
        "type" : "string",
        "documentation" : "The language of the resource"
      },
      {
        "name" : "_lastUpdated",
        "type" : "date",
        "documentation" : "Only return resources which were last updated as specified by the given range"
      },
      {
        "name" : "_profile",
        "type" : "uri",
        "documentation" : "Search for resources which have the given profile"
      },
      {
        "name" : "_security",
        "type" : "token",
        "documentation" : "Search for resources which have the given security labels"
      },
      {
        "name" : "_tag",
        "type" : "token",
        "documentation" : "Search for resources which have the given tag"
      },
      {
        "name" : "_text",
        "type" : "string",
        "documentation" : "Search the contents of the resource's narrative using a fulltext search"
      },
      {
        "name" : "authored-on",
        "type" : "date",
        "documentation" : "Search by creation date"
      },
      {
        "name" : "based-on",
        "type" : "reference",
        "documentation" : "Search by requests this task is based on"
      },
      {
        "name" : "business-status",
        "type" : "token",
        "documentation" : "Search by business status"
      },
      {
        "name" : "category",
        "type" : "token",
        "documentation" : "Search by category"
      },
      {
        "name" : "code",
        "type" : "token",
        "documentation" : "Search by task code"
      },
      {
        "name" : "episodeOfCare",
        "type" : "reference",
        "documentation" : "Search by encounter or episode"
      },
      {
        "name" : "focus",
        "type" : "reference",
        "documentation" : "Search by task focus"
      },
      {
        "name" : "group-identifier",
        "type" : "token",
        "documentation" : "Search by group identifier"
      },
      {
        "name" : "identifier",
        "type" : "token",
        "documentation" : "Search for a task instance by its business identifier"
      },
      {
        "name" : "intent",
        "type" : "token",
        "documentation" : "Search by task intent"
      },
      {
        "name" : "modified",
        "type" : "date",
        "documentation" : "Search by last modification date"
      },
      {
        "name" : "owner",
        "type" : "reference",
        "documentation" : "Search by task owner"
      },
      {
        "name" : "part-of",
        "type" : "reference",
        "documentation" : "Search by task this task is part of"
      },
      {
        "name" : "patient",
        "type" : "reference",
        "documentation" : "Search by patient"
      },
      {
        "name" : "performer",
        "type" : "token",
        "documentation" : "Search by recommended type of performer (e.g., Requester, Performer, Scheduler)."
      },
      {
        "name" : "period",
        "type" : "date",
        "documentation" : "Search by period Task is/was underway"
      },
      {
        "name" : "priority",
        "type" : "token",
        "documentation" : "Search by task priority"
      },
      {
        "name" : "requester",
        "type" : "reference",
        "documentation" : "Search by task requester"
      },
      {
        "name" : "resolvedTimingEnd",
        "type" : "date",
        "documentation" : "Resolved Timing end"
      },
      {
        "name" : "resolvedTimingServiceRequestVersionId",
        "type" : "token",
        "documentation" : "Resolved Timing serviceRequestVersionID"
      },
      {
        "name" : "resolvedTimingStart",
        "type" : "date",
        "documentation" : "Resolved Timing start"
      },
      {
        "name" : "resolvedTimingType",
        "type" : "token",
        "documentation" : "Resolved Timing type"
      },
      {
        "name" : "responsible",
        "type" : "reference",
        "documentation" : "Search by responsible"
      },
      {
        "name" : "restriction-category",
        "type" : "token",
        "documentation" : "Search by restriction category"
      },
      {
        "name" : "status",
        "type" : "token",
        "documentation" : "Search by task status"
      },
      {
        "name" : "subject",
        "type" : "reference",
        "documentation" : "Search by subject"
      }],
      "operation" : [{
        "name" : "validate",
        "definition" : "https://task.devtest.systematic-ehealth.com/fhir/OperationDefinition/ClinicalImpressionTask-it-validate"
      }]
    }],
    "interaction" : [{
      "code" : "transaction"
    },
    {
      "code" : "history-system"
    }],
    "operation" : [{
      "name" : "migrate",
      "definition" : "https://task.devtest.systematic-ehealth.com/fhir/OperationDefinition/-s-migrate",
      "documentation" : "Data migration"
    },
    {
      "name" : "process-message",
      "definition" : "https://task.devtest.systematic-ehealth.com/fhir/OperationDefinition/-s-process-message",
      "documentation" : "Accept a FHIR Message Bundle for processing"
    },
    {
      "name" : "perform-reindexing-pass",
      "definition" : "https://task.devtest.systematic-ehealth.com/fhir/OperationDefinition/-s-perform-reindexing-pass",
      "documentation" : "Forces a single pass of the resource reindexing processor"
    },
    {
      "name" : "meta",
      "definition" : "https://task.devtest.systematic-ehealth.com/fhir/OperationDefinition/-s-meta"
    },
    {
      "name" : "get-resource-counts",
      "definition" : "https://task.devtest.systematic-ehealth.com/fhir/OperationDefinition/-s-get-resource-counts",
      "documentation" : "Provides the number of resources currently stored on the server, broken down by resource type"
    },
    {
      "name" : "reindex-terminology",
      "definition" : "https://task.devtest.systematic-ehealth.com/fhir/OperationDefinition/-s-reindex-terminology"
    }]
  }]
}