{
  "resourceType" : "CodeSystem",
  "id" : "ehealth-questionnaire-elements",
  "text" : {
    "status" : "generated",
    "div" : "<div xmlns=\"http://www.w3.org/1999/xhtml\"><p>This case-sensitive code system <code>http://ehealth.sundhed.dk/cs/questionnaire-elements</code> defines the following codes:</p><table class=\"codes\"><tr><td style=\"white-space:nowrap\"><b>Code</b></td><td><b>Display</b></td><td><b>Definition</b></td><td><b>Dansk (Danish, da)</b></td></tr><tr><td style=\"white-space:nowrap\">questionnaireID<a name=\"ehealth-questionnaire-elements-questionnaireID\"> </a></td><td>Questionnaire ID</td><td>Questionnaire ID</td><td>Spørgeskema ID</td></tr><tr><td style=\"white-space:nowrap\">condition<a name=\"ehealth-questionnaire-elements-condition\"> </a></td><td>Condition</td><td>Condition</td><td>Betingelse</td></tr><tr><td style=\"white-space:nowrap\">group<a name=\"ehealth-questionnaire-elements-group\"> </a></td><td>Questionnaire Group</td><td>Questionnaire Group</td><td>Spørgsmålsgruppe</td></tr><tr><td style=\"white-space:nowrap\">question<a name=\"ehealth-questionnaire-elements-question\"> </a></td><td>Question</td><td>Question</td><td>Spørgsmål</td></tr><tr><td style=\"white-space:nowrap\">answer<a name=\"ehealth-questionnaire-elements-answer\"> </a></td><td>Answer</td><td>Answer</td><td>Svar</td></tr></table></div>"
  },
  "url" : "http://ehealth.sundhed.dk/cs/questionnaire-elements",
  "version" : "3.3.0",
  "name" : "Questionnaire_Elements",
  "title" : "Questionnaire Elements",
  "status" : "active",
  "experimental" : false,
  "date" : "2023-09-08T00:00:00+00:00",
  "publisher" : "Den telemedicinske infrastruktur (eHealth Infrastructure)",
  "contact" : [{
    "name" : "Den telemedicinske infrastruktur (eHealth Infrastructure)",
    "telecom" : [{
      "system" : "url",
      "value" : "http://ehealth.sundhed.dk"
    }]
  }],
  "description" : "Questionnaire elements",
  "caseSensitive" : true,
  "content" : "complete",
  "concept" : [{
    "code" : "questionnaireID",
    "display" : "Questionnaire ID",
    "definition" : "Questionnaire ID",
    "designation" : [{
      "language" : "da",
      "value" : "Spørgeskema ID"
    }]
  },
  {
    "code" : "condition",
    "display" : "Condition",
    "definition" : "Condition",
    "designation" : [{
      "language" : "da",
      "value" : "Betingelse"
    }]
  },
  {
    "code" : "group",
    "display" : "Questionnaire Group",
    "definition" : "Questionnaire Group",
    "designation" : [{
      "language" : "da",
      "value" : "Spørgsmålsgruppe"
    }]
  },
  {
    "code" : "question",
    "display" : "Question",
    "definition" : "Question",
    "designation" : [{
      "language" : "da",
      "value" : "Spørgsmål"
    }]
  },
  {
    "code" : "answer",
    "display" : "Answer",
    "definition" : "Answer",
    "designation" : [{
      "language" : "da",
      "value" : "Svar"
    }]
  }]
}