{
  "resourceType" : "CodeSystem",
  "id" : "ehealth-appointment-reason",
  "text" : {
    "status" : "generated",
    "div" : "<div xmlns=\"http://www.w3.org/1999/xhtml\"><p class=\"res-header-id\"><b>Generated Narrative: CodeSystem ehealth-appointment-reason</b></p><a name=\"ehealth-appointment-reason\"> </a><a name=\"hcehealth-appointment-reason\"> </a><a name=\"ehealth-appointment-reason-da-DK\"> </a><p>This case-sensitive code system <code>http://ehealth.sundhed.dk/cs/appointment-reason</code> defines the following code:</p><table class=\"codes\"><tr><td style=\"white-space:nowrap\"><b>Code</b></td><td><b>Display</b></td><td><b>Definition</b></td></tr><tr><td style=\"white-space:nowrap\">412776001<a name=\"ehealth-appointment-reason-412776001\"> </a></td><td>Clinical review</td><td>Clinical review</td></tr></table></div>"
  },
  "url" : "http://ehealth.sundhed.dk/cs/appointment-reason",
  "version" : "3.3.0",
  "name" : "AppointmentReason",
  "title" : "Appointment Reason",
  "status" : "active",
  "experimental" : false,
  "date" : "2019-01-29T00:00:00+00:00",
  "publisher" : "Den telemedicinske infrastruktur (eHealth Infrastructure)",
  "contact" : [{
    "name" : "Den telemedicinske infrastruktur (eHealth Infrastructure)",
    "telecom" : [{
      "system" : "url",
      "value" : "http://ehealth.sundhed.dk"
    }]
  }],
  "description" : "Appointment Reason",
  "jurisdiction" : [{
    "coding" : [{
      "system" : "urn:iso:std:iso:3166",
      "code" : "DK",
      "display" : "Denmark"
    }]
  }],
  "caseSensitive" : true,
  "content" : "complete",
  "concept" : [{
    "code" : "412776001",
    "display" : "Clinical review",
    "definition" : "Clinical review"
  }]
}