{
  "resourceType" : "CodeSystem",
  "id" : "snomed-20180331",
  "text" : {
    "status" : "generated",
    "div" : "<div xmlns=\"http://www.w3.org/1999/xhtml\"><p>This case-sensitive code system <code>http://snomed.info/sct/554471000005108/version/20180331</code> defines the following codes:</p><table class=\"codes\"><tr><td style=\"white-space:nowrap\"><b>Code</b></td><td><b>Display</b></td><td><b>Definition</b></td><td><b>Dansk (Danish, da)</b></td></tr><tr><td style=\"white-space:nowrap\">557511000005107<a name=\"snomed-20180331-557511000005107\"> </a></td><td>Acupuncture clinic</td><td>Acupuncture clinic</td><td>akupunkturklinik</td></tr><tr><td style=\"white-space:nowrap\">557501000005109<a name=\"snomed-20180331-557501000005109\"> </a></td><td>Pharmacy branch</td><td>Pharmacy branch</td><td>apoteksfilial</td></tr><tr><td style=\"white-space:nowrap\">557531000005103<a name=\"snomed-20180331-557531000005103\"> </a></td><td>Prosthetist clinic</td><td>Prosthetist clinic</td><td>bandagistklinik</td></tr><tr><td style=\"white-space:nowrap\">557591000005104<a name=\"snomed-20180331-557591000005104\"> </a></td><td>Web-based care</td><td>Web-based care</td><td>internetbaseret sundhedsydelse</td></tr><tr><td style=\"white-space:nowrap\">557521000005101<a name=\"snomed-20180331-557521000005101\"> </a></td><td>Alternative treatment clinic</td><td>Alternative treatment clinic</td><td>klinik for alternativ behandling</td></tr><tr><td style=\"white-space:nowrap\">557561000005105<a name=\"snomed-20180331-557561000005105\"> </a></td><td>Consulting firm</td><td>Consulting firm</td><td>konsulentvirksomhed</td></tr><tr><td style=\"white-space:nowrap\">557541000005106<a name=\"snomed-20180331-557541000005106\"> </a></td><td>Cosmetic treatment clinic</td><td>Cosmetic treatment clinic</td><td>kosmetisk klinik</td></tr><tr><td style=\"white-space:nowrap\">557581000005102<a name=\"snomed-20180331-557581000005102\"> </a></td><td>Optometrist or optician clinic</td><td>Optometrist or optician clinic</td><td>optikervirksomhed</td></tr><tr><td style=\"white-space:nowrap\">556841000005105<a name=\"snomed-20180331-556841000005105\"> </a></td><td>Social psychological counselling</td><td>Social psychological counselling</td><td>pædagogisk psykologisk rådgivning</td></tr></table></div>"
  },
  "url" : "http://snomed.info/sct/554471000005108/version/20180331",
  "identifier" : [{
    "system" : "urn:ietf:rfc:3986",
    "value" : "urn:oid:2.16.840.1.113883.6.96"
  }],
  "version" : "3.3.0",
  "name" : "Danish-SNOMED-CT-Extension",
  "title" : "Danish SNOMED CT Extension",
  "status" : "active",
  "experimental" : false,
  "date" : "2019-12-27T00:00:00+00:00",
  "publisher" : "Den telemedicinske infrastruktur (eHealth Infrastructure)",
  "contact" : [{
    "name" : "Den telemedicinske infrastruktur (eHealth Infrastructure)",
    "telecom" : [{
      "system" : "url",
      "value" : "http://ehealth.sundhed.dk"
    }]
  }],
  "description" : "Danish SNOMED CT Extension",
  "caseSensitive" : true,
  "content" : "complete",
  "concept" : [{
    "code" : "557511000005107",
    "display" : "Acupuncture clinic",
    "definition" : "Acupuncture clinic",
    "designation" : [{
      "language" : "da",
      "value" : "akupunkturklinik"
    }]
  },
  {
    "code" : "557501000005109",
    "display" : "Pharmacy branch",
    "definition" : "Pharmacy branch",
    "designation" : [{
      "language" : "da",
      "value" : "apoteksfilial"
    }]
  },
  {
    "code" : "557531000005103",
    "display" : "Prosthetist clinic",
    "definition" : "Prosthetist clinic",
    "designation" : [{
      "language" : "da",
      "value" : "bandagistklinik"
    }]
  },
  {
    "code" : "557591000005104",
    "display" : "Web-based care",
    "definition" : "Web-based care",
    "designation" : [{
      "language" : "da",
      "value" : "internetbaseret sundhedsydelse"
    }]
  },
  {
    "code" : "557521000005101",
    "display" : "Alternative treatment clinic",
    "definition" : "Alternative treatment clinic",
    "designation" : [{
      "language" : "da",
      "value" : "klinik for alternativ behandling"
    }]
  },
  {
    "code" : "557561000005105",
    "display" : "Consulting firm",
    "definition" : "Consulting firm",
    "designation" : [{
      "language" : "da",
      "value" : "konsulentvirksomhed"
    }]
  },
  {
    "code" : "557541000005106",
    "display" : "Cosmetic treatment clinic",
    "definition" : "Cosmetic treatment clinic",
    "designation" : [{
      "language" : "da",
      "value" : "kosmetisk klinik"
    }]
  },
  {
    "code" : "557581000005102",
    "display" : "Optometrist or optician clinic",
    "definition" : "Optometrist or optician clinic",
    "designation" : [{
      "language" : "da",
      "value" : "optikervirksomhed"
    }]
  },
  {
    "code" : "556841000005105",
    "display" : "Social psychological counselling",
    "definition" : "Social psychological counselling",
    "designation" : [{
      "language" : "da",
      "value" : "pædagogisk psykologisk rådgivning"
    }]
  }]
}