{
  "resourceType" : "ConceptMap",
  "id" : "oio-bpp-roles-to-careteam-participant-roles",
  "text" : {
    "status" : "generated",
    "div" : "<div xmlns=\"http://www.w3.org/1999/xhtml\"><p class=\"res-header-id\"><b>Generated Narrative: ConceptMap oio-bpp-roles-to-careteam-participant-roles</b></p><a name=\"oio-bpp-roles-to-careteam-participant-roles\"> </a><a name=\"hcoio-bpp-roles-to-careteam-participant-roles\"> </a><a name=\"oio-bpp-roles-to-careteam-participant-roles-da-DK\"> </a><p>Mapping from <a href=\"ValueSet-ehealth-oio-bpp-roles.html\">OIO BPP Roles</a> to <a href=\"ValueSet-ehealth-careteam-participant-role.html\">CareTeam Participant Role</a></p><br/><p><b>Group 1 </b>Mapping from <a href=\"CodeSystem-ehealth-oio-bpp-roles.html\">OIO-BPP Role</a> to <a href=\"CodeSystem-ehealth-careteam-participant-role.html\">CareTeam Participant Role</a></p><table class=\"grid\"><tr><td><b>Source Code</b></td><td><b>Relationship</b></td><td><b>Target Code</b></td></tr><tr><td>urn:dk:sundhed:ehealth:role:citizen_enroller (Borgeropretter)</td><td><a href=\"http://hl7.org/fhir/extensions/5.1.0/CodeSystem-concept-map-equivalence.html#equivalent\" title=\"equivalent\">is equivalent to</a></td><td>citizenEnroller</td></tr><tr><td>urn:dk:sundhed:ehealth:role:clinical_viewer (Klinisk se adgang)</td><td><a href=\"http://hl7.org/fhir/extensions/5.1.0/CodeSystem-concept-map-equivalence.html#equivalent\" title=\"equivalent\">is equivalent to</a></td><td>clinicalViewer</td></tr><tr><td>urn:dk:sundhed:ehealth:role:monitoring_assistor (Monitoreringsmedhjælper)</td><td><a href=\"http://hl7.org/fhir/extensions/5.1.0/CodeSystem-concept-map-equivalence.html#equivalent\" title=\"equivalent\">is equivalent to</a></td><td>monitoringAssistor</td></tr><tr><td>urn:dk:sundhed:ehealth:role:monitoring_adjuster (Monitoreringstilretter)</td><td><a href=\"http://hl7.org/fhir/extensions/5.1.0/CodeSystem-concept-map-equivalence.html#equivalent\" title=\"equivalent\">is equivalent to</a></td><td>monitoring_adjuster (Monitoring adjuster)</td></tr><tr><td>urn:dk:sundhed:ehealth:role:report_user (Nøgletalsmedarbejder)</td><td><a href=\"http://hl7.org/fhir/extensions/5.1.0/CodeSystem-concept-map-equivalence.html#equivalent\" title=\"equivalent\">is equivalent to</a></td><td>reportUser</td></tr><tr><td>urn:dk:sundhed:ehealth:role:questionnaire_editor (Spørgeskemaeditor)</td><td><a href=\"http://hl7.org/fhir/extensions/5.1.0/CodeSystem-concept-map-equivalence.html#equivalent\" title=\"equivalent\">is equivalent to</a></td><td>questionnaireEditor</td></tr><tr><td>urn:dk:sundhed:ehealth:role:clinical_administrator (Pakke- og forløbsbygger)</td><td><a href=\"http://hl7.org/fhir/extensions/5.1.0/CodeSystem-concept-map-equivalence.html#equivalent\" title=\"equivalent\">is equivalent to</a></td><td>clinicalAdministrator</td></tr><tr><td>urn:dk:sundhed:ehealth:role:clinical_supporter (Klinisk supporter)</td><td><a href=\"http://hl7.org/fhir/extensions/5.1.0/CodeSystem-concept-map-equivalence.html#equivalent\" title=\"equivalent\">is equivalent to</a></td><td>clinicalSupporter</td></tr><tr><td>urn:dk:sundhed:ehealth:role:careteam_administrator (Care Team administrator)</td><td><a href=\"http://hl7.org/fhir/extensions/5.1.0/CodeSystem-concept-map-equivalence.html#equivalent\" title=\"equivalent\">is equivalent to</a></td><td>careteamAdministrator</td></tr><tr><td>urn:dk:sundhed:ehealth:role:order_placer (Bestiller af udstyr)</td><td><a href=\"http://hl7.org/fhir/extensions/5.1.0/CodeSystem-concept-map-equivalence.html#equivalent\" title=\"equivalent\">is equivalent to</a></td><td>orderPlacer</td></tr><tr><td>urn:dk:sundhed:ehealth:role:service_and_logistics (Service og logistik samarbejdspartner)</td><td><a href=\"http://hl7.org/fhir/extensions/5.1.0/CodeSystem-concept-map-equivalence.html#equivalent\" title=\"equivalent\">is equivalent to</a></td><td>serviceAndLogistics</td></tr><tr><td>urn:dk:sundhed:ehealth:role:incident_reporter (Fejlmelder)</td><td><a href=\"http://hl7.org/fhir/extensions/5.1.0/CodeSystem-concept-map-equivalence.html#equivalent\" title=\"equivalent\">is equivalent to</a></td><td>incidentReporter</td></tr><tr><td>urn:dk:sundhed:ehealth:role:incident_manager (Support samarbejdspartner)</td><td><a href=\"http://hl7.org/fhir/extensions/5.1.0/CodeSystem-concept-map-equivalence.html#equivalent\" title=\"equivalent\">is equivalent to</a></td><td>incidentManager</td></tr><tr><td>urn:dk:sundhed:ehealth:role:ssl_catalogue_responsible (Katalogansvarlig)</td><td><a href=\"http://hl7.org/fhir/extensions/5.1.0/CodeSystem-concept-map-equivalence.html#equivalent\" title=\"equivalent\">is equivalent to</a></td><td>catalogueResponsible</td></tr><tr><td>urn:dk:sundhed:ehealth:role:ssl_catalogue_annotator (Katalogopmærker)</td><td><a href=\"http://hl7.org/fhir/extensions/5.1.0/CodeSystem-concept-map-equivalence.html#equivalent\" title=\"equivalent\">is equivalent to</a></td><td>catalogueAnnotator</td></tr><tr><td>urn:dk:sundhed:ehealth:role:ssl_contract_responsible (Aftaleansvarlig)</td><td><a href=\"http://hl7.org/fhir/extensions/5.1.0/CodeSystem-concept-map-equivalence.html#equivalent\" title=\"equivalent\">is equivalent to</a></td><td>contractResponsible</td></tr><tr><td>urn:dk:sundhed:ehealth:role:terminology_administrator (Terminologiadministrator)</td><td><a href=\"http://hl7.org/fhir/extensions/5.1.0/CodeSystem-concept-map-equivalence.html#equivalent\" title=\"equivalent\">is equivalent to</a></td><td>terminologyAdministrator</td></tr><tr><td>http://ehealth.seb.dk/roles/usersystemrole/citizen_enroller/1 (Borgeropretter)</td><td><a href=\"http://hl7.org/fhir/extensions/5.1.0/CodeSystem-concept-map-equivalence.html#equivalent\" title=\"equivalent\">is equivalent to</a></td><td>citizenEnroller</td></tr><tr><td>http://ehealth.seb.dk/roles/usersystemrole/clinical_viewer/1 (Klinisk se adgang)</td><td><a href=\"http://hl7.org/fhir/extensions/5.1.0/CodeSystem-concept-map-equivalence.html#equivalent\" title=\"equivalent\">is equivalent to</a></td><td>clinicalViewer</td></tr><tr><td>http://ehealth.seb.dk/roles/usersystemrole/monitoring_assistor/1 (Monitoreringsmedhjælper)</td><td><a href=\"http://hl7.org/fhir/extensions/5.1.0/CodeSystem-concept-map-equivalence.html#equivalent\" title=\"equivalent\">is equivalent to</a></td><td>monitoringAssistor</td></tr><tr><td>http://ehealth.seb.dk/roles/usersystemrole/monitoring_adjuster/1 (Monitoreringstilretter)</td><td><a href=\"http://hl7.org/fhir/extensions/5.1.0/CodeSystem-concept-map-equivalence.html#equivalent\" title=\"equivalent\">is equivalent to</a></td><td>monitoring_adjuster (Monitoring adjuster)</td></tr><tr><td>http://ehealth.seb.dk/roles/usersystemrole/report_user/1 (Nøgletalsmedarbejder)</td><td><a href=\"http://hl7.org/fhir/extensions/5.1.0/CodeSystem-concept-map-equivalence.html#equivalent\" title=\"equivalent\">is equivalent to</a></td><td>reportUser</td></tr><tr><td>http://ehealth.seb.dk/roles/usersystemrole/questionnaire_editor/1 (Spørgeskemaeditor)</td><td><a href=\"http://hl7.org/fhir/extensions/5.1.0/CodeSystem-concept-map-equivalence.html#equivalent\" title=\"equivalent\">is equivalent to</a></td><td>questionnaireEditor</td></tr><tr><td>http://ehealth.seb.dk/roles/usersystemrole/clinical_administrator/1 (Pakke- og forløbsbygger)</td><td><a href=\"http://hl7.org/fhir/extensions/5.1.0/CodeSystem-concept-map-equivalence.html#equivalent\" title=\"equivalent\">is equivalent to</a></td><td>clinicalAdministrator</td></tr><tr><td>http://ehealth.seb.dk/roles/usersystemrole/clinical_supporter/1 (Klinisk supporter)</td><td><a href=\"http://hl7.org/fhir/extensions/5.1.0/CodeSystem-concept-map-equivalence.html#equivalent\" title=\"equivalent\">is equivalent to</a></td><td>clinicalSupporter</td></tr><tr><td>http://ehealth.seb.dk/roles/usersystemrole/careteam_administrator/1 (Care Team administrator)</td><td><a href=\"http://hl7.org/fhir/extensions/5.1.0/CodeSystem-concept-map-equivalence.html#equivalent\" title=\"equivalent\">is equivalent to</a></td><td>careteamAdministrator</td></tr><tr><td>http://ehealth.seb.dk/roles/usersystemrole/order_placer/1 (Bestiller af udstyr)</td><td><a href=\"http://hl7.org/fhir/extensions/5.1.0/CodeSystem-concept-map-equivalence.html#equivalent\" title=\"equivalent\">is equivalent to</a></td><td>orderPlacer</td></tr><tr><td>http://ehealth.seb.dk/roles/usersystemrole/service_and_logistics/1 (Service og logistik samarbejdspartner)</td><td><a href=\"http://hl7.org/fhir/extensions/5.1.0/CodeSystem-concept-map-equivalence.html#equivalent\" title=\"equivalent\">is equivalent to</a></td><td>serviceAndLogistics</td></tr><tr><td>http://ehealth.seb.dk/roles/usersystemrole/incident_reporter/1 (Fejlmelder)</td><td><a href=\"http://hl7.org/fhir/extensions/5.1.0/CodeSystem-concept-map-equivalence.html#equivalent\" title=\"equivalent\">is equivalent to</a></td><td>incidentReporter</td></tr><tr><td>http://ehealth.seb.dk/roles/usersystemrole/incident_manager/1 (Support samarbejdspartner)</td><td><a href=\"http://hl7.org/fhir/extensions/5.1.0/CodeSystem-concept-map-equivalence.html#equivalent\" title=\"equivalent\">is equivalent to</a></td><td>incidentManager</td></tr><tr><td>http://ehealth.seb.dk/roles/usersystemrole/ssl_catalogue_responsible/1 (Katalogansvarlig)</td><td><a href=\"http://hl7.org/fhir/extensions/5.1.0/CodeSystem-concept-map-equivalence.html#equivalent\" title=\"equivalent\">is equivalent to</a></td><td>catalogueResponsible</td></tr><tr><td>http://ehealth.seb.dk/roles/usersystemrole/ssl_catalogue_annotator/1 (Katalogopmærker)</td><td><a href=\"http://hl7.org/fhir/extensions/5.1.0/CodeSystem-concept-map-equivalence.html#equivalent\" title=\"equivalent\">is equivalent to</a></td><td>catalogueAnnotator</td></tr><tr><td>http://ehealth.seb.dk/roles/usersystemrole/ssl_contract_responsible/1 (Aftaleansvarlig)</td><td><a href=\"http://hl7.org/fhir/extensions/5.1.0/CodeSystem-concept-map-equivalence.html#equivalent\" title=\"equivalent\">is equivalent to</a></td><td>contractResponsible</td></tr><tr><td>http://ehealth.seb.dk/roles/usersystemrole/terminology_administrator/1 (Terminologiadministrator)</td><td><a href=\"http://hl7.org/fhir/extensions/5.1.0/CodeSystem-concept-map-equivalence.html#equivalent\" title=\"equivalent\">is equivalent to</a></td><td>terminologyAdministrator</td></tr></table></div>"
  },
  "url" : "http://ehealth.sundhed.dk/ConceptMap/oio-bpp-roles-to-careteam-participant-roles",
  "version" : "3.3.0",
  "name" : "OIOBPPRoleToCareTeamParticipantRoleMapping",
  "title" : "OIO BPP roles to eHealth CareTeam participant role mapping",
  "status" : "active",
  "experimental" : true,
  "date" : "2019-12-02T00:00:00+00:00",
  "publisher" : "Den telemedicinske infrastruktur (eHealth Infrastructure)",
  "contact" : [{
    "name" : "Den telemedicinske infrastruktur (eHealth Infrastructure)",
    "telecom" : [{
      "system" : "url",
      "value" : "http://ehealth.sundhed.dk"
    }]
  }],
  "jurisdiction" : [{
    "coding" : [{
      "system" : "urn:iso:std:iso:3166",
      "code" : "DK",
      "display" : "Denmark"
    }]
  }],
  "sourceUri" : "http://ehealth.sundhed.dk/vs/oio-bpp-roles",
  "targetUri" : "http://ehealth.sundhed.dk/vs/careteam-participant-role",
  "group" : [{
    "source" : "http://ehealth.sundhed.dk/cs/oio-bpp-roles",
    "target" : "http://ehealth.sundhed.dk/cs/careteam-participant-role",
    "element" : [{
      "code" : "urn:dk:sundhed:ehealth:role:citizen_enroller",
      "display" : "Borgeropretter",
      "target" : [{
        "code" : "citizenEnroller",
        "display" : "Citizen enroller",
        "equivalence" : "equivalent"
      }]
    },
    {
      "code" : "urn:dk:sundhed:ehealth:role:clinical_viewer",
      "display" : "Klinisk se adgang",
      "target" : [{
        "code" : "clinicalViewer",
        "display" : "Clinical viewer",
        "equivalence" : "equivalent"
      }]
    },
    {
      "code" : "urn:dk:sundhed:ehealth:role:monitoring_assistor",
      "display" : "Monitoreringsmedhjælper",
      "target" : [{
        "code" : "monitoringAssistor",
        "display" : "Monitoring assistor",
        "equivalence" : "equivalent"
      }]
    },
    {
      "code" : "urn:dk:sundhed:ehealth:role:monitoring_adjuster",
      "display" : "Monitoreringstilretter",
      "target" : [{
        "code" : "monitoring_adjuster",
        "display" : "Monitoring adjuster",
        "equivalence" : "equivalent"
      }]
    },
    {
      "code" : "urn:dk:sundhed:ehealth:role:report_user",
      "display" : "Nøgletalsmedarbejder",
      "target" : [{
        "code" : "reportUser",
        "display" : "Report user",
        "equivalence" : "equivalent"
      }]
    },
    {
      "code" : "urn:dk:sundhed:ehealth:role:questionnaire_editor",
      "display" : "Spørgeskemaeditor",
      "target" : [{
        "code" : "questionnaireEditor",
        "display" : "Questionnaire editor",
        "equivalence" : "equivalent"
      }]
    },
    {
      "code" : "urn:dk:sundhed:ehealth:role:clinical_administrator",
      "display" : "Pakke- og forløbsbygger",
      "target" : [{
        "code" : "clinicalAdministrator",
        "display" : "Clinical administrator",
        "equivalence" : "equivalent"
      }]
    },
    {
      "code" : "urn:dk:sundhed:ehealth:role:clinical_supporter",
      "display" : "Klinisk supporter",
      "target" : [{
        "code" : "clinicalSupporter",
        "display" : "Clinical supporter",
        "equivalence" : "equivalent"
      }]
    },
    {
      "code" : "urn:dk:sundhed:ehealth:role:careteam_administrator",
      "display" : "Care Team administrator",
      "target" : [{
        "code" : "careteamAdministrator",
        "display" : "Careteam administrator",
        "equivalence" : "equivalent"
      }]
    },
    {
      "code" : "urn:dk:sundhed:ehealth:role:order_placer",
      "display" : "Bestiller af udstyr",
      "target" : [{
        "code" : "orderPlacer",
        "display" : "Order placer",
        "equivalence" : "equivalent"
      }]
    },
    {
      "code" : "urn:dk:sundhed:ehealth:role:service_and_logistics",
      "display" : "Service og logistik samarbejdspartner",
      "target" : [{
        "code" : "serviceAndLogistics",
        "display" : "Service and logistics",
        "equivalence" : "equivalent"
      }]
    },
    {
      "code" : "urn:dk:sundhed:ehealth:role:incident_reporter",
      "display" : "Fejlmelder",
      "target" : [{
        "code" : "incidentReporter",
        "display" : "Incident reporter",
        "equivalence" : "equivalent"
      }]
    },
    {
      "code" : "urn:dk:sundhed:ehealth:role:incident_manager",
      "display" : "Support samarbejdspartner",
      "target" : [{
        "code" : "incidentManager",
        "display" : "Incident manager",
        "equivalence" : "equivalent"
      }]
    },
    {
      "code" : "urn:dk:sundhed:ehealth:role:ssl_catalogue_responsible",
      "display" : "Katalogansvarlig",
      "target" : [{
        "code" : "catalogueResponsible",
        "display" : "Catalogue responsible",
        "equivalence" : "equivalent"
      }]
    },
    {
      "code" : "urn:dk:sundhed:ehealth:role:ssl_catalogue_annotator",
      "display" : "Katalogopmærker",
      "target" : [{
        "code" : "catalogueAnnotator",
        "display" : "Catalogue annotator",
        "equivalence" : "equivalent"
      }]
    },
    {
      "code" : "urn:dk:sundhed:ehealth:role:ssl_contract_responsible",
      "display" : "Aftaleansvarlig",
      "target" : [{
        "code" : "contractResponsible",
        "display" : "Contract responsible",
        "equivalence" : "equivalent"
      }]
    },
    {
      "code" : "urn:dk:sundhed:ehealth:role:terminology_administrator",
      "display" : "Terminologiadministrator",
      "target" : [{
        "code" : "terminologyAdministrator",
        "display" : "Terminology administrator",
        "equivalence" : "equivalent"
      }]
    },
    {
      "code" : "http://ehealth.seb.dk/roles/usersystemrole/citizen_enroller/1",
      "display" : "Borgeropretter",
      "target" : [{
        "code" : "citizenEnroller",
        "display" : "Citizen enroller",
        "equivalence" : "equivalent"
      }]
    },
    {
      "code" : "http://ehealth.seb.dk/roles/usersystemrole/clinical_viewer/1",
      "display" : "Klinisk se adgang",
      "target" : [{
        "code" : "clinicalViewer",
        "display" : "Clinical viewer",
        "equivalence" : "equivalent"
      }]
    },
    {
      "code" : "http://ehealth.seb.dk/roles/usersystemrole/monitoring_assistor/1",
      "display" : "Monitoreringsmedhjælper",
      "target" : [{
        "code" : "monitoringAssistor",
        "display" : "Monitoring assistor",
        "equivalence" : "equivalent"
      }]
    },
    {
      "code" : "http://ehealth.seb.dk/roles/usersystemrole/monitoring_adjuster/1",
      "display" : "Monitoreringstilretter",
      "target" : [{
        "code" : "monitoring_adjuster",
        "display" : "Monitoring adjuster",
        "equivalence" : "equivalent"
      }]
    },
    {
      "code" : "http://ehealth.seb.dk/roles/usersystemrole/report_user/1",
      "display" : "Nøgletalsmedarbejder",
      "target" : [{
        "code" : "reportUser",
        "display" : "Report user",
        "equivalence" : "equivalent"
      }]
    },
    {
      "code" : "http://ehealth.seb.dk/roles/usersystemrole/questionnaire_editor/1",
      "display" : "Spørgeskemaeditor",
      "target" : [{
        "code" : "questionnaireEditor",
        "display" : "Questionnaire editor",
        "equivalence" : "equivalent"
      }]
    },
    {
      "code" : "http://ehealth.seb.dk/roles/usersystemrole/clinical_administrator/1",
      "display" : "Pakke- og forløbsbygger",
      "target" : [{
        "code" : "clinicalAdministrator",
        "display" : "Clinical administrator",
        "equivalence" : "equivalent"
      }]
    },
    {
      "code" : "http://ehealth.seb.dk/roles/usersystemrole/clinical_supporter/1",
      "display" : "Klinisk supporter",
      "target" : [{
        "code" : "clinicalSupporter",
        "display" : "Clinical supporter",
        "equivalence" : "equivalent"
      }]
    },
    {
      "code" : "http://ehealth.seb.dk/roles/usersystemrole/careteam_administrator/1",
      "display" : "Care Team administrator",
      "target" : [{
        "code" : "careteamAdministrator",
        "display" : "Careteam administrator",
        "equivalence" : "equivalent"
      }]
    },
    {
      "code" : "http://ehealth.seb.dk/roles/usersystemrole/order_placer/1",
      "display" : "Bestiller af udstyr",
      "target" : [{
        "code" : "orderPlacer",
        "display" : "Order placer",
        "equivalence" : "equivalent"
      }]
    },
    {
      "code" : "http://ehealth.seb.dk/roles/usersystemrole/service_and_logistics/1",
      "display" : "Service og logistik samarbejdspartner",
      "target" : [{
        "code" : "serviceAndLogistics",
        "display" : "Service and logistics",
        "equivalence" : "equivalent"
      }]
    },
    {
      "code" : "http://ehealth.seb.dk/roles/usersystemrole/incident_reporter/1",
      "display" : "Fejlmelder",
      "target" : [{
        "code" : "incidentReporter",
        "display" : "Incident reporter",
        "equivalence" : "equivalent"
      }]
    },
    {
      "code" : "http://ehealth.seb.dk/roles/usersystemrole/incident_manager/1",
      "display" : "Support samarbejdspartner",
      "target" : [{
        "code" : "incidentManager",
        "display" : "Incident manager",
        "equivalence" : "equivalent"
      }]
    },
    {
      "code" : "http://ehealth.seb.dk/roles/usersystemrole/ssl_catalogue_responsible/1",
      "display" : "Katalogansvarlig",
      "target" : [{
        "code" : "catalogueResponsible",
        "display" : "Catalogue responsible",
        "equivalence" : "equivalent"
      }]
    },
    {
      "code" : "http://ehealth.seb.dk/roles/usersystemrole/ssl_catalogue_annotator/1",
      "display" : "Katalogopmærker",
      "target" : [{
        "code" : "catalogueAnnotator",
        "display" : "Catalogue annotator",
        "equivalence" : "equivalent"
      }]
    },
    {
      "code" : "http://ehealth.seb.dk/roles/usersystemrole/ssl_contract_responsible/1",
      "display" : "Aftaleansvarlig",
      "target" : [{
        "code" : "contractResponsible",
        "display" : "Contract responsible",
        "equivalence" : "equivalent"
      }]
    },
    {
      "code" : "http://ehealth.seb.dk/roles/usersystemrole/terminology_administrator/1",
      "display" : "Terminologiadministrator",
      "target" : [{
        "code" : "terminologyAdministrator",
        "display" : "Terminology administrator",
        "equivalence" : "equivalent"
      }]
    }]
  }]
}