{
  "resourceType" : "OperationDefinition",
  "id" : "-s-execute-careteam-stats",
  "text" : {
    "status" : "extensions",
    "div" : "<div xmlns=\"http://www.w3.org/1999/xhtml\"><p>URL: [base]/$execute-careteam-stats</p><p>Parameters</p><table class=\"grid\"><tr><td><b>Use</b></td><td><b>Name</b></td><td><b>Scope</b></td><td><b>Cardinality</b></td><td><b>Type</b></td><td><b>Binding</b></td><td><b>Documentation</b></td></tr><tr><td>IN</td><td>anonymization</td><td/><td>1..1</td><td><a href=\"http://hl7.org/fhir/R4/datatypes.html#string\">string</a></td><td/><td/></tr><tr><td>IN</td><td>organization</td><td/><td>0..1</td><td><a href=\"http://hl7.org/fhir/R4/references.html#Reference\">Reference</a></td><td/><td/></tr><tr><td>IN</td><td>period</td><td/><td>0..1</td><td><a href=\"http://hl7.org/fhir/R4/datatypes.html#Period\">Period</a></td><td/><td/></tr><tr><td>OUT</td><td>return</td><td/><td>0..1</td><td><a href=\"http://hl7.org/fhir/R4/binary.html\">Binary</a></td><td/><td/></tr></table></div>"
  },
  "url" : "https://reporting.devtest.systematic-ehealth.com/fhir/OperationDefinition/-s-execute-careteam-stats",
  "version" : "3.3.0",
  "name" : "execute-careteam-stats",
  "title" : "Execute careteam stats",
  "status" : "active",
  "kind" : "operation",
  "date" : "2024-06-07T14:29:06+00:00",
  "publisher" : "Den telemedicinske infrastruktur (eHealth Infrastructure)",
  "contact" : [{
    "name" : "Den telemedicinske infrastruktur (eHealth Infrastructure)",
    "telecom" : [{
      "system" : "url",
      "value" : "http://ehealth.sundhed.dk"
    }]
  }],
  "description" : "### Report Contents\nThis report contains counts of resources associated with CareTeams:\n- EpisodeOfCare\n- CarePlan\n- Task: Count for each task category\n### Grouping \nThis report is grouped by CareTeam. Each group is returned in a separate JSon file.\n### Parameters\n- organization: Filter on CareTeam.managingOrganization match\n- period: Filter on:\n    - CarePlan.period overlap for CarePlans\n    - EpisodeOfCare.period overlap for EpisodeOfCare\n    - Task.authoredOn inside period for Tasks\n### Output\nOutput can be found in Binary.content. This is a Base64 encoded .zip file containing JSon files corresponding to the report groups.\n### Example output\nEHealthCareTeam is a Fhir resource. See the implementation guide for details\n\n    {\n        'EHealthCareTeam': {\n            'resourceType': 'CareTeam',\n            'id': '12958',\n            'meta': {\n                'versionId': '1',\n                'profile': ['http://ehealth.sundhed.dk/fhir/StructureDefinition/ehealth-careteam']\n            },\n            'identifier': [{\n                    'id': '59f70e4e-1c31-4647-8c91-404939b6b14e',\n                    'system': 'urn:ietf:rfc:3986'\n                }\n            ],\n            'status': 'active',\n            'name': '0cea5c11-af39-4e5c-8733-9f532ea9961a',\n            'reasonCode': [{\n                    'coding': [{\n                            'system': 'http://ehealth.sundhed.dk/cs/conditions',\n                            'code': 'TBD'\n                        }\n                    ]\n                }\n            ],\n            'managingOrganization': [{\n                    'reference': 'https://organization.local.ehealth.sundhed.dk/fhir/Organization/66642'\n                }\n            ]\n        },\n        'CareTeamSummary': {\n            'episodeOfCareCount': 2,\n            'carePlanCount': 6,\n            'taskCountByCategory': {\n                'MissingMeasurementResolving': 2\n            }\n        }\n    }",
  "affectsState" : true,
  "code" : "execute-careteam-stats",
  "system" : true,
  "type" : false,
  "instance" : false,
  "parameter" : [{
    "name" : "anonymization",
    "use" : "in",
    "min" : 1,
    "max" : "1",
    "type" : "string"
  },
  {
    "name" : "organization",
    "use" : "in",
    "min" : 0,
    "max" : "1",
    "type" : "Reference"
  },
  {
    "name" : "period",
    "use" : "in",
    "min" : 0,
    "max" : "1",
    "type" : "Period"
  },
  {
    "name" : "return",
    "use" : "out",
    "min" : 0,
    "max" : "1",
    "type" : "Binary"
  }]
}