{
  "resourceType" : "ValueSet",
  "id" : "ehealth-unit",
  "text" : {
    "status" : "generated",
    "div" : "<div xmlns=\"http://www.w3.org/1999/xhtml\"><p>This value set includes codes based on the following rules:</p><ul><li>Include all codes defined in <code>http://ehealth.sundhed.dk/vs/ehealth-unit-code</code></li><li>Include all codes defined in <code>http://hl7.org/fhir/ValueSet/ucum-common</code></li></ul></div>"
  },
  "url" : "http://ehealth.sundhed.dk/vs/ehealth-unit",
  "version" : "3.3.0",
  "name" : "eHealthUnit",
  "title" : "eHealthUnit",
  "status" : "active",
  "experimental" : false,
  "date" : "2020-10-19T08:00:00+00:00",
  "publisher" : "Den telemedicinske infrastruktur (eHealth Infrastructure)",
  "contact" : [{
    "name" : "Den telemedicinske infrastruktur (eHealth Infrastructure)",
    "telecom" : [{
      "system" : "url",
      "value" : "http://ehealth.sundhed.dk"
    }]
  }],
  "description" : "Value set of Unit Codes and Ucum common",
  "compose" : {
    "include" : [{
      "valueSet" : ["http://ehealth.sundhed.dk/vs/ehealth-unit-code"]
    },
    {
      "valueSet" : ["http://hl7.org/fhir/ValueSet/ucum-common"]
    }]
  }
}