{
  "resourceType" : "ValueSet",
  "id" : "ehealth-unit-code",
  "text" : {
    "status" : "generated",
    "div" : "<div xmlns=\"http://www.w3.org/1999/xhtml\"><ul><li>Include all codes defined in <a href=\"CodeSystem-ehealth-unit-code.html\"><code>http://ehealth.sundhed.dk/cs/ehealth-unit-code</code></a></li></ul></div>"
  },
  "url" : "http://ehealth.sundhed.dk/vs/ehealth-unit-code",
  "version" : "3.3.0",
  "name" : "eHealthUnitCodes",
  "title" : "eHealthUnitCodes",
  "status" : "active",
  "experimental" : false,
  "date" : "2020-10-19T08:00:00+00:00",
  "publisher" : "Den telemedicinske infrastruktur (eHealth Infrastructure)",
  "contact" : [{
    "name" : "Den telemedicinske infrastruktur (eHealth Infrastructure)",
    "telecom" : [{
      "system" : "url",
      "value" : "http://ehealth.sundhed.dk"
    }]
  }],
  "description" : "Value set of Unit Codes",
  "compose" : {
    "include" : [{
      "system" : "http://ehealth.sundhed.dk/cs/ehealth-unit-code"
    }]
  }
}