{
  "resourceType" : "Condition",
  "id" : "42",
  "meta" : {
    "versionId" : "2",
    "profile" : ["http://ehealth.sundhed.dk/fhir/StructureDefinition/ehealth-condition"]
  },
  "text" : {
    "status" : "generated",
    "div" : "<div xmlns=\"http://www.w3.org/1999/xhtml\"><p class=\"res-header-id\"><b>Generated Narrative: Condition 42</b></p><a name=\"42\"> </a><a name=\"hc42\"> </a><div style=\"display: inline-block; background-color: #d9e0e7; padding: 6px; margin: 4px; border: 1px solid #8da1b4; border-radius: 5px; line-height: 60%\"><p style=\"margin-bottom: 0px\">version: 2</p><p style=\"margin-bottom: 0px\">Profile: <a href=\"StructureDefinition-ehealth-condition.html\">ehealth-condition</a></p></div><p><b>code</b>: <span title=\"Codes:{http://kl.dk/fhir/common/caresocial/CodeSystem/FSIII F12}\">En beskrivelse af boligens fysiske rammer og omgivelser, der har betydning for borgerens hverdagsliv og funktionsevne.</span></p><p><b>subject</b>: <a href=\"Patient-102.html\">Nancy Ann Berggren (official) Ukendt, DoB Unknown ( urn:oid:1.2.208.176.1.2#Danish civil registration system - CPR#2512489996\u00a0(use:\u00a0official,\u00a0))</a></p></div>"
  },
  "code" : {
    "coding" : [{
      "system" : "http://kl.dk/fhir/common/caresocial/CodeSystem/FSIII",
      "code" : "F12"
    }],
    "text" : "En beskrivelse af boligens fysiske rammer og omgivelser, der har betydning for borgerens hverdagsliv og funktionsevne."
  },
  "subject" : {
    "reference" : "Patient/102"
  }
}