{"resourceType":"CodeSystem","id":"ehealth-sor-organization-specialty","text":{"status":"generated","div":"<div xmlns=\"http://www.w3.org/1999/xhtml\"><p class=\"res-header-id\"><b>Generated Narrative: CodeSystem ehealth-sor-organization-specialty</b></p><a name=\"ehealth-sor-organization-specialty\"> </a><a name=\"hcehealth-sor-organization-specialty\"> </a><a name=\"ehealth-sor-organization-specialty-da-DK\"> </a><p>This case-sensitive code system <code>http://ehealth.sundhed.dk/cs/sor-organization-specialty</code> defines the following code:</p><table class=\"codes\"><tr><td style=\"white-space:nowrap\"><b>Code</b></td><td><b>Display</b></td><td><b>Definition</b></td></tr><tr><td style=\"white-space:nowrap\">unknown<a name=\"ehealth-sor-organization-specialty-unknown\"> </a></td><td>Unknown</td><td>Unknown</td></tr></table></div>"},"url":"http://ehealth.sundhed.dk/cs/sor-organization-specialty","version":"3.4.1","name":"SorOrganizationSpecialty","title":"SOR Organization Specialty","status":"active","experimental":false,"date":"2019-06-11T00:00:00+00:00","publisher":"Den telemedicinske infrastruktur (eHealth Infrastructure)","contact":[{"name":"Den telemedicinske infrastruktur (eHealth Infrastructure)","telecom":[{"system":"url","value":"http://ehealth.sundhed.dk"}]}],"description":"Organization specialties specific for organizations from Sor","jurisdiction":[{"coding":[{"system":"urn:iso:std:iso:3166","code":"DK","display":"Denmark"}]}],"caseSensitive":true,"content":"complete","concept":[{"code":"unknown","display":"Unknown","definition":"Unknown","designation":[{"use":{"system":"http://terminology.hl7.org/CodeSystem/designation-usage","code":"display"},"value":"Unknown"},{"use":{"system":"http://terminology.hl7.org/CodeSystem/designation-usage","code":"display"},"value":"Unknown"},{"use":{"system":"http://terminology.hl7.org/CodeSystem/designation-usage","code":"display"},"value":"Unknown"}]}]}