{"resourceType":"CodeSystem","id":"fs3-group-mobility","text":{"status":"generated","div":"<div xmlns=\"http://www.w3.org/1999/xhtml\"><p class=\"res-header-id\"><b>Generated Narrative: CodeSystem fs3-group-mobility</b></p><a name=\"fs3-group-mobility\"> </a><a name=\"hcfs3-group-mobility\"> </a><a name=\"fs3-group-mobility-da-DK\"> </a><p>This  code system <code>http://ehealth.sundhed.dk/cs/fs3-group-mobility</code> defines the following codes:</p><table class=\"codes\"><tr><td style=\"white-space:nowrap\"><b>Code</b></td><td><b>Display</b></td><td><b>Dansk (Danish, da)</b></td></tr><tr><td style=\"white-space:nowrap\">CHANGE_BODY_POSITION<a name=\"fs3-group-mobility-CHANGE_BODY_POSITION\"> </a></td><td>Ændre kropsstilling</td><td>Ændre kropsstilling</td></tr><tr><td style=\"white-space:nowrap\">MOVE<a name=\"fs3-group-mobility-MOVE\"> </a></td><td>Forflytte sig</td><td>Forflytte sig</td></tr><tr><td style=\"white-space:nowrap\">LIFT_AND_CARRY<a name=\"fs3-group-mobility-LIFT_AND_CARRY\"> </a></td><td>Løfte og bære</td><td>Løfte og bære</td></tr><tr><td style=\"white-space:nowrap\">WALK<a name=\"fs3-group-mobility-WALK\"> </a></td><td>Gå</td><td>Gå</td></tr><tr><td style=\"white-space:nowrap\">MOVE_AROUND<a name=\"fs3-group-mobility-MOVE_AROUND\"> </a></td><td>Bevæge sig omkring</td><td>Bevæge sig omkring</td></tr><tr><td style=\"white-space:nowrap\">MOVE_IN_DIFFERENT_ENVIRONMENTS<a name=\"fs3-group-mobility-MOVE_IN_DIFFERENT_ENVIRONMENTS\"> </a></td><td>Færden i forskellige omgivelser</td><td>Færden i forskellige omgivelser</td></tr><tr><td style=\"white-space:nowrap\">USE_TRANSPORTATION<a name=\"fs3-group-mobility-USE_TRANSPORTATION\"> </a></td><td>Bruge transportmidler</td><td>Bruge transportmidler</td></tr><tr><td style=\"white-space:nowrap\">ENDURANCE<a name=\"fs3-group-mobility-ENDURANCE\"> </a></td><td>Udholdenhed</td><td>Udholdenhed</td></tr><tr><td style=\"white-space:nowrap\">MUSCLE_STRENGTH<a name=\"fs3-group-mobility-MUSCLE_STRENGTH\"> </a></td><td>Muskelstyrke</td><td>Muskelstyrke</td></tr></table></div>"},"url":"http://ehealth.sundhed.dk/cs/fs3-group-mobility","version":"3.4.1","name":"FS III, Mobilitet","title":"FS III, Mobilitet","status":"active","experimental":true,"date":"2019-02-02T00:00:00+00:00","publisher":"Den telemedicinske infrastruktur (eHealth Infrastructure)","contact":[{"name":"Den telemedicinske infrastruktur (eHealth Infrastructure)","telecom":[{"system":"url","value":"http://ehealth.sundhed.dk"}]}],"description":"FS III, Mobilitet","jurisdiction":[{"coding":[{"system":"urn:iso:std:iso:3166","code":"DK","display":"Denmark"}]}],"content":"complete","concept":[{"code":"CHANGE_BODY_POSITION","display":"Ændre kropsstilling","designation":[{"language":"da","value":"Ændre kropsstilling"}]},{"code":"MOVE","display":"Forflytte sig","designation":[{"language":"da","value":"Forflytte sig"}]},{"code":"LIFT_AND_CARRY","display":"Løfte og bære","designation":[{"language":"da","value":"Løfte og bære"}]},{"code":"WALK","display":"Gå","designation":[{"language":"da","value":"Gå"}]},{"code":"MOVE_AROUND","display":"Bevæge sig omkring","designation":[{"language":"da","value":"Bevæge sig omkring"}]},{"code":"MOVE_IN_DIFFERENT_ENVIRONMENTS","display":"Færden i forskellige omgivelser","designation":[{"language":"da","value":"Færden i forskellige omgivelser"}]},{"code":"USE_TRANSPORTATION","display":"Bruge transportmidler","designation":[{"language":"da","value":"Bruge transportmidler"}]},{"code":"ENDURANCE","display":"Udholdenhed","designation":[{"language":"da","value":"Udholdenhed"}]},{"code":"MUSCLE_STRENGTH","display":"Muskelstyrke","designation":[{"language":"da","value":"Muskelstyrke"}]}]}