{"resourceType":"CodeSystem","id":"hl7.org-fhir-address-type","text":{"status":"generated","div":"<div xmlns=\"http://www.w3.org/1999/xhtml\"><p/><table class=\"codes\"><tr><td style=\"white-space:nowrap\"><b>Code</b></td><td><b>Display</b></td><td><b>Definition</b></td></tr><tr><td style=\"white-space:nowrap\">postal<a name=\"address-type-dk-supplement-postal\"> </a></td><td>Postal</td><td>Mailing addresses - PO Boxes and care-of addresses.</td></tr><tr><td style=\"white-space:nowrap\">physical<a name=\"address-type-dk-supplement-physical\"> </a></td><td>Physical</td><td>A physical address that can be visited.</td></tr><tr><td style=\"white-space:nowrap\">both<a name=\"address-type-dk-supplement-both\"> </a></td><td>Postal &amp; Physical</td><td>An address that is both physical and postal.</td></tr></table><p><b>Additional Language Displays</b></p><table class=\"codes\"><tr><td><b>Code</b></td><td><b>Dansk (Danish, da)</b></td></tr><tr><td>postal</td><td>Post</td></tr><tr><td>physical</td><td>Fysisk</td></tr><tr><td>both</td><td>Post &amp; fysisk</td></tr></table></div>"},"url":"http://hl7.org/fhir/address-type","version":"3.4.1","name":"AddressType","title":"Address Type","status":"active","experimental":false,"date":"2021-10-27T13:27:27+00:00","publisher":"Den telemedicinske infrastruktur (eHealth Infrastructure)","contact":[{"name":"Den telemedicinske infrastruktur (eHealth Infrastructure)","telecom":[{"system":"url","value":"http://ehealth.sundhed.dk"}]}],"description":"The type of an address (physical / postal)","jurisdiction":[{"coding":[{"system":"urn:iso:std:iso:3166","code":"DK","display":"Denmark"}]}],"content":"supplement","supplements":"http://hl7.org/fhir/address-type","concept":[{"code":"postal","display":"Postal","definition":"Mailing addresses - PO Boxes and care-of addresses.","designation":[{"language":"da","use":{"system":"http://snomed.info/sct","code":"900000000000013009"},"value":"Post"}]},{"code":"physical","display":"Physical","definition":"A physical address that can be visited.","designation":[{"language":"da","use":{"system":"http://snomed.info/sct","code":"900000000000013009"},"value":"Fysisk"}]},{"code":"both","display":"Postal & Physical","definition":"An address that is both physical and postal.","designation":[{"language":"da","use":{"system":"http://snomed.info/sct","code":"900000000000013009"},"value":"Post & fysisk"}]}]}