{"resourceType":"ConceptMap","id":"conceptmap-ucum-to-printsymbol","text":{"status":"generated","div":"<div xmlns=\"http://www.w3.org/1999/xhtml\"><p class=\"res-header-id\"><b>Generated Narrative: ConceptMap conceptmap-ucum-to-printsymbol</b></p><a name=\"conceptmap-ucum-to-printsymbol\"> </a><a name=\"hcconceptmap-ucum-to-printsymbol\"> </a><a name=\"conceptmap-ucum-to-printsymbol-da-DK\"> </a><p>Mapping from <a href=\"ValueSet-ehealth-unit.html\">eHealthUnit</a> to <a href=\"ValueSet-ehealth-ucum-printsymbol-supplement.html\">UCUM printSymbol supplement</a></p><br/><p><b>Group 1 </b>Mapping from <a href=\"http://terminology.hl7.org/6.2.0/CodeSystem-v3-ucum.html\">Unified Code for Units of Measure (UCUM)</a> to <a href=\"CodeSystem-ehealth-ucum-printsymbol-supplement.html\">UCUM printSymbol supplement</a></p><table class=\"grid\"><tr><td><b>Source Code</b></td><td><b>Relationship</b></td><td><b>Target Code</b></td><td><b>Comment</b></td></tr><tr><td>% (percent)</td><td><a href=\"http://hl7.org/fhir/extensions/5.2.0/CodeSystem-concept-map-equivalence.html#specializes\" title=\"specializes\">has specialization</a></td><td>% (percent)</td><td>Should really be specializes but igpublisher turns into narrower (which requires a comment)</td></tr><tr><td>1/min (one per minute)</td><td><a href=\"http://hl7.org/fhir/extensions/5.2.0/CodeSystem-concept-map-equivalence.html#specializes\" title=\"specializes\">has specialization</a></td><td>1/min (one per minute)</td><td>Should really be specializes but igpublisher turns into narrower (which requires a comment)</td></tr><tr><td>kg (kilogram)</td><td><a href=\"http://hl7.org/fhir/extensions/5.2.0/CodeSystem-concept-map-equivalence.html#specializes\" title=\"specializes\">has specialization</a></td><td>kg (kilogram)</td><td>Should really be specializes but igpublisher turns into narrower (which requires a comment)</td></tr><tr><td>kg/m2 (kilogram / (meter ^ 2))</td><td><a href=\"http://hl7.org/fhir/extensions/5.2.0/CodeSystem-concept-map-equivalence.html#specializes\" title=\"specializes\">has specialization</a></td><td>kg/m2 (kilogram / (meter ^ 2))</td><td>Should really be specializes but igpublisher turns into narrower (which requires a comment)</td></tr><tr><td>m (meter)</td><td><a href=\"http://hl7.org/fhir/extensions/5.2.0/CodeSystem-concept-map-equivalence.html#specializes\" title=\"specializes\">has specialization</a></td><td>m (meter)</td><td>Should really be specializes but igpublisher turns into narrower (which requires a comment)</td></tr><tr><td>cm (centimeter)</td><td><a href=\"http://hl7.org/fhir/extensions/5.2.0/CodeSystem-concept-map-equivalence.html#specializes\" title=\"specializes\">has specialization</a></td><td>cm (centimeter)</td><td>Should really be specializes but igpublisher turns into narrower (which requires a comment)</td></tr><tr><td>cm2 (square centimeter)</td><td><a href=\"http://hl7.org/fhir/extensions/5.2.0/CodeSystem-concept-map-equivalence.html#specializes\" title=\"specializes\">has specialization</a></td><td>cm2 (square centimeter)</td><td>Should really be specializes but igpublisher turns into narrower (which requires a comment)</td></tr><tr><td>cm3 (cubic centimeter)</td><td><a href=\"http://hl7.org/fhir/extensions/5.2.0/CodeSystem-concept-map-equivalence.html#specializes\" title=\"specializes\">has specialization</a></td><td>cm3 (cubic centimeter)</td><td>Should really be specializes but igpublisher turns into narrower (which requires a comment)</td></tr><tr><td>L (liter)</td><td><a href=\"http://hl7.org/fhir/extensions/5.2.0/CodeSystem-concept-map-equivalence.html#specializes\" title=\"specializes\">has specialization</a></td><td>L (liter)</td><td>Should really be specializes but igpublisher turns into narrower (which requires a comment)</td></tr><tr><td>{ratio} (ratio)</td><td><a href=\"http://hl7.org/fhir/extensions/5.2.0/CodeSystem-concept-map-equivalence.html#specializes\" title=\"specializes\">has specialization</a></td><td>{ratio} (ratio)</td><td>Should really be specializes but igpublisher turns into narrower (which requires a comment)</td></tr><tr><td>mm[Hg] (millimeter of mercury)</td><td><a href=\"http://hl7.org/fhir/extensions/5.2.0/CodeSystem-concept-map-equivalence.html#specializes\" title=\"specializes\">has specialization</a></td><td>mm[Hg] (millimeter of mercury)</td><td>Should really be specializes but igpublisher turns into narrower (which requires a comment)</td></tr><tr><td>{Number} (Number)</td><td><a href=\"http://hl7.org/fhir/extensions/5.2.0/CodeSystem-concept-map-equivalence.html#specializes\" title=\"specializes\">has specialization</a></td><td>{Number} (Number)</td><td>Should really be specializes but igpublisher turns into narrower (which requires a comment)</td></tr><tr><td>Cel (degree Celsius)</td><td><a href=\"http://hl7.org/fhir/extensions/5.2.0/CodeSystem-concept-map-equivalence.html#specializes\" title=\"specializes\">has specialization</a></td><td>Cel (degree Celsius)</td><td>Should really be specializes but igpublisher turns into narrower (which requires a comment)</td></tr><tr><td>mg/L (milligram per liter)</td><td><a href=\"http://hl7.org/fhir/extensions/5.2.0/CodeSystem-concept-map-equivalence.html#specializes\" title=\"specializes\">has specialization</a></td><td>mg/L (milligram per liter)</td><td>Should really be specializes but igpublisher turns into narrower (which requires a comment)</td></tr><tr><td>/min (per minute)</td><td><a href=\"http://hl7.org/fhir/extensions/5.2.0/CodeSystem-concept-map-equivalence.html#specializes\" title=\"specializes\">has specialization</a></td><td>/min (per minute)</td><td>Should really be specializes but igpublisher turns into narrower (which requires a comment)</td></tr><tr><td>/d (per day)</td><td><a href=\"http://hl7.org/fhir/extensions/5.2.0/CodeSystem-concept-map-equivalence.html#specializes\" title=\"specializes\">has specialization</a></td><td>/d (per day)</td><td>Should really be specializes but igpublisher turns into narrower (which requires a comment)</td></tr><tr><td>/wk (per week)</td><td><a href=\"http://hl7.org/fhir/extensions/5.2.0/CodeSystem-concept-map-equivalence.html#specializes\" title=\"specializes\">has specialization</a></td><td>/wk (per week)</td><td>Should really be specializes but igpublisher turns into narrower (which requires a comment)</td></tr></table><hr/><p><b>Group 2 </b>Mapping from <a href=\"CodeSystem-ehealth-unit-code.html\">eHealth Unit Codes</a> to <a href=\"CodeSystem-ehealth-ucum-printsymbol-supplement.html\">UCUM printSymbol supplement</a></p><table class=\"grid\"><tr><td><b>Source Code</b></td><td><b>Relationship</b></td><td><b>Target Code</b></td><td><b>Comment</b></td></tr><tr><td>1/30sec (one per 30 seconds)</td><td><a href=\"http://hl7.org/fhir/extensions/5.2.0/CodeSystem-concept-map-equivalence.html#specializes\" title=\"specializes\">has specialization</a></td><td>1/30sec (one per 30 seconds)</td><td>Should really be specializes but igpublisher turns into narrower (which requires a comment)</td></tr><tr><td>percentpoint</td><td><a href=\"http://hl7.org/fhir/extensions/5.2.0/CodeSystem-concept-map-equivalence.html#specializes\" title=\"specializes\">has specialization</a></td><td>percentpoint</td><td>Should really be specializes but igpublisher turns into narrower (which requires a comment)</td></tr></table></div>"},"url":"http://ehealth.sundhed.dk/ConceptMap/conceptmap-ucum-to-printsymbol","version":"3.4.1","name":"conceptmap-ucum-to-printsymbol","title":"UCUM code to PrintSymbol mapping","status":"active","experimental":false,"date":"2020-08-31T00:00:00+00:00","publisher":"Den telemedicinske infrastruktur (eHealth Infrastructure)","contact":[{"name":"Den telemedicinske infrastruktur (eHealth Infrastructure)","telecom":[{"system":"url","value":"http://ehealth.sundhed.dk"}]}],"jurisdiction":[{"coding":[{"system":"urn:iso:std:iso:3166","code":"DK","display":"Denmark"}]}],"sourceUri":"http://ehealth.sundhed.dk/vs/ehealth-unit","targetUri":"http://ehealth.sundhed.dk/vs/ehealth-ucum-printsymbol-supplement","group":[{"source":"http://unitsofmeasure.org","target":"http://ehealth.sundhed.dk/cs/ehealth-ucum-printsymbol-supplement","element":[{"code":"%","display":"percent","target":[{"code":"%","display":"percent","equivalence":"specializes","comment":"Should really be specializes but igpublisher turns into narrower (which requires a comment)"}]},{"code":"1/min","display":"one per minute","target":[{"code":"1/min","display":"one per minute","equivalence":"specializes","comment":"Should really be specializes but igpublisher turns into narrower (which requires a comment)"}]},{"code":"kg","display":"kilogram","target":[{"code":"kg","display":"kilogram","equivalence":"specializes","comment":"Should really be specializes but igpublisher turns into narrower (which requires a comment)"}]},{"code":"kg/m2","display":"kilogram / (meter ^ 2)","target":[{"code":"kg/m2","display":"kilogram / (meter ^ 2)","equivalence":"specializes","comment":"Should really be specializes but igpublisher turns into narrower (which requires a comment)"}]},{"code":"m","display":"meter","target":[{"code":"m","display":"meter","equivalence":"specializes","comment":"Should really be specializes but igpublisher turns into narrower (which requires a comment)"}]},{"code":"cm","display":"centimeter","target":[{"code":"cm","display":"centimeter","equivalence":"specializes","comment":"Should really be specializes but igpublisher turns into narrower (which requires a comment)"}]},{"code":"cm2","display":"square centimeter","target":[{"code":"cm2","display":"square centimeter","equivalence":"specializes","comment":"Should really be specializes but igpublisher turns into narrower (which requires a comment)"}]},{"code":"cm3","display":"cubic centimeter","target":[{"code":"cm3","display":"cubic centimeter","equivalence":"specializes","comment":"Should really be specializes but igpublisher turns into narrower (which requires a comment)"}]},{"code":"L","display":"liter","target":[{"code":"L","display":"liter","equivalence":"specializes","comment":"Should really be specializes but igpublisher turns into narrower (which requires a comment)"}]},{"code":"{ratio}","display":"ratio","target":[{"code":"{ratio}","display":"ratio","equivalence":"specializes","comment":"Should really be specializes but igpublisher turns into narrower (which requires a comment)"}]},{"code":"mm[Hg]","display":"millimeter of mercury","target":[{"code":"mm[Hg]","display":"millimeter of mercury","equivalence":"specializes","comment":"Should really be specializes but igpublisher turns into narrower (which requires a comment)"}]},{"code":"{Number}","display":"Number","target":[{"code":"{Number}","display":"Number","equivalence":"specializes","comment":"Should really be specializes but igpublisher turns into narrower (which requires a comment)"}]},{"code":"Cel","display":"degree Celsius","target":[{"code":"Cel","display":"degree Celsius","equivalence":"specializes","comment":"Should really be specializes but igpublisher turns into narrower (which requires a comment)"}]},{"code":"mg/L","display":"milligram per liter","target":[{"code":"mg/L","display":"milligram per liter","equivalence":"specializes","comment":"Should really be specializes but igpublisher turns into narrower (which requires a comment)"}]},{"code":"/min","display":"per minute","target":[{"code":"/min","display":"per minute","equivalence":"specializes","comment":"Should really be specializes but igpublisher turns into narrower (which requires a comment)"}]},{"code":"/d","display":"per day","target":[{"code":"/d","display":"per day","equivalence":"specializes","comment":"Should really be specializes but igpublisher turns into narrower (which requires a comment)"}]},{"code":"/wk","display":"per week","target":[{"code":"/wk","display":"per week","equivalence":"specializes","comment":"Should really be specializes but igpublisher turns into narrower (which requires a comment)"}]}]},{"source":"http://ehealth.sundhed.dk/cs/ehealth-unit-code","target":"http://ehealth.sundhed.dk/cs/ehealth-ucum-printsymbol-supplement","element":[{"code":"1/30sec","display":"one per 30 seconds","target":[{"code":"1/30sec","display":"one per 30 seconds","equivalence":"specializes","comment":"Should really be specializes but igpublisher turns into narrower (which requires a comment)"}]},{"code":"percentpoint","display":"percent point","target":[{"code":"percentpoint","display":"percent point","equivalence":"specializes","comment":"Should really be specializes but igpublisher turns into narrower (which requires a comment)"}]}]}]}