{"resourceType":"ValueSet","id":"ehealth-devicemetric-property-types","text":{"status":"generated","div":"<div xmlns=\"http://www.w3.org/1999/xhtml\"><p class=\"res-header-id\"><b>Generated Narrative: ValueSet ehealth-devicemetric-property-types</b></p><a name=\"ehealth-devicemetric-property-types\"> </a><a name=\"hcehealth-devicemetric-property-types\"> </a><a name=\"ehealth-devicemetric-property-types-da-DK\"> </a><ul><li>Include all codes defined in <a href=\"CodeSystem-ehealth-devicemetric-property-types.html\"><code>http://ehealth.sundhed.dk/cs/devicemetric-property-types</code></a></li></ul></div>"},"url":"http://ehealth.sundhed.dk/vs/devicemetric-property-types","version":"3.4.1","name":"DeviceMetricPropertyTypes","title":"DeviceMetricPropertyTypes","status":"active","experimental":true,"date":"2019-02-08T00:00:00+00:00","publisher":"Den telemedicinske infrastruktur (eHealth Infrastructure)","contact":[{"name":"Den telemedicinske infrastruktur (eHealth Infrastructure)","telecom":[{"system":"url","value":"http://ehealth.sundhed.dk"}]}],"description":"Device Metric Property Types value set.","jurisdiction":[{"coding":[{"system":"urn:iso:std:iso:3166","code":"DK","display":"Denmark"}]}],"compose":{"include":[{"system":"http://ehealth.sundhed.dk/cs/devicemetric-property-types"}]}}