{"resourceType":"ValueSet","id":"ehealth-clinicalimpression-decision-codes","text":{"status":"generated","div":"<div xmlns=\"http://www.w3.org/1999/xhtml\"><p class=\"res-header-id\"><b>Generated Narrative: ValueSet ehealth-clinicalimpression-decision-codes</b></p><a name=\"ehealth-clinicalimpression-decision-codes\"> </a><a name=\"hcehealth-clinicalimpression-decision-codes\"> </a><a name=\"ehealth-clinicalimpression-decision-codes-da-DK\"> </a><ul><li>Include all codes defined in <a href=\"CodeSystem-ehealth-clinicalimpression-decision-codes.html\"><code>http://ehealth.sundhed.dk/cs/clinicalimpression-decision-codes</code></a></li></ul></div>"},"url":"http://ehealth.sundhed.dk/vs/clinicalimpression-decision-codes","version":"3.4.1","name":"ClinicalImpressionDecisionCodes","title":"ClinicalImpression Decision Codes","status":"active","experimental":true,"date":"2019-09-23T00:00:00+00:00","publisher":"Den telemedicinske infrastruktur (eHealth Infrastructure)","contact":[{"name":"Den telemedicinske infrastruktur (eHealth Infrastructure)","telecom":[{"system":"url","value":"http://ehealth.sundhed.dk"}]}],"description":"Value set of clinical impression decision codes.","jurisdiction":[{"coding":[{"system":"urn:iso:std:iso:3166","code":"DK","display":"Denmark"}]}],"compose":{"include":[{"system":"http://ehealth.sundhed.dk/cs/clinicalimpression-decision-codes"}]}}