<?xml version="1.0" encoding="UTF-8"?>

<CodeSystem xmlns="http://hl7.org/fhir">
  <id value="ehealth-communication-category"/>
  <text>
    <status value="generated"/><div xmlns="http://www.w3.org/1999/xhtml"><p class="res-header-id"><b>Generated Narrative: CodeSystem ehealth-communication-category</b></p><a name="ehealth-communication-category"> </a><a name="hcehealth-communication-category"> </a><a name="ehealth-communication-category-en-US"> </a><p>This case-sensitive code system <code>http://ehealth.sundhed.dk/cs/communication-category</code> defines the following codes:</p><table class="codes"><tr><td style="white-space:nowrap"><b>Code</b></td><td><b>Definition</b></td><td><b>Dansk (Danish, da)</b></td></tr><tr><td style="white-space:nowrap">annotation<a name="ehealth-communication-category-annotation"> </a></td><td>Annotation</td><td>Annotering</td></tr><tr><td style="white-space:nowrap">note<a name="ehealth-communication-category-note"> </a></td><td>Note</td><td>Note</td></tr></table></div>
  </text>
  <url value="http://ehealth.sundhed.dk/cs/communication-category"/>
  <version value="3.2.0"/>
  <name value="CommunicationCategory"/>
  <title value="Communication Category"/>
  <status value="active"/>
  <experimental value="false"/>
  <date value="2019-09-27T00:00:00+00:00"/>
  <publisher value="Den telemedicinske infrastruktur (eHealth Infrastructure)"/>
  <contact>
    <name value="Den telemedicinske infrastruktur (eHealth Infrastructure)"/>
    <telecom>
      <system value="url"/>
      <value value="http://ehealth.sundhed.dk"/>
    </telecom>
  </contact>
  <description value="Communication category"/>
  <caseSensitive value="true"/>
  <content value="complete"/>
  <concept>
    <code value="annotation"/>
    <display value="annotation"/>
    <definition value="Annotation"/>
    <designation>
      <language value="da"/>
      <value value="Annotering"/>
    </designation>
  </concept>
  <concept>
    <code value="note"/>
    <display value="note"/>
    <definition value="Note"/>
    <designation>
      <language value="da"/>
      <value value="Note"/>
    </designation>
  </concept>
</CodeSystem>