<?xml version="1.0" encoding="UTF-8"?>

<CodeSystem xmlns="http://hl7.org/fhir">
  <id value="urn-oid-1.2.208.184.100.1"/>
  <meta>
    <versionId value="2"/>
    <lastUpdated value="2021-02-08T08:14:10.892+00:00"/>
  </meta>
  <text>
    <status value="generated"/><div xmlns="http://www.w3.org/1999/xhtml"><p class="res-header-id"><b>Generated Narrative: CodeSystem urn-oid-1.2.208.184.100.1</b></p><a name="urn-oid-1.2.208.184.100.1"> </a><a name="hcurn-oid-1.2.208.184.100.1"> </a><a name="urn-oid-1.2.208.184.100.1-da-DK"> </a><div style="display: inline-block; background-color: #d9e0e7; padding: 6px; margin: 4px; border: 1px solid #8da1b4; border-radius: 5px; line-height: 60%"><p style="margin-bottom: 0px">version: 2; Last updated: 2021-02-08 08:14:10+0000</p></div><p>This case-sensitive code system <code>urn:oid:1.2.208.184.100.1</code> defines the following codes:</p><table class="codes"><tr><td style="white-space:nowrap"><b>Code</b></td><td><b>Display</b></td><td><b>Definition</b></td><td><b>Dansk (Danish, da)</b></td></tr><tr><td style="white-space:nowrap">RAL<a name="urn-oid-1.2.208.184.100.1-RAL"> </a></td><td>Terapeutiske grænseværdier for RØD alarm</td><td>Terapeutiske grænseværdier for RØD alarm</td><td>Terapeutiske grænseværdier for RØD alarm</td></tr><tr><td style="white-space:nowrap">GAL<a name="urn-oid-1.2.208.184.100.1-GAL"> </a></td><td>Terapeutiske grænseværdier for GUL alarm</td><td>Terapeutiske grænseværdier for GUL alarm</td><td>Terapeutiske grænseværdier for GUL alarm</td></tr><tr><td style="white-space:nowrap">CMR<a name="urn-oid-1.2.208.184.100.1-CMR"> </a></td><td>Clinical Mesurement Report</td><td>Clinical Mesurement Report</td><td/></tr><tr><td style="white-space:nowrap">PDC<a name="urn-oid-1.2.208.184.100.1-PDC"> </a></td><td>Stamkort</td><td>Personal Data Card</td><td/></tr><tr><td style="white-space:nowrap">MADC<a name="urn-oid-1.2.208.184.100.1-MADC"> </a></td><td>MADC</td><td>Graviditetskort</td><td/></tr></table></div>
  </text>
  <url value="urn:oid:1.2.208.184.100.1"/>
  <identifier>
    <system value="urn:ietf:rfc:3986"/>
    <value value="urn:oid:1.2.208.184.100.1"/>
  </identifier>
  <version value="3.4.0"/>
  <name value="MedCom Message Codes"/>
  <title value="MedCom Message Codes"/>
  <status value="active"/>
  <experimental value="false"/>
  <date value="2019-04-10"/>
  <publisher value="Den telemedicinske infrastruktur (eHealth Infrastructure)"/>
  <contact>
    <name value="Den telemedicinske infrastruktur (eHealth Infrastructure)"/>
    <telecom>
      <system value="url"/>
      <value value="http://ehealth.sundhed.dk"/>
    </telecom>
  </contact>
  <description value="MedCom Message Codes."/>
  <jurisdiction>
    <coding>
      <system value="urn:iso:std:iso:3166"/>
      <code value="DK"/>
      <display value="Denmark"/>
    </coding>
  </jurisdiction>
  <caseSensitive value="true"/>
  <content value="complete"/>
  <concept>
    <code value="RAL"/>
    <display value="Terapeutiske grænseværdier for RØD alarm"/>
    <definition value="Terapeutiske grænseværdier for RØD alarm"/>
    <designation>
      <language value="da"/>
      <value value="Terapeutiske grænseværdier for RØD alarm"/>
    </designation>
  </concept>
  <concept>
    <code value="GAL"/>
    <display value="Terapeutiske grænseværdier for GUL alarm"/>
    <definition value="Terapeutiske grænseværdier for GUL alarm"/>
    <designation>
      <language value="da"/>
      <value value="Terapeutiske grænseværdier for GUL alarm"/>
    </designation>
  </concept>
  <concept>
    <code value="CMR"/>
    <display value="Clinical Mesurement Report"/>
    <definition value="Clinical Mesurement Report"/>
  </concept>
  <concept>
    <code value="PDC"/>
    <display value="Stamkort"/>
    <definition value="Personal Data Card"/>
  </concept>
  <concept>
    <code value="MADC"/>
    <display value="MADC"/>
    <definition value="Graviditetskort"/>
  </concept>
</CodeSystem>