<?xml version="1.0" encoding="UTF-8"?>

<CodeSystem xmlns="http://hl7.org/fhir">
  <id value="ehealth-clone-operation"/>
  <text>
    <status value="generated"/><div xmlns="http://www.w3.org/1999/xhtml"><p class="res-header-id"><b>Generated Narrative: CodeSystem ehealth-clone-operation</b></p><a name="ehealth-clone-operation"> </a><a name="hcehealth-clone-operation"> </a><a name="hcehealth-clone-operation-en-US"> </a><p>This case-sensitive code system <code>http://ehealth.sundhed.dk/cs/ehealth-clone-operation</code> defines the following codes:</p><table class="codes"><tr><td style="white-space:nowrap"><b>Code</b></td><td><b>Display</b></td><td><b>Definition</b></td></tr><tr><td style="white-space:nowrap">minor-version<a name="ehealth-clone-operation-minor-version"> </a></td><td>Minor version</td><td>Code for minor version clone operation</td></tr><tr><td style="white-space:nowrap">major-version<a name="ehealth-clone-operation-major-version"> </a></td><td>Major version</td><td>Code for major version clone operation</td></tr><tr><td style="white-space:nowrap">copy<a name="ehealth-clone-operation-copy"> </a></td><td>Copy</td><td>Code for copy operation</td></tr></table></div>
  </text>
  <url value="http://ehealth.sundhed.dk/cs/ehealth-clone-operation"/>
  <version value="3.1.0"/>
  <name value="CloneOperation"/>
  <title value="Clone Operation"/>
  <status value="active"/>
  <experimental value="false"/>
  <date value="2019-01-29T00:00:00+00:00"/>
  <publisher value="Den telemedicinske infrastruktur (eHealth Infrastructure)"/>
  <contact>
    <name value="Den telemedicinske infrastruktur (eHealth Infrastructure)"/>
    <telecom>
      <system value="url"/>
      <value value="http://ehealth.sundhed.dk"/>
    </telecom>
  </contact>
  <description value="Clone operation codes"/>
  <caseSensitive value="true"/>
  <content value="complete"/>
  <concept>
    <code value="minor-version"/>
    <display value="Minor version"/>
    <definition value="Code for minor version clone operation"/>
  </concept>
  <concept>
    <code value="major-version"/>
    <display value="Major version"/>
    <definition value="Code for major version clone operation"/>
  </concept>
  <concept>
    <code value="copy"/>
    <display value="Copy"/>
    <definition value="Code for copy operation"/>
  </concept>
</CodeSystem>