<?xml version="1.0" encoding="UTF-8"?>

<CodeSystem xmlns="http://hl7.org/fhir">
  <id value="ehealth-devicemetric-property-types"/>
  <text>
    <status value="generated"/><div xmlns="http://www.w3.org/1999/xhtml"><p class="res-header-id"><b>Generated Narrative: CodeSystem ehealth-devicemetric-property-types</b></p><a name="ehealth-devicemetric-property-types"> </a><a name="hcehealth-devicemetric-property-types"> </a><a name="ehealth-devicemetric-property-types-en-US"> </a><p>This case-sensitive code system <code>http://ehealth.sundhed.dk/cs/devicemetric-property-types</code> defines the following codes:</p><table class="codes"><tr><td style="white-space:nowrap"><b>Code</b></td><td><b>Display</b></td><td><b>Definition</b></td><td><b>Dansk (Danish, da)</b></td></tr><tr><td style="white-space:nowrap">TBD<a name="ehealth-devicemetric-property-types-TBD"> </a></td><td>Example value - Under construction</td><td>Example value - Under construction</td><td/></tr><tr><td style="white-space:nowrap">buttonSize<a name="ehealth-devicemetric-property-types-buttonSize"> </a></td><td>Size of button on device</td><td>Size of button on device</td><td>Udstyrets knapstørrelse</td></tr></table></div>
  </text>
  <url value="http://ehealth.sundhed.dk/cs/devicemetric-property-types"/>
  <version value="3.2.0"/>
  <name value="DeviceMetricPropertyTypes"/>
  <title value="DeviceMetric Property Types"/>
  <status value="active"/>
  <experimental value="false"/>
  <date value="2019-01-29T00:00:00+00:00"/>
  <publisher value="Den telemedicinske infrastruktur (eHealth Infrastructure)"/>
  <contact>
    <name value="Den telemedicinske infrastruktur (eHealth Infrastructure)"/>
    <telecom>
      <system value="url"/>
      <value value="http://ehealth.sundhed.dk"/>
    </telecom>
  </contact>
  <description value="Types of properties which can be attributed to a Device."/>
  <caseSensitive value="true"/>
  <content value="complete"/>
  <concept>
    <code value="TBD"/>
    <display value="Example value - Under construction"/>
    <definition value="Example value - Under construction"/>
    <property>
      <code value="deprecated"/>
      <valueDateTime value="2020-02-03"/>
    </property>
  </concept>
  <concept>
    <code value="buttonSize"/>
    <display value="Size of button on device"/>
    <definition value="Size of button on device"/>
    <designation>
      <language value="da"/>
      <value value="Udstyrets knapstørrelse"/>
    </designation>
  </concept>
</CodeSystem>