<?xml version="1.0" encoding="UTF-8"?>

<CodeSystem xmlns="http://hl7.org/fhir">
  <id value="ehealth-organization-relation-type"/>
  <text>
    <status value="generated"/><div xmlns="http://www.w3.org/1999/xhtml"><p class="res-header-id"><b>Generated Narrative: CodeSystem ehealth-organization-relation-type</b></p><a name="ehealth-organization-relation-type"> </a><a name="hcehealth-organization-relation-type"> </a><a name="ehealth-organization-relation-type-en-US"> </a><p>This case-sensitive code system <code>http://ehealth.sundhed.dk/cs/organization-relation-type</code> defines the following code:</p><table class="codes"><tr><td style="white-space:nowrap"><b>Code</b></td><td><b>Display</b></td><td><b>Definition</b></td><td><b>Dansk (Danish, da)</b></td></tr><tr><td style="white-space:nowrap">related-to-SOR<a name="ehealth-organization-relation-type-related-to-SOR"> </a></td><td>Relateret til organisatorisk enhed i SOR</td><td>Relateret til organisatorisk enhed i SOR</td><td>Relateret til organisatorisk enhed i SOR</td></tr></table></div>
  </text>
  <url value="http://ehealth.sundhed.dk/cs/organization-relation-type"/>
  <version value="3.1.0"/>
  <name value="OrganizationRelationType"/>
  <title value="Organization Relation Type"/>
  <status value="active"/>
  <experimental value="false"/>
  <date value="2019-01-29T00:00:00+00:00"/>
  <publisher value="Den telemedicinske infrastruktur (eHealth Infrastructure)"/>
  <contact>
    <name value="Den telemedicinske infrastruktur (eHealth Infrastructure)"/>
    <telecom>
      <system value="url"/>
      <value value="http://ehealth.sundhed.dk"/>
    </telecom>
  </contact>
  <description value="Organization Relation Type"/>
  <caseSensitive value="true"/>
  <content value="complete"/>
  <concept>
    <code value="related-to-SOR"/>
    <display value="Relateret til organisatorisk enhed i SOR"/>
    <definition value="Relateret til organisatorisk enhed i SOR"/>
    <designation>
      <language value="da"/>
      <value value="Relateret til organisatorisk enhed i SOR"/>
    </designation>
  </concept>
</CodeSystem>