<?xml version="1.0" encoding="UTF-8"?>

<CodeSystem xmlns="http://hl7.org/fhir">
  <id value="ehealth-activitydefinition-code"/>
  <text>
    <status value="generated"/><div xmlns="http://www.w3.org/1999/xhtml"><p class="res-header-id"><b>Generated Narrative: CodeSystem ehealth-activitydefinition-code</b></p><a name="ehealth-activitydefinition-code"> </a><a name="hcehealth-activitydefinition-code"> </a><a name="ehealth-activitydefinition-code-da-DK"> </a><p>This case-sensitive code system <code>http://ehealth.sundhed.dk/cs/activitydefinition-code</code> defines the following codes:</p><table class="codes"><tr><td style="white-space:nowrap"><b>Code</b></td><td><b>Display</b></td><td><b>Definition</b></td><td><b>Dansk (Danish, da)</b></td></tr><tr><td style="white-space:nowrap">TBD<a name="ehealth-activitydefinition-code-TBD"> </a></td><td>Example value - Under construction</td><td>Example value - Under construction</td><td/></tr><tr><td style="white-space:nowrap">229057006<a name="ehealth-activitydefinition-code-229057006"> </a></td><td>Møder</td><td>Meetings(procedure)</td><td/></tr><tr><td style="white-space:nowrap">229058001<a name="ehealth-activitydefinition-code-229058001"> </a></td><td>Sagskonferencer</td><td>Case-conference</td><td/></tr><tr><td style="white-space:nowrap">409073007<a name="ehealth-activitydefinition-code-409073007"> </a></td><td>Instruktion</td><td>Instruction</td><td/></tr><tr><td style="white-space:nowrap">273586006<a name="ehealth-activitydefinition-code-273586006"> </a></td><td>Master Questionnaire</td><td>Master-questionnaire(DK)</td><td/></tr><tr><td style="white-space:nowrap">HA<a name="ehealth-activitydefinition-code-HA"> </a></td><td>Head activity</td><td>Head activity</td><td>Hovedaktivitet</td></tr><tr><td style="white-space:nowrap">SQ<a name="ehealth-activitydefinition-code-SQ"> </a></td><td>Situation quality assessment</td><td>Assessment of situation quality</td><td>Bestemmelse af situationskvalitet</td></tr><tr><td style="white-space:nowrap">QR<a name="ehealth-activitydefinition-code-QR"> </a></td><td>Usage quality assessment</td><td>Assessment of usage quality</td><td>Bestemmelse af betjeningskvalitet</td></tr><tr><td style="white-space:nowrap">SDG<a name="ehealth-activitydefinition-code-SDG"> </a></td><td>Same device group</td><td>Same device group</td><td>Samme udstyrsgruppe</td></tr></table></div>
  </text>
  <url value="http://ehealth.sundhed.dk/cs/activitydefinition-code"/>
  <version value="3.4.0"/>
  <name value="ActivityDefinitionCodes"/>
  <title value="Activity Definition Codes"/>
  <status value="active"/>
  <experimental value="false"/>
  <date value="2019-01-29T00:00:00+00:00"/>
  <publisher value="Den telemedicinske infrastruktur (eHealth Infrastructure)"/>
  <contact>
    <name value="Den telemedicinske infrastruktur (eHealth Infrastructure)"/>
    <telecom>
      <system value="url"/>
      <value value="http://ehealth.sundhed.dk"/>
    </telecom>
  </contact>
  <description value="Kinds of activities"/>
  <jurisdiction>
    <coding>
      <system value="urn:iso:std:iso:3166"/>
      <code value="DK"/>
      <display value="Denmark"/>
    </coding>
  </jurisdiction>
  <caseSensitive value="true"/>
  <content value="complete"/>
  <concept>
    <code value="TBD"/>
    <display value="Example value - Under construction"/>
    <definition value="Example value - Under construction"/>
    <property>
      <code value="deprecated"/>
      <valueDateTime value="2020-02-03"/>
    </property>
  </concept>
  <concept>
    <code value="229057006"/>
    <display value="Møder"/>
    <definition value="Meetings(procedure)"/>
    <property>
      <code value="deprecated"/>
      <valueDateTime value="2020-03-24"/>
    </property>
  </concept>
  <concept>
    <code value="229058001"/>
    <display value="Sagskonferencer"/>
    <definition value="Case-conference"/>
    <property>
      <code value="deprecated"/>
      <valueDateTime value="2020-03-24"/>
    </property>
  </concept>
  <concept>
    <code value="409073007"/>
    <display value="Instruktion"/>
    <definition value="Instruction"/>
    <property>
      <code value="deprecated"/>
      <valueDateTime value="2020-03-24"/>
    </property>
  </concept>
  <concept>
    <code value="273586006"/>
    <display value="Master Questionnaire"/>
    <definition value="Master-questionnaire(DK)"/>
    <property>
      <code value="deprecated"/>
      <valueDateTime value="2020-03-24"/>
    </property>
  </concept>
  <concept>
    <code value="HA"/>
    <display value="Head activity"/>
    <definition value="Head activity"/>
    <designation>
      <language value="da"/>
      <value value="Hovedaktivitet"/>
    </designation>
  </concept>
  <concept>
    <code value="SQ"/>
    <display value="Situation quality assessment"/>
    <definition value="Assessment of situation quality"/>
    <designation>
      <language value="da"/>
      <value value="Bestemmelse af situationskvalitet"/>
    </designation>
  </concept>
  <concept>
    <code value="QR"/>
    <display value="Usage quality assessment"/>
    <definition value="Assessment of usage quality"/>
    <designation>
      <language value="da"/>
      <value value="Bestemmelse af betjeningskvalitet"/>
    </designation>
  </concept>
  <concept>
    <code value="SDG"/>
    <display value="Same device group"/>
    <definition value="Same device group"/>
    <designation>
      <language value="da"/>
      <value value="Samme udstyrsgruppe"/>
    </designation>
  </concept>
</CodeSystem>