<?xml version="1.0" encoding="UTF-8"?>

<ConceptMap xmlns="http://hl7.org/fhir">
  <id value="conceptmap-obs-code-to-ucum"/>
  <text>
    <status value="generated"/><div xmlns="http://www.w3.org/1999/xhtml"><p class="res-header-id"><b>Generated Narrative: ConceptMap conceptmap-obs-code-to-ucum</b></p><a name="conceptmap-obs-code-to-ucum"> </a><a name="hcconceptmap-obs-code-to-ucum"> </a><a name="conceptmap-obs-code-to-ucum-en-US"> </a><p>Mapping from <a href="ValueSet-ehealth-observation-codes.html">Observation Codes</a> to (not specified)</p><br/><p><b>Group 1 </b>Mapping from <a href="CodeSystem-1.2.208.176.2.1--20190829.html">NPU DK</a> to <a href="http://terminology.hl7.org/6.0.2/CodeSystem-v3-ucum.html">Unified Code for Units of Measure (UCUM)</a></p><table class="grid"><tr><td><b>Source Code</b></td><td><b>Relationship</b></td><td><b>Target Code</b></td><td><b>Comment</b></td></tr><tr><td>NPU03011 (O2 sat.;Hb(aB))</td><td><a href="http://hl7.org/fhir/extensions/5.1.0/CodeSystem-concept-map-equivalence.html#specializes" title="specializes">has specialization</a></td><td>% (percent)</td><td>Should really be specializes but igpublisher turns into narrower (which requires a comment)</td></tr><tr><td>NPU21692 (Puls;Hjerte)</td><td><a href="http://hl7.org/fhir/extensions/5.1.0/CodeSystem-concept-map-equivalence.html#specializes" title="specializes">has specialization</a></td><td>1/min (one per minute)</td><td>Should really be specializes but igpublisher turns into narrower (which requires a comment)</td></tr><tr><td>NPU03804 (Legeme vægt; Pt)</td><td><a href="http://hl7.org/fhir/extensions/5.1.0/CodeSystem-concept-map-equivalence.html#specializes" title="specializes">has specialization</a></td><td>kg (kilogram)</td><td>Should really be specializes but igpublisher turns into narrower (which requires a comment)</td></tr><tr><td>NPU27281 (Pt—Legeme; massekoefficient(masse/kvadreret højde) = ? kg/m²)</td><td><a href="http://hl7.org/fhir/extensions/5.1.0/CodeSystem-concept-map-equivalence.html#specializes" title="specializes">has specialization</a></td><td>kg/m2 (kilogram / (meter ^ 2))</td><td>Should really be specializes but igpublisher turns into narrower (which requires a comment)</td></tr><tr><td>NPU03794 (Pt—Legeme; højde = ? m)</td><td><a href="http://hl7.org/fhir/extensions/5.1.0/CodeSystem-concept-map-equivalence.html#specializes" title="specializes">has specialization</a></td><td>m (meter)</td><td>Should really be specializes but igpublisher turns into narrower (which requires a comment)</td></tr><tr><td>NPU08676 (Pt—Legeme; temp. = ? °C)</td><td><a href="http://hl7.org/fhir/extensions/5.1.0/CodeSystem-concept-map-equivalence.html#specializes" title="specializes">has specialization</a></td><td>Cel (degree Celcius)</td><td>Should really be specializes but igpublisher turns into narrower (which requires a comment)</td></tr><tr><td>NPU19748 (P—C-reaktivt protein; massek. = ? mg/L)</td><td><a href="http://hl7.org/fhir/extensions/5.1.0/CodeSystem-concept-map-equivalence.html#specializes" title="specializes">has specialization</a></td><td>mg/L (milligram per liter)</td><td>Should really be specializes but igpublisher turns into narrower (which requires a comment)</td></tr></table><hr/><p><b>Group 2 </b>Mapping from <a href="CodeSystem-urn-oid-1.2.208.184.100.8.html">DAK-E Codes</a> to <a href="http://terminology.hl7.org/6.0.2/CodeSystem-v3-ucum.html">Unified Code for Units of Measure (UCUM)</a></p><table class="grid"><tr><td><b>Source Code</b></td><td><b>Relationship</b></td><td><b>Target Code</b></td><td><b>Comment</b></td></tr><tr><td>MCS88015 (FEV1;Lunge)</td><td><a href="http://hl7.org/fhir/extensions/5.1.0/CodeSystem-concept-map-equivalence.html#specializes" title="specializes">has specialization</a></td><td>L (liter)</td><td>Should really be specializes but igpublisher turns into narrower (which requires a comment)</td></tr><tr><td>MCS88016 (FVC;Lunge)</td><td><a href="http://hl7.org/fhir/extensions/5.1.0/CodeSystem-concept-map-equivalence.html#specializes" title="specializes">has specialization</a></td><td>L (liter)</td><td>Should really be specializes but igpublisher turns into narrower (which requires a comment)</td></tr><tr><td>MCS88017 (FEV1/FVC;Lunge)</td><td><a href="http://hl7.org/fhir/extensions/5.1.0/CodeSystem-concept-map-equivalence.html#specializes" title="specializes">has specialization</a></td><td>{ratio} (ratio)</td><td>Should really be specializes but igpublisher turns into narrower (which requires a comment)</td></tr><tr><td>MCS88019 (Blodtryk hjemme systolisk;Arm)</td><td><a href="http://hl7.org/fhir/extensions/5.1.0/CodeSystem-concept-map-equivalence.html#specializes" title="specializes">has specialization</a></td><td>mm[Hg] (millimeter of mercury)</td><td>Should really be specializes but igpublisher turns into narrower (which requires a comment)</td></tr><tr><td>MCS88020 (Blodtryk hjemme diastolisk;Arm)</td><td><a href="http://hl7.org/fhir/extensions/5.1.0/CodeSystem-concept-map-equivalence.html#specializes" title="specializes">has specialization</a></td><td>mm[Hg] (millimeter of mercury)</td><td>Should really be specializes but igpublisher turns into narrower (which requires a comment)</td></tr><tr><td>MCS88021 (MRC skala;Pt(KOL))</td><td><a href="http://hl7.org/fhir/extensions/5.1.0/CodeSystem-concept-map-equivalence.html#specializes" title="specializes">has specialization</a></td><td>{Number} (Number)</td><td>Should really be specializes but igpublisher turns into narrower (which requires a comment)</td></tr><tr><td>MCS88023 (FEV1 af forventet værdi;Pt(KOL))</td><td><a href="http://hl7.org/fhir/extensions/5.1.0/CodeSystem-concept-map-equivalence.html#specializes" title="specializes">has specialization</a></td><td>% (percent)</td><td>Should really be specializes but igpublisher turns into narrower (which requires a comment)</td></tr><tr><td>MCS88137 (CAT score;Pt)</td><td><a href="http://hl7.org/fhir/extensions/5.1.0/CodeSystem-concept-map-equivalence.html#specializes" title="specializes">has specialization</a></td><td>{Number} (Number)</td><td>Should really be specializes but igpublisher turns into narrower (which requires a comment)</td></tr></table><hr/><p><b>Group 3 </b>Mapping from <a href="CodeSystem-urn-oid-1.2.208.184.100.8.html">DAK-E Codes</a> to <a href="CodeSystem-ehealth-unit-code.html">eHealthUnitCodes</a></p><table class="grid"><tr><td><b>Source Code</b></td><td><b>Relationship</b></td><td><b>Target Code</b></td><td><b>Comment</b></td></tr><tr><td>MCS88050 (Rejse sætte sig testen;Pt)</td><td><a href="http://hl7.org/fhir/extensions/5.1.0/CodeSystem-concept-map-equivalence.html#specializes" title="specializes">has specialization</a></td><td>1/30sec (one per 30 seconds)</td><td>Should really be specializes but igpublisher turns into narrower (which requires a comment)</td></tr></table></div>
  </text>
  <url value="http://ehealth.sundhed.dk/ConceptMap/conceptmap-obs-code-to-ucum"/>
  <version value="3.1.0"/>
  <name value="conceptmap-obs-code-to-ucum"/>
  <title value="Observation code to UCUM mapping"/>
  <status value="active"/>
  <experimental value="true"/>
  <date value="2020-08-31T00:00:00+00:00"/>
  <publisher value="Den telemedicinske infrastruktur (eHealth Infrastructure)"/>
  <contact>
    <name value="Den telemedicinske infrastruktur (eHealth Infrastructure)"/>
    <telecom>
      <system value="url"/>
      <value value="http://ehealth.sundhed.dk"/>
    </telecom>
  </contact>
  <sourceUri value="http://ehealth.sundhed.dk/vs/observation-codes"/>
  <group>
    <source value="urn:oid:1.2.208.176.2.1"/>
    <target value="http://unitsofmeasure.org"/>
    <element>
      <code value="NPU03011"/>
      <display value="O2 sat.;Hb(aB)"/>
      <target>
        <modifierExtension url="http://hl7.org/fhir/1.0/StructureDefinition/extension-ConceptMap.element.target.equivalence">
          <valueCode value="specializes"/>
        </modifierExtension>
        <code value="%"/>
        <display value="percent"/>
        <equivalence value="specializes"/>
        <comment value="Should really be specializes but igpublisher turns into narrower (which requires a comment)"/>
      </target>
    </element>
    <element>
      <code value="NPU21692"/>
      <display value="Puls;Hjerte"/>
      <target>
        <modifierExtension url="http://hl7.org/fhir/1.0/StructureDefinition/extension-ConceptMap.element.target.equivalence">
          <valueCode value="specializes"/>
        </modifierExtension>
        <code value="1/min"/>
        <display value="one per minute"/>
        <equivalence value="specializes"/>
        <comment value="Should really be specializes but igpublisher turns into narrower (which requires a comment)"/>
      </target>
    </element>
    <element>
      <code value="NPU03804"/>
      <display value="Legeme vægt; Pt"/>
      <target>
        <modifierExtension url="http://hl7.org/fhir/1.0/StructureDefinition/extension-ConceptMap.element.target.equivalence">
          <valueCode value="specializes"/>
        </modifierExtension>
        <code value="kg"/>
        <display value="kilogram"/>
        <equivalence value="specializes"/>
        <comment value="Should really be specializes but igpublisher turns into narrower (which requires a comment)"/>
      </target>
    </element>
    <element>
      <code value="NPU27281"/>
      <display value="Pt—Legeme; massekoefficient(masse/kvadreret højde) = ? kg/m²"/>
      <target>
        <modifierExtension url="http://hl7.org/fhir/1.0/StructureDefinition/extension-ConceptMap.element.target.equivalence">
          <valueCode value="specializes"/>
        </modifierExtension>
        <code value="kg/m2"/>
        <display value="kilogram / (meter ^ 2)"/>
        <equivalence value="specializes"/>
        <comment value="Should really be specializes but igpublisher turns into narrower (which requires a comment)"/>
      </target>
    </element>
    <element>
      <code value="NPU03794"/>
      <display value="Pt—Legeme; højde = ? m"/>
      <target>
        <modifierExtension url="http://hl7.org/fhir/1.0/StructureDefinition/extension-ConceptMap.element.target.equivalence">
          <valueCode value="specializes"/>
        </modifierExtension>
        <code value="m"/>
        <display value="meter"/>
        <equivalence value="specializes"/>
        <comment value="Should really be specializes but igpublisher turns into narrower (which requires a comment)"/>
      </target>
    </element>
    <element>
      <code value="NPU08676"/>
      <display value="Pt—Legeme; temp. = ? °C"/>
      <target>
        <modifierExtension url="http://hl7.org/fhir/1.0/StructureDefinition/extension-ConceptMap.element.target.equivalence">
          <valueCode value="specializes"/>
        </modifierExtension>
        <code value="Cel"/>
        <display value="degree Celcius"/>
        <equivalence value="specializes"/>
        <comment value="Should really be specializes but igpublisher turns into narrower (which requires a comment)"/>
      </target>
    </element>
    <element>
      <code value="NPU19748"/>
      <display value="P—C-reaktivt protein; massek. = ? mg/L"/>
      <target>
        <modifierExtension url="http://hl7.org/fhir/1.0/StructureDefinition/extension-ConceptMap.element.target.equivalence">
          <valueCode value="specializes"/>
        </modifierExtension>
        <code value="mg/L"/>
        <display value="milligram per liter"/>
        <equivalence value="specializes"/>
        <comment value="Should really be specializes but igpublisher turns into narrower (which requires a comment)"/>
      </target>
    </element>
  </group>
  <group>
    <source value="urn:oid:1.2.208.184.100.8"/>
    <target value="http://unitsofmeasure.org"/>
    <element>
      <code value="MCS88015"/>
      <display value="FEV1;Lunge"/>
      <target>
        <modifierExtension url="http://hl7.org/fhir/1.0/StructureDefinition/extension-ConceptMap.element.target.equivalence">
          <valueCode value="specializes"/>
        </modifierExtension>
        <code value="L"/>
        <display value="liter"/>
        <equivalence value="specializes"/>
        <comment value="Should really be specializes but igpublisher turns into narrower (which requires a comment)"/>
      </target>
    </element>
    <element>
      <code value="MCS88016"/>
      <display value="FVC;Lunge"/>
      <target>
        <modifierExtension url="http://hl7.org/fhir/1.0/StructureDefinition/extension-ConceptMap.element.target.equivalence">
          <valueCode value="specializes"/>
        </modifierExtension>
        <code value="L"/>
        <display value="liter"/>
        <equivalence value="specializes"/>
        <comment value="Should really be specializes but igpublisher turns into narrower (which requires a comment)"/>
      </target>
    </element>
    <element>
      <code value="MCS88017"/>
      <display value="FEV1/FVC;Lunge"/>
      <target>
        <modifierExtension url="http://hl7.org/fhir/1.0/StructureDefinition/extension-ConceptMap.element.target.equivalence">
          <valueCode value="specializes"/>
        </modifierExtension>
        <code value="{ratio}"/>
        <display value="ratio"/>
        <equivalence value="specializes"/>
        <comment value="Should really be specializes but igpublisher turns into narrower (which requires a comment)"/>
      </target>
    </element>
    <element>
      <code value="MCS88019"/>
      <display value="Blodtryk hjemme systolisk;Arm"/>
      <target>
        <modifierExtension url="http://hl7.org/fhir/1.0/StructureDefinition/extension-ConceptMap.element.target.equivalence">
          <valueCode value="specializes"/>
        </modifierExtension>
        <code value="mm[Hg]"/>
        <display value="millimeter of mercury"/>
        <equivalence value="specializes"/>
        <comment value="Should really be specializes but igpublisher turns into narrower (which requires a comment)"/>
      </target>
    </element>
    <element>
      <code value="MCS88020"/>
      <display value="Blodtryk hjemme diastolisk;Arm"/>
      <target>
        <modifierExtension url="http://hl7.org/fhir/1.0/StructureDefinition/extension-ConceptMap.element.target.equivalence">
          <valueCode value="specializes"/>
        </modifierExtension>
        <code value="mm[Hg]"/>
        <display value="millimeter of mercury"/>
        <equivalence value="specializes"/>
        <comment value="Should really be specializes but igpublisher turns into narrower (which requires a comment)"/>
      </target>
    </element>
    <element>
      <code value="MCS88021"/>
      <display value="MRC skala;Pt(KOL)"/>
      <target>
        <modifierExtension url="http://hl7.org/fhir/1.0/StructureDefinition/extension-ConceptMap.element.target.equivalence">
          <valueCode value="specializes"/>
        </modifierExtension>
        <code value="{Number}"/>
        <display value="Number"/>
        <equivalence value="specializes"/>
        <comment value="Should really be specializes but igpublisher turns into narrower (which requires a comment)"/>
      </target>
    </element>
    <element>
      <code value="MCS88023"/>
      <display value="FEV1 af forventet værdi;Pt(KOL)"/>
      <target>
        <modifierExtension url="http://hl7.org/fhir/1.0/StructureDefinition/extension-ConceptMap.element.target.equivalence">
          <valueCode value="specializes"/>
        </modifierExtension>
        <code value="%"/>
        <display value="percent"/>
        <equivalence value="specializes"/>
        <comment value="Should really be specializes but igpublisher turns into narrower (which requires a comment)"/>
      </target>
    </element>
    <element>
      <code value="MCS88137"/>
      <display value="CAT score;Pt"/>
      <target>
        <modifierExtension url="http://hl7.org/fhir/1.0/StructureDefinition/extension-ConceptMap.element.target.equivalence">
          <valueCode value="specializes"/>
        </modifierExtension>
        <code value="{Number}"/>
        <display value="Number"/>
        <equivalence value="specializes"/>
        <comment value="Should really be specializes but igpublisher turns into narrower (which requires a comment)"/>
      </target>
    </element>
  </group>
  <group>
    <source value="urn:oid:1.2.208.184.100.8"/>
    <target value="http://ehealth.sundhed.dk/cs/ehealth-unit-code"/>
    <element>
      <code value="MCS88050"/>
      <display value="Rejse sætte sig testen;Pt"/>
      <target>
        <modifierExtension url="http://hl7.org/fhir/1.0/StructureDefinition/extension-ConceptMap.element.target.equivalence">
          <valueCode value="specializes"/>
        </modifierExtension>
        <code value="1/30sec"/>
        <display value="one per 30 seconds"/>
        <equivalence value="specializes"/>
        <comment value="Should really be specializes but igpublisher turns into narrower (which requires a comment)"/>
      </target>
    </element>
  </group>
</ConceptMap>