<?xml version="1.0" encoding="UTF-8"?>

<ConceptMap xmlns="http://hl7.org/fhir">
  <id value="conceptmap-ucum-to-printsymbol"/>
  <text>
    <status value="generated"/><div xmlns="http://www.w3.org/1999/xhtml"><p class="res-header-id"><b>Generated Narrative: ConceptMap conceptmap-ucum-to-printsymbol</b></p><a name="conceptmap-ucum-to-printsymbol"> </a><a name="hcconceptmap-ucum-to-printsymbol"> </a><a name="hcconceptmap-ucum-to-printsymbol-en-US"> </a><p>Mapping from <a href="ValueSet-ehealth-unit.html">eHealthUnit</a> to <a href="ValueSet-ehealth-ucum-printsymbol-supplement.html">UCUM printSymbol supplement</a></p><p>ACTIVE (not intended for production usage). Published on 2020-08-31 00:00:00+0000 by Den telemedicinske infrastruktur (eHealth Infrastructure)  (Den telemedicinske infrastruktur (eHealth Infrastructure): <a href="http://ehealth.sundhed.dk">http://ehealth.sundhed.dk</a>). </p><br/><p><b>Group 1 </b>Mapping from <a href="http://terminology.hl7.org/5.5.0/CodeSystem-v3-ucum.html">Unified Code for Units of Measure (UCUM)</a> to <a href="CodeSystem-ehealth-ucum-printsymbol-supplement.html">UCUM printSymbol supplement</a></p><table class="grid"><tr><td><b>Source Code</b></td><td><b>Relationship</b></td><td><b>Target Code</b></td><td><b>Comment</b></td></tr><tr><td>% (percent)</td><td><a href="http://hl7.org/fhir/extensions/5.1.0/CodeSystem-concept-map-equivalence.html#specializes" title="specializes">has specialization</a></td><td>% (percent)</td><td>Should really be specializes but igpublisher turns into narrower (which requires a comment)</td></tr><tr><td>1/min (one per minute)</td><td><a href="http://hl7.org/fhir/extensions/5.1.0/CodeSystem-concept-map-equivalence.html#specializes" title="specializes">has specialization</a></td><td>1/min (one per minute)</td><td>Should really be specializes but igpublisher turns into narrower (which requires a comment)</td></tr><tr><td>kg (kilogram)</td><td><a href="http://hl7.org/fhir/extensions/5.1.0/CodeSystem-concept-map-equivalence.html#specializes" title="specializes">has specialization</a></td><td>kg (kilogram)</td><td>Should really be specializes but igpublisher turns into narrower (which requires a comment)</td></tr><tr><td>kg/m2 (kilogram / (meter ^ 2))</td><td><a href="http://hl7.org/fhir/extensions/5.1.0/CodeSystem-concept-map-equivalence.html#specializes" title="specializes">has specialization</a></td><td>kg/m2 (kilogram / (meter ^ 2))</td><td>Should really be specializes but igpublisher turns into narrower (which requires a comment)</td></tr><tr><td>m (meter)</td><td><a href="http://hl7.org/fhir/extensions/5.1.0/CodeSystem-concept-map-equivalence.html#specializes" title="specializes">has specialization</a></td><td>m (meter)</td><td>Should really be specializes but igpublisher turns into narrower (which requires a comment)</td></tr><tr><td>L (liter)</td><td><a href="http://hl7.org/fhir/extensions/5.1.0/CodeSystem-concept-map-equivalence.html#specializes" title="specializes">has specialization</a></td><td>L (liter)</td><td>Should really be specializes but igpublisher turns into narrower (which requires a comment)</td></tr><tr><td>{ratio} (ratio)</td><td><a href="http://hl7.org/fhir/extensions/5.1.0/CodeSystem-concept-map-equivalence.html#specializes" title="specializes">has specialization</a></td><td>{ratio} (ratio)</td><td>Should really be specializes but igpublisher turns into narrower (which requires a comment)</td></tr><tr><td>mm[Hg] (millimeter of mercury)</td><td><a href="http://hl7.org/fhir/extensions/5.1.0/CodeSystem-concept-map-equivalence.html#specializes" title="specializes">has specialization</a></td><td>mm[Hg] (millimeter of mercury)</td><td>Should really be specializes but igpublisher turns into narrower (which requires a comment)</td></tr><tr><td>{Number} (Number)</td><td><a href="http://hl7.org/fhir/extensions/5.1.0/CodeSystem-concept-map-equivalence.html#specializes" title="specializes">has specialization</a></td><td>{Number} (Number)</td><td>Should really be specializes but igpublisher turns into narrower (which requires a comment)</td></tr><tr><td>Cel (degree Celsius)</td><td><a href="http://hl7.org/fhir/extensions/5.1.0/CodeSystem-concept-map-equivalence.html#specializes" title="specializes">has specialization</a></td><td>Cel (degree Celsius)</td><td>Should really be specializes but igpublisher turns into narrower (which requires a comment)</td></tr><tr><td>mg/L (milligram per liter)</td><td><a href="http://hl7.org/fhir/extensions/5.1.0/CodeSystem-concept-map-equivalence.html#specializes" title="specializes">has specialization</a></td><td>mg/L (milligram per liter)</td><td>Should really be specializes but igpublisher turns into narrower (which requires a comment)</td></tr><tr><td>/min (per minute)</td><td><a href="http://hl7.org/fhir/extensions/5.1.0/CodeSystem-concept-map-equivalence.html#specializes" title="specializes">has specialization</a></td><td>/min (per minute)</td><td>Should really be specializes but igpublisher turns into narrower (which requires a comment)</td></tr></table><hr/><p><b>Group 2 </b>Mapping from <a href="CodeSystem-ehealth-unit-code.html">eHealthUnitCodes</a> to <a href="CodeSystem-ehealth-ucum-printsymbol-supplement.html">UCUM printSymbol supplement</a></p><table class="grid"><tr><td><b>Source Code</b></td><td><b>Relationship</b></td><td><b>Target Code</b></td><td><b>Comment</b></td></tr><tr><td>1/30sec (one per 30 seconds)</td><td><a href="http://hl7.org/fhir/extensions/5.1.0/CodeSystem-concept-map-equivalence.html#specializes" title="specializes">has specialization</a></td><td>1/30sec (one per 30 seconds)</td><td>Should really be specializes but igpublisher turns into narrower (which requires a comment)</td></tr><tr><td>percentpoint</td><td><a href="http://hl7.org/fhir/extensions/5.1.0/CodeSystem-concept-map-equivalence.html#specializes" title="specializes">has specialization</a></td><td>percentpoint</td><td>Should really be specializes but igpublisher turns into narrower (which requires a comment)</td></tr></table></div>
  </text>
  <url value="http://ehealth.sundhed.dk/ConceptMap/conceptmap-ucum-to-printsymbol"/>
  <version value="3.1.0"/>
  <name value="conceptmap-ucum-to-printsymbol"/>
  <title value="UCUM code to PrintSymbol mapping"/>
  <status value="active"/>
  <experimental value="true"/>
  <date value="2020-08-31T00:00:00+00:00"/>
  <publisher value="Den telemedicinske infrastruktur (eHealth Infrastructure)"/>
  <contact>
    <name value="Den telemedicinske infrastruktur (eHealth Infrastructure)"/>
    <telecom>
      <system value="url"/>
      <value value="http://ehealth.sundhed.dk"/>
    </telecom>
  </contact>
  <sourceUri value="http://ehealth.sundhed.dk/vs/ehealth-unit"/>
  <targetUri value="http://ehealth.sundhed.dk/vs/ehealth-ucum-printsymbol-supplement"/>
  <group>
    <source value="http://unitsofmeasure.org"/>
    <target value="http://ehealth.sundhed.dk/cs/ehealth-ucum-printsymbol-supplement"/>
    <element>
      <code value="%"/>
      <display value="percent"/>
      <target>
        <modifierExtension url="http://hl7.org/fhir/1.0/StructureDefinition/extension-ConceptMap.element.target.equivalence">
          <valueCode value="specializes"/>
        </modifierExtension>
        <code value="%"/>
        <display value="percent"/>
        <equivalence value="specializes"/>
        <comment value="Should really be specializes but igpublisher turns into narrower (which requires a comment)"/>
      </target>
    </element>
    <element>
      <code value="1/min"/>
      <display value="one per minute"/>
      <target>
        <modifierExtension url="http://hl7.org/fhir/1.0/StructureDefinition/extension-ConceptMap.element.target.equivalence">
          <valueCode value="specializes"/>
        </modifierExtension>
        <code value="1/min"/>
        <display value="one per minute"/>
        <equivalence value="specializes"/>
        <comment value="Should really be specializes but igpublisher turns into narrower (which requires a comment)"/>
      </target>
    </element>
    <element>
      <code value="kg"/>
      <display value="kilogram"/>
      <target>
        <modifierExtension url="http://hl7.org/fhir/1.0/StructureDefinition/extension-ConceptMap.element.target.equivalence">
          <valueCode value="specializes"/>
        </modifierExtension>
        <code value="kg"/>
        <display value="kilogram"/>
        <equivalence value="specializes"/>
        <comment value="Should really be specializes but igpublisher turns into narrower (which requires a comment)"/>
      </target>
    </element>
    <element>
      <code value="kg/m2"/>
      <display value="kilogram / (meter ^ 2)"/>
      <target>
        <modifierExtension url="http://hl7.org/fhir/1.0/StructureDefinition/extension-ConceptMap.element.target.equivalence">
          <valueCode value="specializes"/>
        </modifierExtension>
        <code value="kg/m2"/>
        <display value="kilogram / (meter ^ 2)"/>
        <equivalence value="specializes"/>
        <comment value="Should really be specializes but igpublisher turns into narrower (which requires a comment)"/>
      </target>
    </element>
    <element>
      <code value="m"/>
      <display value="meter"/>
      <target>
        <modifierExtension url="http://hl7.org/fhir/1.0/StructureDefinition/extension-ConceptMap.element.target.equivalence">
          <valueCode value="specializes"/>
        </modifierExtension>
        <code value="m"/>
        <display value="meter"/>
        <equivalence value="specializes"/>
        <comment value="Should really be specializes but igpublisher turns into narrower (which requires a comment)"/>
      </target>
    </element>
    <element>
      <code value="L"/>
      <display value="liter"/>
      <target>
        <modifierExtension url="http://hl7.org/fhir/1.0/StructureDefinition/extension-ConceptMap.element.target.equivalence">
          <valueCode value="specializes"/>
        </modifierExtension>
        <code value="L"/>
        <display value="liter"/>
        <equivalence value="specializes"/>
        <comment value="Should really be specializes but igpublisher turns into narrower (which requires a comment)"/>
      </target>
    </element>
    <element>
      <code value="{ratio}"/>
      <display value="ratio"/>
      <target>
        <modifierExtension url="http://hl7.org/fhir/1.0/StructureDefinition/extension-ConceptMap.element.target.equivalence">
          <valueCode value="specializes"/>
        </modifierExtension>
        <code value="{ratio}"/>
        <display value="ratio"/>
        <equivalence value="specializes"/>
        <comment value="Should really be specializes but igpublisher turns into narrower (which requires a comment)"/>
      </target>
    </element>
    <element>
      <code value="mm[Hg]"/>
      <display value="millimeter of mercury"/>
      <target>
        <modifierExtension url="http://hl7.org/fhir/1.0/StructureDefinition/extension-ConceptMap.element.target.equivalence">
          <valueCode value="specializes"/>
        </modifierExtension>
        <code value="mm[Hg]"/>
        <display value="millimeter of mercury"/>
        <equivalence value="specializes"/>
        <comment value="Should really be specializes but igpublisher turns into narrower (which requires a comment)"/>
      </target>
    </element>
    <element>
      <code value="{Number}"/>
      <display value="Number"/>
      <target>
        <modifierExtension url="http://hl7.org/fhir/1.0/StructureDefinition/extension-ConceptMap.element.target.equivalence">
          <valueCode value="specializes"/>
        </modifierExtension>
        <code value="{Number}"/>
        <display value="Number"/>
        <equivalence value="specializes"/>
        <comment value="Should really be specializes but igpublisher turns into narrower (which requires a comment)"/>
      </target>
    </element>
    <element>
      <code value="Cel"/>
      <display value="degree Celsius"/>
      <target>
        <modifierExtension url="http://hl7.org/fhir/1.0/StructureDefinition/extension-ConceptMap.element.target.equivalence">
          <valueCode value="specializes"/>
        </modifierExtension>
        <code value="Cel"/>
        <display value="degree Celsius"/>
        <equivalence value="specializes"/>
        <comment value="Should really be specializes but igpublisher turns into narrower (which requires a comment)"/>
      </target>
    </element>
    <element>
      <code value="mg/L"/>
      <display value="milligram per liter"/>
      <target>
        <modifierExtension url="http://hl7.org/fhir/1.0/StructureDefinition/extension-ConceptMap.element.target.equivalence">
          <valueCode value="specializes"/>
        </modifierExtension>
        <code value="mg/L"/>
        <display value="milligram per liter"/>
        <equivalence value="specializes"/>
        <comment value="Should really be specializes but igpublisher turns into narrower (which requires a comment)"/>
      </target>
    </element>
    <element>
      <code value="/min"/>
      <display value="per minute"/>
      <target>
        <modifierExtension url="http://hl7.org/fhir/1.0/StructureDefinition/extension-ConceptMap.element.target.equivalence">
          <valueCode value="specializes"/>
        </modifierExtension>
        <code value="/min"/>
        <display value="per minute"/>
        <equivalence value="specializes"/>
        <comment value="Should really be specializes but igpublisher turns into narrower (which requires a comment)"/>
      </target>
    </element>
  </group>
  <group>
    <source value="http://ehealth.sundhed.dk/cs/ehealth-unit-code"/>
    <target value="http://ehealth.sundhed.dk/cs/ehealth-ucum-printsymbol-supplement"/>
    <element>
      <code value="1/30sec"/>
      <display value="one per 30 seconds"/>
      <target>
        <modifierExtension url="http://hl7.org/fhir/1.0/StructureDefinition/extension-ConceptMap.element.target.equivalence">
          <valueCode value="specializes"/>
        </modifierExtension>
        <code value="1/30sec"/>
        <display value="one per 30 seconds"/>
        <equivalence value="specializes"/>
        <comment value="Should really be specializes but igpublisher turns into narrower (which requires a comment)"/>
      </target>
    </element>
    <element>
      <code value="percentpoint"/>
      <display value="percent point"/>
      <target>
        <modifierExtension url="http://hl7.org/fhir/1.0/StructureDefinition/extension-ConceptMap.element.target.equivalence">
          <valueCode value="specializes"/>
        </modifierExtension>
        <code value="percentpoint"/>
        <display value="percent point"/>
        <equivalence value="specializes"/>
        <comment value="Should really be specializes but igpublisher turns into narrower (which requires a comment)"/>
      </target>
    </element>
  </group>
</ConceptMap>