<?xml version="1.0" encoding="UTF-8"?>

<NamingSystem xmlns="http://hl7.org/fhir">
  <id value="ehealth-question-identifier"/>
  <text>
    <status value="generated"/><div xmlns="http://www.w3.org/1999/xhtml"><h3>Summary</h3><table class="grid"><tr><td>Defining URL</td><td>http://ehealth.sundhed.dk/fhir/NamingSystem/ehealth-question-identifier</td></tr><tr><td>Name</td><td>eHealthQuestionIdentifier</td></tr><tr><td>Status</td><td>active</td></tr><tr><td>Definition</td><td><div><p>The eHealth Question Identifier is assigned to questions (not to be confused with question codes) in a questionnaire created in the eHealth Infrastructure.</p>
</div></td></tr><tr><td>Publisher</td><td>ehealth.sundhed.dk</td></tr></table><h3>Identifiers</h3><table class="grid"><tr><td><b>Type</b></td><td><b>Value</b></td></tr><tr><td>OID</td><td>1.2.208.176.7.200.2</td></tr><tr><td>URI</td><td>http://ehealth.sundhed.dk/id/ehealth-question-identifier</td></tr></table></div>
  </text>
  <extension url="http://hl7.org/fhir/5.0/StructureDefinition/extension-NamingSystem.url">
    <valueUri value="http://ehealth.sundhed.dk/fhir/NamingSystem/ehealth-question-identifier"/>
  </extension>
  <extension url="http://hl7.org/fhir/5.0/StructureDefinition/extension-NamingSystem.version">
    <valueString value="3.2.0"/>
  </extension>
  <name value="eHealthQuestionIdentifier"/>
  <status value="active"/>
  <kind value="identifier"/>
  <date value="2020-04-17T00:00:00+00:00"/>
  <publisher value="Den telemedicinske infrastruktur (eHealth Infrastructure)"/>
  <contact>
    <name value="Den telemedicinske infrastruktur (eHealth Infrastructure)"/>
    <telecom>
      <system value="url"/>
      <value value="http://ehealth.sundhed.dk"/>
    </telecom>
  </contact>
  <responsible value="ehealth.sundhed.dk"/>
  <description value="The eHealth Question Identifier is assigned to questions (not to be confused with question codes) in a questionnaire created in the eHealth Infrastructure."/>
  <uniqueId>
    <type value="oid"/>
    <value value="1.2.208.176.7.200.2"/>
  </uniqueId>
  <uniqueId>
    <type value="uri"/>
    <value value="http://ehealth.sundhed.dk/id/ehealth-question-identifier"/>
  </uniqueId>
</NamingSystem>