<?xml version="1.0" encoding="UTF-8"?>

<OperationDefinition xmlns="http://hl7.org/fhir">
  <id value="CarePlanEpisodeOfCare-i-update-care-teams"/>
  <text>
    <status value="generated"/><div xmlns="http://www.w3.org/1999/xhtml"><p class="res-header-id"><b>Generated Narrative: OperationDefinition CarePlanEpisodeOfCare-i-update-care-teams</b></p><a name="CarePlanEpisodeOfCare-i-update-care-teams"> </a><a name="hcCarePlanEpisodeOfCare-i-update-care-teams"> </a><a name="CarePlanEpisodeOfCare-i-update-care-teams-en-US"> </a><p>URL: [base]/CarePlan/[id]/$update-care-teams</p><p>URL: [base]/EpisodeOfCare/[id]/$update-care-teams</p><h3>Parameters</h3><table class="grid"><tr><td><b>Use</b></td><td><b>Name</b></td><td><b>Scope</b></td><td><b>Cardinality</b></td><td><b>Type</b></td><td><b>Binding</b></td><td><b>Documentation</b></td></tr><tr><td>IN</td><td>addCareTeams</td><td/><td>0..*</td><td><a href="http://hl7.org/fhir/R4/references.html#Reference">Reference</a></td><td/><td/></tr><tr><td>IN</td><td>removeCareTeams</td><td/><td>0..*</td><td><a href="http://hl7.org/fhir/R4/references.html#Reference">Reference</a></td><td/><td/></tr><tr><td>IN</td><td>addCareteams</td><td/><td>0..*</td><td><a href="http://hl7.org/fhir/R4/references.html#Reference">Reference</a></td><td/><td/></tr><tr><td>IN</td><td>removeCareteams</td><td/><td>0..*</td><td><a href="http://hl7.org/fhir/R4/references.html#Reference">Reference</a></td><td/><td/></tr></table></div>
  </text>
  <url value="https://careplan.devtest.systematic-ehealth.com/fhir/OperationDefinition/CarePlanEpisodeOfCare-i-update-care-teams"/>
  <version value="3.2.0"/>
  <name value="update-care-teams"/>
  <title value="Modify care team assignment"/>
  <status value="active"/>
  <kind value="operation"/>
  <date value="2024-09-02T14:02:47+00:00"/>
  <publisher value="Den telemedicinske infrastruktur (eHealth Infrastructure)"/>
  <contact>
    <name value="Den telemedicinske infrastruktur (eHealth Infrastructure)"/>
    <telecom>
      <system value="url"/>
      <value value="http://ehealth.sundhed.dk"/>
    </telecom>
  </contact>
  <description value="The operation modifies the care team assignment of the care plan and all of its sub plans."/>
  <affectsState value="true"/>
  <code value="update-care-teams"/>
  <resource value="CarePlan"/>
  <resource value="EpisodeOfCare"/>
  <system value="false"/>
  <type value="false"/>
  <instance value="true"/>
  <parameter>
    <name value="addCareTeams"/>
    <use value="in"/>
    <min value="0"/>
    <max value="*"/>
    <type value="Reference"/>
  </parameter>
  <parameter>
    <name value="removeCareTeams"/>
    <use value="in"/>
    <min value="0"/>
    <max value="*"/>
    <type value="Reference"/>
  </parameter>
  <parameter>
    <name value="addCareteams"/>
    <use value="in"/>
    <min value="0"/>
    <max value="*"/>
    <type value="Reference"/>
  </parameter>
  <parameter>
    <name value="removeCareteams"/>
    <use value="in"/>
    <min value="0"/>
    <max value="*"/>
    <type value="Reference"/>
  </parameter>
</OperationDefinition>