<?xml version="1.0" encoding="UTF-8"?>

<ValueSet xmlns="http://hl7.org/fhir">
  <id value="fs3-health"/>
  <text>
    <status value="generated"/><div xmlns="http://www.w3.org/1999/xhtml"><p class="res-header-id"><b>Generated Narrative: ValueSet fs3-health</b></p><a name="fs3-health"> </a><a name="hcfs3-health"> </a><a name="fs3-health-en-US"> </a><p>This value set includes codes based on the following rules:</p><ul><li>Include all codes defined in <a href="CodeSystem-fs3-health-function-level.html"><code>http://ehealth.sundhed.dk/cs/fs3-health-function-level</code></a></li><li>Include all codes defined in <a href="CodeSystem-fs3-health-musculoskeletal.html"><code>http://ehealth.sundhed.dk/cs/fs3-health-musculoskeletal</code></a></li><li>Include all codes defined in <a href="CodeSystem-fs3-health-nutrition.html"><code>http://ehealth.sundhed.dk/cs/fs3-health-nutrition</code></a></li><li>Include all codes defined in <a href="CodeSystem-fs3-health-skin-and-mucous-membranes.html"><code>http://ehealth.sundhed.dk/cs/fs3-health-skin-and-mucous-membranes</code></a></li><li>Include all codes defined in <a href="CodeSystem-fs3-health-communication.html"><code>http://ehealth.sundhed.dk/cs/fs3-health-communication</code></a></li><li>Include all codes defined in <a href="CodeSystem-fs3-health-psychosocial-conditions.html"><code>http://ehealth.sundhed.dk/cs/fs3-health-psychosocial-conditions</code></a></li><li>Include all codes defined in <a href="CodeSystem-fs3-health-respiration-and-circulation.html"><code>http://ehealth.sundhed.dk/cs/fs3-health-respiration-and-circulation</code></a></li><li>Include all codes defined in <a href="CodeSystem-fs3-health-sexuality.html"><code>http://ehealth.sundhed.dk/cs/fs3-health-sexuality</code></a></li><li>Include all codes defined in <a href="CodeSystem-fs3-health-pain-and-sensory-impressions.html"><code>http://ehealth.sundhed.dk/cs/fs3-health-pain-and-sensory-impressions</code></a></li><li>Include all codes defined in <a href="CodeSystem-fs3-health-sleep-and-rest.html"><code>http://ehealth.sundhed.dk/cs/fs3-health-sleep-and-rest</code></a></li><li>Include all codes defined in <a href="CodeSystem-fs3-health-knowledge-and-development.html"><code>http://ehealth.sundhed.dk/cs/fs3-health-knowledge-and-development</code></a></li><li>Include all codes defined in <a href="CodeSystem-fs3-health-excretion-of-waste-materials.html"><code>http://ehealth.sundhed.dk/cs/fs3-health-excretion-of-waste-materials</code></a></li></ul></div>
  </text>
  <url value="http://ehealth.sundhed.dk/vs/fs3-health"/>
  <version value="3.2.0"/>
  <name value="FS III, helbredstilstande"/>
  <status value="active"/>
  <experimental value="true"/>
  <date value="2019-02-08T00:00:00+00:00"/>
  <publisher value="Den telemedicinske infrastruktur (eHealth Infrastructure)"/>
  <contact>
    <name value="Den telemedicinske infrastruktur (eHealth Infrastructure)"/>
    <telecom>
      <system value="url"/>
      <value value="http://ehealth.sundhed.dk"/>
    </telecom>
  </contact>
  <description value="FS III, helbredstilstande"/>
  <compose>
    <include>
      <system value="http://ehealth.sundhed.dk/cs/fs3-health-function-level"/>
    </include>
    <include>
      <system value="http://ehealth.sundhed.dk/cs/fs3-health-musculoskeletal"/>
    </include>
    <include>
      <system value="http://ehealth.sundhed.dk/cs/fs3-health-nutrition"/>
    </include>
    <include>
      <system value="http://ehealth.sundhed.dk/cs/fs3-health-skin-and-mucous-membranes"/>
    </include>
    <include>
      <system value="http://ehealth.sundhed.dk/cs/fs3-health-communication"/>
    </include>
    <include>
      <system value="http://ehealth.sundhed.dk/cs/fs3-health-psychosocial-conditions"/>
    </include>
    <include>
      <system value="http://ehealth.sundhed.dk/cs/fs3-health-respiration-and-circulation"/>
    </include>
    <include>
      <system value="http://ehealth.sundhed.dk/cs/fs3-health-sexuality"/>
    </include>
    <include>
      <system value="http://ehealth.sundhed.dk/cs/fs3-health-pain-and-sensory-impressions"/>
    </include>
    <include>
      <system value="http://ehealth.sundhed.dk/cs/fs3-health-sleep-and-rest"/>
    </include>
    <include>
      <system value="http://ehealth.sundhed.dk/cs/fs3-health-knowledge-and-development"/>
    </include>
    <include>
      <system value="http://ehealth.sundhed.dk/cs/fs3-health-excretion-of-waste-materials"/>
    </include>
  </compose>
</ValueSet>