<?xml version="1.0" encoding="UTF-8"?>

<ValueSet xmlns="http://hl7.org/fhir">
  <id value="ehealth-measurement-sharing-policies"/>
  <text>
    <status value="generated"/><div xmlns="http://www.w3.org/1999/xhtml"><p class="res-header-id"><b>Generated Narrative: ValueSet ehealth-measurement-sharing-policies</b></p><a name="ehealth-measurement-sharing-policies"> </a><a name="hcehealth-measurement-sharing-policies"> </a><a name="ehealth-measurement-sharing-policies-en-US"> </a><ul><li>Include all codes defined in <a href="CodeSystem-ehealth-measurement-sharing-policies.html"><code>http://ehealth.sundhed.dk/cs/measurement-sharing-policies</code></a></li></ul></div>
  </text>
  <url value="http://ehealth.sundhed.dk/vs/measurement-sharing-policies"/>
  <version value="3.2.0"/>
  <name value="MeasurementSharingPolicies"/>
  <title value="Measurement Sharing Policies"/>
  <status value="active"/>
  <experimental value="true"/>
  <date value="2019-02-08T00:00:00+00:00"/>
  <publisher value="Den telemedicinske infrastruktur (eHealth Infrastructure)"/>
  <contact>
    <name value="Den telemedicinske infrastruktur (eHealth Infrastructure)"/>
    <telecom>
      <system value="url"/>
      <value value="http://ehealth.sundhed.dk"/>
    </telecom>
  </contact>
  <description value="Policies of sharing submissions with national registers such as KIH."/>
  <compose>
    <include>
      <system value="http://ehealth.sundhed.dk/cs/measurement-sharing-policies"/>
    </include>
  </compose>
</ValueSet>