<?xml version="1.0" encoding="UTF-8"?>

<ValueSet xmlns="http://hl7.org/fhir">
  <id value="document-sharing-state"/>
  <text>
    <status value="generated"/><div xmlns="http://www.w3.org/1999/xhtml"><p class="res-header-id"><b>Generated Narrative: ValueSet document-sharing-state</b></p><a name="document-sharing-state"> </a><a name="hcdocument-sharing-state"> </a><a name="document-sharing-state-da-DK"> </a><ul><li>Include all codes defined in <a href="CodeSystem-document-sharing-state.html"><code>http://ehealth.sundhed.dk/cs/document-sharing-state</code></a></li></ul></div>
  </text>
  <url value="http://ehealth.sundhed.dk/vs/document-sharing-state"/>
  <version value="3.4.1"/>
  <name value="DocumentSharingState"/>
  <title value="Document Sharing State"/>
  <status value="active"/>
  <experimental value="true"/>
  <date value="2024-12-03T00:00:00+00:00"/>
  <publisher value="Den telemedicinske infrastruktur (eHealth Infrastructure)"/>
  <contact>
    <name value="Den telemedicinske infrastruktur (eHealth Infrastructure)"/>
    <telecom>
      <system value="url"/>
      <value value="http://ehealth.sundhed.dk"/>
    </telecom>
  </contact>
  <description value="Document Sharing State"/>
  <jurisdiction>
    <coding>
      <system value="urn:iso:std:iso:3166"/>
      <code value="DK"/>
      <display value="Denmark"/>
    </coding>
  </jurisdiction>
  <compose>
    <include>
      <system value="http://ehealth.sundhed.dk/cs/document-sharing-state"/>
    </include>
  </compose>
</ValueSet>