<?xml version="1.0" encoding="UTF-8"?>

<ValueSet xmlns="http://hl7.org/fhir">
  <id value="ehealth-contactpoint-system"/>
  <text>
    <status value="generated"/><div xmlns="http://www.w3.org/1999/xhtml"><p class="res-header-id"><b>Generated Narrative: ValueSet ehealth-contactpoint-system</b></p><a name="ehealth-contactpoint-system"> </a><a name="hcehealth-contactpoint-system"> </a><a name="ehealth-contactpoint-system-da-DK"> </a><p>This value set includes codes based on the following rules:</p><ul><li>Import all the codes that are contained in <a href="http://hl7.org/fhir/R4/valueset-contact-point-system.html">ContactPointSystem</a></li><li>Include all codes defined in <a href="CodeSystem-ehealth-contactpoint-system.html"><code>http://ehealth.sundhed.dk/cs/contactpoint-system</code></a></li></ul></div>
  </text>
  <url value="http://ehealth.sundhed.dk/vs/contactpoint-system"/>
  <version value="3.4.1"/>
  <name value="ContactPointSystem"/>
  <title value="ContactPoint System"/>
  <status value="active"/>
  <experimental value="true"/>
  <date value="2019-02-08T00:00:00+00:00"/>
  <publisher value="Den telemedicinske infrastruktur (eHealth Infrastructure)"/>
  <contact>
    <name value="Den telemedicinske infrastruktur (eHealth Infrastructure)"/>
    <telecom>
      <system value="url"/>
      <value value="http://ehealth.sundhed.dk"/>
    </telecom>
  </contact>
  <description value="Contact point systems."/>
  <jurisdiction>
    <coding>
      <system value="urn:iso:std:iso:3166"/>
      <code value="DK"/>
      <display value="Denmark"/>
    </coding>
  </jurisdiction>
  <compose>
    <include>
      <valueSet value="http://hl7.org/fhir/ValueSet/contact-point-system"/>
    </include>
    <include>
      <system value="http://ehealth.sundhed.dk/cs/contactpoint-system"/>
    </include>
  </compose>
</ValueSet>