<?xml version="1.0" encoding="UTF-8"?>

<ValueSet xmlns="http://hl7.org/fhir">
  <id value="ehealth-topic-type"/>
  <text>
    <status value="generated"/><div xmlns="http://www.w3.org/1999/xhtml"><p class="res-header-id"><b>Generated Narrative: ValueSet ehealth-topic-type</b></p><a name="ehealth-topic-type"> </a><a name="hcehealth-topic-type"> </a><a name="ehealth-topic-type-en-US"> </a><p>This value set includes codes based on the following rules:</p><ul><li>Include all codes defined in <a href="http://terminology.hl7.org/6.0.2/CodeSystem-definition-topic.html"><code>http://terminology.hl7.org/CodeSystem/definition-topic</code></a></li><li>Include all codes defined in <a href="CodeSystem-ehealth-topic-type.html"><code>http://ehealth.sundhed.dk/cs/topic-type</code></a></li></ul></div>
  </text>
  <url value="http://ehealth.sundhed.dk/vs/topic-type"/>
  <version value="3.1.0"/>
  <name value="TopicType"/>
  <title value="Topic Type"/>
  <status value="active"/>
  <experimental value="true"/>
  <date value="2019-02-08T00:00:00+00:00"/>
  <publisher value="Den telemedicinske infrastruktur (eHealth Infrastructure)"/>
  <contact>
    <name value="Den telemedicinske infrastruktur (eHealth Infrastructure)"/>
    <telecom>
      <system value="url"/>
      <value value="http://ehealth.sundhed.dk"/>
    </telecom>
  </contact>
  <description value="Topic types."/>
  <compose>
    <include>
      <system value="http://terminology.hl7.org/CodeSystem/definition-topic"/>
    </include>
    <include>
      <system value="http://ehealth.sundhed.dk/cs/topic-type"/>
    </include>
  </compose>
</ValueSet>