<?xml version="1.0" encoding="UTF-8"?>

<ValueSet xmlns="http://hl7.org/fhir">
  <id value="ehealth-view-type"/>
  <text>
    <status value="generated"/><div xmlns="http://www.w3.org/1999/xhtml"><p class="res-header-id"><b>Generated Narrative: ValueSet ehealth-view-type</b></p><a name="ehealth-view-type"> </a><a name="hcehealth-view-type"> </a><a name="ehealth-view-type-en-US"> </a><ul><li>Include all codes defined in <a href="CodeSystem-ehealth-view-type.html"><code>http://ehealth.sundhed.dk/cs/view-type</code></a></li></ul></div>
  </text>
  <url value="http://ehealth.sundhed.dk/vs/view-type"/>
  <version value="3.1.0"/>
  <name value="ViewType"/>
  <title value="View Type"/>
  <status value="active"/>
  <experimental value="true"/>
  <date value="2021-10-14T00:00:00+00:00"/>
  <publisher value="Den telemedicinske infrastruktur (eHealth Infrastructure)"/>
  <contact>
    <name value="Den telemedicinske infrastruktur (eHealth Infrastructure)"/>
    <telecom>
      <system value="url"/>
      <value value="http://ehealth.sundhed.dk"/>
    </telecom>
  </contact>
  <description value="View types"/>
  <compose>
    <include>
      <system value="http://ehealth.sundhed.dk/cs/view-type"/>
    </include>
  </compose>
</ValueSet>