<?xml version="1.0" encoding="UTF-8"?>

<ValueSet xmlns="http://hl7.org/fhir">
  <id value="ehealth-careplan-category"/>
  <text>
    <status value="generated"/><div xmlns="http://www.w3.org/1999/xhtml"><p class="res-header-id"><b>Generated Narrative: ValueSet ehealth-careplan-category</b></p><a name="ehealth-careplan-category"> </a><a name="hcehealth-careplan-category"> </a><a name="ehealth-careplan-category-en-US"> </a><ul><li>Include all codes defined in <a href="CodeSystem-ehealth-careplan-category.html"><code>http://ehealth.sundhed.dk/cs/careplan-category</code></a></li></ul></div>
  </text>
  <url value="http://ehealth.sundhed.dk/vs/careplan-category"/>
  <version value="3.1.0"/>
  <name value="CareplanCategory"/>
  <title value="Careplan Category"/>
  <status value="active"/>
  <experimental value="true"/>
  <date value="2019-02-08T00:00:00+00:00"/>
  <publisher value="Den telemedicinske infrastruktur (eHealth Infrastructure)"/>
  <contact>
    <name value="Den telemedicinske infrastruktur (eHealth Infrastructure)"/>
    <telecom>
      <system value="url"/>
      <value value="http://ehealth.sundhed.dk"/>
    </telecom>
  </contact>
  <description value="Careplan Category."/>
  <compose>
    <include>
      <system value="http://ehealth.sundhed.dk/cs/careplan-category"/>
    </include>
  </compose>
</ValueSet>