<?xml version="1.0" encoding="UTF-8"?>

<ValueSet xmlns="http://hl7.org/fhir">
  <id value="medcom-instrument-code-device-type"/>
  <text>
    <status value="generated"/><div xmlns="http://www.w3.org/1999/xhtml"><p class="res-header-id"><b>Generated Narrative: ValueSet medcom-instrument-code-device-type</b></p><a name="medcom-instrument-code-device-type"> </a><a name="hcmedcom-instrument-code-device-type"> </a><a name="medcom-instrument-code-device-type-en-US"> </a><ul><li>Include all codes defined in <a href="CodeSystem-urn-oid-1.2.208.184.100.3.html"><code>urn:oid:1.2.208.184.100.3</code></a></li></ul></div>
  </text>
  <url value="http://ehealth.sundhed.dk/vs/medcom-instrument-code-device-type"/>
  <version value="3.2.0"/>
  <name value="MedComInstrumentCodeDeviceType"/>
  <title value="MedCom Instrument Code Device Type"/>
  <status value="active"/>
  <experimental value="false"/>
  <date value="2024-02-29T00:00:00+00:00"/>
  <publisher value="Den telemedicinske infrastruktur (eHealth Infrastructure)"/>
  <contact>
    <name value="Den telemedicinske infrastruktur (eHealth Infrastructure)"/>
    <telecom>
      <system value="url"/>
      <value value="http://ehealth.sundhed.dk"/>
    </telecom>
  </contact>
  <description value="Value set for the Medcom Instrument Code Device Type."/>
  <compose>
    <include>
      <system value="urn:oid:1.2.208.184.100.3"/>
    </include>
  </compose>
</ValueSet>