<?xml version="1.0" encoding="UTF-8"?>

<ValueSet xmlns="http://hl7.org/fhir">
  <id value="ehealth-library-type"/>
  <text>
    <status value="generated"/><div xmlns="http://www.w3.org/1999/xhtml"><p class="res-header-id"><b>Generated Narrative: ValueSet ehealth-library-type</b></p><a name="ehealth-library-type"> </a><a name="hcehealth-library-type"> </a><a name="ehealth-library-type-en-US"> </a><p>This value set includes codes based on the following rules:</p><ul><li>Include all codes defined in <a href="http://terminology.hl7.org/6.0.2/CodeSystem-library-type.html"><code>http://terminology.hl7.org/CodeSystem/library-type</code></a></li><li>Include all codes defined in <a href="CodeSystem-ehealth-library-type.html"><code>http://ehealth.sundhed.dk/cs/library-type</code></a></li></ul></div>
  </text>
  <url value="http://ehealth.sundhed.dk/vs/library-type"/>
  <version value="3.1.0"/>
  <name value="LibraryType"/>
  <title value="Library Type"/>
  <status value="active"/>
  <experimental value="true"/>
  <date value="2019-08-27T00:00:00+00:00"/>
  <publisher value="Den telemedicinske infrastruktur (eHealth Infrastructure)"/>
  <contact>
    <name value="Den telemedicinske infrastruktur (eHealth Infrastructure)"/>
    <telecom>
      <system value="url"/>
      <value value="http://ehealth.sundhed.dk"/>
    </telecom>
  </contact>
  <description value="http://terminology.hl7.org/CodeSystem/library-type + automated-processing"/>
  <compose>
    <include>
      <system value="http://terminology.hl7.org/CodeSystem/library-type"/>
    </include>
    <include>
      <system value="http://ehealth.sundhed.dk/cs/library-type"/>
    </include>
  </compose>
</ValueSet>