<?xml version="1.0" encoding="UTF-8"?>

<ValueSet xmlns="http://hl7.org/fhir">
  <id value="ehealth-condition-conditions"/>
  <text>
    <status value="generated"/><div xmlns="http://www.w3.org/1999/xhtml"><p class="res-header-id"><b>Generated Narrative: ValueSet ehealth-condition-conditions</b></p><a name="ehealth-condition-conditions"> </a><a name="hcehealth-condition-conditions"> </a><a name="hcehealth-condition-conditions-en-US"> </a><ul><li>Import all the codes that are contained in <a href="ValueSet-kl.dk-fhir-common-caresocial-ValueSet-KLConditionCodesNursing.html">KLTilstandeKoderSygepleje</a></li></ul></div>
  </text>
  <url value="http://ehealth.sundhed.dk/vs/condition-conditions"/>
  <version value="3.1.0"/>
  <name value="Condition_Conditions"/>
  <title value="Tilstandskoder"/>
  <status value="active"/>
  <experimental value="false"/>
  <date value="2022-01-14T00:00:00+00:00"/>
  <publisher value="Den telemedicinske infrastruktur (eHealth Infrastructure)"/>
  <contact>
    <name value="Den telemedicinske infrastruktur (eHealth Infrastructure)"/>
    <telecom>
      <system value="url"/>
      <value value="http://ehealth.sundhed.dk"/>
    </telecom>
  </contact>
  <description value="Condition Codes"/>
  <compose>
    <include>
      <valueSet value="http://kl.dk/fhir/common/caresocial/ValueSet/KLConditionCodesNursing"/>
    </include>
  </compose>
</ValueSet>