<?xml version="1.0" encoding="UTF-8"?>

<ValueSet xmlns="http://hl7.org/fhir">
  <id value="regional-subdivision-codes"/>
  <text>
    <status value="generated"/><div xmlns="http://www.w3.org/1999/xhtml"><p class="res-header-id"><b>Generated Narrative: ValueSet regional-subdivision-codes</b></p><a name="regional-subdivision-codes"> </a><a name="hcregional-subdivision-codes"> </a><a name="regional-subdivision-codes-da-DK"> </a><ul><li>Include all codes defined in <a href="CodeSystem-iso-reg-subdiv-codes.html"><code>https://www.iso.org/obp/ui/#iso:code:3166:DK</code></a></li></ul></div>
  </text>
  <url value="http://ehealth.sundhed.dk/vs/regional-subdivision-codes"/>
  <version value="3.4.1"/>
  <name value="RegionalSubdivisionCodes"/>
  <status value="active"/>
  <experimental value="true"/>
  <date value="2019-02-02T00:00:00+00:00"/>
  <publisher value="Den telemedicinske infrastruktur (eHealth Infrastructure)"/>
  <contact>
    <name value="Den telemedicinske infrastruktur (eHealth Infrastructure)"/>
    <telecom>
      <system value="url"/>
      <value value="http://ehealth.sundhed.dk"/>
    </telecom>
  </contact>
  <description value="Subdivision codes (Regional codes) used in Denmark"/>
  <jurisdiction>
    <coding>
      <system value="urn:iso:std:iso:3166"/>
      <code value="DK"/>
      <display value="Denmark"/>
    </coding>
  </jurisdiction>
  <compose>
    <include>
      <system value="https://www.iso.org/obp/ui/#iso:code:3166:DK"/>
    </include>
  </compose>
</ValueSet>