<?xml version="1.0" encoding="UTF-8"?>

<ValueSet xmlns="http://hl7.org/fhir">
  <id value="dk-ihe-typecode-vs"/>
  <text>
    <status value="extensions"/><div xmlns="http://www.w3.org/1999/xhtml"><p class="res-header-id"><b>Generated Narrative: ValueSet dk-ihe-typecode-vs</b></p><a name="dk-ihe-typecode-vs"> </a><a name="hcdk-ihe-typecode-vs"> </a><a name="dk-ihe-typecode-vs-en-US"> </a><p>This value set includes codes based on the following rules:</p><ul><li>Include these codes as defined in <a href="http://loinc.org"><code>http://loinc.org</code></a><table class="none"><tr><td style="white-space:nowrap"><b>Code</b></td><td><b>Display</b></td><td><b>English (United States) (English (United States), en)</b></td></tr><tr><td><a href="https://loinc.org/103140-0/">103140-0</a></td><td>Personal health attachment Document</td><td>Personal health attachment Document</td></tr><tr><td><a href="https://loinc.org/53576-5/">53576-5</a></td><td>Personal health monitoring report Document</td><td>Personal health monitoring report Document</td></tr><tr><td><a href="https://loinc.org/74468-0/">74468-0</a></td><td>Questionnaire Form Definition Document</td><td>Questionnaire Form Definition Document</td></tr><tr><td><a href="https://loinc.org/74465-6/">74465-6</a></td><td>Questionnaire Response Document</td><td>Questionnaire Response Document</td></tr><tr><td><a href="https://loinc.org/11502-2/">11502-2</a></td><td>LABORATORY REPORT.TOTAL</td><td>LABORATORY REPORT.TOTAL</td></tr><tr><td><a href="https://loinc.org/56446-8/">56446-8</a></td><td>Appointment Summary Document</td><td>Appointment Summary Document</td></tr><tr><td><a href="https://loinc.org/39290-2/">39290-2</a></td><td>Follow-up (referred to) program, appointment date</td><td>Follow-up (referred to) program, appointment date</td></tr><tr><td><a href="https://loinc.org/39289-4/">39289-4</a></td><td>Follow-up (referred to) provider and/or specialist, appointment date</td><td>Follow-up (referred to) provider and/or specialist, appointment date</td></tr><tr><td><a href="https://loinc.org/81215-6/">81215-6</a></td><td>Care plan - recommended C-CDA R2.0 and R2.1 sections</td><td>Care plan - recommended C-CDA R2.0 and R2.1 sections</td></tr><tr><td><a href="https://loinc.org/57059-8/">57059-8</a></td><td>Pregnancy visit summary note Narrative</td><td>Summary for prenancy visit</td></tr><tr><td><a href="https://loinc.org/28615-3/">28615-3</a></td><td>Audiology Study</td><td>DA: Audiologi dokument</td></tr></table></li><li>Include these codes as defined in <a href="CodeSystem-urn-oid-1.2.208.184.100.1.html"><code>urn:oid:1.2.208.184.100.1</code></a><table class="none"><tr><td style="white-space:nowrap"><b>Code</b></td><td><b>Display</b></td><td><b>Definition</b></td><td><b>English (United States) (English (United States), en)</b></td></tr><tr><td><a href="CodeSystem-urn-oid-1.2.208.184.100.1.html#urn-oid-1.2.208.184.100.1-CMR">CMR</a></td><td>Clinical Mesurement Report</td><td>Clinical Mesurement Report</td><td></td></tr><tr><td><a href="CodeSystem-urn-oid-1.2.208.184.100.1.html#urn-oid-1.2.208.184.100.1-PDC">PDC</a></td><td>Stamkort</td><td>Personal Data Card</td><td></td></tr><tr><td><a href="CodeSystem-urn-oid-1.2.208.184.100.1.html#urn-oid-1.2.208.184.100.1-MADC">MADC</a></td><td>MADC</td><td>Graviditetskort</td><td></td></tr></table></li></ul></div>
  </text>
  <url value="http://sundhedsdatastyrelsen.dk/terminologi/dk-ihe-typecode-vs"/>
  <version value="3.1.0"/>
  <name value="DK_IHE_TypeCode_VS"/>
  <title value="DK_IHE_TypeCode_VS"/>
  <status value="active"/>
  <experimental value="false"/>
  <date value="2019-12-11T00:00:00+00:00"/>
  <publisher value="Den telemedicinske infrastruktur (eHealth Infrastructure)"/>
  <contact>
    <name value="Den telemedicinske infrastruktur (eHealth Infrastructure)"/>
    <telecom>
      <system value="url"/>
      <value value="http://ehealth.sundhed.dk"/>
    </telecom>
  </contact>
  <description value="Value set for the typeCode attribute. The typeCode specifies the precise type of document from the user perspective. The granularity of typeCode is finer grained than its superior classCode."/>
  <compose>
    <include>
      <system value="http://loinc.org"/>
      <concept>
        <code value="103140-0"/>
        <display value="Personal health attachment Document"/>
        <designation>
          <language value="en-US"/>
          <value value="Personal health attachment Document"/>
        </designation>
      </concept>
      <concept>
        <code value="53576-5"/>
        <display value="Personal health monitoring report Document"/>
        <designation>
          <language value="en-US"/>
          <value value="Personal health monitoring report Document"/>
        </designation>
      </concept>
      <concept>
        <code value="74468-0"/>
        <display value="Questionnaire Form Definition Document"/>
        <designation>
          <language value="en-US"/>
          <value value="Questionnaire Form Definition Document"/>
        </designation>
      </concept>
      <concept>
        <code value="74465-6"/>
        <display value="Questionnaire Response Document"/>
        <designation>
          <language value="en-US"/>
          <value value="Questionnaire Response Document"/>
        </designation>
      </concept>
      <concept>
        <code value="11502-2"/>
        <display value="LABORATORY REPORT.TOTAL"/>
        <designation>
          <language value="en-US"/>
          <value value="LABORATORY REPORT.TOTAL"/>
        </designation>
      </concept>
      <concept>
        <code value="56446-8"/>
        <display value="Appointment Summary Document"/>
        <designation>
          <language value="en-US"/>
          <value value="Appointment Summary Document"/>
        </designation>
      </concept>
      <concept>
        <code value="39290-2"/>
        <display value="Follow-up (referred to) program, appointment date"/>
        <designation>
          <language value="en-US"/>
          <value value="Follow-up (referred to) program, appointment date"/>
        </designation>
      </concept>
      <concept>
        <code value="39289-4"/>
        <display value="Follow-up (referred to) provider and/or specialist, appointment date"/>
        <designation>
          <language value="en-US"/>
          <value value="Follow-up (referred to) provider and/or specialist, appointment date"/>
        </designation>
      </concept>
      <concept>
        <code value="81215-6"/>
        <display value="Care plan - recommended C-CDA R2.0 and R2.1 sections"/>
        <designation>
          <language value="en-US"/>
          <value value="Care plan - recommended C-CDA R2.0 and R2.1 sections"/>
        </designation>
      </concept>
      <concept>
        <code value="57059-8"/>
        <display value="Pregnancy visit summary note Narrative"/>
        <designation>
          <language value="en-US"/>
          <value value="Summary for prenancy visit"/>
        </designation>
      </concept>
      <concept>
        <code value="28615-3"/>
        <display value="Audiology Study"/>
        <designation>
          <language value="en-US"/>
          <value value="DA: Audiologi dokument"/>
        </designation>
      </concept>
    </include>
    <include>
      <system value="urn:oid:1.2.208.184.100.1"/>
      <concept>
        <code value="CMR"/>
        <display value="Clinical Mesurement Report"/>
      </concept>
      <concept>
        <code value="PDC"/>
        <display value="Stamkort"/>
      </concept>
      <concept>
        <code value="MADC"/>
        <display value="MADC"/>
      </concept>
    </include>
  </compose>
</ValueSet>