<?xml version="1.0" encoding="UTF-8"?><CodeSystem xmlns="http://hl7.org/fhir"><id value="ehealth-clinicalimpression-finding-codes"/><text><status value="generated"/><div xmlns="http://www.w3.org/1999/xhtml"><p class="res-header-id"><b>Generated Narrative: Kodesystem ehealth-clinicalimpression-finding-codes</b></p><a name="ehealth-clinicalimpression-finding-codes"> </a><a name="hcehealth-clinicalimpression-finding-codes"> </a><p><b>Properties</b></p><p><b>This code system defines the following properties for its concepts</b></p><table class="grid"><tr><td><b>Name</b></td><td><b>Code</b></td><td><b>URI</b></td><td><b>Type</b></td><td><b>Description</b></td></tr><tr><td>Deprecated</td><td>deprecated</td><td>http://hl7.org/fhir/concept-properties#deprecated</td><td>dateTime</td><td>Indicates that the concept is deprecated and should not be used</td></tr></table><p><b>Concepts</b></p><p>This case-sensitive code system <code>http://ehealth.sundhed.dk/cs/clinicalimpression-finding-codes</code> defines the following codes:</p><table class="codes"><tr><td style="white-space:nowrap"><b>Code</b></td><td><b>Display</b></td><td><b>Definition</b></td><td><b>Deprecated</b></td><td><b>Dansk (Danish, da)</b></td></tr><tr><td style="white-space:nowrap">red-question-answer<a name="ehealth-clinicalimpression-finding-codes-red-question-answer"> </a></td><td>red question and answer combination</td><td>Applied to a single question and answer pair, this indicates a red combination. Applied as summary to multiple question and answer pairs in a questionnaire response, this indicates at least one red combination found.</td><td/><td>Rød spørgsmål/svar-kombination fundet i spørgeskemabesvarelse</td></tr><tr><td style="white-space:nowrap">yellow-question-answer<a name="ehealth-clinicalimpression-finding-codes-yellow-question-answer"> </a></td><td>yellow question and answer combination</td><td>Applied to a single question and answer pair, this indicates a yellow combination. Applied as summary to multiple question and answer pairs in a questionnaire response, this indicates at least one yellow combination found and no red combinations found.</td><td/><td>Gul spørgsmål/svar-kombination fundet i spørgeskemabesvarelse</td></tr><tr><td style="white-space:nowrap">green-question-answer<a name="ehealth-clinicalimpression-finding-codes-green-question-answer"> </a></td><td>green question and answer combination</td><td>Applied to a single question and answer pair, this indicates a green combination. Applied as summary to multiple question and answer pairs in a questionnaire response, this indicates at least one green combination found and no red or yellow combinations found.</td><td/><td>Grøn spørgsmål/svar-kombination fundet i spørgeskemabesvarelse.</td></tr><tr><td style="white-space:nowrap">no-effective-answer-significance<a name="ehealth-clinicalimpression-finding-codes-no-effective-answer-significance"> </a></td><td>no effective answer significance for answer and question combination</td><td>Applied to a single question and answer pair, this indicates that answer did not meet any answer significance conditions. Applied as summary to multiple question and answer pairs in a questionnaire response, this indicates that no answer met the conditions of any answer significance(s) in the related question.</td><td/><td>Ingen triageringsindikator for spørgsmål/svar-kombination har fundet anvendelse.</td></tr><tr><td style="white-space:nowrap">no-answer-significance-defined<a name="ehealth-clinicalimpression-finding-codes-no-answer-significance-defined"> </a></td><td>no answer significance defined for question(s)</td><td>Applied to a single question and answer pair, this indicates that the question did not have any answer significance. Applied as summary to multiple question and answer pairs in a questionnaire response, this indicates that no question had any associated answer significance(s).</td><td/><td>Ingen triageringsindikator defineret i spørgeskemaet.</td></tr><tr><td style="white-space:nowrap">red<a name="ehealth-clinicalimpression-finding-codes-red"> </a></td><td>Red overall assessment</td><td>Overall assessment is red</td><td/><td>Samlet vurdering er rød</td></tr><tr><td style="white-space:nowrap">yellow<a name="ehealth-clinicalimpression-finding-codes-yellow"> </a></td><td>Yellow overall assessment</td><td>Overall assessment is yellow</td><td/><td>Samlet vurdering er gul</td></tr><tr><td style="white-space:nowrap">green<a name="ehealth-clinicalimpression-finding-codes-green"> </a></td><td>Green overall assessment</td><td>Overall assessment is green</td><td/><td>Samlet vurdering er grøn</td></tr><tr><td style="white-space:nowrap">data-absent<a name="ehealth-clinicalimpression-finding-codes-data-absent"> </a></td><td>measurement data is absent</td><td>measurement data is absent</td><td/><td>Måledata (måling) har fravær af værdi</td></tr><tr><td style="white-space:nowrap">TBD<a name="ehealth-clinicalimpression-finding-codes-TBD"> </a></td><td>Example value - Under construction</td><td>Example value - Under construction</td><td>2020-02-03</td><td/></tr><tr><td style="white-space:nowrap">measurement-invalidated<a name="ehealth-clinicalimpression-finding-codes-measurement-invalidated"> </a></td><td>Measurement has been deemed invalid</td><td>Measurement has been deemed invalid</td><td/><td>Måledata (måling, spørgeskemabesvarelse eller billede) er ugyldiggjort</td></tr><tr><td style="white-space:nowrap">measurement-invalidation-retracted<a name="ehealth-clinicalimpression-finding-codes-measurement-invalidation-retracted"> </a></td><td>Measurement invalidation has been retracted</td><td>Measurement invalidation has been retracted</td><td/><td>Ugyldiggørelse af måledata (måling, spørgeskemabesvarelse eller billede) er trukket tilbage</td></tr></table></div></text><url value="http://ehealth.sundhed.dk/cs/clinicalimpression-finding-codes"/><version value="4.0.1"/><name value="ClinicalImpressionFindingCodes"/><title value="ClinicalImpression Finding Codes"/><status value="active"/><experimental value="false"/><date value="2019-01-29T00:00:00+00:00"/><publisher value="Den telemedicinske infrastruktur (eHealth Infrastructure)"/><contact><name value="Den telemedicinske infrastruktur (eHealth Infrastructure)"/><telecom><system value="url"/><value value="http://ehealth.sundhed.dk"/></telecom></contact><description value="Clinical Impression Finding Codes"/><jurisdiction><coding><system value="urn:iso:std:iso:3166"/><code value="DK"/><display value="Denmark"/></coding></jurisdiction><caseSensitive value="true"/><content value="complete"/><property><code value="deprecated"/><uri value="http://hl7.org/fhir/concept-properties#deprecated"/><description value="Indicates that the concept is deprecated and should not be used"/><type value="dateTime"/></property><concept><code value="red-question-answer"/><display value="red question and answer combination"/><definition value="Applied to a single question and answer pair, this indicates a red combination. Applied as summary to multiple question and answer pairs in a questionnaire response, this indicates at least one red combination found."/><designation><language value="da"/><value value="Rød spørgsmål/svar-kombination fundet i spørgeskemabesvarelse"/></designation></concept><concept><code value="yellow-question-answer"/><display value="yellow question and answer combination"/><definition value="Applied to a single question and answer pair, this indicates a yellow combination. Applied as summary to multiple question and answer pairs in a questionnaire response, this indicates at least one yellow combination found and no red combinations found."/><designation><language value="da"/><value value="Gul spørgsmål/svar-kombination fundet i spørgeskemabesvarelse"/></designation></concept><concept><code value="green-question-answer"/><display value="green question and answer combination"/><definition value="Applied to a single question and answer pair, this indicates a green combination. Applied as summary to multiple question and answer pairs in a questionnaire response, this indicates at least one green combination found and no red or yellow combinations found."/><designation><language value="da"/><value value="Grøn spørgsmål/svar-kombination fundet i spørgeskemabesvarelse."/></designation></concept><concept><code value="no-effective-answer-significance"/><display value="no effective answer significance for answer and question combination"/><definition value="Applied to a single question and answer pair, this indicates that answer did not meet any answer significance conditions. Applied as summary to multiple question and answer pairs in a questionnaire response, this indicates that no answer met the conditions of any answer significance(s) in the related question."/><designation><language value="da"/><value value="Ingen triageringsindikator for spørgsmål/svar-kombination har fundet anvendelse."/></designation></concept><concept><code value="no-answer-significance-defined"/><display value="no answer significance defined for question(s)"/><definition value="Applied to a single question and answer pair, this indicates that the question did not have any answer significance. Applied as summary to multiple question and answer pairs in a questionnaire response, this indicates that no question had any associated answer significance(s)."/><designation><language value="da"/><value value="Ingen triageringsindikator defineret i spørgeskemaet."/></designation></concept><concept><code value="red"/><display value="Red overall assessment"/><definition value="Overall assessment is red"/><designation><language value="da"/><value value="Samlet vurdering er rød"/></designation></concept><concept><code value="yellow"/><display value="Yellow overall assessment"/><definition value="Overall assessment is yellow"/><designation><language value="da"/><value value="Samlet vurdering er gul"/></designation></concept><concept><code value="green"/><display value="Green overall assessment"/><definition value="Overall assessment is green"/><designation><language value="da"/><value value="Samlet vurdering er grøn"/></designation></concept><concept><code value="data-absent"/><display value="measurement data is absent"/><definition value="measurement data is absent"/><designation><language value="da"/><value value="Måledata (måling) har fravær af værdi"/></designation></concept><concept><code value="TBD"/><display value="Example value - Under construction"/><definition value="Example value - Under construction"/><property><code value="deprecated"/><valueDateTime value="2020-02-03"/></property></concept><concept><code value="measurement-invalidated"/><display value="Measurement has been deemed invalid"/><definition value="Measurement has been deemed invalid"/><designation><language value="da"/><value value="Måledata (måling, spørgeskemabesvarelse eller billede) er ugyldiggjort"/></designation></concept><concept><code value="measurement-invalidation-retracted"/><display value="Measurement invalidation has been retracted"/><definition value="Measurement invalidation has been retracted"/><designation><language value="da"/><value value="Ugyldiggørelse af måledata (måling, spørgeskemabesvarelse eller billede) er trukket tilbage"/></designation></concept></CodeSystem>