<?xml version="1.0" encoding="UTF-8"?><CodeSystem xmlns="http://hl7.org/fhir"><id value="ehealth-appointment-reason"/><text><status value="generated"/><div xmlns="http://www.w3.org/1999/xhtml"><p class="res-header-id"><b>Generated Narrative: Kodesystem ehealth-appointment-reason</b></p><a name="ehealth-appointment-reason"> </a><a name="hcehealth-appointment-reason"> </a><p>This case-sensitive code system <code>http://ehealth.sundhed.dk/cs/appointment-reason</code> defines the following code:</p><table class="codes"><tr><td style="white-space:nowrap"><b>Code</b></td><td><b>Display</b></td><td><b>Definition</b></td></tr><tr><td style="white-space:nowrap">412776001<a name="ehealth-appointment-reason-412776001"> </a></td><td>Clinical review</td><td>Clinical review</td></tr></table></div></text><url value="http://ehealth.sundhed.dk/cs/appointment-reason"/><version value="4.0.1"/><name value="AppointmentReason"/><title value="Appointment Reason"/><status value="active"/><experimental value="false"/><date value="2019-01-29T00:00:00+00:00"/><publisher value="Den telemedicinske infrastruktur (eHealth Infrastructure)"/><contact><name value="Den telemedicinske infrastruktur (eHealth Infrastructure)"/><telecom><system value="url"/><value value="http://ehealth.sundhed.dk"/></telecom></contact><description value="Appointment Reason"/><jurisdiction><coding><system value="urn:iso:std:iso:3166"/><code value="DK"/><display value="Denmark"/></coding></jurisdiction><caseSensitive value="true"/><content value="complete"/><concept><code value="412776001"/><display value="Clinical review"/><definition value="Clinical review"/></concept></CodeSystem>