<?xml version="1.0" encoding="UTF-8"?><NamingSystem xmlns="http://hl7.org/fhir"><id value="ydernummer"/><text><status value="generated"/><div xmlns="http://www.w3.org/1999/xhtml"><p class="res-header-id"><b>Generated Narrative: Navngivningssystem ydernummer</b></p><a name="ydernummer"> </a><a name="hcydernummer"> </a><h3>Summary</h3><table class="grid"><tr><td>Defining URL</td><td>http://ehealth.sundhed.dk/fhir/NamingSystem/ydernummer</td></tr><tr><td>Version</td><td>4.0.1</td></tr><tr><td>Name</td><td>Ydernummer</td></tr><tr><td>Status</td><td>active</td></tr><tr><td>Definition</td><td><div><p>The Danish Health Authority and Danish Regions can identify doctors' names etc. via the provider number (&quot;ydernummer&quot;). The different groups of doctors (general practitioners, ear specialists, eye specialists, etc.) have their own provider number range. Multiple doctors in the same practice will often have the same provider number. Only doctors without a provider number use the special out-of-hours doctor numbers.Provider numbers can change over time. A provider number may be assigned to a doctor who quits or retires, after which the provider number becomes available and can later be assigned to another doctor.</p>
</div></td></tr><tr><td>Publisher</td><td>Den telemedicinske infrastruktur (eHealth Infrastructure)</td></tr></table><h3>Identifiers</h3><table class="grid"><tr><td><b>Type</b></td><td><b>Value</b></td></tr><tr><td>OID</td><td>1.2.208.176.1.4</td></tr><tr><td>URI</td><td>urn:oid:1.2.208.176.1.4</td></tr></table></div></text><extension url="http://hl7.org/fhir/5.0/StructureDefinition/extension-NamingSystem.url"><valueUri value="http://ehealth.sundhed.dk/fhir/NamingSystem/ydernummer"/></extension><extension url="http://hl7.org/fhir/5.0/StructureDefinition/extension-NamingSystem.version"><valueString value="4.0.1"/></extension><name value="Ydernummer"/><status value="active"/><kind value="identifier"/><date value="1990-01-01T00:00:00+00:00"/><publisher value="Den telemedicinske infrastruktur (eHealth Infrastructure)"/><contact><name value="Den telemedicinske infrastruktur (eHealth Infrastructure)"/><telecom><system value="url"/><value value="http://ehealth.sundhed.dk"/></telecom></contact><responsible value="CPR-kontoret"/><type><coding><system value="http://terminology.hl7.org/CodeSystem/v2-0203"/><code value="PRN"/><display value="Provider number"/></coding></type><description value="The Danish Health Authority and Danish Regions can identify doctors' names etc. via the provider number (&quot;ydernummer&quot;). The different groups of doctors (general practitioners, ear specialists, eye specialists, etc.) have their own provider number range. Multiple doctors in the same practice will often have the same provider number. Only doctors without a provider number use the special out-of-hours doctor numbers.Provider numbers can change over time. A provider number may be assigned to a doctor who quits or retires, after which the provider number becomes available and can later be assigned to another doctor."/><jurisdiction><coding><system value="urn:iso:std:iso:3166"/><code value="DK"/><display value="Denmark"/></coding></jurisdiction><uniqueId><type value="oid"/><value value="1.2.208.176.1.4"/></uniqueId><uniqueId><type value="uri"/><value value="urn:oid:1.2.208.176.1.4"/></uniqueId></NamingSystem>