<?xml version="1.0" encoding="UTF-8"?><OperationDefinition xmlns="http://hl7.org/fhir"><id value="-s-schedule-careplan-and-episode-of-care-stats"/><text><status value="generated"/><div xmlns="http://www.w3.org/1999/xhtml">Operation</div></text><url value="http://ehealth.sundhed.dk/fhir/OperationDefinition/-s-schedule-careplan-and-episode-of-care-stats"/><version value="4.0.1"/><name value="schedule-careplan-and-episode-of-care-stats"/><title value="Schedule careplan and episode of care stats"/><status value="active"/><kind value="operation"/><date value="2025-08-11T07:09:27+00:00"/><publisher value="Den telemedicinske infrastruktur (eHealth Infrastructure)"/><contact><name value="Den telemedicinske infrastruktur (eHealth Infrastructure)"/><telecom><system value="url"/><value value="http://ehealth.sundhed.dk"/></telecom></contact><description value="### Report Contents&#xA;This report contains a count of active EpisodeOfCare and CarePlans.&#xA;### Grouping &#xA;This report is grouped by ConditionCode. Each group is returned in a separate JSon file.&#xA;### Parameters&#xA;- organization: Filter on EpisodeOfCare.managingOrganization match&#xA;- period: Filter on CarePlan.period overlap&#xA;&#xA;### Output&#xA;Output can be found in Binary.content. This is a Base64 encoded .zip file containing JSon files corresponding to the report groups.&#xA;### Example output&#xA;The ConditionCode is a Fhir CodeableConcept. See the implementation guide for details&#xA;&#xA;    {&#xA;        'ConditionCode': {&#xA;            'valueCodeableConcept': {&#xA;                'coding': [{&#xA;                        'system': 'urn:oid:1.2.208.176.2.4',&#xA;                        'code': 'DJ44'&#xA;                    }&#xA;                ]&#xA;            }&#xA;        },&#xA;        'ConditionSummary': {&#xA;            'activeEpisodeOfCareCount': 1,&#xA;            'activeCarePlanCount': 1&#xA;        }&#xA;    }"/><jurisdiction><coding><system value="urn:iso:std:iso:3166"/><code value="DK"/><display value="Denmark"/></coding></jurisdiction><affectsState value="true"/><code value="schedule-careplan-and-episode-of-care-stats"/><system value="true"/><type value="false"/><instance value="false"/><parameter><name value="anonymization"/><use value="in"/><min value="1"/><max value="1"/><type value="string"/></parameter><parameter><name value="organization"/><use value="in"/><min value="0"/><max value="1"/><type value="Reference"/></parameter><parameter><name value="period"/><use value="in"/><min value="0"/><max value="1"/><type value="Period"/></parameter><parameter><name value="return"/><use value="out"/><min value="0"/><max value="1"/><type value="Binary"/></parameter></OperationDefinition>