<?xml version="1.0" encoding="UTF-8"?><OperationDefinition xmlns="http://hl7.org/fhir"><id value="-s-create-episode-of-care"/><text><status value="generated"/><div xmlns="http://www.w3.org/1999/xhtml">Operation</div></text><url value="http://ehealth.sundhed.dk/fhir/OperationDefinition/-s-create-episode-of-care"/><version value="4.0.1"/><name value="create-episode-of-care"/><title value="Create an EpisodeOfCare"/><status value="active"/><kind value="operation"/><date value="2025-08-11T07:09:27+00:00"/><publisher value="Den telemedicinske infrastruktur (eHealth Infrastructure)"/><contact><name value="Den telemedicinske infrastruktur (eHealth Infrastructure)"/><telecom><system value="url"/><value value="http://ehealth.sundhed.dk"/></telecom></contact><description value="This operation persists an EpisodeOfCare based on the transient value of an EpisodeOfCare provided in the input.&#xD;&#xA;## Input&#xD;&#xA;The input is a Bundle which must contain exactly one EpisodeOfCare, conditions referenced in diagnosis list and at least one Provenance resource. All Provenances in the input must have the EpisodeOfCare as target. At least one Provenance must be interpreted into a 'Privacy-provenance' (see below).&#xD;&#xA;### The EpisodeOfCare resource&#xD;&#xA;The EpisodeOfCare has to have `PLANNED` status &#xD;&#xA;The 'id' property of the EpisodeOfCare will be reassigned by the server, but can be referenced by other resources in the same bundle. &#xD;&#xA;The 'managingOrganization' property of the EpisodeOfCare references the GDPR Data Controller (Danish: 'Dataansvarlig').&#xD;&#xA;### The privacy-Provenance resource&#xD;&#xA;A privacy-Provenance is a Provenance resource characterized by having at least one entry in Provenance.policy which data are transported, stored, or processed in the system. Possible values are:&#xD;&#xA;- 'http://ehealth.sundhed.dk/policy/dk/sundhedsloven'&#xD;&#xA;- 'http://ehealth.sundhed.dk/policy/dk/serviceloven'&#xD;&#xA;### Diagnosis referenced Condition resource&#xD;&#xA;For any diagnosis listed, the referenced Condition must be concerning the same Patient as the EpisodeOfCare.&#xD;&#xA;## Output&#xD;&#xA;For valid inputs, the server will create, persist and return a new EpisodeOfCare, client-supplied provenances, conditions and origin-provenance carrying a server-assigned ids.&#xD;&#xA;To get resources bodies in the output the request header has to contain parameter ```Prefer: return=representation```.&#xD;&#xA;## Validation&#xD;&#xA;- Patient.deceased must be false to create episode of care&#xD;&#xA;### The origin-Provenance resource&#xD;&#xA;Whenever an EpisodeOfCare is created, the server automatically creates an 'origin' Provenance resource point to it (in addition to the client-supplied Privacy-Provenance). This Origin-Provenance resource is filled with data from the JWT access token in order to record the origin of the EpisodeOfCare resource. For instance agent.whoReference points to a resource which is created as a shadow identity from the JWT token.&#xD;&#xA;"/><jurisdiction><coding><system value="urn:iso:std:iso:3166"/><code value="DK"/><display value="Denmark"/></coding></jurisdiction><affectsState value="true"/><code value="create-episode-of-care"/><system value="true"/><type value="false"/><instance value="false"/><parameter><name value="episodeOfCareAndProvenances"/><use value="in"/><min value="1"/><max value="1"/><type value="Bundle"/></parameter><parameter><name value="return"/><use value="out"/><min value="0"/><max value="1"/><type value="Bundle"/></parameter></OperationDefinition>