<?xml version="1.0" encoding="UTF-8"?><OperationDefinition xmlns="http://hl7.org/fhir"><id value="-s-import-organizations"/><text><status value="generated"/><div xmlns="http://www.w3.org/1999/xhtml">Operation</div></text><url value="http://ehealth.sundhed.dk/fhir/OperationDefinition/-s-import-organizations"/><version value="4.0.1"/><name value="import-organizations"/><title value="Import organizations"/><status value="active"/><kind value="operation"/><date value="2025-08-11T07:09:27+00:00"/><publisher value="Den telemedicinske infrastruktur (eHealth Infrastructure)"/><contact><name value="Den telemedicinske infrastruktur (eHealth Infrastructure)"/><telecom><system value="url"/><value value="http://ehealth.sundhed.dk"/></telecom></contact><description value="Import a bundle containing at least one organization tree."/><jurisdiction><coding><system value="urn:iso:std:iso:3166"/><code value="DK"/><display value="Denmark"/></coding></jurisdiction><affectsState value="true"/><code value="import-organizations"/><system value="true"/><type value="false"/><instance value="false"/><parameter><name value="organizations"/><use value="in"/><min value="0"/><max value="1"/><type value="Bundle"/></parameter><parameter><name value="bundle"/><use value="out"/><min value="0"/><max value="1"/><type value="Bundle"/></parameter></OperationDefinition>