{"resourceType":"OperationDefinition","id":"-s-fetch-careplan-duration-stats","text":{"status":"extensions","div":"<div xmlns=\"http://www.w3.org/1999/xhtml\"><p>URL: [base]/$fetch-careplan-duration-stats</p><p>Parameters</p><table class=\"grid\"><tr><td><b>Use</b></td><td><b>Name</b></td><td><b>Scope</b></td><td><b>Cardinality</b></td><td><b>Type</b></td><td><b>Binding</b></td><td><b>Documentation</b></td></tr><tr><td>IN</td><td>anonymization</td><td/><td>1..1</td><td><a href=\"http://hl7.org/fhir/R4/datatypes.html#string\">string</a></td><td/><td/></tr><tr><td>IN</td><td>organization</td><td/><td>0..1</td><td><a href=\"http://hl7.org/fhir/R4/references.html#Reference\">Reference</a></td><td/><td/></tr><tr><td>IN</td><td>period</td><td/><td>0..1</td><td><a href=\"http://hl7.org/fhir/R4/datatypes.html#Period\">Period</a></td><td/><td/></tr><tr><td>IN</td><td>condition</td><td/><td>0..1</td><td><a href=\"http://hl7.org/fhir/R4/datatypes.html#Coding\">Coding</a></td><td/><td/></tr><tr><td>OUT</td><td>return</td><td/><td>0..1</td><td><a href=\"http://hl7.org/fhir/R4/binary.html\">Binary</a></td><td/><td/></tr></table></div>"},"url":"https://reporting.devtest.systematic-ehealth.com/fhir/OperationDefinition/-s-fetch-careplan-duration-stats","version":"3.3.0","name":"fetch-careplan-duration-stats","title":"Fetch careplan duration stats","status":"active","kind":"operation","date":"2024-06-07T14:29:06+00:00","publisher":"Den telemedicinske infrastruktur (eHealth Infrastructure)","contact":[{"name":"Den telemedicinske infrastruktur (eHealth Infrastructure)","telecom":[{"system":"url","value":"http://ehealth.sundhed.dk"}]}],"description":"### Report Contents\nThis report contains statistics on status changes for CarePlans:\n- count: Number of CarePlans in each state\n- min: Shortest time spent in each state\n- max: Longest time spent in each state\n- sum: Sum of time spent in each state\n- average: Average time spent in each state.\n \nThe durations are specified in [ISO 8601](https://www.digi.com/resources/documentation/digidocs/90001437-13/reference/r_iso_8601_duration_format.htm) format.\n### Grouping \nThis report is grouped by PlanDefinition. Each group is returned in a separate JSon file.\n### Parameters\n- organization: Filter on EpisodeOfCare.managingOrganization match\n- period: Filter on CarePlan.period overlap\n- condition: Filter on EpisodeOfCare condition match\n\n### Output\nOutput can be found in Binary.content. This is a Base64 encoded .zip file containing JSon files corresponding to the report groups.\n### Example output\nEHealthPlanDefinition is a Fhir resource. See the implementation guide for details\n\n    {\n        'EHealthPlanDefinition': {\n            'resourceType': 'PlanDefinition',\n            'id': '257',\n            'meta': {\n                'versionId': '1',\n                'profile': ['http://ehealth.sundhed.dk/fhir/StructureDefinition/ehealth-plandefinition']\n            },\n            'extension': [{\n                    'url': 'http://ehealth.sundhed.dk/fhir/StructureDefinition/ehealth-modifier-role',\n                    'extension': [{\n                            'url': 'reference',\n                            'valueReference': {\n                                'reference': 'https://organization.local.ehealth.sundhed.dk/fhir/Organization/73753'\n                            }\n                        }, {\n                            'url': 'role',\n                            'valueCodeableConcept': {\n                                'coding': [{\n                                        'system': 'http://ehealth.sundhed.dk/cs/modifier-role',\n                                        'code': 'owner'\n                                    }\n                                ]\n                            }\n                        }\n                    ]\n                }\n            ],\n            'version': 'dc9ecd87-163f-4d2f-bdfe-434085eafe4f',\n            'status': 'active'\n        },\n        'CarePlanStatusDurationSummary': {\n            'statusDurationStatistics': {\n                'draft': {\n                    'status': {\n                        'valueCodeableConcept': {\n                            'coding': [{\n                                    'system': 'http://hl7.org/fhir/care-plan-status',\n                                    'code': 'draft'\n                                }\n                            ]\n                        }\n                    },\n                    'durationStatistics': {\n                        'count': 2,\n                        'min': 'P10DT10H0M0S',\n                        'max': 'P15DT0H0M0S',\n                        'sum': 'P25DT10H0M0S',\n                        'average': 'P12DT17H0M0S'\n                    }\n                },\n                'active': {\n                    'status': {\n                        'valueCodeableConcept': {\n                            'coding': [{\n                                    'system': 'http://hl7.org/fhir/care-plan-status',\n                                    'code': 'active'\n                                }\n                            ]\n                        }\n                    },\n                    'durationStatistics': {\n                        'count': 2,\n                        'min': 'P200DT0H0M0S',\n                        'max': 'P200DT0H0M0S',\n                        'sum': 'P400DT0H0M0S',\n                        'average': 'P200DT0H0M0S'\n                    }\n                },\n                'completed': {\n                    'status': {\n                        'valueCodeableConcept': {\n                            'coding': [{\n                                    'system': 'http://hl7.org/fhir/care-plan-status',\n                                    'code': 'completed'\n                                }\n                            ]\n                        }\n                    },\n                    'durationStatistics': {\n                        'count': 2,\n                        'min': 'P284DT14H0M0S',\n                        'max': 'P380DT0H0M0S',\n                        'sum': 'P664DT14H0M0S',\n                        'average': 'P332DT7H0M0S'\n                    }\n                },\n                'suspended': {\n                    'status': {\n                        'valueCodeableConcept': {\n                            'coding': [{\n                                    'system': 'http://hl7.org/fhir/care-plan-status',\n                                    'code': 'suspended'\n                                }\n                            ]\n                        }\n                    },\n                    'durationStatistics': {\n                        'count': 2,\n                        'min': 'P5DT0H0M0S',\n                        'max': 'P5DT0H0M0S',\n                        'sum': 'P10DT0H0M0S',\n                        'average': 'P5DT0H0M0S'\n                    }\n                }\n            }\n        }\n    }\n","affectsState":true,"code":"fetch-careplan-duration-stats","system":true,"type":false,"instance":false,"parameter":[{"name":"anonymization","use":"in","min":1,"max":"1","type":"string"},{"name":"organization","use":"in","min":0,"max":"1","type":"Reference"},{"name":"period","use":"in","min":0,"max":"1","type":"Period"},{"name":"condition","use":"in","min":0,"max":"1","type":"Coding"},{"name":"return","use":"out","min":0,"max":"1","type":"Binary"}]}