{"resourceType":"OperationDefinition","id":"CarePlan-i-suggest-care-teams","text":{"status":"extensions","div":"<div xmlns=\"http://www.w3.org/1999/xhtml\"><p>URL: [base]/CarePlan/[id]/$suggest-care-teams</p><p>Parameters</p><table class=\"grid\"><tr><td><b>Use</b></td><td><b>Name</b></td><td><b>Scope</b></td><td><b>Cardinality</b></td><td><b>Type</b></td><td><b>Binding</b></td><td><b>Documentation</b></td></tr><tr><td>IN</td><td>regionCode</td><td/><td>0..1</td><td><a href=\"http://hl7.org/fhir/R4/datatypes.html#string\">string</a></td><td/><td/></tr><tr><td>IN</td><td>municipalityCode</td><td/><td>0..1</td><td><a href=\"http://hl7.org/fhir/R4/datatypes.html#string\">string</a></td><td/><td/></tr></table></div>"},"url":"https://careplan.devtest.systematic-ehealth.com/fhir/OperationDefinition/CarePlan-i-suggest-care-teams","version":"3.3.0","name":"suggest-care-teams","title":"Suggest care teams","status":"active","kind":"operation","date":"2024-06-07T14:29:06+00:00","publisher":"Den telemedicinske infrastruktur (eHealth Infrastructure)","contact":[{"name":"Den telemedicinske infrastruktur (eHealth Infrastructure)","telecom":[{"system":"url","value":"http://ehealth.sundhed.dk"}]}],"description":"Suggest care teams matching the conditions required by the care plan on either a regional or a municipality level. The suggested care teams has reason codes matching all the conditions addressed by the care plan and has a managing organization matching the input region code or municipality code. One of region code or municipality code must be input. If both region code and municipality code is input, then the municipality code is ignored. Return a bundle with matching care teams and their managing organizations.","affectsState":true,"code":"suggest-care-teams","resource":["CarePlan"],"system":false,"type":false,"instance":true,"parameter":[{"name":"regionCode","use":"in","min":0,"max":"1","type":"string"},{"name":"municipalityCode","use":"in","min":0,"max":"1","type":"string"}]}