{"resourceType":"ValueSet","id":"ehealth-clinicalimpression-decision-codes","text":{"status":"generated","div":"<div xmlns=\"http://www.w3.org/1999/xhtml\"><ul><li>Include all codes defined in <a href=\"CodeSystem-ehealth-clinicalimpression-decision-codes.html\"><code>http://ehealth.sundhed.dk/cs/clinicalimpression-decision-codes</code></a></li></ul></div>"},"url":"http://ehealth.sundhed.dk/vs/clinicalimpression-decision-codes","version":"3.3.0","name":"ClinicalImpressionDecisionCodes","title":"ClinicalImpression Decision Codes","status":"active","experimental":true,"date":"2019-09-23T00:00:00+00:00","publisher":"Den telemedicinske infrastruktur (eHealth Infrastructure)","contact":[{"name":"Den telemedicinske infrastruktur (eHealth Infrastructure)","telecom":[{"system":"url","value":"http://ehealth.sundhed.dk"}]}],"description":"Value set of clinical impression decision codes.","compose":{"include":[{"system":"http://ehealth.sundhed.dk/cs/clinicalimpression-decision-codes"}]}}