{"resourceType":"CodeSystem","id":"v3-TimingEvent","meta":{"lastUpdated":"2016-11-11T00:00:00.000+11:00"},"text":{"status":"generated","div":"<div xmlns=\"http://www.w3.org/1999/xhtml\"><p class=\"res-header-id\"><b>Generated Narrative: CodeSystem v3-TimingEvent</b></p><a name=\"v3-TimingEvent\"> </a><a name=\"hcv3-TimingEvent\"> </a><a name=\"v3-TimingEvent-en-US\"> </a><div style=\"display: inline-block; background-color: #d9e0e7; padding: 6px; margin: 4px; border: 1px solid #8da1b4; border-radius: 5px; line-height: 60%\"><p style=\"margin-bottom: 0px\">Last updated: 2016-11-11 00:00:00+1100</p></div><p>This code system <code>http://hl7.org/fhir/v3/TimingEvent</code> defines displays on the following codes:</p><table class=\"codes\"><tr><td><b>Lvl</b></td><td style=\"white-space:nowrap\"><b>Code</b></td><td><b>Definition</b></td><td><b>Dansk (Danish, da)</b></td></tr><tr><td>1</td><td style=\"white-space:nowrap\">AC<a name=\"v3-TimingEvent-AC\"> </a></td><td>before meal (from lat. ante cibus)</td><td>før måltid (fra lat. ante cibus)</td></tr><tr><td>1</td><td style=\"white-space:nowrap\">ACD<a name=\"v3-TimingEvent-ACD\"> </a></td><td>before lunch (from lat. ante cibus diurnus)</td><td>før frokost (fra lat. ante cibus diurnus)</td></tr><tr><td>1</td><td style=\"white-space:nowrap\">ACM<a name=\"v3-TimingEvent-ACM\"> </a></td><td>before breakfast (from lat. ante cibus matutinus)</td><td>før morgenmad (fra lat. ante cibus matutinus)</td></tr><tr><td>1</td><td style=\"white-space:nowrap\">ACV<a name=\"v3-TimingEvent-ACV\"> </a></td><td>before dinner (from lat. ante cibus vespertinus)</td><td>før middag (fra lat. ante cibus vespertinus)</td></tr><tr><td>1</td><td style=\"white-space:nowrap\">C<a name=\"v3-TimingEvent-C\"> </a></td><td>Description: meal (from lat. ante cibus)</td><td>Beskrivelse: måltid (fra lat. ante cibus)</td></tr><tr><td>2</td><td style=\"white-space:nowrap\">\u00a0\u00a0CD<a name=\"v3-TimingEvent-CD\"> </a></td><td>Description: lunch (from lat. cibus diurnus)</td><td>Beskrivelse: frokost (fra lat. cibus diurnus)</td></tr><tr><td>2</td><td style=\"white-space:nowrap\">\u00a0\u00a0CM<a name=\"v3-TimingEvent-CM\"> </a></td><td>Description: breakfast (from lat. cibus matutinus)</td><td>Beskrivelse: morgenmad (fra lat. Cibus matutinus)</td></tr><tr><td>2</td><td style=\"white-space:nowrap\">\u00a0\u00a0CV<a name=\"v3-TimingEvent-CV\"> </a></td><td>Description: dinner (from lat. cibus vespertinus)</td><td>Beskrivelse: middag (fra lat. cibus vespertinus)</td></tr><tr><td>1</td><td style=\"white-space:nowrap\">HS<a name=\"v3-TimingEvent-HS\"> </a></td><td>Description: Prior to beginning a regular period of extended sleep (this would exclude naps).  Note that this might occur at different times of day depending on a person's regular sleep schedule.</td><td>Beskrivelse: Inden du begynder en regelmæssig periode med længere søvn (dette ville udelukke lur). Bemærk, at dette kan forekomme på forskellige tidspunkter af dagen afhængigt af en persons normale søvnplan.</td></tr><tr><td>1</td><td style=\"white-space:nowrap\">IC<a name=\"v3-TimingEvent-IC\"> </a></td><td>between meals (from lat. inter cibus)</td><td>mellem måltiderne (fra lat. inter cibus)</td></tr><tr><td>1</td><td style=\"white-space:nowrap\">ICD<a name=\"v3-TimingEvent-ICD\"> </a></td><td>between lunch and dinner</td><td>mellem frokost og aftensmad</td></tr><tr><td>1</td><td style=\"white-space:nowrap\">ICM<a name=\"v3-TimingEvent-ICM\"> </a></td><td>between breakfast and lunch</td><td>mellem morgenmad og frokost</td></tr><tr><td>1</td><td style=\"white-space:nowrap\">ICV<a name=\"v3-TimingEvent-ICV\"> </a></td><td>between dinner and the hour of sleep</td><td>mellem middagen og søvnens time</td></tr><tr><td>1</td><td style=\"white-space:nowrap\">PC<a name=\"v3-TimingEvent-PC\"> </a></td><td>after meal (from lat. post cibus)</td><td>efter måltid (fra lat. post cibus)</td></tr><tr><td>1</td><td style=\"white-space:nowrap\">PCD<a name=\"v3-TimingEvent-PCD\"> </a></td><td>after lunch (from lat. post cibus diurnus)</td><td>efter frokost (fra lat. post cibus diurnus)</td></tr><tr><td>1</td><td style=\"white-space:nowrap\">PCM<a name=\"v3-TimingEvent-PCM\"> </a></td><td>after breakfast (from lat. post cibus matutinus)</td><td>efter morgenmad (fra lat. post cibus matutinus)</td></tr><tr><td>1</td><td style=\"white-space:nowrap\">PCV<a name=\"v3-TimingEvent-PCV\"> </a></td><td>after dinner (from lat. post cibus vespertinus)</td><td>Efter middagen (fra lat. post cibus vespertinus)</td></tr><tr><td>1</td><td style=\"white-space:nowrap\">WAKE<a name=\"v3-TimingEvent-WAKE\"> </a></td><td>Description: Upon waking up from a regular period of sleep, in order to start regular activities (this would exclude waking up from a nap or temporarily waking up during a period of sleep)                                                      Usage Notes: e.g.                          Take pulse rate on waking in management of thyrotoxicosis.                          Take BP on waking in management of hypertension                          Take basal body temperature on waking in establishing date of ovulation</td><td>Opvågning</td></tr></table></div>"},"extension":[{"url":"http://hl7.org/fhir/StructureDefinition/structuredefinition-ballot-status","valueString":"External"},{"url":"http://hl7.org/fhir/StructureDefinition/structuredefinition-fmm","valueInteger":0}],"url":"http://hl7.org/fhir/v3/TimingEvent","version":"3.2.0","name":"v3 Code System TimingEvent","title":"v3 Code System TimingEvent","status":"active","experimental":false,"date":"2016-11-11T00:00:00+11:00","publisher":"Den telemedicinske infrastruktur (eHealth Infrastructure)","contact":[{"name":"Den telemedicinske infrastruktur (eHealth Infrastructure)","telecom":[{"system":"url","value":"http://ehealth.sundhed.dk"}]}],"description":"**** MISSING DEFINITIONS ****","content":"supplement","supplements":"http://terminology.hl7.org/ValueSet/v3-TimingEvent","concept":[{"code":"AC","display":"AC","definition":"before meal (from lat. ante cibus)","designation":[{"language":"da","value":"før måltid (fra lat. ante cibus)"}]},{"code":"ACD","display":"ACD","definition":"before lunch (from lat. ante cibus diurnus)","designation":[{"language":"da","value":"før frokost (fra lat. ante cibus diurnus)"}]},{"code":"ACM","display":"ACM","definition":"before breakfast (from lat. ante cibus matutinus)","designation":[{"language":"da","value":"før morgenmad (fra lat. ante cibus matutinus)"}]},{"code":"ACV","display":"ACV","definition":"before dinner (from lat. ante cibus vespertinus)","designation":[{"language":"da","value":"før middag (fra lat. ante cibus vespertinus)"}]},{"code":"C","display":"C","definition":"Description: meal (from lat. ante cibus)","designation":[{"language":"da","value":"Beskrivelse: måltid (fra lat. ante cibus)"}],"concept":[{"code":"CD","display":"CD","definition":"Description: lunch (from lat. cibus diurnus)","designation":[{"language":"da","value":"Beskrivelse: frokost (fra lat. cibus diurnus)"}]},{"code":"CM","display":"CM","definition":"Description: breakfast (from lat. cibus matutinus)","designation":[{"language":"da","value":"Beskrivelse: morgenmad (fra lat. Cibus matutinus)"}]},{"code":"CV","display":"CV","definition":"Description: dinner (from lat. cibus vespertinus)","designation":[{"language":"da","value":"Beskrivelse: middag (fra lat. cibus vespertinus)"}]}]},{"code":"HS","display":"HS","definition":"Description: Prior to beginning a regular period of extended sleep (this would exclude naps).  Note that this might occur at different times of day depending on a person's regular sleep schedule.","designation":[{"language":"da","value":"Beskrivelse: Inden du begynder en regelmæssig periode med længere søvn (dette ville udelukke lur). Bemærk, at dette kan forekomme på forskellige tidspunkter af dagen afhængigt af en persons normale søvnplan."}]},{"code":"IC","display":"IC","definition":"between meals (from lat. inter cibus)","designation":[{"language":"da","value":"mellem måltiderne (fra lat. inter cibus)"}]},{"code":"ICD","display":"ICD","definition":"between lunch and dinner","designation":[{"language":"da","value":"mellem frokost og aftensmad"}]},{"code":"ICM","display":"ICM","definition":"between breakfast and lunch","designation":[{"language":"da","value":"mellem morgenmad og frokost"}]},{"code":"ICV","display":"ICV","definition":"between dinner and the hour of sleep","designation":[{"language":"da","value":"mellem middagen og søvnens time"}]},{"code":"PC","display":"PC","definition":"after meal (from lat. post cibus)","designation":[{"language":"da","value":"efter måltid (fra lat. post cibus)"}]},{"code":"PCD","display":"PCD","definition":"after lunch (from lat. post cibus diurnus)","designation":[{"language":"da","value":"efter frokost (fra lat. post cibus diurnus)"}]},{"code":"PCM","display":"PCM","definition":"after breakfast (from lat. post cibus matutinus)","designation":[{"language":"da","value":"efter morgenmad (fra lat. post cibus matutinus)"}]},{"code":"PCV","display":"PCV","definition":"after dinner (from lat. post cibus vespertinus)","designation":[{"language":"da","value":"Efter middagen (fra lat. post cibus vespertinus)"}]},{"code":"WAKE","display":"WAKE","definition":"Description: Upon waking up from a regular period of sleep, in order to start regular activities (this would exclude waking up from a nap or temporarily waking up during a period of sleep)                                                      Usage Notes: e.g.                          Take pulse rate on waking in management of thyrotoxicosis.                          Take BP on waking in management of hypertension                          Take basal body temperature on waking in establishing date of ovulation","designation":[{"language":"da","use":{"system":"http://snomed.info/sct","code":"900000000000013009"},"value":"Opvågning"}]}]}