{"resourceType":"CodeSystem","id":"ehealth-reference-range-type","text":{"status":"generated","div":"<div xmlns=\"http://www.w3.org/1999/xhtml\"><p class=\"res-header-id\"><b>Generated Narrative: CodeSystem ehealth-reference-range-type</b></p><a name=\"ehealth-reference-range-type\"> </a><a name=\"hcehealth-reference-range-type\"> </a><a name=\"ehealth-reference-range-type-en-US\"> </a><p>This case-sensitive code system <code>http://ehealth.sundhed.dk/cs/reference-range-type</code> defines the following codes:</p><table class=\"codes\"><tr><td style=\"white-space:nowrap\"><b>Code</b></td><td><b>Display</b></td><td><b>Definition</b></td><td><b>Dansk (Danish, da)</b></td></tr><tr><td style=\"white-space:nowrap\">TBD<a name=\"ehealth-reference-range-type-TBD\"> </a></td><td>Example value - Under construction</td><td>Example value - Under construction</td><td/></tr><tr><td style=\"white-space:nowrap\">TBD2<a name=\"ehealth-reference-range-type-TBD2\"> </a></td><td>Example value2 - Under construction</td><td>Example value2 - Under construction</td><td/></tr><tr><td style=\"white-space:nowrap\">RELRAL<a name=\"ehealth-reference-range-type-RELRAL\"> </a></td><td>Terapeutic relative reference range for RED alarm</td><td>Terapeutic relative reference range for RED alarm</td><td>Terapeutiske relative grænseværdier for RØD alarm</td></tr><tr><td style=\"white-space:nowrap\">RELGAL<a name=\"ehealth-reference-range-type-RELGAL\"> </a></td><td>Terapeutic relative reference range for YELLOW alarm</td><td>Terapeutic relative reference range for YELLOW alarm</td><td>Terapeutiske relative grænseværdier for GUL alarm</td></tr></table></div>"},"url":"http://ehealth.sundhed.dk/cs/reference-range-type","identifier":[{"system":"urn:ietf:rfc:3986","value":"urn:oid:1.2.208.176.7.200.1"}],"version":"3.2.0","name":"ReferenceRangeType","title":"Reference Range Type","status":"active","experimental":false,"date":"2021-01-13T00:00:00+00:00","publisher":"Den telemedicinske infrastruktur (eHealth Infrastructure)","contact":[{"name":"Den telemedicinske infrastruktur (eHealth Infrastructure)","telecom":[{"system":"url","value":"http://ehealth.sundhed.dk"}]}],"description":"Reference Range Type","caseSensitive":true,"content":"complete","concept":[{"code":"TBD","display":"Example value - Under construction","definition":"Example value - Under construction","property":[{"valueDateTime":"2020-02-27"}]},{"code":"TBD2","display":"Example value2 - Under construction","definition":"Example value2 - Under construction","property":[{"valueDateTime":"2020-02-27"}]},{"code":"RELRAL","display":"Terapeutic relative reference range for RED alarm","definition":"Terapeutic relative reference range for RED alarm","designation":[{"language":"da","value":"Terapeutiske relative grænseværdier for RØD alarm"}]},{"code":"RELGAL","display":"Terapeutic relative reference range for YELLOW alarm","definition":"Terapeutic relative reference range for YELLOW alarm","designation":[{"language":"da","value":"Terapeutiske relative grænseværdier for GUL alarm"}]}]}