{"resourceType":"OperationDefinition","id":"-s-fetch-practitioner-gdpr","text":{"status":"generated","div":"<div xmlns=\"http://www.w3.org/1999/xhtml\"><p class=\"res-header-id\"><b>Generated Narrative: OperationDefinition -s-fetch-practitioner-gdpr</b></p><a name=\"-s-fetch-practitioner-gdpr\"> </a><a name=\"hc-s-fetch-practitioner-gdpr\"> </a><a name=\"-s-fetch-practitioner-gdpr-en-US\"> </a><p>URL: [base]/$fetch-practitioner-gdpr</p><h3>Parameters</h3><table class=\"grid\"><tr><td><b>Use</b></td><td><b>Name</b></td><td><b>Scope</b></td><td><b>Cardinality</b></td><td><b>Type</b></td><td><b>Binding</b></td><td><b>Documentation</b></td></tr><tr><td>IN</td><td>anonymization</td><td/><td>1..1</td><td><a href=\"http://hl7.org/fhir/R4/datatypes.html#string\">string</a></td><td/><td/></tr><tr><td>IN</td><td>organization</td><td/><td>0..1</td><td><a href=\"http://hl7.org/fhir/R4/references.html#Reference\">Reference</a></td><td/><td/></tr><tr><td>IN</td><td>period</td><td/><td>0..1</td><td><a href=\"http://hl7.org/fhir/R4/datatypes.html#Period\">Period</a></td><td/><td/></tr><tr><td>IN</td><td>practitioner</td><td/><td>1..1</td><td><a href=\"http://hl7.org/fhir/R4/references.html#Reference\">Reference</a></td><td/><td/></tr><tr><td>OUT</td><td>return</td><td/><td>0..1</td><td><a href=\"http://hl7.org/fhir/R4/binary.html\">Binary</a></td><td/><td/></tr></table></div>"},"url":"https://reporting.devtest.systematic-ehealth.com/fhir/OperationDefinition/-s-fetch-practitioner-gdpr","version":"3.2.0","name":"fetch-practitioner-gdpr","title":"Fetch practitioner GDPR","status":"active","kind":"operation","date":"2024-09-02T13:58:07+00:00","publisher":"Den telemedicinske infrastruktur (eHealth Infrastructure)","contact":[{"name":"Den telemedicinske infrastruktur (eHealth Infrastructure)","telecom":[{"system":"url","value":"http://ehealth.sundhed.dk"}]}],"description":"### Report Contents\nThis report contains all information related to the specified Practitioner\n- Practitioner\n- CareTeam\n- PractitionerRole\n### Grouping \nNone. The report is returned in a single JSon file.\n### Parameters\n- organization: \n    - Practitioner: Not filtered\n    - CareTeam: Filter on CareTeam.ManagingOrganization match\n    - PractitionerRole: Filter on PractitionerRole.Organization match\n- period: not used\n- practitionerID: The practitioner to fetch information for\n### Output\nOutput can be found in Binary.content. This is a Base64 encoded .zip file containing JSon files corresponding to the report groups.\n### Example output\nAll returned objects are Fhir resources. See the implementation guide for details\n\n    {\n        'EHealthPractitioner': {\n            'resourceType': 'Practitioner',\n            'id': '20599',\n            'meta': {\n                'versionId': '1',\n                'profile': ['http://ehealth.sundhed.dk/fhir/StructureDefinition/ehealth-practitioner']\n            },\n            'name': [{\n                    'family': '2f82a48c-61cc-4c7f-855a-3e6b59729ef1'\n                }\n            ]\n        },\n        'EHealthPractitionerRole': [],\n        'EHealthCareTeam': [{\n                'resourceType': 'CareTeam',\n                'id': '99438',\n                'meta': {\n                    'versionId': '1',\n                    'profile': ['http://ehealth.sundhed.dk/fhir/StructureDefinition/ehealth-careteam']\n                },\n                'identifier': [{\n                        'id': 'f556eab1-dbe9-40e3-9edd-149fa3bd1ae0',\n                        'system': 'urn:ietf:rfc:3986'\n                    }\n                ],\n                'status': 'active',\n                'name': 'f9d27974-6a6a-44fb-b6eb-bcd22d769a18',\n                'participant': [{\n                        'member': {\n                            'reference': 'https://organization.local.ehealth.sundhed.dk/fhir/Practitioner/20599'\n                        }\n                    }\n                ],\n                'reasonCode': [{\n                        'coding': [{\n                                'system': 'http://ehealth.sundhed.dk/cs/conditions',\n                                'code': 'TBD'\n                            }\n                        ]\n                    }\n                ],\n                'managingOrganization': [{\n                        'reference': 'https://organization.local.ehealth.sundhed.dk/fhir/Organization/94174'\n                    }\n                ]\n            }\n        ]\n    }\n","affectsState":true,"code":"fetch-practitioner-gdpr","system":true,"type":false,"instance":false,"parameter":[{"name":"anonymization","use":"in","min":1,"max":"1","type":"string"},{"name":"organization","use":"in","min":0,"max":"1","type":"Reference"},{"name":"period","use":"in","min":0,"max":"1","type":"Period"},{"name":"practitioner","use":"in","min":1,"max":"1","type":"Reference"},{"name":"return","use":"out","min":0,"max":"1","type":"Binary"}]}