{"resourceType":"OperationDefinition","id":"-s-schedule-measurement-stats","text":{"status":"generated","div":"<div xmlns=\"http://www.w3.org/1999/xhtml\"><p class=\"res-header-id\"><b>Generated Narrative: OperationDefinition -s-schedule-measurement-stats</b></p><a name=\"-s-schedule-measurement-stats\"> </a><a name=\"hc-s-schedule-measurement-stats\"> </a><a name=\"-s-schedule-measurement-stats-en-US\"> </a><p>URL: [base]/$schedule-measurement-stats</p><h3>Parameters</h3><table class=\"grid\"><tr><td><b>Use</b></td><td><b>Name</b></td><td><b>Scope</b></td><td><b>Cardinality</b></td><td><b>Type</b></td><td><b>Binding</b></td><td><b>Documentation</b></td></tr><tr><td>IN</td><td>anonymization</td><td/><td>1..1</td><td><a href=\"http://hl7.org/fhir/R4/datatypes.html#string\">string</a></td><td/><td/></tr><tr><td>IN</td><td>organization</td><td/><td>0..1</td><td><a href=\"http://hl7.org/fhir/R4/references.html#Reference\">Reference</a></td><td/><td/></tr><tr><td>IN</td><td>period</td><td/><td>0..1</td><td><a href=\"http://hl7.org/fhir/R4/datatypes.html#Period\">Period</a></td><td/><td/></tr><tr><td>OUT</td><td>return</td><td/><td>0..1</td><td><a href=\"http://hl7.org/fhir/R4/binary.html\">Binary</a></td><td/><td/></tr></table></div>"},"url":"https://reporting.devtest.systematic-ehealth.com/fhir/OperationDefinition/-s-schedule-measurement-stats","version":"3.2.0","name":"schedule-measurement-stats","title":"Schedule measurement stats","status":"active","kind":"operation","date":"2024-09-02T13:58:07+00:00","publisher":"Den telemedicinske infrastruktur (eHealth Infrastructure)","contact":[{"name":"Den telemedicinske infrastruktur (eHealth Infrastructure)","telecom":[{"system":"url","value":"http://ehealth.sundhed.dk"}]}],"description":"### Report Contents\nThis report contains counts of Measurements for each EpisodeOfCare:\n- Observation\n- QuestionnaireResponse\n- Media\n### Grouping \nThis report is grouped by EpsiodeOfCare. Each group is returned in a separate JSon file.\n### Parameters\n- organization: Filter on EpisodeOfCare.managingOrganization match\n- period: Filter on:\n    - Observation.effective inside period for Observations\n    - Questionnaire.authored inside period for QuestionnaireResponses\n    - Media.occurence inside period for Media\n### Output\nOutput can be found in Binary.content. This is a Base64 encoded .zip file containing JSon files corresponding to the report groups.\n### Example output\nEHealthEpisodeOfCare is a Fhir resource. See the implementation guide for details\n\n    {\n        'EHealthEpisodeOfCare': {\n            'resourceType': 'EpisodeOfCare',\n            'id': '21357',\n            'meta': {\n                'versionId': '1',\n                'profile': ['http://ehealth.sundhed.dk/fhir/StructureDefinition/ehealth-episodeofcare']\n            },\n            'extension': [{\n                    'url': 'http://ehealth.sundhed.dk/fhir/StructureDefinition/ehealth-episodeofcare-caremanagerOrganization',\n                    'valueReference': {\n                        'reference': 'https://organization.local.ehealth.sundhed.dk/fhir/Organization/30170'\n                    }\n                }\n            ],\n            'status': 'active',\n            'diagnosis': [{\n                    'condition': {\n                        'reference': 'https://careplan.local.ehealth.sundhed.dk/fhir/Condition/70274'\n                    },\n                    'rank': 1\n                }\n            ],\n            'patient': {\n                'reference': 'https://patient.local.ehealth.sundhed.dk/fhir/Patient/26565'\n            },\n            'managingOrganization': {\n                'reference': 'https://organization.local.ehealth.sundhed.dk/fhir/Organization/28358'\n            },\n            'period': {\n                'start': '1970-01-01T01:00:01+01:00',\n                'end': '1970-01-01T01:01:40+01:00'\n            }\n        },\n        'EpisodeOfCareMeasurementSummary': {\n            'observationCount': 5,\n            'mediaCount': 0,\n            'questionnaireResponseCount': 0\n        }\n    }","affectsState":true,"code":"schedule-measurement-stats","system":true,"type":false,"instance":false,"parameter":[{"name":"anonymization","use":"in","min":1,"max":"1","type":"string"},{"name":"organization","use":"in","min":0,"max":"1","type":"Reference"},{"name":"period","use":"in","min":0,"max":"1","type":"Period"},{"name":"return","use":"out","min":0,"max":"1","type":"Binary"}]}