{"resourceType":"ValueSet","id":"ehealth-device-calibration-actor","text":{"status":"generated","div":"<div xmlns=\"http://www.w3.org/1999/xhtml\"><p class=\"res-header-id\"><b>Generated Narrative: ValueSet ehealth-device-calibration-actor</b></p><a name=\"ehealth-device-calibration-actor\"> </a><a name=\"hcehealth-device-calibration-actor\"> </a><a name=\"ehealth-device-calibration-actor-en-US\"> </a><ul><li>Include all codes defined in <a href=\"CodeSystem-ehealth-device-calibration-actor.html\"><code>http://ehealth.sundhed.dk/cs/device-calibration-actor</code></a></li></ul></div>"},"url":"http://ehealth.sundhed.dk/vs/device-calibration-actor","version":"3.2.0","name":"DeviceCalibrationActor","title":"Device Calibration Actor","status":"active","experimental":true,"date":"2019-09-16T00:00:00+00:00","publisher":"Den telemedicinske infrastruktur (eHealth Infrastructure)","contact":[{"name":"Den telemedicinske infrastruktur (eHealth Infrastructure)","telecom":[{"system":"url","value":"http://ehealth.sundhed.dk"}]}],"description":"Device calibration actor.","compose":{"include":[{"system":"http://ehealth.sundhed.dk/cs/device-calibration-actor"}]}}