<?xml version="1.0" encoding="UTF-8"?><CodeSystem xmlns="http://hl7.org/fhir"><id value="ehealth-device-calibration-actor"/><text><status value="generated"/><div xmlns="http://www.w3.org/1999/xhtml"><p class="res-header-id"><b>Generated Narrative: CodeSystem ehealth-device-calibration-actor</b></p><a name="ehealth-device-calibration-actor"> </a><a name="hcehealth-device-calibration-actor"> </a><a name="ehealth-device-calibration-actor-en-US"> </a><p>This case-sensitive code system <code>http://ehealth.sundhed.dk/cs/device-calibration-actor</code> defines the following codes:</p><table class="codes"><tr><td style="white-space:nowrap"><b>Code</b></td><td><b>Display</b></td><td><b>Definition</b></td><td><b>Dansk (Danish, da)</b></td></tr><tr><td style="white-space:nowrap">PATIENT<a name="ehealth-device-calibration-actor-PATIENT"> </a></td><td>Calibrated by patient</td><td>Calibrated by patient</td><td>Kalibreret af patient/borger</td></tr><tr><td style="white-space:nowrap">SSLPATIENT<a name="ehealth-device-calibration-actor-SSLPATIENT"> </a></td><td>Calibrated by SSL provider at patient residence</td><td>Calibrated by SSL provider at patient residence</td><td>Kalibreret af Service, Support og Logistik-leverandør hos patient/borger</td></tr><tr><td style="white-space:nowrap">SSL<a name="ehealth-device-calibration-actor-SSL"> </a></td><td>Calibrated by SSL at SSL supplier</td><td>Calibrated by SSL at SSL supplier</td><td>Kalibreret af Service, Support og Logistik-leverandør hos leverandøren</td></tr></table></div></text><url value="http://ehealth.sundhed.dk/cs/device-calibration-actor"/><version value="3.2.0"/><name value="DeviceCalibrationActor"/><title value="Device calibration actor"/><status value="active"/><experimental value="false"/><date value="2019-09-16T00:00:00+00:00"/><publisher value="Den telemedicinske infrastruktur (eHealth Infrastructure)"/><contact><name value="Den telemedicinske infrastruktur (eHealth Infrastructure)"/><telecom><system value="url"/><value value="http://ehealth.sundhed.dk"/></telecom></contact><description value="Device calibration actor."/><caseSensitive value="true"/><content value="complete"/><concept><code value="PATIENT"/><display value="Calibrated by patient"/><definition value="Calibrated by patient"/><designation><language value="da"/><value value="Kalibreret af patient/borger"/></designation></concept><concept><code value="SSLPATIENT"/><display value="Calibrated by SSL provider at patient residence"/><definition value="Calibrated by SSL provider at patient residence"/><designation><language value="da"/><value value="Kalibreret af Service, Support og Logistik-leverandør hos patient/borger"/></designation></concept><concept><code value="SSL"/><display value="Calibrated by SSL at SSL supplier"/><definition value="Calibrated by SSL at SSL supplier"/><designation><language value="da"/><value value="Kalibreret af Service, Support og Logistik-leverandør hos leverandøren"/></designation></concept></CodeSystem>