<?xml version="1.0" encoding="UTF-8"?><CodeSystem xmlns="http://hl7.org/fhir"><id value="ehealth-careteam-category"/><text><status value="generated"/><div xmlns="http://www.w3.org/1999/xhtml"><p class="res-header-id"><b>Generated Narrative: CodeSystem ehealth-careteam-category</b></p><a name="ehealth-careteam-category"> </a><a name="hcehealth-careteam-category"> </a><a name="ehealth-careteam-category-en-US"> </a><p>This case-sensitive code system <code>http://ehealth.sundhed.dk/cs/careteam-category</code> defines the following codes:</p><table class="codes"><tr><td style="white-space:nowrap"><b>Code</b></td></tr></table></div></text><url value="http://ehealth.sundhed.dk/cs/careteam-category"/><version value="3.2.0"/><name value="CareTeamCategory"/><title value="CareTeam Category"/><status value="active"/><experimental value="false"/><date value="2019-01-29T00:00:00+00:00"/><publisher value="Den telemedicinske infrastruktur (eHealth Infrastructure)"/><contact><name value="Den telemedicinske infrastruktur (eHealth Infrastructure)"/><telecom><system value="url"/><value value="http://ehealth.sundhed.dk"/></telecom></contact><description value="Care Team Category"/><caseSensitive value="true"/><content value="complete"/></CodeSystem>