<?xml version="1.0" encoding="UTF-8"?><CodeSystem xmlns="http://hl7.org/fhir"><id value="fs3-health-musculoskeletal"/><text><status value="generated"/><div xmlns="http://www.w3.org/1999/xhtml"><p class="res-header-id"><b>Generated Narrative: CodeSystem fs3-health-musculoskeletal</b></p><a name="fs3-health-musculoskeletal"> </a><a name="hcfs3-health-musculoskeletal"> </a><a name="fs3-health-musculoskeletal-en-US"> </a><p>This  code system <code>http://ehealth.sundhed.dk/cs/fs3-health-musculoskeletal</code> defines the following code:</p><table class="codes"><tr><td style="white-space:nowrap"><b>Code</b></td><td><b>Display</b></td><td><b>Dansk (Danish, da)</b></td></tr><tr><td style="white-space:nowrap">MOBILITY_AND_MOVEMENT<a name="fs3-health-musculoskeletal-MOBILITY_AND_MOVEMENT"> </a></td><td>Problemer med mobilitet og bevægelse</td><td>Problemer med mobilitet og bevægelse</td></tr></table></div></text><url value="http://ehealth.sundhed.dk/cs/fs3-health-musculoskeletal"/><version value="3.2.0"/><name value="FS III, Bevægeapparat"/><title value="FS III, Bevægeapparat"/><status value="active"/><experimental value="true"/><date value="2019-02-02T00:00:00+00:00"/><publisher value="Den telemedicinske infrastruktur (eHealth Infrastructure)"/><contact><name value="Den telemedicinske infrastruktur (eHealth Infrastructure)"/><telecom><system value="url"/><value value="http://ehealth.sundhed.dk"/></telecom></contact><description value="FS III, Bevægeapparat"/><content value="complete"/><concept><code value="MOBILITY_AND_MOVEMENT"/><display value="Problemer med mobilitet og bevægelse"/><designation><language value="da"/><value value="Problemer med mobilitet og bevægelse"/></designation></concept></CodeSystem>