<?xml version="1.0" encoding="UTF-8"?><CodeSystem xmlns="http://hl7.org/fhir"><id value="item-type"/><meta><lastUpdated value="2019-10-24T11:53:00+11:00"/></meta><text><status value="generated"/><div xmlns="http://www.w3.org/1999/xhtml"><p class="res-header-id"><b>Generated Narrative: CodeSystem item-type</b></p><a name="item-type"> </a><a name="hcitem-type"> </a><a name="item-type-en-US"> </a><div style="display: inline-block; background-color: #d9e0e7; padding: 6px; margin: 4px; border: 1px solid #8da1b4; border-radius: 5px; line-height: 60%"><p style="margin-bottom: 0px">Last updated: 2019-10-24 11:53:00+1100</p></div><p><b>Properties</b></p><p><b>This code system defines the following properties for its concepts</b></p><table class="grid"><tr><td><b>Name</b></td><td><b>Code</b></td><td><b>URI</b></td><td><b>Type</b></td><td><b>Description</b></td></tr><tr><td>Not Selectable</td><td>notSelectable</td><td>http://hl7.org/fhir/concept-properties#notSelectable</td><td>boolean</td><td>Indicates that the code is abstract - only intended to be used as a selector for other concepts</td></tr></table><p><b>Concepts</b></p><p>This code system <code>http://hl7.org/fhir/item-type</code> defines displays and properties on the following codes:</p><table class="codes"><tr><td><b>Lvl</b></td><td style="white-space:nowrap"><b>Code</b></td><td><b>Display</b></td><td><b>Definition</b></td><td><b>Not Selectable</b></td><td><b>Dansk (Danish, da)</b></td></tr><tr><td>1</td><td style="white-space:nowrap">group<a name="item-type-group"> </a></td><td>Group</td><td>An item with no direct answer but should have at least one child item.</td><td/><td>Gruppe</td></tr><tr><td>1</td><td style="white-space:nowrap">display<a name="item-type-display"> </a></td><td>Display</td><td>Text for display that will not capture an answer or have child items.</td><td/><td>Visning</td></tr><tr><td>1</td><td style="white-space:nowrap">question<a name="item-type-question"> </a></td><td>Question</td><td>An item that defines a specific answer to be captured, and may have child items. (the answer provided in the QuestionnaireResponse should be of the defined datatype)</td><td>true</td><td>Spørgsmål</td></tr><tr><td>2</td><td style="white-space:nowrap">  boolean<a name="item-type-boolean"> </a></td><td>Boolean</td><td>Question with a yes/no answer (valueBoolean)</td><td/><td>Boolsk</td></tr><tr><td>2</td><td style="white-space:nowrap">  decimal<a name="item-type-decimal"> </a></td><td>Decimal</td><td>Question with is a real number answer (valueDecimal)</td><td/><td>Decimal</td></tr><tr><td>2</td><td style="white-space:nowrap">  integer<a name="item-type-integer"> </a></td><td>Integer</td><td>Question with an integer answer (valueInteger)</td><td/><td>Heltal</td></tr><tr><td>2</td><td style="white-space:nowrap">  date<a name="item-type-date"> </a></td><td>Date</td><td>Question with a date answer (valueDate)</td><td/><td>Dato</td></tr><tr><td>2</td><td style="white-space:nowrap">  dateTime<a name="item-type-dateTime"> </a></td><td>Date Time</td><td>Question with a date and time answer (valueDateTime)</td><td/><td>Dato &amp; tidspunkt</td></tr><tr><td>2</td><td style="white-space:nowrap">  time<a name="item-type-time"> </a></td><td>Time</td><td>Question with a time (hour:minute:second) answer independent of date. (valueTime)</td><td/><td>Tidspunkt</td></tr><tr><td>2</td><td style="white-space:nowrap">  string<a name="item-type-string"> </a></td><td>String</td><td>Question with a short (few words to short sentence) free-text entry answer (valueString)</td><td/><td>Tekststreng</td></tr><tr><td>2</td><td style="white-space:nowrap">  text<a name="item-type-text"> </a></td><td>Text</td><td>Question with a long (potentially multi-paragraph) free-text entry answer (valueString)</td><td/><td>Fritekst</td></tr><tr><td>2</td><td style="white-space:nowrap">  url<a name="item-type-url"> </a></td><td>Url</td><td>Question with a URL (website, FTP site, etc.) answer (valueUri)</td><td/><td>URL</td></tr><tr><td>2</td><td style="white-space:nowrap">  choice<a name="item-type-choice"> </a></td><td>Choice</td><td>Question with a Coding drawn from a list of options (specified in either the option property, or via the valueset referenced in the options property) as an answer (valueCoding)</td><td/><td>Valg</td></tr><tr><td>2</td><td style="white-space:nowrap">  open-choice<a name="item-type-open-choice"> </a></td><td>Open Choice</td><td>Answer is a Coding drawn from a list of options (as with the choice type) or a free-text entry in a string (valueCoding or valueString)</td><td/><td>Åbent valg</td></tr><tr><td>2</td><td style="white-space:nowrap">  attachment<a name="item-type-attachment"> </a></td><td>Attachment</td><td>Question with binary content such as a image, PDF, etc. as an answer (valueAttachment)</td><td/><td>Vedhæftet fil</td></tr><tr><td>2</td><td style="white-space:nowrap">  reference<a name="item-type-reference"> </a></td><td>Reference</td><td>Question with a reference to another resource (practitioner, organization, etc.) as an answer (valueReference)</td><td/><td>Reference</td></tr><tr><td>2</td><td style="white-space:nowrap">  quantity<a name="item-type-quantity"> </a></td><td>Quantity</td><td>Question with a combination of a numeric value and unit, potentially with a comparator (&lt;, &gt;, etc.) as an answer. (valueQuantity) There is an extension 'http://hl7.org/fhir/StructureDefinition/questionnaire-unit' that can be used to define what unit whould be captured (or the a unit that has a ucum conversion from the provided unit)</td><td/><td>Antal</td></tr></table></div></text><extension url="http://hl7.org/fhir/StructureDefinition/structuredefinition-ballot-status"><valueString value="Informative"/></extension><extension url="http://hl7.org/fhir/StructureDefinition/structuredefinition-fmm"><valueInteger value="3"/></extension><extension url="http://hl7.org/fhir/StructureDefinition/structuredefinition-wg"><valueCode value="fhir"/></extension><url value="http://hl7.org/fhir/item-type"/><version value="3.2.0"/><name value="Questionnaire Item Type"/><title value="Questionnaire Item Type"/><status value="active"/><experimental value="false"/><date value="2019-10-24T11:53:00+11:00"/><publisher value="Den telemedicinske infrastruktur (eHealth Infrastructure)"/><contact><name value="Den telemedicinske infrastruktur (eHealth Infrastructure)"/><telecom><system value="url"/><value value="http://ehealth.sundhed.dk"/></telecom></contact><description value="Distinguishes groups from questions and display text and indicates data type for questions"/><content value="supplement"/><supplements value="http://hl7.org/fhir/ValueSet/item-type"/><property><code value="notSelectable"/><uri value="http://hl7.org/fhir/concept-properties#notSelectable"/><description value="Indicates that the code is abstract - only intended to be used as a selector for other concepts"/><type value="boolean"/></property><concept><code value="group"/><display value="Group"/><definition value="An item with no direct answer but should have at least one child item."/><designation><language value="da"/><use><system value="http://snomed.info/sct"/><code value="900000000000013009"/></use><value value="Gruppe"/></designation></concept><concept><code value="display"/><display value="Display"/><definition value="Text for display that will not capture an answer or have child items."/><designation><language value="da"/><use><system value="http://snomed.info/sct"/><code value="900000000000013009"/></use><value value="Visning"/></designation></concept><concept><code value="question"/><display value="Question"/><definition value="An item that defines a specific answer to be captured, and may have child items. (the answer provided in the QuestionnaireResponse should be of the defined datatype)"/><designation><language value="da"/><use><system value="http://snomed.info/sct"/><code value="900000000000013009"/></use><value value="Spørgsmål"/></designation><property><code value="notSelectable"/><valueBoolean value="true"/></property><concept><code value="boolean"/><display value="Boolean"/><definition value="Question with a yes/no answer (valueBoolean)"/><designation><language value="da"/><use><system value="http://snomed.info/sct"/><code value="900000000000013009"/></use><value value="Boolsk"/></designation></concept><concept><code value="decimal"/><display value="Decimal"/><definition value="Question with is a real number answer (valueDecimal)"/><designation><language value="da"/><use><system value="http://snomed.info/sct"/><code value="900000000000013009"/></use><value value="Decimal"/></designation></concept><concept><code value="integer"/><display value="Integer"/><definition value="Question with an integer answer (valueInteger)"/><designation><language value="da"/><use><system value="http://snomed.info/sct"/><code value="900000000000013009"/></use><value value="Heltal"/></designation></concept><concept><code value="date"/><display value="Date"/><definition value="Question with a date answer (valueDate)"/><designation><language value="da"/><use><system value="http://snomed.info/sct"/><code value="900000000000013009"/></use><value value="Dato"/></designation></concept><concept><code value="dateTime"/><display value="Date Time"/><definition value="Question with a date and time answer (valueDateTime)"/><designation><language value="da"/><use><system value="http://snomed.info/sct"/><code value="900000000000013009"/></use><value value="Dato &amp; tidspunkt"/></designation></concept><concept><code value="time"/><display value="Time"/><definition value="Question with a time (hour:minute:second) answer independent of date. (valueTime)"/><designation><language value="da"/><use><system value="http://snomed.info/sct"/><code value="900000000000013009"/></use><value value="Tidspunkt"/></designation></concept><concept><code value="string"/><display value="String"/><definition value="Question with a short (few words to short sentence) free-text entry answer (valueString)"/><designation><language value="da"/><use><system value="http://snomed.info/sct"/><code value="900000000000013009"/></use><value value="Tekststreng"/></designation></concept><concept><code value="text"/><display value="Text"/><definition value="Question with a long (potentially multi-paragraph) free-text entry answer (valueString)"/><designation><language value="da"/><use><system value="http://snomed.info/sct"/><code value="900000000000013009"/></use><value value="Fritekst"/></designation></concept><concept><code value="url"/><display value="Url"/><definition value="Question with a URL (website, FTP site, etc.) answer (valueUri)"/><designation><language value="da"/><use><system value="http://snomed.info/sct"/><code value="900000000000013009"/></use><value value="URL"/></designation></concept><concept><code value="choice"/><display value="Choice"/><definition value="Question with a Coding drawn from a list of options (specified in either the option property, or via the valueset referenced in the options property) as an answer (valueCoding)"/><designation><language value="da"/><use><system value="http://snomed.info/sct"/><code value="900000000000013009"/></use><value value="Valg"/></designation></concept><concept><code value="open-choice"/><display value="Open Choice"/><definition value="Answer is a Coding drawn from a list of options (as with the choice type) or a free-text entry in a string (valueCoding or valueString)"/><designation><language value="da"/><use><system value="http://snomed.info/sct"/><code value="900000000000013009"/></use><value value="Åbent valg"/></designation></concept><concept><code value="attachment"/><display value="Attachment"/><definition value="Question with binary content such as a image, PDF, etc. as an answer (valueAttachment)"/><designation><language value="da"/><use><system value="http://snomed.info/sct"/><code value="900000000000013009"/></use><value value="Vedhæftet fil"/></designation></concept><concept><code value="reference"/><display value="Reference"/><definition value="Question with a reference to another resource (practitioner, organization, etc.) as an answer (valueReference)"/><designation><language value="da"/><use><system value="http://snomed.info/sct"/><code value="900000000000013009"/></use><value value="Reference"/></designation></concept><concept><code value="quantity"/><display value="Quantity"/><definition value="Question with a combination of a numeric value and unit, potentially with a comparator (&lt;, &gt;, etc.) as an answer. (valueQuantity) There is an extension 'http://hl7.org/fhir/StructureDefinition/questionnaire-unit' that can be used to define what unit whould be captured (or the a unit that has a ucum conversion from the provided unit)"/><designation><language value="da"/><use><system value="http://snomed.info/sct"/><code value="900000000000013009"/></use><value value="Antal"/></designation></concept></concept></CodeSystem>