<?xml version="1.0" encoding="UTF-8"?><ConceptMap xmlns="http://hl7.org/fhir"><id value="activitydefinition-code-to-observation-code"/><text><status value="generated"/><div xmlns="http://www.w3.org/1999/xhtml"><p class="res-header-id"><b>Generated Narrative: ConceptMap activitydefinition-code-to-observation-code</b></p><a name="activitydefinition-code-to-observation-code"> </a><a name="hcactivitydefinition-code-to-observation-code"> </a><a name="activitydefinition-code-to-observation-code-en-US"> </a><p>Mapping from <a href="ValueSet-ehealth-activitydefinition-code.html">Activity Definition Code</a> to <a href="ValueSet-ehealth-observation-codes.html">Observation Codes</a></p><br/><p><b>Group 1 </b>Mapping from <a href="CodeSystem-urn-oid-1.2.208.176.2.4.html">Sundhedsvæsenets klassifikationssystem (SKS)</a> to <a href="CodeSystem-urn-oid-1.2.208.184.100.8.html">DAK-E Codes</a></p><table class="grid"><tr><td colspan="2"><b>Source Concept Details</b></td><td><b>Relationship</b></td><td colspan="2"><b>Target Concept Details</b></td><td><b>Comment</b></td><td colspan="2"><b>Properties</b></td></tr><tr><td colspan="2"><b>Codes</b> from <a href="CodeSystem-urn-oid-1.2.208.176.2.4.html" title="urn:oid:1.2.208.176.2.4">Sundhedsvæsenets klassifikationssystem (SKS)</a></td><td/><td colspan="2"><b>Codes</b> from <a href="CodeSystem-urn-oid-1.2.208.184.100.8.html" title="urn:oid:1.2.208.184.100.8">DAK-E Codes</a></td><td/></tr><tr><td style="border-right-width: 0px; border-bottom-style: none">ZZ3170</td><td style="border-left-width: 0px; border-bottom-style: none">Hjemmeblodtryksmåling udført af patienten</td><td><a href="http://hl7.org/fhir/extensions/5.1.0/CodeSystem-concept-map-equivalence.html#specializes" title="specializes">has specialization</a></td><td style="border-right-width: 0px">MCS88019</td><td style="border-left-width: 0px">Blodtryk hjemme systolisk;Arm</td><td>Should really be specializes but igpublisher turns into narrower (which requires a comment)</td></tr><tr><td style="border-right-width: 0px; border-top-style: none"/><td style="border-top-style: none; border-left-width: 0px"/><td><a href="http://hl7.org/fhir/extensions/5.1.0/CodeSystem-concept-map-equivalence.html#specializes" title="specializes">has specialization</a></td><td style="border-right-width: 0px">MCS88020</td><td style="border-left-width: 0px">Blodtryk hjemme diastolisk;Arm</td><td>Should really be specializes but igpublisher turns into narrower (which requires a comment)</td></tr></table></div></text><url value="http://ehealth.sundhed.dk/ConceptMap/activitydefinition-code-to-observation-code"/><version value="3.2.0"/><name value="activitydefinition-code-to-observation-code"/><title value="ActivityDefinition code to Observation code"/><status value="active"/><experimental value="false"/><date value="2020-03-13"/><publisher value="Den telemedicinske infrastruktur (eHealth Infrastructure)"/><contact><name value="Den telemedicinske infrastruktur (eHealth Infrastructure)"/><telecom><system value="url"/><value value="http://ehealth.sundhed.dk"/></telecom></contact><sourceUri value="http://ehealth.sundhed.dk/vs/activitydefinition-code"/><targetUri value="http://ehealth.sundhed.dk/vs/observation-codes"/><group><source value="urn:oid:1.2.208.176.2.4"/><target value="urn:oid:1.2.208.184.100.8"/><element><code value="ZZ3170"/><display value="Hjemmeblodtryksmåling udført af patienten"/><target><code value="MCS88019"/><display value="Blodtryk hjemme systolisk;Arm"/><equivalence value="specializes"/><comment value="Should really be specializes but igpublisher turns into narrower (which requires a comment)"/></target><target><code value="MCS88020"/><display value="Blodtryk hjemme diastolisk;Arm"/><equivalence value="specializes"/><comment value="Should really be specializes but igpublisher turns into narrower (which requires a comment)"/></target></element></group></ConceptMap>