<?xml version="1.0" encoding="UTF-8"?><OperationDefinition xmlns="http://hl7.org/fhir"><id value="-s-schedule-patient-usage-stats"/><text><status value="generated"/><div xmlns="http://www.w3.org/1999/xhtml"><p class="res-header-id"><b>Generated Narrative: OperationDefinition -s-schedule-patient-usage-stats</b></p><a name="-s-schedule-patient-usage-stats"> </a><a name="hc-s-schedule-patient-usage-stats"> </a><a name="-s-schedule-patient-usage-stats-en-US"> </a><p>URL: [base]/$schedule-patient-usage-stats</p><h3>Parameters</h3><table class="grid"><tr><td><b>Use</b></td><td><b>Name</b></td><td><b>Scope</b></td><td><b>Cardinality</b></td><td><b>Type</b></td><td><b>Binding</b></td><td><b>Documentation</b></td></tr><tr><td>IN</td><td>anonymization</td><td/><td>1..1</td><td><a href="http://hl7.org/fhir/R4/datatypes.html#string">string</a></td><td/><td/></tr><tr><td>OUT</td><td>return</td><td/><td>0..1</td><td><a href="http://hl7.org/fhir/R4/binary.html">Binary</a></td><td/><td/></tr></table></div></text><url value="https://reporting.devtest.systematic-ehealth.com/fhir/OperationDefinition/-s-schedule-patient-usage-stats"/><version value="3.2.0"/><name value="schedule-patient-usage-stats"/><title value="Schedule patient usage statistics"/><status value="active"/><kind value="operation"/><date value="2024-09-02T13:58:07+00:00"/><publisher value="Den telemedicinske infrastruktur (eHealth Infrastructure)"/><contact><name value="Den telemedicinske infrastruktur (eHealth Infrastructure)"/><telecom><system value="url"/><value value="http://ehealth.sundhed.dk"/></telecom></contact><description value="### Report Contents&#xA;This report contains an overview of the number of unique active citizens with Episodes of Care, shown both on monthly and yearly basis.&#xA;### Grouping &#xA;This report is grouped by months and years. All groups are contained in the same JSON file.&#xA;### Parameters&#xA;- None&#xA;### Output&#xA;Output can be found in Binary.content. This is a Base64 encoded .zip file containing a JSon file corresponding to the report groups.&#xA;### Example output&#xA;All returned objects are Fhir resources. See the implementation guide for details&#xA;First example is the monthly data:&#xA;&#xA;{&#xA;&#x9;'PatientsUsageSummary': {&#xA;&#x9;&#x9;'monthData': [&#xA;&#x9;&#x9;&#x9;{&#xA;&#x9;&#x9;&#x9;&#x9;'month': '1',&#xA;&#x9;&#x9;&#x9;&#x9;'year': '1970',&#xA;&#x9;&#x9;&#x9;&#x9;'entries': [&#xA;&#x9;&#x9;&#x9;&#x9;&#x9;{&#xA;&#x9;&#x9;&#x9;&#x9;&#x9;&#x9;'name': 'uniquePatientsWithEpisodeOfCareBeingActiveSevenOrMoreDays',&#xA;&#x9;&#x9;&#x9;&#x9;&#x9;&#x9;'count': 1,&#xA;&#x9;&#x9;&#x9;&#x9;&#x9;&#x9;'percentChangeFromLastMonth': 0.0&#xA;&#x9;&#x9;&#x9;&#x9;&#x9;},&#xA;&#x9;&#x9;&#x9;&#x9;&#x9;{&#xA;&#x9;&#x9;&#x9;&#x9;&#x9;&#x9;'name': 'uniquePatientsWithEpisodeOfCare',&#xA;&#x9;&#x9;&#x9;&#x9;&#x9;&#x9;'count': 1,&#xA;&#x9;&#x9;&#x9;&#x9;&#x9;&#x9;'percentChangeFromLastMonth': 0.0&#xA;&#x9;&#x9;&#x9;&#x9;&#x9;}&#xA;&#x9;&#x9;&#x9;&#x9;]&#xA;&#x9;&#x9;&#x9;},&#xA;&#x9;&#x9;&#x9;{&#xA;&#x9;&#x9;&#x9;&#x9;'month': '2',&#xA;&#x9;&#x9;&#x9;&#x9;'year': '1970',&#xA;&#x9;&#x9;&#x9;&#x9;'entries': [&#xA;&#x9;&#x9;&#x9;&#x9;&#x9;{&#xA;&#x9;&#x9;&#x9;&#x9;&#x9;&#x9;'name': 'uniquePatientsWithEpisodeOfCareBeingActiveSevenOrMoreDays',&#xA;&#x9;&#x9;&#x9;&#x9;&#x9;&#x9;'count': 1,&#xA;&#x9;&#x9;&#x9;&#x9;&#x9;&#x9;'percentChangeFromLastMonth': 0.0&#xA;&#x9;&#x9;&#x9;&#x9;&#x9;},&#xA;&#x9;&#x9;&#x9;&#x9;&#x9;{&#xA;&#x9;&#x9;&#x9;&#x9;&#x9;&#x9;'name': 'uniquePatientsWithEpisodeOfCare',&#xA;&#x9;&#x9;&#x9;&#x9;&#x9;&#x9;'count': 1,&#xA;&#x9;&#x9;&#x9;&#x9;&#x9;&#x9;'percentChangeFromLastMonth': 0.0&#xA;&#x9;&#x9;&#x9;&#x9;&#x9;}&#xA;&#x9;&#x9;&#x9;&#x9;]&#xA;&#x9;&#x9;&#x9;},&#xA;&#x9;&#x9;&#x9;{&#xA;&#x9;&#x9;&#x9;&#x9;'month': '3',&#xA;&#x9;&#x9;&#x9;&#x9;'year': '1970',&#xA;&#x9;&#x9;&#x9;&#x9;'entries': [&#xA;&#x9;&#x9;&#x9;&#x9;&#x9;{&#xA;&#x9;&#x9;&#x9;&#x9;&#x9;&#x9;'name': 'uniquePatientsWithEpisodeOfCareBeingActiveSevenOrMoreDays',&#xA;&#x9;&#x9;&#x9;&#x9;&#x9;&#x9;'count': 1,&#xA;&#x9;&#x9;&#x9;&#x9;&#x9;&#x9;'percentChangeFromLastMonth': 0.0&#xA;&#x9;&#x9;&#x9;&#x9;&#x9;},&#xA;&#x9;&#x9;&#x9;&#x9;&#x9;{&#xA;&#x9;&#x9;&#x9;&#x9;&#x9;&#x9;'name': 'uniquePatientsWithEpisodeOfCare',&#xA;&#x9;&#x9;&#x9;&#x9;&#x9;&#x9;'count': 1,&#xA;&#x9;&#x9;&#x9;&#x9;&#x9;&#x9;'percentChangeFromLastMonth': 0.0&#xA;&#x9;&#x9;&#x9;&#x9;&#x9;}&#xA;&#x9;&#x9;&#x9;&#x9;]&#xA;&#x9;&#x9;&#x9;},&#xA;&#x9;&#x9;&#x9;{&#xA;&#x9;&#x9;&#x9;&#x9;'month': '4',&#xA;&#x9;&#x9;&#x9;&#x9;'year': '1970',&#xA;&#x9;&#x9;&#x9;&#x9;'entries': [&#xA;&#x9;&#x9;&#x9;&#x9;&#x9;{&#xA;&#x9;&#x9;&#x9;&#x9;&#x9;&#x9;'name': 'uniquePatientsWithEpisodeOfCareBeingActiveSevenOrMoreDays',&#xA;&#x9;&#x9;&#x9;&#x9;&#x9;&#x9;'count': 1,&#xA;&#x9;&#x9;&#x9;&#x9;&#x9;&#x9;'percentChangeFromLastMonth': 0.0&#xA;&#x9;&#x9;&#x9;&#x9;&#x9;},&#xA;&#x9;&#x9;&#x9;&#x9;&#x9;{&#xA;&#x9;&#x9;&#x9;&#x9;&#x9;&#x9;'name': 'uniquePatientsWithEpisodeOfCare',&#xA;&#x9;&#x9;&#x9;&#x9;&#x9;&#x9;'count': 1,&#xA;&#x9;&#x9;&#x9;&#x9;&#x9;&#x9;'percentChangeFromLastMonth': 0.0&#xA;&#x9;&#x9;&#x9;&#x9;&#x9;}&#xA;&#x9;&#x9;&#x9;&#x9;]&#xA;&#x9;&#x9;&#x9;},&#xA;&#x9;&#x9;&#x9;{&#xA;&#x9;&#x9;&#x9;&#x9;'month': '5',&#xA;&#x9;&#x9;&#x9;&#x9;'year': '1970',&#xA;&#x9;&#x9;&#x9;&#x9;'entries': [&#xA;&#x9;&#x9;&#x9;&#x9;&#x9;{&#xA;&#x9;&#x9;&#x9;&#x9;&#x9;&#x9;'name': 'uniquePatientsWithEpisodeOfCareBeingActiveSevenOrMoreDays',&#xA;&#x9;&#x9;&#x9;&#x9;&#x9;&#x9;'count': 1,&#xA;&#x9;&#x9;&#x9;&#x9;&#x9;&#x9;'percentChangeFromLastMonth': 0.0&#xA;&#x9;&#x9;&#x9;&#x9;&#x9;},&#xA;&#x9;&#x9;&#x9;&#x9;&#x9;{&#xA;&#x9;&#x9;&#x9;&#x9;&#x9;&#x9;'name': 'uniquePatientsWithEpisodeOfCare',&#xA;&#x9;&#x9;&#x9;&#x9;&#x9;&#x9;'count': 1,&#xA;&#x9;&#x9;&#x9;&#x9;&#x9;&#x9;'percentChangeFromLastMonth': 0.0&#xA;&#x9;&#x9;&#x9;&#x9;&#x9;}&#xA;&#x9;&#x9;&#x9;&#x9;]&#xA;&#x9;&#x9;&#x9;},&#xA;&#x9;&#x9;&#x9;{&#xA;&#x9;&#x9;&#x9;&#x9;'month': '6',&#xA;&#x9;&#x9;&#x9;&#x9;'year': '1970',&#xA;&#x9;&#x9;&#x9;&#x9;'entries': [&#xA;&#x9;&#x9;&#x9;&#x9;&#x9;{&#xA;&#x9;&#x9;&#x9;&#x9;&#x9;&#x9;'name': 'uniquePatientsWithEpisodeOfCareBeingActiveSevenOrMoreDays',&#xA;&#x9;&#x9;&#x9;&#x9;&#x9;&#x9;'count': 1,&#xA;&#x9;&#x9;&#x9;&#x9;&#x9;&#x9;'percentChangeFromLastMonth': 0.0&#xA;&#x9;&#x9;&#x9;&#x9;&#x9;},&#xA;&#x9;&#x9;&#x9;&#x9;&#x9;{&#xA;&#x9;&#x9;&#x9;&#x9;&#x9;&#x9;'name': 'uniquePatientsWithEpisodeOfCare',&#xA;&#x9;&#x9;&#x9;&#x9;&#x9;&#x9;'count': 1,&#xA;&#x9;&#x9;&#x9;&#x9;&#x9;&#x9;'percentChangeFromLastMonth': 0.0&#xA;&#x9;&#x9;&#x9;&#x9;&#x9;}&#xA;&#x9;&#x9;&#x9;&#x9;]&#xA;&#x9;&#x9;&#x9;},&#xA;&#x9;&#x9;&#x9;{&#xA;&#x9;&#x9;&#x9;&#x9;'month': '7',&#xA;&#x9;&#x9;&#x9;&#x9;'year': '1970',&#xA;&#x9;&#x9;&#x9;&#x9;'entries': [&#xA;&#x9;&#x9;&#x9;&#x9;&#x9;{&#xA;&#x9;&#x9;&#x9;&#x9;&#x9;&#x9;'name': 'uniquePatientsWithEpisodeOfCareBeingActiveSevenOrMoreDays',&#xA;&#x9;&#x9;&#x9;&#x9;&#x9;&#x9;'count': 1,&#xA;&#x9;&#x9;&#x9;&#x9;&#x9;&#x9;'percentChangeFromLastMonth': 0.0&#xA;&#x9;&#x9;&#x9;&#x9;&#x9;},&#xA;&#x9;&#x9;&#x9;&#x9;&#x9;{&#xA;&#x9;&#x9;&#x9;&#x9;&#x9;&#x9;'name': 'uniquePatientsWithEpisodeOfCare',&#xA;&#x9;&#x9;&#x9;&#x9;&#x9;&#x9;'count': 1,&#xA;&#x9;&#x9;&#x9;&#x9;&#x9;&#x9;'percentChangeFromLastMonth': 0.0&#xA;&#x9;&#x9;&#x9;&#x9;&#x9;}&#xA;&#x9;&#x9;&#x9;&#x9;]&#xA;&#x9;&#x9;&#x9;},&#xA;&#x9;&#x9;&#x9;{&#xA;&#x9;&#x9;&#x9;&#x9;'month': '8',&#xA;&#x9;&#x9;&#x9;&#x9;'year': '1970',&#xA;&#x9;&#x9;&#x9;&#x9;'entries': [&#xA;&#x9;&#x9;&#x9;&#x9;&#x9;{&#xA;&#x9;&#x9;&#x9;&#x9;&#x9;&#x9;'name': 'uniquePatientsWithEpisodeOfCareBeingActiveSevenOrMoreDays',&#xA;&#x9;&#x9;&#x9;&#x9;&#x9;&#x9;'count': 1,&#xA;&#x9;&#x9;&#x9;&#x9;&#x9;&#x9;'percentChangeFromLastMonth': 0.0&#xA;&#x9;&#x9;&#x9;&#x9;&#x9;},&#xA;&#x9;&#x9;&#x9;&#x9;&#x9;{&#xA;&#x9;&#x9;&#x9;&#x9;&#x9;&#x9;'name': 'uniquePatientsWithEpisodeOfCare',&#xA;&#x9;&#x9;&#x9;&#x9;&#x9;&#x9;'count': 1,&#xA;&#x9;&#x9;&#x9;&#x9;&#x9;&#x9;'percentChangeFromLastMonth': 0.0&#xA;&#x9;&#x9;&#x9;&#x9;&#x9;}&#xA;&#x9;&#x9;&#x9;&#x9;]&#xA;&#x9;&#x9;&#x9;},&#xA;&#x9;&#x9;&#x9;{&#xA;&#x9;&#x9;&#x9;&#x9;'month': '9',&#xA;&#x9;&#x9;&#x9;&#x9;'year': '1970',&#xA;&#x9;&#x9;&#x9;&#x9;'entries': [&#xA;&#x9;&#x9;&#x9;&#x9;&#x9;{&#xA;&#x9;&#x9;&#x9;&#x9;&#x9;&#x9;'name': 'uniquePatientsWithEpisodeOfCareBeingActiveSevenOrMoreDays',&#xA;&#x9;&#x9;&#x9;&#x9;&#x9;&#x9;'count': 1,&#xA;&#x9;&#x9;&#x9;&#x9;&#x9;&#x9;'percentChangeFromLastMonth': 0.0&#xA;&#x9;&#x9;&#x9;&#x9;&#x9;},&#xA;&#x9;&#x9;&#x9;&#x9;&#x9;{&#xA;&#x9;&#x9;&#x9;&#x9;&#x9;&#x9;'name': 'uniquePatientsWithEpisodeOfCare',&#xA;&#x9;&#x9;&#x9;&#x9;&#x9;&#x9;'count': 1,&#xA;&#x9;&#x9;&#x9;&#x9;&#x9;&#x9;'percentChangeFromLastMonth': 0.0&#xA;&#x9;&#x9;&#x9;&#x9;&#x9;}&#xA;&#x9;&#x9;&#x9;&#x9;]&#xA;&#x9;&#x9;&#x9;},&#xA;&#x9;&#x9;&#x9;{&#xA;&#x9;&#x9;&#x9;&#x9;'month': '10',&#xA;&#x9;&#x9;&#x9;&#x9;'year': '1970',&#xA;&#x9;&#x9;&#x9;&#x9;'entries': [&#xA;&#x9;&#x9;&#x9;&#x9;&#x9;{&#xA;&#x9;&#x9;&#x9;&#x9;&#x9;&#x9;'name': 'uniquePatientsWithEpisodeOfCareBeingActiveSevenOrMoreDays',&#xA;&#x9;&#x9;&#x9;&#x9;&#x9;&#x9;'count': 1,&#xA;&#x9;&#x9;&#x9;&#x9;&#x9;&#x9;'percentChangeFromLastMonth': 0.0&#xA;&#x9;&#x9;&#x9;&#x9;&#x9;},&#xA;&#x9;&#x9;&#x9;&#x9;&#x9;{&#xA;&#x9;&#x9;&#x9;&#x9;&#x9;&#x9;'name': 'uniquePatientsWithEpisodeOfCare',&#xA;&#x9;&#x9;&#x9;&#x9;&#x9;&#x9;'count': 1,&#xA;&#x9;&#x9;&#x9;&#x9;&#x9;&#x9;'percentChangeFromLastMonth': 0.0&#xA;&#x9;&#x9;&#x9;&#x9;&#x9;}&#xA;&#x9;&#x9;&#x9;&#x9;]&#xA;&#x9;&#x9;&#x9;},&#xA;&#x9;&#x9;&#x9;{&#xA;&#x9;&#x9;&#x9;&#x9;'month': '11',&#xA;&#x9;&#x9;&#x9;&#x9;'year': '1970',&#xA;&#x9;&#x9;&#x9;&#x9;'entries': [&#xA;&#x9;&#x9;&#x9;&#x9;&#x9;{&#xA;&#x9;&#x9;&#x9;&#x9;&#x9;&#x9;'name': 'uniquePatientsWithEpisodeOfCareBeingActiveSevenOrMoreDays',&#xA;&#x9;&#x9;&#x9;&#x9;&#x9;&#x9;'count': 1,&#xA;&#x9;&#x9;&#x9;&#x9;&#x9;&#x9;'percentChangeFromLastMonth': 0.0&#xA;&#x9;&#x9;&#x9;&#x9;&#x9;},&#xA;&#x9;&#x9;&#x9;&#x9;&#x9;{&#xA;&#x9;&#x9;&#x9;&#x9;&#x9;&#x9;'name': 'uniquePatientsWithEpisodeOfCare',&#xA;&#x9;&#x9;&#x9;&#x9;&#x9;&#x9;'count': 1,&#xA;&#x9;&#x9;&#x9;&#x9;&#x9;&#x9;'percentChangeFromLastMonth': 0.0&#xA;&#x9;&#x9;&#x9;&#x9;&#x9;}&#xA;&#x9;&#x9;&#x9;&#x9;]&#xA;&#x9;&#x9;&#x9;},&#xA;&#x9;&#x9;&#x9;{&#xA;&#x9;&#x9;&#x9;&#x9;'month': '12',&#xA;&#x9;&#x9;&#x9;&#x9;'year': '1970',&#xA;&#x9;&#x9;&#x9;&#x9;'entries': [&#xA;&#x9;&#x9;&#x9;&#x9;&#x9;{&#xA;&#x9;&#x9;&#x9;&#x9;&#x9;&#x9;'name': 'uniquePatientsWithEpisodeOfCareBeingActiveSevenOrMoreDays',&#xA;&#x9;&#x9;&#x9;&#x9;&#x9;&#x9;'count': 1,&#xA;&#x9;&#x9;&#x9;&#x9;&#x9;&#x9;'percentChangeFromLastMonth': 0.0&#xA;&#x9;&#x9;&#x9;&#x9;&#x9;},&#xA;&#x9;&#x9;&#x9;&#x9;&#x9;{&#xA;&#x9;&#x9;&#x9;&#x9;&#x9;&#x9;'name': 'uniquePatientsWithEpisodeOfCare',&#xA;&#x9;&#x9;&#x9;&#x9;&#x9;&#x9;'count': 1,&#xA;&#x9;&#x9;&#x9;&#x9;&#x9;&#x9;'percentChangeFromLastMonth': 0.0&#xA;&#x9;&#x9;&#x9;&#x9;&#x9;}&#xA;&#x9;&#x9;&#x9;&#x9;]&#xA;&#x9;&#x9;&#x9;}&#xA;      ]&#xA;   }&#xA;}&#xA;&#xA;Second example is the yearly data:&#xA;&#xA;{&#xA;&#x9;'PatientsUsageSummary': {&#xA;&#x9;&#x9;'yearData': [&#xA;&#x9;&#x9;&#x9;{&#xA;&#x9;&#x9;&#x9;&#x9;'year': '1970',&#xA;&#x9;&#x9;&#x9;&#x9;'entries': [&#xA;&#x9;&#x9;&#x9;&#x9;&#x9;{&#xA;&#x9;&#x9;&#x9;&#x9;&#x9;&#x9;'name': 'uniquePatientsWithEpisodeOfCareBeingActiveSevenOrMoreDays',&#xA;&#x9;&#x9;&#x9;&#x9;&#x9;&#x9;'count': 12,&#xA;&#x9;&#x9;&#x9;&#x9;&#x9;&#x9;'average': 1.0,&#xA;&#x9;&#x9;&#x9;&#x9;&#x9;&#x9;'usageBaseline': 10000,&#xA;&#x9;&#x9;&#x9;&#x9;&#x9;&#x9;'averageRounded': 1000.0,&#xA;&#x9;&#x9;&#x9;&#x9;&#x9;&#x9;'averageBeyondBaseline': 0&#xA;&#x9;&#x9;&#x9;&#x9;&#x9;},&#xA;&#x9;&#x9;&#x9;&#x9;&#x9;{&#xA;&#x9;&#x9;&#x9;&#x9;&#x9;&#x9;'name': 'uniquePatientsWithEpisodeOfCare',&#xA;&#x9;&#x9;&#x9;&#x9;&#x9;&#x9;'count': 12,&#xA;&#x9;&#x9;&#x9;&#x9;&#x9;&#x9;'average': 1.0,&#xA;&#x9;&#x9;&#x9;&#x9;&#x9;&#x9;'usageBaseline': 10000,&#xA;&#x9;&#x9;&#x9;&#x9;&#x9;&#x9;'averageRounded': 1000.0,&#xA;&#x9;&#x9;&#x9;&#x9;&#x9;&#x9;'averageBeyondBaseline': 0&#xA;&#x9;&#x9;&#x9;&#x9;&#x9;}&#xA;&#x9;&#x9;&#x9;&#x9;]&#xA;&#x9;&#x9;&#x9;}&#xA;      ]&#xA;   }&#xA;}&#xA;"/><affectsState value="true"/><code value="schedule-patient-usage-stats"/><system value="true"/><type value="false"/><instance value="false"/><parameter><name value="anonymization"/><use value="in"/><min value="1"/><max value="1"/><type value="string"/></parameter><parameter><name value="return"/><use value="out"/><min value="0"/><max value="1"/><type value="Binary"/></parameter></OperationDefinition>