<?xml version="1.0" encoding="UTF-8"?><ValueSet xmlns="http://hl7.org/fhir"><id value="ehealth-sor-organization-type"/><text><status value="extensions"/><div xmlns="http://www.w3.org/1999/xhtml"><p class="res-header-id"><b>Generated Narrative: ValueSet ehealth-sor-organization-type</b></p><a name="ehealth-sor-organization-type"> </a><a name="hcehealth-sor-organization-type"> </a><a name="ehealth-sor-organization-type-en-US"> </a><p>This value set includes codes based on the following rules:</p><ul><li>Include all codes defined in <a href="CodeSystem-ehealth-sor-organization-type.html"><code>http://ehealth.sundhed.dk/cs/sor-organization-type</code></a></li><li>Include these codes as defined in <a href="CodeSystem-snomed-20150731.html"><code>http://snomed.info/sct/554471000005108/version/20150731</code></a><table class="none"><tr><td style="white-space:nowrap"><b>Code</b></td><td><b>Display</b></td><td><b>Definition</b></td><td><b>English (United States) (English (United States), en)</b></td></tr><tr><td><a href="CodeSystem-snomed-20150731.html#snomed-20150731-554221000005108">554221000005108</a></td><td>Dwilling place</td><td>dwilling place</td><td>Dwilling place</td></tr><tr><td><a href="CodeSystem-snomed-20150731.html#snomed-20150731-546821000005103">546821000005103</a></td><td>Occupational therapy clinic</td><td>occupational therapy clinic</td><td>Occupational therapy clinic</td></tr><tr><td><a href="CodeSystem-snomed-20150731.html#snomed-20150731-547011000005103">547011000005103</a></td><td>Physiotherapy clinic</td><td>fysiotherapy clinic</td><td>Physiotherapy clinic</td></tr><tr><td><a href="CodeSystem-snomed-20150731.html#snomed-20150731-546811000005109">546811000005109</a></td><td>Rehabilitation center</td><td>rehabilitation center</td><td>Rehabilitation center</td></tr><tr><td><a href="CodeSystem-snomed-20150731.html#snomed-20150731-550621000005101">550621000005101</a></td><td>District nursing</td><td>district nursing</td><td>District nursing</td></tr><tr><td><a href="CodeSystem-snomed-20150731.html#snomed-20150731-550631000005103">550631000005103</a></td><td>Midwife clinic</td><td>midwife clinic</td><td>Midwife clinic</td></tr><tr><td><a href="CodeSystem-snomed-20150731.html#snomed-20150731-550641000005106">550641000005106</a></td><td>Chiropractic clinic</td><td>chiropractic clinic</td><td>Chiropractic clinic</td></tr><tr><td><a href="CodeSystem-snomed-20150731.html#snomed-20150731-550651000005108">550651000005108</a></td><td>Medical laboratory</td><td>medical laboratory</td><td>Medical laboratory</td></tr><tr><td><a href="CodeSystem-snomed-20150731.html#snomed-20150731-550661000005105">550661000005105</a></td><td>Emergency medical service</td><td>emergency medical service</td><td>Emergency medical service</td></tr><tr><td><a href="CodeSystem-snomed-20150731.html#snomed-20150731-554211000005102">554211000005102</a></td><td>Prehospital unit</td><td>prehospital unit</td><td>Prehospital unit</td></tr><tr><td><a href="CodeSystem-snomed-20150731.html#snomed-20150731-550711000005101">550711000005101</a></td><td>Psychological counseling clinic</td><td>psychology counselling clinic</td><td>Psychological counseling clinic</td></tr><tr><td><a href="CodeSystem-snomed-20150731.html#snomed-20150731-550671000005100">550671000005100</a></td><td>Medical specialist practice site</td><td>medical specialist practice site</td><td>Medical specialist practice site</td></tr><tr><td><a href="CodeSystem-snomed-20150731.html#snomed-20150731-554061000005105">554061000005105</a></td><td>Chiropodist clinic</td><td>Chiropodist clinic</td><td>Chiropodist clinic</td></tr><tr><td><a href="CodeSystem-snomed-20150731.html#snomed-20150731-554041000005106">554041000005106</a></td><td>Health administration</td><td>health administration</td><td>Health administration</td></tr><tr><td><a href="CodeSystem-snomed-20150731.html#snomed-20150731-554021000005101">554021000005101</a></td><td>Health visitors</td><td>health visitors</td><td>Health visitors</td></tr><tr><td><a href="CodeSystem-snomed-20150731.html#snomed-20150731-550681000005102">550681000005102</a></td><td>dental practice</td><td>dental practice</td><td>Dental practice</td></tr><tr><td><a href="CodeSystem-snomed-20150731.html#snomed-20150731-550691000005104">550691000005104</a></td><td>Dental care clinic</td><td>Dental care clinic</td><td>Dental care clinic</td></tr><tr><td><a href="CodeSystem-snomed-20150731.html#snomed-20150731-550701000005104">550701000005104</a></td><td>Dental technician clinic</td><td>dental technician clinic</td><td>Dental technician clinic</td></tr><tr><td><a href="CodeSystem-snomed-20150731.html#snomed-20150731-554231000005106">554231000005106</a></td><td>Vaccination clinic</td><td>vaccination clinic</td><td>Vaccination clinic</td></tr><tr><td><a href="CodeSystem-snomed-20150731.html#snomed-20150731-554051000005108">554051000005108</a></td><td>Reflexology clinic</td><td>Reflexology clinic</td><td>Reflexology clinic</td></tr><tr><td><a href="CodeSystem-snomed-20150731.html#snomed-20150731-550811000005108">550811000005108</a></td><td>Administrative unit</td><td>admistrative unit</td><td>Administrative unit</td></tr><tr><td><a href="CodeSystem-snomed-20150731.html#snomed-20150731-547211000005108">547211000005108</a></td><td>Municipality</td><td>municipality</td><td>Municipality</td></tr><tr><td><a href="CodeSystem-snomed-20150731.html#snomed-20150731-550891000005100">550891000005100</a></td><td>Private</td><td>private</td><td>Private</td></tr><tr><td><a href="CodeSystem-snomed-20150731.html#snomed-20150731-550881000005103">550881000005103</a></td><td>Region</td><td>region</td><td>Region</td></tr><tr><td><a href="CodeSystem-snomed-20150731.html#snomed-20150731-550411000005105">550411000005105</a></td><td>Other health institution</td><td>Other health institution</td><td>Other health institution</td></tr><tr><td><a href="CodeSystem-snomed-20150731.html#snomed-20150731-554851000005102">554851000005102</a></td><td>Asylum centre</td><td>Asylum centre</td><td>Asylum centre</td></tr><tr><td><a href="CodeSystem-snomed-20150731.html#snomed-20150731-550861000005106">550861000005106</a></td><td>Physiotherapy and occupational clinic</td><td>fysiotherapy and occupational clinic</td><td>Physiotherapy and occupational clinic</td></tr><tr><td><a href="CodeSystem-snomed-20150731.html#snomed-20150731-554881000005108">554881000005108</a></td><td>Handicap and psychiatry</td><td>handicap and psychiatry</td><td>Handicap and psychiatry</td></tr><tr><td><a href="CodeSystem-snomed-20150731.html#snomed-20150731-554861000005100">554861000005100</a></td><td>Handicap</td><td>handicap</td><td>Handicap</td></tr><tr><td><a href="CodeSystem-snomed-20150731.html#snomed-20150731-554821000005109">554821000005109</a></td><td>Home care</td><td>home care</td><td>Home care</td></tr><tr><td><a href="CodeSystem-snomed-20150731.html#snomed-20150731-554411000005101">554411000005101</a></td><td>Employment agency</td><td>employment agency</td><td>Employment agency</td></tr><tr><td><a href="CodeSystem-snomed-20150731.html#snomed-20150731-554871000005105">554871000005105</a></td><td>Psychiatry</td><td>psychiatry</td><td>Psychiatry</td></tr><tr><td><a href="CodeSystem-snomed-20150731.html#snomed-20150731-550821000005102">550821000005102</a></td><td>Service unit</td><td>service unit</td><td>Service unit</td></tr><tr><td><a href="CodeSystem-snomed-20150731.html#snomed-20150731-550871000005101">550871000005101</a></td><td>Emergency admission unit</td><td>emergency admission unit</td><td>Emergency admission unit</td></tr><tr><td><a href="CodeSystem-snomed-20150731.html#snomed-20150731-554241000005103">554241000005103</a></td><td>Technical location number</td><td>technical location number</td><td>Technical location number</td></tr><tr><td><a href="CodeSystem-snomed-20150731.html#snomed-20150731-550841000005107">550841000005107</a></td><td>Research unit</td><td>research unit</td><td>Research unit</td></tr><tr><td><a href="CodeSystem-snomed-20150731.html#snomed-20150731-550851000005109">550851000005109</a></td><td>Clinical unit</td><td>clinical unit</td><td>Clinical unit</td></tr><tr><td><a href="CodeSystem-snomed-20150731.html#snomed-20150731-551611000005102">551611000005102</a></td><td>Surgical ward</td><td>surgical ward</td><td>Surgical ward</td></tr><tr><td><a href="CodeSystem-snomed-20150731.html#snomed-20150731-554071000005100">554071000005100</a></td><td>Hospital pharmacy</td><td>hospital pharmacy</td><td>Hospital pharmacy</td></tr><tr><td><a href="CodeSystem-snomed-20150731.html#snomed-20150731-550831000005104">550831000005104</a></td><td>Education unit</td><td>education unit</td><td>Education unit</td></tr><tr><td><a href="CodeSystem-snomed-20150731.html#snomed-20150731-554031000005103">554031000005103</a></td><td>dietician clinic</td><td>dietician clinic</td><td>Dietician clinic</td></tr></table></li><li>Include these codes as defined in <a href="CodeSystem-snomed-20180331.html"><code>http://snomed.info/sct/554471000005108/version/20180331</code></a><table class="none"><tr><td style="white-space:nowrap"><b>Code</b></td><td><b>Display</b></td><td><b>Definition</b></td><td><b>English (United States) (English (United States), en)</b></td></tr><tr><td><a href="CodeSystem-snomed-20180331.html#snomed-20180331-557511000005107">557511000005107</a></td><td>Acupuncture clinic</td><td>Acupuncture clinic</td><td>Acupuncture clinic</td></tr><tr><td><a href="CodeSystem-snomed-20180331.html#snomed-20180331-557501000005109">557501000005109</a></td><td>Pharmacy branch</td><td>Pharmacy branch</td><td>Pharmacy branch</td></tr><tr><td><a href="CodeSystem-snomed-20180331.html#snomed-20180331-557531000005103">557531000005103</a></td><td>Prosthetist clinic</td><td>Prosthetist clinic</td><td>Prosthetist clinic</td></tr><tr><td><a href="CodeSystem-snomed-20180331.html#snomed-20180331-557591000005104">557591000005104</a></td><td>Web-based care</td><td>Web-based care</td><td>Web-based care</td></tr><tr><td><a href="CodeSystem-snomed-20180331.html#snomed-20180331-557521000005101">557521000005101</a></td><td>Alternative treatment clinic</td><td>Alternative treatment clinic</td><td>Alternative treatment clinic</td></tr><tr><td><a href="CodeSystem-snomed-20180331.html#snomed-20180331-557561000005105">557561000005105</a></td><td>Consulting firm</td><td>Consulting firm</td><td>Consulting firm</td></tr><tr><td><a href="CodeSystem-snomed-20180331.html#snomed-20180331-557541000005106">557541000005106</a></td><td>Cosmetic treatment clinic</td><td>Cosmetic treatment clinic</td><td>Cosmetic treatment clinic</td></tr><tr><td><a href="CodeSystem-snomed-20180331.html#snomed-20180331-557581000005102">557581000005102</a></td><td>Optometrist or optician clinic</td><td>Optometrist or optician clinic</td><td>Optometrist or optician clinic</td></tr><tr><td><a href="CodeSystem-snomed-20180331.html#snomed-20180331-556841000005105">556841000005105</a></td><td>Social psychological counseling</td><td>Social psychological counselling</td><td>Social psychological counseling</td></tr></table></li><li>Include these codes as defined in <a href="CodeSystem-snomed-20180930.html"><code>http://snomed.info/sct/554471000005108/version/20180930</code></a><table class="none"><tr><td style="white-space:nowrap"><b>Code</b></td><td><b>Display</b></td><td><b>Definition</b></td><td><b>English (United States) (English (United States), en)</b></td></tr><tr><td><a href="CodeSystem-snomed-20180930.html#snomed-20180930-557671000005101">557671000005101</a></td><td>Osteopathy clinic</td><td>Osteopathy clinic</td><td>Osteopathy clinic</td></tr></table></li><li>Include these codes as defined in <a href="http://www.snomed.org/"><code>http://snomed.info/sct</code></a><table class="none"><tr><td style="white-space:nowrap"><b>Code</b></td><td><b>Display</b></td><td><b>English (United States) (English (United States), en)</b></td></tr><tr><td><a href="http://snomed.info/id/702916001">702916001</a></td><td>Rehabilitation clinic</td><td>Rehabilitation clinic</td></tr><tr><td><a href="http://snomed.info/id/284546000">284546000</a></td><td>Hospice</td><td>Hospice</td></tr><tr><td><a href="http://snomed.info/id/272511002">272511002</a></td><td>Municipal and civic establishment</td><td>Municipal and civic establishment</td></tr><tr><td><a href="http://snomed.info/id/557891000005101">557891000005101</a></td><td>Municipal health care activity unit</td><td>Municipal health care activity unit</td></tr><tr><td><a href="http://snomed.info/id/557901000005102">557901000005102</a></td><td>Preventive home care</td><td>Preventive home care</td></tr><tr><td><a href="http://snomed.info/id/398070004">398070004</a></td><td>State</td><td>State</td></tr><tr><td><a href="http://snomed.info/id/394761003">394761003</a></td><td>General practitioner practice site</td><td>General practitioner practice site</td></tr><tr><td><a href="http://snomed.info/id/20078004">20078004</a></td><td>Substance abuse treatment center</td><td>Substance abuse treatment center</td></tr><tr><td><a href="http://snomed.info/id/722173008">722173008</a></td><td>Prison based care site</td><td>Prison based care site</td></tr><tr><td><a href="http://snomed.info/id/702871004">702871004</a></td><td>Infertility clinic</td><td>Infertility clinic</td></tr><tr><td><a href="http://snomed.info/id/276037005">276037005</a></td><td>Volunteer helper</td><td>Volunteer helper</td></tr><tr><td><a href="http://snomed.info/id/22232009">22232009</a></td><td>Hospital</td><td>Hospital</td></tr><tr><td><a href="http://snomed.info/id/702824005">702824005</a></td><td>Audiology clinic</td><td>Audiology clinic</td></tr><tr><td><a href="http://snomed.info/id/42665001">42665001</a></td><td>Nursing home</td><td>Nursing home</td></tr><tr><td><a href="http://snomed.info/id/264361005">264361005</a></td><td>Health centre</td><td>Health centre</td></tr><tr><td><a href="http://snomed.info/id/703069008">703069008</a></td><td>Nurse practitioner clinic</td><td>Nurse practitioner clinic</td></tr><tr><td><a href="http://snomed.info/id/309964003">309964003</a></td><td>Radiology department</td><td>Radiology department</td></tr><tr><td><a href="http://snomed.info/id/309904001">309904001</a></td><td>Intensive care unit</td><td>Intensive care unit</td></tr><tr><td><a href="http://snomed.info/id/309939001">309939001</a></td><td>Palliative care department</td><td>Palliative care department</td></tr><tr><td><a href="http://snomed.info/id/225728007">225728007</a></td><td>Accident and Emergency department</td><td>Accident and Emergency department</td></tr><tr><td><a href="http://snomed.info/id/255203001">255203001</a></td><td>Additional values</td><td>Additional values</td></tr><tr><td><a href="http://snomed.info/id/264372000">264372000</a></td><td>Pharmacy</td><td>Pharmacy</td></tr></table></li></ul></div></text><url value="http://ehealth.sundhed.dk/vs/sor-organization-type"/><version value="3.2.0"/><name value="SorOrganizationType"/><title value="SorOrganizationType"/><status value="active"/><experimental value="true"/><date value="2019-05-27T00:00:00+00:00"/><publisher value="Den telemedicinske infrastruktur (eHealth Infrastructure)"/><contact><name value="Den telemedicinske infrastruktur (eHealth Infrastructure)"/><telecom><system value="url"/><value value="http://ehealth.sundhed.dk"/></telecom></contact><description value="Value set used for indicating the organization type for organizations from Sor"/><compose><include><system value="http://ehealth.sundhed.dk/cs/sor-organization-type"/></include><include><system value="http://snomed.info/sct/554471000005108/version/20150731"/><concept><code value="554221000005108"/><display value="Dwilling place"/><designation><language value="en-US"/><value value="Dwilling place"/></designation></concept><concept><code value="546821000005103"/><display value="Occupational therapy clinic"/><designation><language value="en-US"/><value value="Occupational therapy clinic"/></designation></concept><concept><code value="547011000005103"/><display value="Physiotherapy clinic"/><designation><language value="en-US"/><value value="Physiotherapy clinic"/></designation></concept><concept><code value="546811000005109"/><display value="Rehabilitation center"/><designation><language value="en-US"/><value value="Rehabilitation center"/></designation></concept><concept><code value="550621000005101"/><display value="District nursing"/><designation><language value="en-US"/><value value="District nursing"/></designation></concept><concept><code value="550631000005103"/><display value="Midwife clinic"/><designation><language value="en-US"/><value value="Midwife clinic"/></designation></concept><concept><code value="550641000005106"/><display value="Chiropractic clinic"/><designation><language value="en-US"/><value value="Chiropractic clinic"/></designation></concept><concept><code value="550651000005108"/><display value="Medical laboratory"/><designation><language value="en-US"/><value value="Medical laboratory"/></designation></concept><concept><code value="550661000005105"/><display value="Emergency medical service"/><designation><language value="en-US"/><value value="Emergency medical service"/></designation></concept><concept><code value="554211000005102"/><display value="Prehospital unit"/><designation><language value="en-US"/><value value="Prehospital unit"/></designation></concept><concept><code value="550711000005101"/><display value="Psychological counseling clinic"/><designation><language value="en-US"/><value value="Psychological counseling clinic"/></designation></concept><concept><code value="550671000005100"/><display value="Medical specialist practice site"/><designation><language value="en-US"/><value value="Medical specialist practice site"/></designation></concept><concept><code value="554061000005105"/><display value="Chiropodist clinic"/><designation><language value="en-US"/><value value="Chiropodist clinic"/></designation></concept><concept><code value="554041000005106"/><display value="Health administration"/><designation><language value="en-US"/><value value="Health administration"/></designation></concept><concept><code value="554021000005101"/><display value="Health visitors"/><designation><language value="en-US"/><value value="Health visitors"/></designation></concept><concept><code value="550681000005102"/><display value="dental practice"/><designation><language value="en-US"/><value value="Dental practice"/></designation></concept><concept><code value="550691000005104"/><display value="Dental care clinic"/><designation><language value="en-US"/><value value="Dental care clinic"/></designation></concept><concept><code value="550701000005104"/><display value="Dental technician clinic"/><designation><language value="en-US"/><value value="Dental technician clinic"/></designation></concept><concept><code value="554231000005106"/><display value="Vaccination clinic"/><designation><language value="en-US"/><value value="Vaccination clinic"/></designation></concept><concept><code value="554051000005108"/><display value="Reflexology clinic"/><designation><language value="en-US"/><value value="Reflexology clinic"/></designation></concept><concept><code value="550811000005108"/><display value="Administrative unit"/><designation><language value="en-US"/><value value="Administrative unit"/></designation></concept><concept><code value="547211000005108"/><display value="Municipality"/><designation><language value="en-US"/><value value="Municipality"/></designation></concept><concept><code value="550891000005100"/><display value="Private"/><designation><language value="en-US"/><value value="Private"/></designation></concept><concept><code value="550881000005103"/><display value="Region"/><designation><language value="en-US"/><value value="Region"/></designation></concept><concept><code value="550411000005105"/><display value="Other health institution"/><designation><language value="en-US"/><value value="Other health institution"/></designation></concept><concept><code value="554851000005102"/><display value="Asylum centre"/><designation><language value="en-US"/><value value="Asylum centre"/></designation></concept><concept><code value="550861000005106"/><display value="Physiotherapy and occupational clinic"/><designation><language value="en-US"/><value value="Physiotherapy and occupational clinic"/></designation></concept><concept><code value="554881000005108"/><display value="Handicap and psychiatry"/><designation><language value="en-US"/><value value="Handicap and psychiatry"/></designation></concept><concept><code value="554861000005100"/><display value="Handicap"/><designation><language value="en-US"/><value value="Handicap"/></designation></concept><concept><code value="554821000005109"/><display value="Home care"/><designation><language value="en-US"/><value value="Home care"/></designation></concept><concept><code value="554411000005101"/><display value="Employment agency"/><designation><language value="en-US"/><value value="Employment agency"/></designation></concept><concept><code value="554871000005105"/><display value="Psychiatry"/><designation><language value="en-US"/><value value="Psychiatry"/></designation></concept><concept><code value="550821000005102"/><display value="Service unit"/><designation><language value="en-US"/><value value="Service unit"/></designation></concept><concept><code value="550871000005101"/><display value="Emergency admission unit"/><designation><language value="en-US"/><value value="Emergency admission unit"/></designation></concept><concept><code value="554241000005103"/><display value="Technical location number"/><designation><language value="en-US"/><value value="Technical location number"/></designation></concept><concept><code value="550841000005107"/><display value="Research unit"/><designation><language value="en-US"/><value value="Research unit"/></designation></concept><concept><code value="550851000005109"/><display value="Clinical unit"/><designation><language value="en-US"/><value value="Clinical unit"/></designation></concept><concept><code value="551611000005102"/><display value="Surgical ward"/><designation><language value="en-US"/><value value="Surgical ward"/></designation></concept><concept><code value="554071000005100"/><display value="Hospital pharmacy"/><designation><language value="en-US"/><value value="Hospital pharmacy"/></designation></concept><concept><code value="550831000005104"/><display value="Education unit"/><designation><language value="en-US"/><value value="Education unit"/></designation></concept><concept><code value="554031000005103"/><display value="dietician clinic"/><designation><language value="en-US"/><value value="Dietician clinic"/></designation></concept></include><include><system value="http://snomed.info/sct/554471000005108/version/20180331"/><concept><code value="557511000005107"/><display value="Acupuncture clinic"/><designation><language value="en-US"/><value value="Acupuncture clinic"/></designation></concept><concept><code value="557501000005109"/><display value="Pharmacy branch"/><designation><language value="en-US"/><value value="Pharmacy branch"/></designation></concept><concept><code value="557531000005103"/><display value="Prosthetist clinic"/><designation><language value="en-US"/><value value="Prosthetist clinic"/></designation></concept><concept><code value="557591000005104"/><display value="Web-based care"/><designation><language value="en-US"/><value value="Web-based care"/></designation></concept><concept><code value="557521000005101"/><display value="Alternative treatment clinic"/><designation><language value="en-US"/><value value="Alternative treatment clinic"/></designation></concept><concept><code value="557561000005105"/><display value="Consulting firm"/><designation><language value="en-US"/><value value="Consulting firm"/></designation></concept><concept><code value="557541000005106"/><display value="Cosmetic treatment clinic"/><designation><language value="en-US"/><value value="Cosmetic treatment clinic"/></designation></concept><concept><code value="557581000005102"/><display value="Optometrist or optician clinic"/><designation><language value="en-US"/><value value="Optometrist or optician clinic"/></designation></concept><concept><code value="556841000005105"/><display value="Social psychological counseling"/><designation><language value="en-US"/><value value="Social psychological counseling"/></designation></concept></include><include><system value="http://snomed.info/sct/554471000005108/version/20180930"/><concept><code value="557671000005101"/><display value="Osteopathy clinic"/><designation><language value="en-US"/><value value="Osteopathy clinic"/></designation></concept></include><include><system value="http://snomed.info/sct"/><concept><code value="702916001"/><display value="Rehabilitation clinic"/><designation><language value="en-US"/><value value="Rehabilitation clinic"/></designation></concept><concept><code value="284546000"/><display value="Hospice"/><designation><language value="en-US"/><value value="Hospice"/></designation></concept><concept><code value="272511002"/><display value="Municipal and civic establishment"/><designation><language value="en-US"/><value value="Municipal and civic establishment"/></designation></concept><concept><code value="557891000005101"/><display value="Municipal health care activity unit"/><designation><language value="en-US"/><value value="Municipal health care activity unit"/></designation></concept><concept><code value="557901000005102"/><display value="Preventive home care"/><designation><language value="en-US"/><value value="Preventive home care"/></designation></concept><concept><code value="398070004"/><display value="State"/><designation><language value="en-US"/><value value="State"/></designation></concept><concept><code value="394761003"/><display value="General practitioner practice site"/><designation><language value="en-US"/><value value="General practitioner practice site"/></designation></concept><concept><code value="20078004"/><display value="Substance abuse treatment center"/><designation><language value="en-US"/><value value="Substance abuse treatment center"/></designation></concept><concept><code value="722173008"/><display value="Prison based care site"/><designation><language value="en-US"/><value value="Prison based care site"/></designation></concept><concept><code value="702871004"/><display value="Infertility clinic"/><designation><language value="en-US"/><value value="Infertility clinic"/></designation></concept><concept><code value="276037005"/><display value="Volunteer helper"/><designation><language value="en-US"/><value value="Volunteer helper"/></designation></concept><concept><code value="22232009"/><display value="Hospital"/><designation><language value="en-US"/><value value="Hospital"/></designation></concept><concept><code value="702824005"/><display value="Audiology clinic"/><designation><language value="en-US"/><value value="Audiology clinic"/></designation></concept><concept><code value="42665001"/><display value="Nursing home"/><designation><language value="en-US"/><value value="Nursing home"/></designation></concept><concept><code value="264361005"/><display value="Health centre"/><designation><language value="en-US"/><value value="Health centre"/></designation></concept><concept><code value="703069008"/><display value="Nurse practitioner clinic"/><designation><language value="en-US"/><value value="Nurse practitioner clinic"/></designation></concept><concept><code value="309964003"/><display value="Radiology department"/><designation><language value="en-US"/><value value="Radiology department"/></designation></concept><concept><code value="309904001"/><display value="Intensive care unit"/><designation><language value="en-US"/><value value="Intensive care unit"/></designation></concept><concept><code value="309939001"/><display value="Palliative care department"/><designation><language value="en-US"/><value value="Palliative care department"/></designation></concept><concept><code value="225728007"/><display value="Accident and Emergency department"/><designation><language value="en-US"/><value value="Accident and Emergency department"/></designation></concept><concept><code value="255203001"/><display value="Additional values"/><designation><language value="en-US"/><value value="Additional values"/></designation></concept><concept><code value="264372000"/><display value="Pharmacy"/><designation><language value="en-US"/><value value="Pharmacy"/></designation></concept></include></compose></ValueSet>