<?xml version="1.0" encoding="UTF-8"?><ValueSet xmlns="http://hl7.org/fhir"><id value="ehealth-questionnaire-recommendation"/><text><status value="generated"/><div xmlns="http://www.w3.org/1999/xhtml"><p class="res-header-id"><b>Generated Narrative: ValueSet ehealth-questionnaire-recommendation</b></p><a name="ehealth-questionnaire-recommendation"> </a><a name="hcehealth-questionnaire-recommendation"> </a><a name="ehealth-questionnaire-recommendation-en-US"> </a><ul><li>Include all codes defined in <a href="CodeSystem-ehealth-questionnaire-recommendation.html"><code>http://ehealth.sundhed.dk/cs/questionnaire-recommendation</code></a></li></ul></div></text><url value="http://ehealth.sundhed.dk/vs/questionnaire-recommendation"/><version value="3.2.0"/><name value="QuestionnaireRecommendation"/><title value="QuestionnaireRecommendation"/><status value="active"/><experimental value="true"/><date value="2019-02-08T00:00:00+00:00"/><publisher value="Den telemedicinske infrastruktur (eHealth Infrastructure)"/><contact><name value="Den telemedicinske infrastruktur (eHealth Infrastructure)"/><telecom><system value="url"/><value value="http://ehealth.sundhed.dk"/></telecom></contact><description value="Value set of questionnaire recommendation codes."/><compose><include><system value="http://ehealth.sundhed.dk/cs/questionnaire-recommendation"/></include></compose></ValueSet>