<?xml version="1.0" encoding="UTF-8"?><ValueSet xmlns="http://hl7.org/fhir"><id value="ehealth-message-reasonCode"/><text><status value="generated"/><div xmlns="http://www.w3.org/1999/xhtml"><p class="res-header-id"><b>Generated Narrative: ValueSet ehealth-message-reasonCode</b></p><a name="ehealth-message-reasonCode"> </a><a name="hcehealth-message-reasonCode"> </a><a name="ehealth-message-reasonCode-en-US"> </a><p>This value set includes codes based on the following rules:</p><ul><li>Include all codes defined in <a href="CodeSystem-ehealth-task-category.html"><code>http://ehealth.sundhed.dk/cs/task-category</code></a></li><li>Include all codes defined in <a href="CodeSystem-ehealth-message-reasonCode.html"><code>http://ehealth.sundhed.dk/cs/message-reasonCode</code></a></li></ul></div></text><url value="http://ehealth.sundhed.dk/vs/message-reasonCode"/><version value="3.2.0"/><name value="eHealth Message Reason Code"/><status value="active"/><experimental value="true"/><date value="2019-02-08T00:00:00+00:00"/><publisher value="Den telemedicinske infrastruktur (eHealth Infrastructure)"/><contact><name value="Den telemedicinske infrastruktur (eHealth Infrastructure)"/><telecom><system value="url"/><value value="http://ehealth.sundhed.dk"/></telecom></contact><description value="eHealth Message Reason Code"/><compose><include><system value="http://ehealth.sundhed.dk/cs/task-category"/></include><include><system value="http://ehealth.sundhed.dk/cs/message-reasonCode"/></include></compose></ValueSet>