<?xml version="1.0" encoding="UTF-8"?><CodeSystem xmlns="http://hl7.org/fhir"><id value="ehealth-document-type"/><text><status value="generated"/><div xmlns="http://www.w3.org/1999/xhtml"><p class="res-header-id"><b>Generated Narrative: CodeSystem ehealth-document-type</b></p><a name="ehealth-document-type"> </a><a name="hcehealth-document-type"> </a><p><b>Properties</b></p><p><b>This code system defines the following properties for its concepts</b></p><table class="grid"><tr><td><b>Name</b></td><td><b>Code</b></td><td><b>URI</b></td><td><b>Type</b></td><td><b>Description</b></td></tr><tr><td>Deprecated</td><td>deprecated</td><td>http://hl7.org/fhir/concept-properties#deprecated</td><td>dateTime</td><td>Indicates that the concept is deprecated and should not be used</td></tr></table><p><b>Concepts</b></p><p>This case-sensitive code system <code>http://ehealth.sundhed.dk/cs/document-type</code> defines the following codes:</p><table class="codes"><tr><td style="white-space:nowrap"><b>Code</b></td><td><b>Display</b></td><td><b>Definition</b></td><td><b>Deprecated</b></td><td><b>Dansk (Danish, da)</b></td></tr><tr><td style="white-space:nowrap">TBD<a name="ehealth-document-type-TBD"> </a></td><td>Example value - Under construction</td><td>Example value - Under construction</td><td>2019-09-18</td><td>Midlertidig værdi</td></tr><tr><td style="white-space:nowrap">TBD2<a name="ehealth-document-type-TBD2"> </a></td><td>Example value - Under construction</td><td>Example value - Under construction</td><td>2019-09-18</td><td>Midlertidig værdi</td></tr></table></div></text><url value="http://ehealth.sundhed.dk/cs/document-type"/><version value="6.0.1"/><name value="DocumentType"/><title value="Document Type"/><status value="active"/><experimental value="false"/><date value="2019-01-29"/><publisher value="Den telemedicinske infrastruktur (eHealth Infrastructure)"/><contact><name value="Den telemedicinske infrastruktur (eHealth Infrastructure)"/><telecom><system value="url"/><value value="http://ehealth.sundhed.dk"/></telecom></contact><description value="Document Type"/><jurisdiction><coding><system value="urn:iso:std:iso:3166"/><code value="DK"/><display value="Denmark"/></coding></jurisdiction><caseSensitive value="true"/><content value="complete"/><property><code value="deprecated"/><uri value="http://hl7.org/fhir/concept-properties#deprecated"/><description value="Indicates that the concept is deprecated and should not be used"/><type value="dateTime"/></property><concept><code value="TBD"/><display value="Example value - Under construction"/><definition value="Example value - Under construction"/><designation><language value="da"/><value value="Midlertidig værdi"/></designation><property><code value="deprecated"/><valueDateTime value="2019-09-18"/></property></concept><concept><code value="TBD2"/><display value="Example value - Under construction"/><definition value="Example value - Under construction"/><designation><language value="da"/><value value="Midlertidig værdi"/></designation><property><code value="deprecated"/><valueDateTime value="2019-09-18"/></property></concept></CodeSystem>