<?xml version="1.0" encoding="UTF-8"?><CodeSystem xmlns="http://hl7.org/fhir"><id value="ehealth-reference-range-type"/><text><status value="generated"/><div xmlns="http://www.w3.org/1999/xhtml"><p class="res-header-id"><b>Generated Narrative: CodeSystem ehealth-reference-range-type</b></p><a name="ehealth-reference-range-type"> </a><a name="hcehealth-reference-range-type"> </a><p><b>Properties</b></p><p><b>This code system defines the following properties for its concepts</b></p><table class="grid"><tr><td><b>Name</b></td><td><b>Code</b></td><td><b>URI</b></td><td><b>Type</b></td><td><b>Description</b></td></tr><tr><td>Deprecated</td><td>deprecated</td><td>http://hl7.org/fhir/concept-properties#deprecated</td><td>dateTime</td><td>Indicates that the concept is deprecated and should not be used</td></tr></table><p><b>Concepts</b></p><p>This case-sensitive code system <code>http://ehealth.sundhed.dk/cs/reference-range-type</code> defines the following codes:</p><table class="codes"><tr><td style="white-space:nowrap"><b>Code</b></td><td><b>Display</b></td><td><b>Definition</b></td><td><b>Deprecated</b></td><td><b>Dansk (Danish, da)</b></td></tr><tr><td style="white-space:nowrap">TBD<a name="ehealth-reference-range-type-TBD"> </a></td><td>Example value - Under construction</td><td>Example value - Under construction</td><td>2020-02-27</td><td/></tr><tr><td style="white-space:nowrap">TBD2<a name="ehealth-reference-range-type-TBD2"> </a></td><td>Example value2 - Under construction</td><td>Example value2 - Under construction</td><td>2020-02-27</td><td/></tr><tr><td style="white-space:nowrap">RELRAL<a name="ehealth-reference-range-type-RELRAL"> </a></td><td>Terapeutic relative reference range for RED alarm</td><td>Terapeutic relative reference range for RED alarm</td><td/><td>Terapeutiske relative grænseværdier for RØD alarm</td></tr><tr><td style="white-space:nowrap">RELGAL<a name="ehealth-reference-range-type-RELGAL"> </a></td><td>Terapeutic relative reference range for YELLOW alarm</td><td>Terapeutic relative reference range for YELLOW alarm</td><td/><td>Terapeutiske relative grænseværdier for GUL alarm</td></tr></table></div></text><url value="http://ehealth.sundhed.dk/cs/reference-range-type"/><identifier><system value="urn:ietf:rfc:3986"/><value value="urn:oid:1.2.208.176.7.200.1"/></identifier><version value="6.0.1"/><name value="ReferenceRangeType"/><title value="Reference Range Type"/><status value="active"/><experimental value="false"/><date value="2021-01-13T00:00:00+00:00"/><publisher value="Den telemedicinske infrastruktur (eHealth Infrastructure)"/><contact><name value="Den telemedicinske infrastruktur (eHealth Infrastructure)"/><telecom><system value="url"/><value value="http://ehealth.sundhed.dk"/></telecom></contact><description value="Reference Range Type"/><jurisdiction><coding><system value="urn:iso:std:iso:3166"/><code value="DK"/><display value="Denmark"/></coding></jurisdiction><caseSensitive value="true"/><content value="complete"/><property><code value="deprecated"/><uri value="http://hl7.org/fhir/concept-properties#deprecated"/><description value="Indicates that the concept is deprecated and should not be used"/><type value="dateTime"/></property><concept><code value="TBD"/><display value="Example value - Under construction"/><definition value="Example value - Under construction"/><property><code value="deprecated"/><valueDateTime value="2020-02-27"/></property></concept><concept><code value="TBD2"/><display value="Example value2 - Under construction"/><definition value="Example value2 - Under construction"/><property><code value="deprecated"/><valueDateTime value="2020-02-27"/></property></concept><concept><code value="RELRAL"/><display value="Terapeutic relative reference range for RED alarm"/><definition value="Terapeutic relative reference range for RED alarm"/><designation><language value="da"/><value value="Terapeutiske relative grænseværdier for RØD alarm"/></designation></concept><concept><code value="RELGAL"/><display value="Terapeutic relative reference range for YELLOW alarm"/><definition value="Terapeutic relative reference range for YELLOW alarm"/><designation><language value="da"/><value value="Terapeutiske relative grænseværdier for GUL alarm"/></designation></concept></CodeSystem>