<?xml version="1.0" encoding="UTF-8"?><CodeSystem xmlns="http://hl7.org/fhir"><id value="ehealth-clinicalimpression-investigation-item-codes"/><text><status value="generated"/><div xmlns="http://www.w3.org/1999/xhtml"><p class="res-header-id"><b>Generated Narrative: CodeSystem ehealth-clinicalimpression-investigation-item-codes</b></p><a name="ehealth-clinicalimpression-investigation-item-codes"> </a><a name="hcehealth-clinicalimpression-investigation-item-codes"> </a><p>This case-sensitive code system <code>http://ehealth.sundhed.dk/cs/clinicalimpression-investigation-item-codes</code> defines the following codes:</p><table class="codes"><tr><td style="white-space:nowrap"><b>Code</b></td><td><b>Display</b></td><td><b>Definition</b></td><td><b>Dansk (Danish, da)</b></td></tr><tr><td style="white-space:nowrap">item-for-investigation<a name="ehealth-clinicalimpression-investigation-item-codes-item-for-investigation"> </a></td><td>Item for investigation</td><td>Item for investigation</td><td>Undersøgelseselement</td></tr><tr><td style="white-space:nowrap">item-modified<a name="ehealth-clinicalimpression-investigation-item-codes-item-modified"> </a></td><td>Item modified</td><td>Item modified</td><td>Modificeret element</td></tr></table></div></text><url value="http://ehealth.sundhed.dk/cs/clinicalimpression-investigation-item-codes"/><version value="6.0.1"/><name value="ClinicalImpressionInvestigationItemCodes"/><title value="ClinicalImpression Investigation Item Codes"/><status value="active"/><experimental value="false"/><date value="2024-01-29T00:00:00+00:00"/><publisher value="Den telemedicinske infrastruktur (eHealth Infrastructure)"/><contact><name value="Den telemedicinske infrastruktur (eHealth Infrastructure)"/><telecom><system value="url"/><value value="http://ehealth.sundhed.dk"/></telecom></contact><description value="Clinical Impression Investigation Item Codes"/><jurisdiction><coding><system value="urn:iso:std:iso:3166"/><code value="DK"/><display value="Denmark"/></coding></jurisdiction><caseSensitive value="true"/><content value="complete"/><concept><code value="item-for-investigation"/><display value="Item for investigation"/><definition value="Item for investigation"/><designation><language value="da"/><value value="Undersøgelseselement"/></designation></concept><concept><code value="item-modified"/><display value="Item modified"/><definition value="Item modified"/><designation><language value="da"/><value value="Modificeret element"/></designation></concept></CodeSystem>