<?xml version="1.0" encoding="UTF-8"?><ValueSet xmlns="http://hl7.org/fhir"><id value="ehealth-unit-code"/><text><status value="generated"/><div xmlns="http://www.w3.org/1999/xhtml"><p class="res-header-id"><b>Generated Narrative: ValueSet ehealth-unit-code</b></p><a name="ehealth-unit-code"> </a><a name="hcehealth-unit-code"> </a><ul><li>Include all codes defined in <a href="CodeSystem-ehealth-unit-code.html"><code>http://ehealth.sundhed.dk/cs/ehealth-unit-code</code></a></li></ul></div></text><url value="http://ehealth.sundhed.dk/vs/ehealth-unit-code"/><version value="6.0.1"/><name value="eHealthUnitCodes"/><title value="eHealthUnitCodes"/><status value="active"/><experimental value="false"/><date value="2020-10-19T08:00:00+00:00"/><publisher value="Den telemedicinske infrastruktur (eHealth Infrastructure)"/><contact><name value="Den telemedicinske infrastruktur (eHealth Infrastructure)"/><telecom><system value="url"/><value value="http://ehealth.sundhed.dk"/></telecom></contact><description value="Value set of Unit Codes"/><jurisdiction><coding><system value="urn:iso:std:iso:3166"/><code value="DK"/><display value="Denmark"/></coding></jurisdiction><compose><include><system value="http://ehealth.sundhed.dk/cs/ehealth-unit-code"/></include></compose></ValueSet>