<?xml version="1.0" encoding="UTF-8"?><ValueSet xmlns="http://hl7.org/fhir"><id value="ehealth-event-type-codes"/><text><status value="generated"/><div xmlns="http://www.w3.org/1999/xhtml"><p class="res-header-id"><b>Generated Narrative: ValueSet ehealth-event-type-codes</b></p><a name="ehealth-event-type-codes"> </a><a name="hcehealth-event-type-codes"> </a><ul><li>Import all the codes that are contained in <a href="ValueSet-dk-ihe-eventcodelists-vs.html">DK_IHE_EventCodeLists_VS</a></li></ul></div></text><url value="http://ehealth.sundhed.dk/vs/event-type-codes"/><version value="6.0.1"/><name value="EventTypeCodes"/><title value="Event Type Codes"/><status value="active"/><experimental value="true"/><date value="2019-02-08T00:00:00+00:00"/><publisher value="Den telemedicinske infrastruktur (eHealth Infrastructure)"/><contact><name value="Den telemedicinske infrastruktur (eHealth Infrastructure)"/><telecom><system value="url"/><value value="http://ehealth.sundhed.dk"/></telecom></contact><description value="Event type codes value set."/><jurisdiction><coding><system value="urn:iso:std:iso:3166"/><code value="DK"/><display value="Denmark"/></coding></jurisdiction><compose><include><valueSet value="http://sundhedsdatastyrelsen.dk/terminologi/dk-ihe-eventcodelists-vs"/></include></compose></ValueSet>