<?xml version="1.0" encoding="UTF-8"?><ValueSet xmlns="http://hl7.org/fhir"><id value="ehealth-program"/><text><status value="generated"/><div xmlns="http://www.w3.org/1999/xhtml"><p class="res-header-id"><b>Generated Narrative: ValueSet ehealth-program</b></p><a name="ehealth-program"> </a><a name="hcehealth-program"> </a><ul><li>Include all codes defined in <a href="CodeSystem-ehealth-program.html"><code>http://ehealth.sundhed.dk/cs/ehealth-program</code></a></li></ul></div></text><url value="http://ehealth.sundhed.dk/vs/ehealth-program"/><version value="6.0.1"/><name value="eHealthProgram"/><title value="eHealth Program"/><status value="active"/><experimental value="false"/><date value="2024-11-28T09:00:00+00:00"/><publisher value="Den telemedicinske infrastruktur (eHealth Infrastructure)"/><contact><name value="Den telemedicinske infrastruktur (eHealth Infrastructure)"/><telecom><system value="url"/><value value="http://ehealth.sundhed.dk"/></telecom></contact><description value="Programs or projects using the eHealth Infrastructure and wanting to mark various resources as intended for their non-exclusive use."/><jurisdiction><coding><system value="urn:iso:std:iso:3166"/><code value="DK"/><display value="Denmark"/></coding></jurisdiction><compose><include><system value="http://ehealth.sundhed.dk/cs/ehealth-program"/></include></compose></ValueSet>