<?xml version="1.0" encoding="UTF-8"?><ValueSet xmlns="http://hl7.org/fhir"><id value="ehealth-property"/><text><status value="generated"/><div xmlns="http://www.w3.org/1999/xhtml"><p class="res-header-id"><b>Generated Narrative: ValueSet ehealth-property</b></p><a name="ehealth-property"> </a><a name="hcehealth-property"> </a><ul><li>Include all codes defined in <a href="CodeSystem-ehealth-property.html"><code>http://ehealth.sundhed.dk/cs/ehealth-property</code></a></li></ul></div></text><url value="http://ehealth.sundhed.dk/vs/ehealth-property"/><version value="6.0.1"/><name value="eHealthProperty"/><title value="eHealth Property"/><status value="active"/><experimental value="false"/><date value="2025-03-05T09:00:00+00:00"/><publisher value="Den telemedicinske infrastruktur (eHealth Infrastructure)"/><contact><name value="Den telemedicinske infrastruktur (eHealth Infrastructure)"/><telecom><system value="url"/><value value="http://ehealth.sundhed.dk"/></telecom></contact><description value="Used to distinguish/extract specific properties of a code."/><jurisdiction><coding><system value="urn:iso:std:iso:3166"/><code value="DK"/><display value="Denmark"/></coding></jurisdiction><compose><include><system value="http://ehealth.sundhed.dk/cs/ehealth-property"/></include></compose></ValueSet>