{"resourceType":"CodeSystem","id":"fs3-group-mentalfunctions","text":{"status":"generated","div":"<div xmlns=\"http://www.w3.org/1999/xhtml\"><p class=\"res-header-id\"><b>Generated Narrative: CodeSystem fs3-group-mentalfunctions</b></p><a name=\"fs3-group-mentalfunctions\"> </a><a name=\"hcfs3-group-mentalfunctions\"> </a><a name=\"fs3-group-mentalfunctions-da-DK\"> </a><p>This  code system <code>http://ehealth.sundhed.dk/cs/fs3-group-mentalfunctions</code> defines the following codes:</p><table class=\"codes\"><tr><td style=\"white-space:nowrap\"><b>Code</b></td><td><b>Display</b></td><td><b>Dansk (Danish, da)</b></td></tr><tr><td style=\"white-space:nowrap\">ACQUIRE_SKILLS<a name=\"fs3-group-mentalfunctions-ACQUIRE_SKILLS\"> </a></td><td>Tilegne sig færdigheder</td><td>Tilegne sig færdigheder</td></tr><tr><td style=\"white-space:nowrap\">PROBLEM_SOLVING<a name=\"fs3-group-mentalfunctions-PROBLEM_SOLVING\"> </a></td><td>Problemløsning</td><td>Problemløsning</td></tr><tr><td style=\"white-space:nowrap\">APPLY_COMMUNICATION_EQUIPMENT_AND_TECHNIQUES<a name=\"fs3-group-mentalfunctions-APPLY_COMMUNICATION_EQUIPMENT_AND_TECHNIQUES\"> </a></td><td>Anvende kommunikationsudstyr og -teknikker</td><td>Anvende kommunikationsudstyr og -teknikker</td></tr><tr><td style=\"white-space:nowrap\">ORIENTATION<a name=\"fs3-group-mentalfunctions-ORIENTATION\"> </a></td><td>Orienteringsevne</td><td>Orienteringsevne</td></tr><tr><td style=\"white-space:nowrap\">ENERGY_AND_ACTING_POWER<a name=\"fs3-group-mentalfunctions-ENERGY_AND_ACTING_POWER\"> </a></td><td>Energi og handlekraft</td><td>Energi og handlekraft</td></tr><tr><td style=\"white-space:nowrap\">MEMORY<a name=\"fs3-group-mentalfunctions-MEMORY\"> </a></td><td>Hukommelse</td><td>Hukommelse</td></tr><tr><td style=\"white-space:nowrap\">FEELING_FUNCTIONS<a name=\"fs3-group-mentalfunctions-FEELING_FUNCTIONS\"> </a></td><td>Følelsesfunktioner</td><td>Følelsesfunktioner</td></tr><tr><td style=\"white-space:nowrap\">OVERALL_COGNITIVE_FUNCTIONS<a name=\"fs3-group-mentalfunctions-OVERALL_COGNITIVE_FUNCTIONS\"> </a></td><td>Overordnede kognitive funktioner</td><td>Overordnede kognitive funktioner</td></tr></table></div>"},"url":"http://ehealth.sundhed.dk/cs/fs3-group-mentalfunctions","version":"3.3.0","name":"FS III, Mentale funktioner","title":"FS III, Mentale funktioner","status":"active","experimental":true,"date":"2019-02-02T00:00:00+00:00","publisher":"Den telemedicinske infrastruktur (eHealth Infrastructure)","contact":[{"name":"Den telemedicinske infrastruktur (eHealth Infrastructure)","telecom":[{"system":"url","value":"http://ehealth.sundhed.dk"}]}],"description":"FS III, Mentale funktioner","jurisdiction":[{"coding":[{"system":"urn:iso:std:iso:3166","code":"DK","display":"Denmark"}]}],"content":"complete","concept":[{"code":"ACQUIRE_SKILLS","display":"Tilegne sig færdigheder","designation":[{"language":"da","value":"Tilegne sig færdigheder"}]},{"code":"PROBLEM_SOLVING","display":"Problemløsning","designation":[{"language":"da","value":"Problemløsning"}]},{"code":"APPLY_COMMUNICATION_EQUIPMENT_AND_TECHNIQUES","display":"Anvende kommunikationsudstyr og -teknikker","designation":[{"language":"da","value":"Anvende kommunikationsudstyr og -teknikker"}]},{"code":"ORIENTATION","display":"Orienteringsevne","designation":[{"language":"da","value":"Orienteringsevne"}]},{"code":"ENERGY_AND_ACTING_POWER","display":"Energi og handlekraft","designation":[{"language":"da","value":"Energi og handlekraft"}]},{"code":"MEMORY","display":"Hukommelse","designation":[{"language":"da","value":"Hukommelse"}]},{"code":"FEELING_FUNCTIONS","display":"Følelsesfunktioner","designation":[{"language":"da","value":"Følelsesfunktioner"}]},{"code":"OVERALL_COGNITIVE_FUNCTIONS","display":"Overordnede kognitive funktioner","designation":[{"language":"da","value":"Overordnede kognitive funktioner"}]}]}