{"resourceType":"CodeSystem","id":"ehealth-device-measuring-quality","text":{"status":"generated","div":"<div xmlns=\"http://www.w3.org/1999/xhtml\"><p class=\"res-header-id\"><b>Generated Narrative: CodeSystem ehealth-device-measuring-quality</b></p><a name=\"ehealth-device-measuring-quality\"> </a><a name=\"hcehealth-device-measuring-quality\"> </a><a name=\"ehealth-device-measuring-quality-da-DK\"> </a><p>This case-sensitive code system <code>http://ehealth.sundhed.dk/cs/device-measuring-quality</code> defines the following codes in an undefined hierarchy:</p><table class=\"codes\"><tr><td><b>Lvl</b></td><td style=\"white-space:nowrap\"><b>Code</b></td><td><b>Display</b></td><td><b>Definition</b></td><td><b>Dansk (Danish, da)</b></td></tr><tr><td>1</td><td style=\"white-space:nowrap\">none<a name=\"ehealth-device-measuring-quality-none\"> </a></td><td>No quality needed</td><td>Quality value where no derivation rule logic nor values are expected</td><td>Ingen udstyrskvalitet krævet/ventet</td></tr><tr><td>2</td><td style=\"white-space:nowrap\">\u00a0\u00a0unknown<a name=\"ehealth-device-measuring-quality-unknown\"> </a></td><td>Unknown quality</td><td>Unknown quality (Unlikely to be adequate if a quality value is expected)</td><td>Ukendt udstyrskvalitet</td></tr><tr><td>3</td><td style=\"white-space:nowrap\">\u00a0\u00a0\u00a0\u00a0derivation-error<a name=\"ehealth-device-measuring-quality-derivation-error\"> </a></td><td>Error in deriving or determining the quality</td><td>Quality value could not be derived due to insufficient input, unknown/unavailable logic, or other error</td><td>Udstyrskvaliteten kunne ikke bestemmes grundet manglende input, utilgængelig logik, eller anden fejl.</td></tr><tr><td>4</td><td style=\"white-space:nowrap\">\u00a0\u00a0\u00a0\u00a0\u00a0\u00a0normal<a name=\"ehealth-device-measuring-quality-normal\"> </a></td><td>Normal/neutral device measuring quality</td><td>Normal/neutral device measuring quality</td><td>Normalt/neutralt udstyrskvalitetsniveau</td></tr><tr><td>5</td><td style=\"white-space:nowrap\">\u00a0\u00a0\u00a0\u00a0\u00a0\u00a0\u00a0\u00a0low-precision<a name=\"ehealth-device-measuring-quality-low-precision\"> </a></td><td>Low precision/credibility grade device quality</td><td>Low precision/credibility grade device quality. Typically such device is not clinical grade.</td><td>Lav præcision eller pålidelighed</td></tr><tr><td>6</td><td style=\"white-space:nowrap\">\u00a0\u00a0\u00a0\u00a0\u00a0\u00a0\u00a0\u00a0\u00a0\u00a0low-precision-degraded<a name=\"ehealth-device-measuring-quality-low-precision-degraded\"> </a></td><td>Degraded quality for low precision/credibility grade device</td><td>Degraded quality for low precision/credibility grade device. Typically such device is not clinical grade.</td><td>Forringet kvalitet for udstyr med lav præcision eller pålidelighed</td></tr><tr><td>7</td><td style=\"white-space:nowrap\">\u00a0\u00a0\u00a0\u00a0\u00a0\u00a0\u00a0\u00a0\u00a0\u00a0\u00a0\u00a0low-precision-normal<a name=\"ehealth-device-measuring-quality-low-precision-normal\"> </a></td><td>Normal/neutral quality for low precision/credibility grade device</td><td>Normal/neutral quality for low precision/credibility grade device. Typically such device is not clinical grade.</td><td>Normal kvalitet for udstyr med lav præcision eller pålidelighed</td></tr><tr><td>8</td><td style=\"white-space:nowrap\">\u00a0\u00a0\u00a0\u00a0\u00a0\u00a0\u00a0\u00a0\u00a0\u00a0\u00a0\u00a0\u00a0\u00a0low-precision-uncalibrated<a name=\"ehealth-device-measuring-quality-low-precision-uncalibrated\"> </a></td><td>Quality for uncalibrated low precision/credibility grade device</td><td>Quality for uncalibrated low precision/credibility grade device. Typically such device is not clinical grade.</td><td>Kvalitet for ukalibreret udstyr med lav præcision eller pålidelighed</td></tr><tr><td>9</td><td style=\"white-space:nowrap\">\u00a0\u00a0\u00a0\u00a0\u00a0\u00a0\u00a0\u00a0\u00a0\u00a0\u00a0\u00a0\u00a0\u00a0\u00a0\u00a0low-precision-calibrated<a name=\"ehealth-device-measuring-quality-low-precision-calibrated\"> </a></td><td>Quality for calibrated low precision/credibility grade device</td><td>Quality for calibrated low precision/credibility grade device. Typically such device is not clinical grade.</td><td>Kvalitet for kalibreret udstyr med lav præcision eller pålidelighed</td></tr><tr><td>10</td><td style=\"white-space:nowrap\">\u00a0\u00a0\u00a0\u00a0\u00a0\u00a0\u00a0\u00a0\u00a0\u00a0\u00a0\u00a0\u00a0\u00a0\u00a0\u00a0\u00a0\u00a0high-precision<a name=\"ehealth-device-measuring-quality-high-precision\"> </a></td><td>High precision/credibility grade device quality</td><td>High precision/credibility grade device quality. Typically such device is clinical grade.</td><td>Høj præcision eller pålidelighed</td></tr><tr><td>11</td><td style=\"white-space:nowrap\">\u00a0\u00a0\u00a0\u00a0\u00a0\u00a0\u00a0\u00a0\u00a0\u00a0\u00a0\u00a0\u00a0\u00a0\u00a0\u00a0\u00a0\u00a0\u00a0\u00a0high-precision-degraded<a name=\"ehealth-device-measuring-quality-high-precision-degraded\"> </a></td><td>Degraded quality for high precision/credibility grade device</td><td>Degraded quality for high precision/credibility grade device. Typically such device is clinical grade.</td><td>Forringet kvalitet for udstyr med høj præcision eller pålidelighed</td></tr><tr><td>12</td><td style=\"white-space:nowrap\">\u00a0\u00a0\u00a0\u00a0\u00a0\u00a0\u00a0\u00a0\u00a0\u00a0\u00a0\u00a0\u00a0\u00a0\u00a0\u00a0\u00a0\u00a0\u00a0\u00a0\u00a0\u00a0high-precision-normal<a name=\"ehealth-device-measuring-quality-high-precision-normal\"> </a></td><td>Normal/neutral quality for high precision/credibility grade device</td><td>Normal/neutral quality for high precision/credibility grade device. Typically such device is clinical grade.</td><td>Normal kvalitet for udstyr med høj præcision eller pålidelighed</td></tr><tr><td>13</td><td style=\"white-space:nowrap\">\u00a0\u00a0\u00a0\u00a0\u00a0\u00a0\u00a0\u00a0\u00a0\u00a0\u00a0\u00a0\u00a0\u00a0\u00a0\u00a0\u00a0\u00a0\u00a0\u00a0\u00a0\u00a0\u00a0\u00a0high-precision-uncalibrated<a name=\"ehealth-device-measuring-quality-high-precision-uncalibrated\"> </a></td><td>Quality for uncalibrated high precision/credibility grade device</td><td>Quality for uncalibrated high precision/credibility grade device. Typically such device is clinical grade.</td><td>Kvalitet for ukalibreret udstyr med høj præcision eller pålidelighed</td></tr><tr><td>14</td><td style=\"white-space:nowrap\">\u00a0\u00a0\u00a0\u00a0\u00a0\u00a0\u00a0\u00a0\u00a0\u00a0\u00a0\u00a0\u00a0\u00a0\u00a0\u00a0\u00a0\u00a0\u00a0\u00a0\u00a0\u00a0\u00a0\u00a0\u00a0\u00a0high-precision-calibrated<a name=\"ehealth-device-measuring-quality-high-precision-calibrated\"> </a></td><td>Quality for calibrated high precision/credibility grade device</td><td>Quality for calibrated high precision/credibility grade device. Typically such device is clinical grade.</td><td>Kvalitet for kalibreret udstyr med høj præcision eller pålidelighed</td></tr><tr><td>1</td><td style=\"white-space:nowrap\">TBD<a name=\"ehealth-device-measuring-quality-TBD\"> </a></td><td>Example value - Under construction</td><td>Example value - Under construction</td><td/></tr></table></div>"},"url":"http://ehealth.sundhed.dk/cs/device-measuring-quality","version":"3.3.0","name":"DeviceMeasuringQuality","title":"Device Measuring Quality","status":"active","experimental":false,"date":"2019-01-29T00:00:00+00:00","publisher":"Den telemedicinske infrastruktur (eHealth Infrastructure)","contact":[{"name":"Den telemedicinske infrastruktur (eHealth Infrastructure)","telecom":[{"system":"url","value":"http://ehealth.sundhed.dk"}]}],"description":"Quality codes for qualities with which a device can perform measuring","jurisdiction":[{"coding":[{"system":"urn:iso:std:iso:3166","code":"DK","display":"Denmark"}]}],"caseSensitive":true,"content":"complete","concept":[{"code":"none","display":"No quality needed","definition":"Quality value where no derivation rule logic nor values are expected","designation":[{"language":"da","value":"Ingen udstyrskvalitet krævet/ventet"}],"concept":[{"code":"unknown","display":"Unknown quality","definition":"Unknown quality (Unlikely to be adequate if a quality value is expected)","designation":[{"language":"da","value":"Ukendt udstyrskvalitet"}],"concept":[{"code":"derivation-error","display":"Error in deriving or determining the quality","definition":"Quality value could not be derived due to insufficient input, unknown/unavailable logic, or other error","designation":[{"language":"da","value":"Udstyrskvaliteten kunne ikke bestemmes grundet manglende input, utilgængelig logik, eller anden fejl."}],"concept":[{"code":"normal","display":"Normal/neutral device measuring quality","definition":"Normal/neutral device measuring quality","designation":[{"language":"da","value":"Normalt/neutralt udstyrskvalitetsniveau"}],"concept":[{"code":"low-precision","display":"Low precision/credibility grade device quality","definition":"Low precision/credibility grade device quality. Typically such device is not clinical grade.","designation":[{"language":"da","value":"Lav præcision eller pålidelighed"}],"concept":[{"code":"low-precision-degraded","display":"Degraded quality for low precision/credibility grade device","definition":"Degraded quality for low precision/credibility grade device. Typically such device is not clinical grade.","designation":[{"language":"da","value":"Forringet kvalitet for udstyr med lav præcision eller pålidelighed"}],"concept":[{"code":"low-precision-normal","display":"Normal/neutral quality for low precision/credibility grade device","definition":"Normal/neutral quality for low precision/credibility grade device. Typically such device is not clinical grade.","designation":[{"language":"da","value":"Normal kvalitet for udstyr med lav præcision eller pålidelighed"}],"concept":[{"code":"low-precision-uncalibrated","display":"Quality for uncalibrated low precision/credibility grade device","definition":"Quality for uncalibrated low precision/credibility grade device. Typically such device is not clinical grade.","designation":[{"language":"da","value":"Kvalitet for ukalibreret udstyr med lav præcision eller pålidelighed"}],"concept":[{"code":"low-precision-calibrated","display":"Quality for calibrated low precision/credibility grade device","definition":"Quality for calibrated low precision/credibility grade device. Typically such device is not clinical grade.","designation":[{"language":"da","value":"Kvalitet for kalibreret udstyr med lav præcision eller pålidelighed"}],"concept":[{"code":"high-precision","display":"High precision/credibility grade device quality","definition":"High precision/credibility grade device quality. Typically such device is clinical grade.","designation":[{"language":"da","value":"Høj præcision eller pålidelighed"}],"concept":[{"code":"high-precision-degraded","display":"Degraded quality for high precision/credibility grade device","definition":"Degraded quality for high precision/credibility grade device. Typically such device is clinical grade.","designation":[{"language":"da","value":"Forringet kvalitet for udstyr med høj præcision eller pålidelighed"}],"concept":[{"code":"high-precision-normal","display":"Normal/neutral quality for high precision/credibility grade device","definition":"Normal/neutral quality for high precision/credibility grade device. Typically such device is clinical grade.","designation":[{"language":"da","value":"Normal kvalitet for udstyr med høj præcision eller pålidelighed"}],"concept":[{"code":"high-precision-uncalibrated","display":"Quality for uncalibrated high precision/credibility grade device","definition":"Quality for uncalibrated high precision/credibility grade device. Typically such device is clinical grade.","designation":[{"language":"da","value":"Kvalitet for ukalibreret udstyr med høj præcision eller pålidelighed"}],"concept":[{"code":"high-precision-calibrated","display":"Quality for calibrated high precision/credibility grade device","definition":"Quality for calibrated high precision/credibility grade device. Typically such device is clinical grade.","designation":[{"language":"da","value":"Kvalitet for kalibreret udstyr med høj præcision eller pålidelighed"}]}]}]}]}]}]}]}]}]}]}]}]}]}]},{"code":"TBD","display":"Example value - Under construction","definition":"Example value - Under construction","property":[{"valueDateTime":"2020-02-03"}]}]}