{"resourceType":"CodeSystem","id":"hl7.org-fhir-request-status","text":{"status":"generated","div":"<div xmlns=\"http://www.w3.org/1999/xhtml\"><p/><table class=\"codes\"><tr><td style=\"white-space:nowrap\"><b>Code</b></td><td><b>Display</b></td><td><b>Definition</b></td></tr><tr><td style=\"white-space:nowrap\">draft<a name=\"request-status-dk-supplement-draft\"> </a></td><td>Draft</td><td>The request has been created but is not yet complete or ready for action.</td></tr><tr><td style=\"white-space:nowrap\">active<a name=\"request-status-dk-supplement-active\"> </a></td><td>Active</td><td>The request is in force and ready to be acted upon.</td></tr><tr><td style=\"white-space:nowrap\">on-hold<a name=\"request-status-dk-supplement-on-hold\"> </a></td><td>On Hold</td><td>The request (and any implicit authorization to act) has been temporarily withdrawn but is expected to resume in the future.</td></tr><tr><td style=\"white-space:nowrap\">revoked<a name=\"request-status-dk-supplement-revoked\"> </a></td><td>Revoked</td><td>The request (and any implicit authorization to act) has been terminated prior to the known full completion of the intended actions. No further activity should occur.</td></tr><tr><td style=\"white-space:nowrap\">completed<a name=\"request-status-dk-supplement-completed\"> </a></td><td>Completed</td><td>The activity described by the request has been fully performed. No further activity will occur.</td></tr><tr><td style=\"white-space:nowrap\">entered-in-error<a name=\"request-status-dk-supplement-entered-in-error\"> </a></td><td>Entered in Error</td><td>This request should never have existed and should be considered 'void'. (It is possible that real-world decisions were based on it. If real-world activity has occurred, the status should be &quot;revoked&quot; rather than &quot;entered-in-error&quot;.).</td></tr><tr><td style=\"white-space:nowrap\">unknown<a name=\"request-status-dk-supplement-unknown\"> </a></td><td>Unknown</td><td>The authoring system does not know which of the status values currently applies for this request.  Note: This concept is not to be used for &quot;other&quot;  - one of the listed statuses is presumed to apply, but the authoring/source system does not know which.</td></tr></table><p><b>Additional Language Displays</b></p><table class=\"codes\"><tr><td><b>Code</b></td><td><b>Dansk (Danish, da)</b></td></tr><tr><td>draft</td><td>Udkast</td></tr><tr><td>active</td><td>Aktiv</td></tr><tr><td>on-hold</td><td>Suspenderet</td></tr><tr><td>revoked</td><td>Annulleret</td></tr><tr><td>completed</td><td>Afsluttet</td></tr><tr><td>entered-in-error</td><td>Fejlindtastning</td></tr><tr><td>unknown</td><td>Ukendt</td></tr></table></div>"},"url":"http://hl7.org/fhir/request-status","version":"3.3.0","name":"RequestStatus","title":"Request Status","status":"active","experimental":false,"date":"2021-10-27T13:27:27+00:00","publisher":"Den telemedicinske infrastruktur (eHealth Infrastructure)","contact":[{"name":"Den telemedicinske infrastruktur (eHealth Infrastructure)","telecom":[{"system":"url","value":"http://ehealth.sundhed.dk"}]}],"description":"Codes identifying the stage lifecycle stage of a request","jurisdiction":[{"coding":[{"system":"urn:iso:std:iso:3166","code":"DK","display":"Denmark"}]}],"content":"supplement","supplements":"http://hl7.org/fhir/request-status","concept":[{"code":"draft","display":"Draft","definition":"The request has been created but is not yet complete or ready for action.","designation":[{"language":"da","use":{"system":"http://snomed.info/sct","code":"900000000000013009"},"value":"Udkast"}]},{"code":"active","display":"Active","definition":"The request is in force and ready to be acted upon.","designation":[{"language":"da","use":{"system":"http://snomed.info/sct","code":"900000000000013009"},"value":"Aktiv"}]},{"code":"on-hold","display":"On Hold","definition":"The request (and any implicit authorization to act) has been temporarily withdrawn but is expected to resume in the future.","designation":[{"language":"da","use":{"system":"http://snomed.info/sct","code":"900000000000013009"},"value":"Suspenderet"}]},{"code":"revoked","display":"Revoked","definition":"The request (and any implicit authorization to act) has been terminated prior to the known full completion of the intended actions. No further activity should occur.","designation":[{"language":"da","use":{"system":"http://snomed.info/sct","code":"900000000000013009"},"value":"Annulleret"}]},{"code":"completed","display":"Completed","definition":"The activity described by the request has been fully performed. No further activity will occur.","designation":[{"language":"da","use":{"system":"http://snomed.info/sct","code":"900000000000013009"},"value":"Afsluttet"}]},{"code":"entered-in-error","display":"Entered in Error","definition":"This request should never have existed and should be considered 'void'. (It is possible that real-world decisions were based on it. If real-world activity has occurred, the status should be \"revoked\" rather than \"entered-in-error\".).","designation":[{"language":"da","use":{"system":"http://snomed.info/sct","code":"900000000000013009"},"value":"Fejlindtastning"}]},{"code":"unknown","display":"Unknown","definition":"The authoring system does not know which of the status values currently applies for this request.  Note: This concept is not to be used for \"other\"  - one of the listed statuses is presumed to apply, but the authoring/source system does not know which.","designation":[{"language":"da","use":{"system":"http://snomed.info/sct","code":"900000000000013009"},"value":"Ukendt"}]}]}