{"resourceType":"ValueSet","id":"dk-ihe-healthcarefacilitytypecode-vs","text":{"status":"generated","div":"<div xmlns=\"http://www.w3.org/1999/xhtml\"><p class=\"res-header-id\"><b>Generated Narrative: ValueSet dk-ihe-healthcarefacilitytypecode-vs</b></p><a name=\"dk-ihe-healthcarefacilitytypecode-vs\"> </a><a name=\"hcdk-ihe-healthcarefacilitytypecode-vs\"> </a><a name=\"dk-ihe-healthcarefacilitytypecode-vs-da-DK\"> </a><ul><li>Include these codes as defined in <a href=\"http://www.snomed.org/\"><code>http://snomed.info/sct</code></a><table class=\"none\"><tr><td style=\"white-space:nowrap\"><b>Code</b></td><td><b>Display</b></td><td><b>Dansk (Danish, da)</b></td></tr><tr><td><a href=\"http://snomed.info/id/557511000005107\">557511000005107</a></td><td>akupunkturklinik</td><td>akupunkturklinik</td></tr><tr><td><a href=\"http://snomed.info/id/550871000005101\">550871000005101</a></td><td>akutmodtageenhed</td><td>akutmodtageenhed</td></tr><tr><td><a href=\"http://snomed.info/id/394761003\">394761003</a></td><td>almen lægepraksis</td><td>almen lægepraksis</td></tr><tr><td><a href=\"http://snomed.info/id/264372000\">264372000</a></td><td>apotek</td><td>apotek</td></tr><tr><td><a href=\"http://snomed.info/id/557501000005109\">557501000005109</a></td><td>apoteksfilial</td><td>apoteksfilial</td></tr><tr><td><a href=\"http://snomed.info/id/554851000005102\">554851000005102</a></td><td>asylcenter</td><td>asylcenter</td></tr><tr><td><a href=\"http://snomed.info/id/557531000005103\">557531000005103</a></td><td>bandagistklinik</td><td>bandagistklinik</td></tr><tr><td><a href=\"http://snomed.info/id/20078004\">20078004</a></td><td>behandlingscenter for stofmisbrugere</td><td>behandlingscenter for stofmisbrugere</td></tr><tr><td><a href=\"http://snomed.info/id/722173008\">722173008</a></td><td>behandlingsenhed i fængsel eller arresthus</td><td>behandlingsenhed i fængsel eller arresthus</td></tr><tr><td><a href=\"http://snomed.info/id/309964003\">309964003</a></td><td>billeddiagnostisk enhed</td><td>billeddiagnostisk enhed\n</td></tr><tr><td><a href=\"http://snomed.info/id/554221000005108\">554221000005108</a></td><td>bosted</td><td>bosted</td></tr><tr><td><a href=\"http://snomed.info/id/56781000005109\">56781000005109</a></td><td>center for misbrugsbehandling</td><td>center for misbrugsbehandling</td></tr><tr><td><a href=\"http://snomed.info/id/557881000005104\">557881000005104</a></td><td>COVID-19-testenhed</td><td>COVID-19-testenhed</td></tr><tr><td><a href=\"http://snomed.info/id/554031000005103\">554031000005103</a></td><td>diætistklinik</td><td>diætistklinik</td></tr><tr><td><a href=\"http://snomed.info/id/557891000005101\">557891000005101</a></td><td>enhed for aktivitetstilbud</td><td>enhed for aktivitetstilbud</td></tr><tr><td><a href=\"http://snomed.info/id/546821000005103\">546821000005103</a></td><td>ergoterapiklinik</td><td>ergoterapiklinik</td></tr><tr><td><a href=\"http://snomed.info/id/702871004\">702871004</a></td><td>fertilitetsklinik</td><td>fertilitetsklinik</td></tr><tr><td><a href=\"http://snomed.info/id/554061000005105\">554061000005105</a></td><td>statsautoriseret fodterapeut (snomed:  fodterapeutklinik)</td><td>statsautoriseret fodterapeut (snomed:  fodterapeutklinik)</td></tr><tr><td><a href=\"http://snomed.info/id/557901000005102\">557901000005102</a></td><td>forebyggende hjemmebesøgsenhed</td><td>forebyggende hjemmebesøgsenhed</td></tr><tr><td><a href=\"http://snomed.info/id/550861000005106\">550861000005106</a></td><td>fysioterapi- og ergoterapiklinik</td><td>fysioterapi- og ergoterapiklinik</td></tr><tr><td><a href=\"http://snomed.info/id/547011000005103\">547011000005103</a></td><td>fysioterapiklinik</td><td>fysioterapiklinik</td></tr><tr><td><a href=\"http://snomed.info/id/546811000005109\">546811000005109</a></td><td>genoptræningscenter (snomed: rehabiliteringscenter)</td><td>genoptræningscenter (snomed: rehabiliteringscenter)</td></tr><tr><td><a href=\"http://snomed.info/id/554881000005108\">554881000005108</a></td><td>handicap- og psykiatrienhed</td><td>handicap- og psykiatrienhed</td></tr><tr><td><a href=\"http://snomed.info/id/554861000005100\">554861000005100</a></td><td>handicapenhed</td><td>handicapenhed</td></tr><tr><td><a href=\"http://snomed.info/id/554821000005109\">554821000005109</a></td><td>hjemmeplejeenhed</td><td>hjemmeplejeenhed</td></tr><tr><td><a href=\"http://snomed.info/id/550621000005101\">550621000005101</a></td><td>hjemmesygepleje</td><td>hjemmesygepleje</td></tr><tr><td><a href=\"http://snomed.info/id/284546000\">284546000</a></td><td>hospice</td><td>hospice</td></tr><tr><td><a href=\"http://snomed.info/id/22232009\">22232009</a></td><td>hospital</td><td>hospital</td></tr><tr><td><a href=\"http://snomed.info/id/702824005\">702824005</a></td><td>hørecenter</td><td>hørecenter</td></tr><tr><td><a href=\"http://snomed.info/id/309904001\">309904001</a></td><td>intensivenhed</td><td>intensivenhed</td></tr><tr><td><a href=\"http://snomed.info/id/557591000005104\">557591000005104</a></td><td>internetbaseret sundhedsydelse</td><td>internetbaseret sundhedsydelse</td></tr><tr><td><a href=\"http://snomed.info/id/554411000005101\">554411000005101</a></td><td>jobcenter</td><td>jobcenter</td></tr><tr><td><a href=\"http://snomed.info/id/550631000005103\">550631000005103</a></td><td>jordemoderklinik</td><td>jordemoderklinik</td></tr><tr><td><a href=\"http://snomed.info/id/550641000005106\">550641000005106</a></td><td>kiropraktor klinik</td><td>kiropraktor klinik</td></tr><tr><td><a href=\"http://snomed.info/id/557521000005101\">557521000005101</a></td><td>klinik for alternativ behandling</td><td>klinik for alternativ behandling</td></tr><tr><td><a href=\"http://snomed.info/id/550851000005109\">550851000005109</a></td><td>klinisk enhed</td><td>klinisk enhed</td></tr><tr><td><a href=\"http://snomed.info/id/547211000005108\">547211000005108</a></td><td>kommune</td><td>kommune</td></tr><tr><td><a href=\"http://snomed.info/id/557561000005105\">557561000005105</a></td><td>konsulentvirksomhed</td><td>konsulentvirksomhed</td></tr><tr><td><a href=\"http://snomed.info/id/557541000005106\">557541000005106</a></td><td>kosmetisk klinik</td><td>kosmetisk klinik</td></tr><tr><td><a href=\"http://snomed.info/id/550651000005108\">550651000005108</a></td><td>lægelaboratorium</td><td>lægelaboratorium</td></tr><tr><td><a href=\"http://snomed.info/id/550661000005105\">550661000005105</a></td><td>lægevagt</td><td>lægevagt</td></tr><tr><td><a href=\"http://snomed.info/id/551611000005102\">551611000005102</a></td><td>operationsgang</td><td>operationsgang</td></tr><tr><td><a href=\"http://snomed.info/id/557581000005102\">557581000005102</a></td><td>optikervirksomhed</td><td>optikervirksomhed</td></tr><tr><td><a href=\"http://snomed.info/id/557671000005101\">557671000005101</a></td><td>osteopatiklinik</td><td>osteopatiklinik</td></tr><tr><td><a href=\"http://snomed.info/id/309939001\">309939001</a></td><td>palliativ enhed</td><td>palliativ enhed</td></tr><tr><td><a href=\"http://snomed.info/id/42665001\">42665001</a></td><td>plejehjem</td><td>plejehjem</td></tr><tr><td><a href=\"http://snomed.info/id/550891000005100\">550891000005100</a></td><td>privat</td><td>privat</td></tr><tr><td><a href=\"http://snomed.info/id/554211000005102\">554211000005102</a></td><td>præhospitals enhed (snomed:  præhospitalsenhed)</td><td>præhospitals enhed (snomed:  præhospitalsenhed)</td></tr><tr><td><a href=\"http://snomed.info/id/554871000005105\">554871000005105</a></td><td>psykiatrienhed</td><td>psykiatrienhed</td></tr><tr><td><a href=\"http://snomed.info/id/550711000005101\">550711000005101</a></td><td>psykologisk rådgivningsklinik</td><td>psykologisk rådgivningsklinik</td></tr><tr><td><a href=\"http://snomed.info/id/556841000005105\">556841000005105</a></td><td>pædagogisk psykologisk rådgivning (PPR)</td><td>pædagogisk psykologisk rådgivning (PPR)</td></tr><tr><td><a href=\"http://snomed.info/id/702916001\">702916001</a></td><td>rehabiliteringsenhed</td><td>rehabiliteringsenhed</td></tr><tr><td><a href=\"http://snomed.info/id/225728007\">225728007</a></td><td>skadestue</td><td>skadestue</td></tr><tr><td><a href=\"http://snomed.info/id/550671000005100\">550671000005100</a></td><td>speciallægepraksis</td><td>speciallægepraksis</td></tr><tr><td><a href=\"http://snomed.info/id/264361005\">264361005</a></td><td>sundhedscenter</td><td>sundhedscenter</td></tr><tr><td><a href=\"http://snomed.info/id/554041000005106\">554041000005106</a></td><td>sundhedsforvaltning</td><td>sundhedsforvaltning</td></tr><tr><td><a href=\"http://snomed.info/id/554021000005101\">554021000005101</a></td><td>sundhedspleje</td><td>sundhedspleje</td></tr><tr><td><a href=\"http://snomed.info/id/554071000005100\">554071000005100</a></td><td>sygehusapotek</td><td>sygehusapotek</td></tr><tr><td><a href=\"http://snomed.info/id/703069008\">703069008</a></td><td>sygeplejeklinik</td><td>sygeplejeklinik</td></tr><tr><td><a href=\"http://snomed.info/id/550681000005102\">550681000005102</a></td><td>tandlægepraksis</td><td>tandlægepraksis</td></tr><tr><td><a href=\"http://snomed.info/id/550691000005104\">550691000005104</a></td><td>tandpleje klinik</td><td>tandpleje klinik</td></tr><tr><td><a href=\"http://snomed.info/id/550701000005104\">550701000005104</a></td><td>tandteknisk klinik</td><td>tandteknisk klinik</td></tr><tr><td><a href=\"http://snomed.info/id/554231000005106\">554231000005106</a></td><td>vaccinationsklinik</td><td>vaccinationsklinik</td></tr><tr><td><a href=\"http://snomed.info/id/554051000005108\">554051000005108</a></td><td>zoneterapiklinik</td><td>zoneterapiklinik</td></tr><tr><td><a href=\"http://snomed.info/id/550811000005108\">550811000005108</a></td><td>administrativ enhed</td><td>administrativ enhed</td></tr></table></li></ul></div>"},"url":"http://sundhedsdatastyrelsen.dk/terminologi/dk-ihe-healthcarefacilitytypecode-vs","version":"3.3.0","name":"DK_IHE_HealthcareFacilityTypeCode_VS","title":"DK_IHE_HealthcareFacilityTypeCode_VS","status":"active","experimental":false,"date":"2019-12-11T00:00:00+00:00","publisher":"Den telemedicinske infrastruktur (eHealth Infrastructure)","contact":[{"name":"Den telemedicinske infrastruktur (eHealth Infrastructure)","telecom":[{"system":"url","value":"http://ehealth.sundhed.dk"}]}],"description":"Allowed value set for healthcare facility type code represents the type of organizational setting of the clinical encounter during which the documented act occurred.","jurisdiction":[{"coding":[{"system":"urn:iso:std:iso:3166","code":"DK","display":"Denmark"}]}],"compose":{"include":[{"system":"http://snomed.info/sct","concept":[{"code":"557511000005107","display":"akupunkturklinik","designation":[{"language":"da","value":"akupunkturklinik"}]},{"code":"550871000005101","display":"akutmodtageenhed","designation":[{"language":"da","value":"akutmodtageenhed"}]},{"code":"394761003","display":"almen lægepraksis","designation":[{"language":"da","value":"almen lægepraksis"}]},{"code":"264372000","display":"apotek","designation":[{"language":"da","value":"apotek"}]},{"code":"557501000005109","display":"apoteksfilial","designation":[{"language":"da","value":"apoteksfilial"}]},{"code":"554851000005102","display":"asylcenter","designation":[{"language":"da","value":"asylcenter"}]},{"code":"557531000005103","display":"bandagistklinik","designation":[{"language":"da","value":"bandagistklinik"}]},{"code":"20078004","display":"behandlingscenter for stofmisbrugere","designation":[{"language":"da","value":"behandlingscenter for stofmisbrugere"}]},{"code":"722173008","display":"behandlingsenhed i fængsel eller arresthus","designation":[{"language":"da","value":"behandlingsenhed i fængsel eller arresthus"}]},{"code":"309964003","display":"billeddiagnostisk enhed","designation":[{"language":"da","value":"billeddiagnostisk enhed\n"}]},{"code":"554221000005108","display":"bosted","designation":[{"language":"da","value":"bosted"}]},{"code":"56781000005109","display":"center for misbrugsbehandling","designation":[{"language":"da","value":"center for misbrugsbehandling"}]},{"code":"557881000005104","display":"COVID-19-testenhed","designation":[{"language":"da","value":"COVID-19-testenhed"}]},{"code":"554031000005103","display":"diætistklinik","designation":[{"language":"da","value":"diætistklinik"}]},{"code":"557891000005101","display":"enhed for aktivitetstilbud","designation":[{"language":"da","value":"enhed for aktivitetstilbud"}]},{"code":"546821000005103","display":"ergoterapiklinik","designation":[{"language":"da","value":"ergoterapiklinik"}]},{"code":"702871004","display":"fertilitetsklinik","designation":[{"language":"da","value":"fertilitetsklinik"}]},{"code":"554061000005105","display":"statsautoriseret fodterapeut (snomed:  fodterapeutklinik)","designation":[{"language":"da","value":"statsautoriseret fodterapeut (snomed:  fodterapeutklinik)"}]},{"code":"557901000005102","display":"forebyggende hjemmebesøgsenhed","designation":[{"language":"da","value":"forebyggende hjemmebesøgsenhed"}]},{"code":"550861000005106","display":"fysioterapi- og ergoterapiklinik","designation":[{"language":"da","value":"fysioterapi- og ergoterapiklinik"}]},{"code":"547011000005103","display":"fysioterapiklinik","designation":[{"language":"da","value":"fysioterapiklinik"}]},{"code":"546811000005109","display":"genoptræningscenter (snomed: rehabiliteringscenter)","designation":[{"language":"da","value":"genoptræningscenter (snomed: rehabiliteringscenter)"}]},{"code":"554881000005108","display":"handicap- og psykiatrienhed","designation":[{"language":"da","value":"handicap- og psykiatrienhed"}]},{"code":"554861000005100","display":"handicapenhed","designation":[{"language":"da","value":"handicapenhed"}]},{"code":"554821000005109","display":"hjemmeplejeenhed","designation":[{"language":"da","value":"hjemmeplejeenhed"}]},{"code":"550621000005101","display":"hjemmesygepleje","designation":[{"language":"da","value":"hjemmesygepleje"}]},{"code":"284546000","display":"hospice","designation":[{"language":"da","value":"hospice"}]},{"code":"22232009","display":"hospital","designation":[{"language":"da","value":"hospital"}]},{"code":"702824005","display":"hørecenter","designation":[{"language":"da","value":"hørecenter"}]},{"code":"309904001","display":"intensivenhed","designation":[{"language":"da","value":"intensivenhed"}]},{"code":"557591000005104","display":"internetbaseret sundhedsydelse","designation":[{"language":"da","value":"internetbaseret sundhedsydelse"}]},{"code":"554411000005101","display":"jobcenter","designation":[{"language":"da","value":"jobcenter"}]},{"code":"550631000005103","display":"jordemoderklinik","designation":[{"language":"da","value":"jordemoderklinik"}]},{"code":"550641000005106","display":"kiropraktor klinik","designation":[{"language":"da","value":"kiropraktor klinik"}]},{"code":"557521000005101","display":"klinik for alternativ behandling","designation":[{"language":"da","value":"klinik for alternativ behandling"}]},{"code":"550851000005109","display":"klinisk enhed","designation":[{"language":"da","value":"klinisk enhed"}]},{"code":"547211000005108","display":"kommune","designation":[{"language":"da","value":"kommune"}]},{"code":"557561000005105","display":"konsulentvirksomhed","designation":[{"language":"da","value":"konsulentvirksomhed"}]},{"code":"557541000005106","display":"kosmetisk klinik","designation":[{"language":"da","value":"kosmetisk klinik"}]},{"code":"550651000005108","display":"lægelaboratorium","designation":[{"language":"da","value":"lægelaboratorium"}]},{"code":"550661000005105","display":"lægevagt","designation":[{"language":"da","value":"lægevagt"}]},{"code":"551611000005102","display":"operationsgang","designation":[{"language":"da","value":"operationsgang"}]},{"code":"557581000005102","display":"optikervirksomhed","designation":[{"language":"da","value":"optikervirksomhed"}]},{"code":"557671000005101","display":"osteopatiklinik","designation":[{"language":"da","value":"osteopatiklinik"}]},{"code":"309939001","display":"palliativ enhed","designation":[{"language":"da","value":"palliativ enhed"}]},{"code":"42665001","display":"plejehjem","designation":[{"language":"da","value":"plejehjem"}]},{"code":"550891000005100","display":"privat","designation":[{"language":"da","value":"privat"}]},{"code":"554211000005102","display":"præhospitals enhed (snomed:  præhospitalsenhed)","designation":[{"language":"da","value":"præhospitals enhed (snomed:  præhospitalsenhed)"}]},{"code":"554871000005105","display":"psykiatrienhed","designation":[{"language":"da","value":"psykiatrienhed"}]},{"code":"550711000005101","display":"psykologisk rådgivningsklinik","designation":[{"language":"da","value":"psykologisk rådgivningsklinik"}]},{"code":"556841000005105","display":"pædagogisk psykologisk rådgivning (PPR)","designation":[{"language":"da","value":"pædagogisk psykologisk rådgivning (PPR)"}]},{"code":"702916001","display":"rehabiliteringsenhed","designation":[{"language":"da","value":"rehabiliteringsenhed"}]},{"code":"225728007","display":"skadestue","designation":[{"language":"da","value":"skadestue"}]},{"code":"550671000005100","display":"speciallægepraksis","designation":[{"language":"da","value":"speciallægepraksis"}]},{"code":"264361005","display":"sundhedscenter","designation":[{"language":"da","value":"sundhedscenter"}]},{"code":"554041000005106","display":"sundhedsforvaltning","designation":[{"language":"da","value":"sundhedsforvaltning"}]},{"code":"554021000005101","display":"sundhedspleje","designation":[{"language":"da","value":"sundhedspleje"}]},{"code":"554071000005100","display":"sygehusapotek","designation":[{"language":"da","value":"sygehusapotek"}]},{"code":"703069008","display":"sygeplejeklinik","designation":[{"language":"da","value":"sygeplejeklinik"}]},{"code":"550681000005102","display":"tandlægepraksis","designation":[{"language":"da","value":"tandlægepraksis"}]},{"code":"550691000005104","display":"tandpleje klinik","designation":[{"language":"da","value":"tandpleje klinik"}]},{"code":"550701000005104","display":"tandteknisk klinik","designation":[{"language":"da","value":"tandteknisk klinik"}]},{"code":"554231000005106","display":"vaccinationsklinik","designation":[{"language":"da","value":"vaccinationsklinik"}]},{"code":"554051000005108","display":"zoneterapiklinik","designation":[{"language":"da","value":"zoneterapiklinik"}]},{"code":"550811000005108","display":"administrativ enhed","designation":[{"language":"da","value":"administrativ enhed"}]}]}]}}