{"resourceType":"ValueSet","id":"ehealth-action","text":{"status":"generated","div":"<div xmlns=\"http://www.w3.org/1999/xhtml\"><p class=\"res-header-id\"><b>Generated Narrative: ValueSet ehealth-action</b></p><a name=\"ehealth-action\"> </a><a name=\"hcehealth-action\"> </a><a name=\"ehealth-action-da-DK\"> </a><ul><li>Include all codes defined in <a href=\"CodeSystem-ehealth-action.html\"><code>http://ehealth.sundhed.dk/cs/action</code></a></li></ul></div>"},"url":"http://ehealth.sundhed.dk/vs/action","version":"3.3.0","name":"Action","title":"Action","status":"active","experimental":true,"date":"2021-10-22T00:00:00+00:00","publisher":"Den telemedicinske infrastruktur (eHealth Infrastructure)","contact":[{"name":"Den telemedicinske infrastruktur (eHealth Infrastructure)","telecom":[{"system":"url","value":"http://ehealth.sundhed.dk"}]}],"description":"action status.","jurisdiction":[{"coding":[{"system":"urn:iso:std:iso:3166","code":"DK","display":"Denmark"}]}],"compose":{"include":[{"system":"http://ehealth.sundhed.dk/cs/action"}]}}