{"resourceType":"CodeSystem","id":"fs3-health-nutrition","text":{"status":"generated","div":"<div xmlns=\"http://www.w3.org/1999/xhtml\"><p class=\"res-header-id\"><b>Generated Narrative: CodeSystem fs3-health-nutrition</b></p><a name=\"fs3-health-nutrition\"> </a><a name=\"hcfs3-health-nutrition\"> </a><p>This  code system <code>http://ehealth.sundhed.dk/cs/fs3-health-nutrition</code> defines the following codes:</p><table class=\"codes\"><tr><td style=\"white-space:nowrap\"><b>Code</b></td><td><b>Display</b></td><td><b>Dansk (Danish, da)</b></td></tr><tr><td style=\"white-space:nowrap\">FLUID_INTAKE<a name=\"fs3-health-nutrition-FLUID_INTAKE\"> </a></td><td>Problemer med væskeindtag</td><td>Problemer med væskeindtag</td></tr><tr><td style=\"white-space:nowrap\">FOOD_INTAKE<a name=\"fs3-health-nutrition-FOOD_INTAKE\"> </a></td><td>Problemer med fødeindtag</td><td>Problemer med fødeindtag</td></tr><tr><td style=\"white-space:nowrap\">WEIGHT_CHANGE<a name=\"fs3-health-nutrition-WEIGHT_CHANGE\"> </a></td><td>Uhensigtsmæssig vægtændring</td><td>Uhensigtsmæssig vægtændring</td></tr><tr><td style=\"white-space:nowrap\">OVERWEIGHT<a name=\"fs3-health-nutrition-OVERWEIGHT\"> </a></td><td>Problemer med overvægt</td><td>Problemer med overvægt</td></tr><tr><td style=\"white-space:nowrap\">UNDERWEIGHT<a name=\"fs3-health-nutrition-UNDERWEIGHT\"> </a></td><td>Problemer med undervægt</td><td>Problemer med undervægt</td></tr></table></div>"},"url":"http://ehealth.sundhed.dk/cs/fs3-health-nutrition","version":"6.0.0","name":"FS III, Ernæring","title":"FS III, Ernæring","status":"active","experimental":true,"date":"2019-02-02T00:00:00+00:00","publisher":"Den telemedicinske infrastruktur (eHealth Infrastructure)","contact":[{"name":"Den telemedicinske infrastruktur (eHealth Infrastructure)","telecom":[{"system":"url","value":"http://ehealth.sundhed.dk"}]}],"description":"FS III, Ernæring","jurisdiction":[{"coding":[{"system":"urn:iso:std:iso:3166","code":"DK","display":"Denmark"}]}],"content":"complete","concept":[{"code":"FLUID_INTAKE","display":"Problemer med væskeindtag","designation":[{"language":"da","value":"Problemer med væskeindtag"},{"use":{"system":"http://terminology.hl7.org/CodeSystem/hl7TermMaintInfra","code":"preferredForLanguage"},"value":"Problemer med væskeindtag"}]},{"code":"FOOD_INTAKE","display":"Problemer med fødeindtag","designation":[{"language":"da","value":"Problemer med fødeindtag"},{"use":{"system":"http://terminology.hl7.org/CodeSystem/hl7TermMaintInfra","code":"preferredForLanguage"},"value":"Problemer med fødeindtag"}]},{"code":"WEIGHT_CHANGE","display":"Uhensigtsmæssig vægtændring","designation":[{"language":"da","value":"Uhensigtsmæssig vægtændring"},{"use":{"system":"http://terminology.hl7.org/CodeSystem/hl7TermMaintInfra","code":"preferredForLanguage"},"value":"Uhensigtsmæssig vægtændring"}]},{"code":"OVERWEIGHT","display":"Problemer med overvægt","designation":[{"language":"da","value":"Problemer med overvægt"},{"use":{"system":"http://terminology.hl7.org/CodeSystem/hl7TermMaintInfra","code":"preferredForLanguage"},"value":"Problemer med overvægt"}]},{"code":"UNDERWEIGHT","display":"Problemer med undervægt","designation":[{"language":"da","value":"Problemer med undervægt"},{"use":{"system":"http://terminology.hl7.org/CodeSystem/hl7TermMaintInfra","code":"preferredForLanguage"},"value":"Problemer med undervægt"}]}]}