{"resourceType":"CodeSystem","id":"ehealth-administrative-status","text":{"status":"generated","div":"<div xmlns=\"http://www.w3.org/1999/xhtml\"><p class=\"res-header-id\"><b>Generated Narrative: CodeSystem ehealth-administrative-status</b></p><a name=\"ehealth-administrative-status\"> </a><a name=\"hcehealth-administrative-status\"> </a><p>This case-sensitive code system <code>http://ehealth.sundhed.dk/cs/administrative-status</code> defines the following codes:</p><table class=\"codes\"><tr><td style=\"white-space:nowrap\"><b>Code</b></td><td><b>Display</b></td><td><b>Dansk (Danish, da)</b></td></tr><tr><td style=\"white-space:nowrap\">activate<a name=\"ehealth-administrative-status-activate\"> </a></td><td>Activate</td><td>Ikke læst</td></tr><tr><td style=\"white-space:nowrap\">read<a name=\"ehealth-administrative-status-read\"> </a></td><td>Read</td><td>Læst</td></tr><tr><td style=\"white-space:nowrap\">reactivate<a name=\"ehealth-administrative-status-reactivate\"> </a></td><td>Reactivate</td><td>Genåbnet</td></tr><tr><td style=\"white-space:nowrap\">complete<a name=\"ehealth-administrative-status-complete\"> </a></td><td>Complete</td><td>Færdigbehandlet</td></tr></table></div>"},"url":"http://ehealth.sundhed.dk/cs/administrative-status","version":"6.0.0","name":"AdministrativeStatus","title":"Administrative Status","status":"active","experimental":false,"date":"2019-08-05T00:00:00+00:00","publisher":"Den telemedicinske infrastruktur (eHealth Infrastructure)","contact":[{"name":"Den telemedicinske infrastruktur (eHealth Infrastructure)","telecom":[{"system":"url","value":"http://ehealth.sundhed.dk"}]}],"description":"Administrative status","jurisdiction":[{"coding":[{"system":"urn:iso:std:iso:3166","code":"DK","display":"Denmark"}]}],"caseSensitive":true,"content":"complete","concept":[{"code":"activate","display":"Activate","designation":[{"language":"da","value":"Ikke læst"},{"use":{"system":"http://terminology.hl7.org/CodeSystem/hl7TermMaintInfra","code":"preferredForLanguage"},"value":"Activate"}]},{"code":"read","display":"Read","designation":[{"language":"da","value":"Læst"},{"use":{"system":"http://terminology.hl7.org/CodeSystem/hl7TermMaintInfra","code":"preferredForLanguage"},"value":"Read"}]},{"code":"reactivate","display":"Reactivate","designation":[{"language":"da","value":"Genåbnet"},{"use":{"system":"http://terminology.hl7.org/CodeSystem/hl7TermMaintInfra","code":"preferredForLanguage"},"value":"Reactivate"}]},{"code":"complete","display":"Complete","designation":[{"language":"da","value":"Færdigbehandlet"},{"use":{"system":"http://terminology.hl7.org/CodeSystem/hl7TermMaintInfra","code":"preferredForLanguage"},"value":"Complete"}]}]}