{"resourceType":"ValueSet","id":"ehealth-provenance-policies","text":{"status":"generated","div":"<div xmlns=\"http://www.w3.org/1999/xhtml\"><p class=\"res-header-id\"><b>Generated Narrative: ValueSet ehealth-provenance-policies</b></p><a name=\"ehealth-provenance-policies\"> </a><a name=\"hcehealth-provenance-policies\"> </a><ul><li>Include all codes defined in <a href=\"CodeSystem-ehealth-provenance-policies.html\"><code>http://ehealth.sundhed.dk/cs/ehealth-provenance-policies</code></a><span title=\"Version is not explicitly stated, which means it is fixed to the version provided in this specification\"> version &#x1F4E6;6.0.0</span></li></ul></div>"},"url":"http://ehealth.sundhed.dk/vs/ehealth-provenance-policies","version":"6.0.0","name":"Policies for provenances","title":"Policies for provenances","status":"active","experimental":false,"date":"2019-02-02T00:00:00+00:00","publisher":"Den telemedicinske infrastruktur (eHealth Infrastructure)","contact":[{"name":"Den telemedicinske infrastruktur (eHealth Infrastructure)","telecom":[{"system":"url","value":"http://ehealth.sundhed.dk"}]}],"description":"Policies under which data can be provided","jurisdiction":[{"coding":[{"system":"urn:iso:std:iso:3166","code":"DK","display":"Denmark"}]}],"compose":{"include":[{"system":"http://ehealth.sundhed.dk/cs/ehealth-provenance-policies"}]}}