{"resourceType":"ValueSet","id":"ehealth-usage-quality","text":{"status":"generated","div":"<div xmlns=\"http://www.w3.org/1999/xhtml\"><p class=\"res-header-id\"><b>Generated Narrative: ValueSet ehealth-usage-quality</b></p><a name=\"ehealth-usage-quality\"> </a><a name=\"hcehealth-usage-quality\"> </a><ul><li>Include all codes defined in <a href=\"CodeSystem-ehealth-usage-quality.html\"><code>http://ehealth.sundhed.dk/cs/usage-quality</code></a><span title=\"Version is not explicitly stated, which means it is fixed to the version provided in this specification\"> version &#x1F4E6;6.0.0</span></li></ul></div>"},"url":"http://ehealth.sundhed.dk/vs/usage-quality","version":"6.0.0","name":"UsageQuality","title":"Usage Quality","status":"active","experimental":true,"date":"2019-02-13T00:00:00+00:00","publisher":"Den telemedicinske infrastruktur (eHealth Infrastructure)","contact":[{"name":"Den telemedicinske infrastruktur (eHealth Infrastructure)","telecom":[{"system":"url","value":"http://ehealth.sundhed.dk"}]}],"description":"Value set of hierarchical codes stating the quality of the user's operation of a device/ability to qualify questionnaire answers.","jurisdiction":[{"coding":[{"system":"urn:iso:std:iso:3166","code":"DK","display":"Denmark"}]}],"compose":{"include":[{"system":"http://ehealth.sundhed.dk/cs/usage-quality"}]}}