{"resourceType":"OperationDefinition","id":"-s-fetch-patient-usage-stats","text":{"status":"generated","div":"<div xmlns=\"http://www.w3.org/1999/xhtml\">Operation</div>"},"url":"http://ehealth.sundhed.dk/fhir/OperationDefinition/-s-fetch-patient-usage-stats","version":"5.0.0","name":"fetch-patient-usage-stats","title":"Fetch unique active citizens total","status":"active","kind":"operation","date":"2025-08-11T11:41:57+00:00","publisher":"Den telemedicinske infrastruktur (eHealth Infrastructure)","contact":[{"name":"Den telemedicinske infrastruktur (eHealth Infrastructure)","telecom":[{"system":"url","value":"http://ehealth.sundhed.dk"}]}],"description":"### Report Contents\nThis report contains an overview of the number of unique active citizens with Episodes of Care, shown both on monthly and yearly basis.\n### Grouping \nThis report is grouped by months and years. All groups are contained in the same JSON file.\n### Parameters\n- None\n### Output\nOutput can be found in Binary.content. This is a Base64 encoded .zip file containing a JSon file corresponding to the report groups.\n### Example output\nAll returned objects are Fhir resources. See the implementation guide for details\nFirst example is the monthly data:\n\n{\n\t'PatientsUsageSummary': {\n\t\t'monthData': [\n\t\t\t{\n\t\t\t\t'month': '1',\n\t\t\t\t'year': '1970',\n\t\t\t\t'entries': [\n\t\t\t\t\t{\n\t\t\t\t\t\t'name': 'uniquePatientsWithEpisodeOfCareBeingActiveSevenOrMoreDays',\n\t\t\t\t\t\t'count': 1,\n\t\t\t\t\t\t'percentChangeFromLastMonth': 0.0\n\t\t\t\t\t},\n\t\t\t\t\t{\n\t\t\t\t\t\t'name': 'uniquePatientsWithEpisodeOfCare',\n\t\t\t\t\t\t'count': 1,\n\t\t\t\t\t\t'percentChangeFromLastMonth': 0.0\n\t\t\t\t\t}\n\t\t\t\t]\n\t\t\t},\n\t\t\t{\n\t\t\t\t'month': '2',\n\t\t\t\t'year': '1970',\n\t\t\t\t'entries': [\n\t\t\t\t\t{\n\t\t\t\t\t\t'name': 'uniquePatientsWithEpisodeOfCareBeingActiveSevenOrMoreDays',\n\t\t\t\t\t\t'count': 1,\n\t\t\t\t\t\t'percentChangeFromLastMonth': 0.0\n\t\t\t\t\t},\n\t\t\t\t\t{\n\t\t\t\t\t\t'name': 'uniquePatientsWithEpisodeOfCare',\n\t\t\t\t\t\t'count': 1,\n\t\t\t\t\t\t'percentChangeFromLastMonth': 0.0\n\t\t\t\t\t}\n\t\t\t\t]\n\t\t\t},\n\t\t\t{\n\t\t\t\t'month': '3',\n\t\t\t\t'year': '1970',\n\t\t\t\t'entries': [\n\t\t\t\t\t{\n\t\t\t\t\t\t'name': 'uniquePatientsWithEpisodeOfCareBeingActiveSevenOrMoreDays',\n\t\t\t\t\t\t'count': 1,\n\t\t\t\t\t\t'percentChangeFromLastMonth': 0.0\n\t\t\t\t\t},\n\t\t\t\t\t{\n\t\t\t\t\t\t'name': 'uniquePatientsWithEpisodeOfCare',\n\t\t\t\t\t\t'count': 1,\n\t\t\t\t\t\t'percentChangeFromLastMonth': 0.0\n\t\t\t\t\t}\n\t\t\t\t]\n\t\t\t},\n\t\t\t{\n\t\t\t\t'month': '4',\n\t\t\t\t'year': '1970',\n\t\t\t\t'entries': [\n\t\t\t\t\t{\n\t\t\t\t\t\t'name': 'uniquePatientsWithEpisodeOfCareBeingActiveSevenOrMoreDays',\n\t\t\t\t\t\t'count': 1,\n\t\t\t\t\t\t'percentChangeFromLastMonth': 0.0\n\t\t\t\t\t},\n\t\t\t\t\t{\n\t\t\t\t\t\t'name': 'uniquePatientsWithEpisodeOfCare',\n\t\t\t\t\t\t'count': 1,\n\t\t\t\t\t\t'percentChangeFromLastMonth': 0.0\n\t\t\t\t\t}\n\t\t\t\t]\n\t\t\t},\n\t\t\t{\n\t\t\t\t'month': '5',\n\t\t\t\t'year': '1970',\n\t\t\t\t'entries': [\n\t\t\t\t\t{\n\t\t\t\t\t\t'name': 'uniquePatientsWithEpisodeOfCareBeingActiveSevenOrMoreDays',\n\t\t\t\t\t\t'count': 1,\n\t\t\t\t\t\t'percentChangeFromLastMonth': 0.0\n\t\t\t\t\t},\n\t\t\t\t\t{\n\t\t\t\t\t\t'name': 'uniquePatientsWithEpisodeOfCare',\n\t\t\t\t\t\t'count': 1,\n\t\t\t\t\t\t'percentChangeFromLastMonth': 0.0\n\t\t\t\t\t}\n\t\t\t\t]\n\t\t\t},\n\t\t\t{\n\t\t\t\t'month': '6',\n\t\t\t\t'year': '1970',\n\t\t\t\t'entries': [\n\t\t\t\t\t{\n\t\t\t\t\t\t'name': 'uniquePatientsWithEpisodeOfCareBeingActiveSevenOrMoreDays',\n\t\t\t\t\t\t'count': 1,\n\t\t\t\t\t\t'percentChangeFromLastMonth': 0.0\n\t\t\t\t\t},\n\t\t\t\t\t{\n\t\t\t\t\t\t'name': 'uniquePatientsWithEpisodeOfCare',\n\t\t\t\t\t\t'count': 1,\n\t\t\t\t\t\t'percentChangeFromLastMonth': 0.0\n\t\t\t\t\t}\n\t\t\t\t]\n\t\t\t},\n\t\t\t{\n\t\t\t\t'month': '7',\n\t\t\t\t'year': '1970',\n\t\t\t\t'entries': [\n\t\t\t\t\t{\n\t\t\t\t\t\t'name': 'uniquePatientsWithEpisodeOfCareBeingActiveSevenOrMoreDays',\n\t\t\t\t\t\t'count': 1,\n\t\t\t\t\t\t'percentChangeFromLastMonth': 0.0\n\t\t\t\t\t},\n\t\t\t\t\t{\n\t\t\t\t\t\t'name': 'uniquePatientsWithEpisodeOfCare',\n\t\t\t\t\t\t'count': 1,\n\t\t\t\t\t\t'percentChangeFromLastMonth': 0.0\n\t\t\t\t\t}\n\t\t\t\t]\n\t\t\t},\n\t\t\t{\n\t\t\t\t'month': '8',\n\t\t\t\t'year': '1970',\n\t\t\t\t'entries': [\n\t\t\t\t\t{\n\t\t\t\t\t\t'name': 'uniquePatientsWithEpisodeOfCareBeingActiveSevenOrMoreDays',\n\t\t\t\t\t\t'count': 1,\n\t\t\t\t\t\t'percentChangeFromLastMonth': 0.0\n\t\t\t\t\t},\n\t\t\t\t\t{\n\t\t\t\t\t\t'name': 'uniquePatientsWithEpisodeOfCare',\n\t\t\t\t\t\t'count': 1,\n\t\t\t\t\t\t'percentChangeFromLastMonth': 0.0\n\t\t\t\t\t}\n\t\t\t\t]\n\t\t\t},\n\t\t\t{\n\t\t\t\t'month': '9',\n\t\t\t\t'year': '1970',\n\t\t\t\t'entries': [\n\t\t\t\t\t{\n\t\t\t\t\t\t'name': 'uniquePatientsWithEpisodeOfCareBeingActiveSevenOrMoreDays',\n\t\t\t\t\t\t'count': 1,\n\t\t\t\t\t\t'percentChangeFromLastMonth': 0.0\n\t\t\t\t\t},\n\t\t\t\t\t{\n\t\t\t\t\t\t'name': 'uniquePatientsWithEpisodeOfCare',\n\t\t\t\t\t\t'count': 1,\n\t\t\t\t\t\t'percentChangeFromLastMonth': 0.0\n\t\t\t\t\t}\n\t\t\t\t]\n\t\t\t},\n\t\t\t{\n\t\t\t\t'month': '10',\n\t\t\t\t'year': '1970',\n\t\t\t\t'entries': [\n\t\t\t\t\t{\n\t\t\t\t\t\t'name': 'uniquePatientsWithEpisodeOfCareBeingActiveSevenOrMoreDays',\n\t\t\t\t\t\t'count': 1,\n\t\t\t\t\t\t'percentChangeFromLastMonth': 0.0\n\t\t\t\t\t},\n\t\t\t\t\t{\n\t\t\t\t\t\t'name': 'uniquePatientsWithEpisodeOfCare',\n\t\t\t\t\t\t'count': 1,\n\t\t\t\t\t\t'percentChangeFromLastMonth': 0.0\n\t\t\t\t\t}\n\t\t\t\t]\n\t\t\t},\n\t\t\t{\n\t\t\t\t'month': '11',\n\t\t\t\t'year': '1970',\n\t\t\t\t'entries': [\n\t\t\t\t\t{\n\t\t\t\t\t\t'name': 'uniquePatientsWithEpisodeOfCareBeingActiveSevenOrMoreDays',\n\t\t\t\t\t\t'count': 1,\n\t\t\t\t\t\t'percentChangeFromLastMonth': 0.0\n\t\t\t\t\t},\n\t\t\t\t\t{\n\t\t\t\t\t\t'name': 'uniquePatientsWithEpisodeOfCare',\n\t\t\t\t\t\t'count': 1,\n\t\t\t\t\t\t'percentChangeFromLastMonth': 0.0\n\t\t\t\t\t}\n\t\t\t\t]\n\t\t\t},\n\t\t\t{\n\t\t\t\t'month': '12',\n\t\t\t\t'year': '1970',\n\t\t\t\t'entries': [\n\t\t\t\t\t{\n\t\t\t\t\t\t'name': 'uniquePatientsWithEpisodeOfCareBeingActiveSevenOrMoreDays',\n\t\t\t\t\t\t'count': 1,\n\t\t\t\t\t\t'percentChangeFromLastMonth': 0.0\n\t\t\t\t\t},\n\t\t\t\t\t{\n\t\t\t\t\t\t'name': 'uniquePatientsWithEpisodeOfCare',\n\t\t\t\t\t\t'count': 1,\n\t\t\t\t\t\t'percentChangeFromLastMonth': 0.0\n\t\t\t\t\t}\n\t\t\t\t]\n\t\t\t}\n      ]\n   }\n}\n\nSecond example is the yearly data:\n\n{\n\t'PatientsUsageSummary': {\n\t\t'yearData': [\n\t\t\t{\n\t\t\t\t'year': '1970',\n\t\t\t\t'entries': [\n\t\t\t\t\t{\n\t\t\t\t\t\t'name': 'uniquePatientsWithEpisodeOfCareBeingActiveSevenOrMoreDays',\n\t\t\t\t\t\t'count': 12,\n\t\t\t\t\t\t'average': 1.0,\n\t\t\t\t\t\t'usageBaseline': 10000,\n\t\t\t\t\t\t'averageRounded': 1000.0,\n\t\t\t\t\t\t'averageBeyondBaseline': 0\n\t\t\t\t\t},\n\t\t\t\t\t{\n\t\t\t\t\t\t'name': 'uniquePatientsWithEpisodeOfCare',\n\t\t\t\t\t\t'count': 12,\n\t\t\t\t\t\t'average': 1.0,\n\t\t\t\t\t\t'usageBaseline': 10000,\n\t\t\t\t\t\t'averageRounded': 1000.0,\n\t\t\t\t\t\t'averageBeyondBaseline': 0\n\t\t\t\t\t}\n\t\t\t\t]\n\t\t\t}\n      ]\n   }\n}\n","jurisdiction":[{"coding":[{"system":"urn:iso:std:iso:3166","code":"DK","display":"Denmark"}]}],"affectsState":true,"code":"fetch-patient-usage-stats","system":true,"type":false,"instance":false,"parameter":[{"name":"anonymization","use":"in","min":1,"max":"1","type":"string"},{"name":"return","use":"out","min":0,"max":"1","type":"Binary"}]}