{"resourceType":"OperationDefinition","id":"-s-transform-to-APD","text":{"status":"generated","div":"<div xmlns=\"http://www.w3.org/1999/xhtml\">Operation</div>"},"url":"http://ehealth.sundhed.dk/fhir/OperationDefinition/-s-transform-to-APD","version":"5.0.0","name":"transform-to-APD","title":"Transform to APD","status":"active","kind":"operation","date":"2025-08-11T11:41:57+00:00","publisher":"Den telemedicinske infrastruktur (eHealth Infrastructure)","contact":[{"name":"Den telemedicinske infrastruktur (eHealth Infrastructure)","telecom":[{"system":"url","value":"http://ehealth.sundhed.dk"}]}],"description":"Transforms a FHIR Appointment (ehealth-appointment profile) resource to a DK-HL7 Appointment Document (APD) XML document. The input FHIR Bundle contains a FHIR Composition (ehealth-composition profile) resource referencing a FHIR Appointment (ehealth-appointment profile) resource and referenced resources such as FHIR Organization. The returned FHIR DocumentReference contains the APD XML document adhering to the DK-HL7 Appointment Document profile.","jurisdiction":[{"coding":[{"system":"urn:iso:std:iso:3166","code":"DK","display":"Denmark"}]}],"affectsState":false,"code":"transform-to-APD","system":true,"type":false,"instance":false,"parameter":[{"name":"bundle","use":"in","min":0,"max":"1","type":"Bundle"},{"name":"documentReference","use":"out","min":0,"max":"1","type":"DocumentReference"}]}