{"resourceType":"ValueSet","id":"ehealth-practice-setting-codes","text":{"status":"generated","div":"<div xmlns=\"http://www.w3.org/1999/xhtml\"><p class=\"res-header-id\"><b>Generated Narrative: Værdisæt ehealth-practice-setting-codes</b></p><a name=\"ehealth-practice-setting-codes\"> </a><a name=\"hcehealth-practice-setting-codes\"> </a><ul><li>Import all the codes that are contained in <a href=\"ValueSet-sor-organization-specialty.html\">SorOrganizationSpecialty</a></li></ul></div>"},"url":"http://ehealth.sundhed.dk/vs/practice-setting-codes","version":"5.0.0","name":"PracticeSettingCodes","title":"Practice Setting Codes","status":"active","experimental":true,"date":"2019-02-08T00:00:00+00:00","publisher":"Den telemedicinske infrastruktur (eHealth Infrastructure)","contact":[{"name":"Den telemedicinske infrastruktur (eHealth Infrastructure)","telecom":[{"system":"url","value":"http://ehealth.sundhed.dk"}]}],"description":"Value set used for indicating the specialty for organizations.","jurisdiction":[{"coding":[{"system":"urn:iso:std:iso:3166","code":"DK","display":"Denmark"}]}],"compose":{"include":[{"valueSet":["http://ehealth.sundhed.dk/vs/sor-organization-specialty"]}]}}