{"resourceType":"ValueSet","id":"ehealth-careteam-participant-role","text":{"status":"generated","div":"<div xmlns=\"http://www.w3.org/1999/xhtml\"><p class=\"res-header-id\"><b>Generated Narrative: Værdisæt ehealth-careteam-participant-role</b></p><a name=\"ehealth-careteam-participant-role\"> </a><a name=\"hcehealth-careteam-participant-role\"> </a><ul><li>Include all codes defined in <a href=\"CodeSystem-ehealth-careteam-participant-role.html\"><code>http://ehealth.sundhed.dk/cs/careteam-participant-role</code></a></li></ul></div>"},"url":"http://ehealth.sundhed.dk/vs/careteam-participant-role","version":"5.0.0","name":"CareTeamParticipantRole","title":"CareTeam Participant Role","status":"active","experimental":true,"date":"2019-02-08T00:00:00+00:00","publisher":"Den telemedicinske infrastruktur (eHealth Infrastructure)","contact":[{"name":"Den telemedicinske infrastruktur (eHealth Infrastructure)","telecom":[{"system":"url","value":"http://ehealth.sundhed.dk"}]}],"description":"Care Team Participant Role.","jurisdiction":[{"coding":[{"system":"urn:iso:std:iso:3166","code":"DK","display":"Denmark"}]}],"compose":{"include":[{"system":"http://ehealth.sundhed.dk/cs/careteam-participant-role"}]}}