{"resourceType":"ValueSet","id":"ehealth-designation-use","text":{"status":"generated","div":"<div xmlns=\"http://www.w3.org/1999/xhtml\"><p class=\"res-header-id\"><b>Generated Narrative: Værdisæt ehealth-designation-use</b></p><a name=\"ehealth-designation-use\"> </a><a name=\"hcehealth-designation-use\"> </a><ul><li>Include all codes defined in <a href=\"CodeSystem-ehealth-designation-use.html\"><code>http://ehealth.sundhed.dk/cs/ehealth-designation-use</code></a></li></ul></div>"},"url":"http://ehealth.sundhed.dk/vs/ehealth-designation-use","version":"5.0.0","name":"eHealthDesignationUse","title":"eHealth Designation Use","status":"active","experimental":false,"date":"2025-03-05T09:00:00+00:00","publisher":"Den telemedicinske infrastruktur (eHealth Infrastructure)","contact":[{"name":"Den telemedicinske infrastruktur (eHealth Infrastructure)","telecom":[{"system":"url","value":"http://ehealth.sundhed.dk"}]}],"description":"Details of how a designation would be used.","jurisdiction":[{"coding":[{"system":"urn:iso:std:iso:3166","code":"DK","display":"Denmark"}]}],"compose":{"include":[{"system":"http://ehealth.sundhed.dk/cs/ehealth-designation-use"}]}}