<?xml version="1.0" encoding="UTF-8"?>

<CodeSystem xmlns="http://hl7.org/fhir">
  <id value="ehealth-document-type"/>
  <text>
    <status value="generated"/><div xmlns="http://www.w3.org/1999/xhtml"><p>This case-sensitive code system <code>http://ehealth.sundhed.dk/cs/document-type</code> defines the following codes:</p><table class="codes"><tr><td style="white-space:nowrap"><b>Code</b></td><td><b>Display</b></td><td><b>Definition</b></td><td><b>Dansk (Danish, da)</b></td></tr><tr><td style="white-space:nowrap">TBD<a name="ehealth-document-type-TBD"> </a></td><td>Example value - Under construction</td><td>Example value - Under construction</td><td>Midlertidig værdi</td></tr><tr><td style="white-space:nowrap">TBD2<a name="ehealth-document-type-TBD2"> </a></td><td>Example value - Under construction</td><td>Example value - Under construction</td><td>Midlertidig værdi</td></tr></table></div>
  </text>
  <url value="http://ehealth.sundhed.dk/cs/document-type"/>
  <version value="3.3.0"/>
  <name value="DocumentType"/>
  <title value="Document Type"/>
  <status value="active"/>
  <experimental value="false"/>
  <date value="2019-01-29"/>
  <publisher value="Den telemedicinske infrastruktur (eHealth Infrastructure)"/>
  <contact>
    <name value="Den telemedicinske infrastruktur (eHealth Infrastructure)"/>
    <telecom>
      <system value="url"/>
      <value value="http://ehealth.sundhed.dk"/>
    </telecom>
  </contact>
  <description value="Document Type"/>
  <caseSensitive value="true"/>
  <content value="complete"/>
  <concept>
    <code value="TBD"/>
    <display value="Example value - Under construction"/>
    <definition value="Example value - Under construction"/>
    <designation>
      <language value="da"/>
      <value value="Midlertidig værdi"/>
    </designation>
    <property>
      <code value="deprecated"/>
      <valueDateTime value="2019-09-18"/>
    </property>
  </concept>
  <concept>
    <code value="TBD2"/>
    <display value="Example value - Under construction"/>
    <definition value="Example value - Under construction"/>
    <designation>
      <language value="da"/>
      <value value="Midlertidig værdi"/>
    </designation>
    <property>
      <code value="deprecated"/>
      <valueDateTime value="2019-09-18"/>
    </property>
  </concept>
</CodeSystem>