<?xml version="1.0" encoding="UTF-8"?><CodeSystem xmlns="http://hl7.org/fhir"><id value="ehealth-task-handover-roles"/><text><status value="generated"/><div xmlns="http://www.w3.org/1999/xhtml"><p class="res-header-id"><b>Generated Narrative: CodeSystem ehealth-task-handover-roles</b></p><a name="ehealth-task-handover-roles"> </a><a name="hcehealth-task-handover-roles"> </a><p>This case-sensitive code system <code>http://ehealth.sundhed.dk/cs/task-handover-roles</code> defines the following codes:</p><table class="codes"><tr><td style="white-space:nowrap"><b>Code</b></td><td><b>Display</b></td><td><b>Definition</b></td><td><b>Dansk (Danish, da)</b></td></tr><tr><td style="white-space:nowrap">inviting-entity<a name="ehealth-task-handover-roles-inviting-entity"> </a></td><td>Entity inviting another entity to partake in involvement and/or responsibility</td><td>Entity inviting another entity to partake in involvement and/or responsibility</td><td>Part som inviterer anden part til at deltage i tilknyttelse og/eller ansvar</td></tr><tr><td style="white-space:nowrap">arriving-entity<a name="ehealth-task-handover-roles-arriving-entity"> </a></td><td>Entity entering involvement and/or responsibility</td><td>Entity entering involvement and/or responsibility</td><td>Part som træder ind i tilknyttelse og/eller ansvar</td></tr><tr><td style="white-space:nowrap">leaving-entity<a name="ehealth-task-handover-roles-leaving-entity"> </a></td><td>Entity leaving involvement and/or responsibility</td><td>Entity leaving involvement and/or responsibility</td><td>Part som forlader tilknyttelse og/eller ansvar</td></tr><tr><td style="white-space:nowrap">remaining-entity<a name="ehealth-task-handover-roles-remaining-entity"> </a></td><td>Entity continuing involvement and/or responsibility</td><td>Entity continuing involvement and/or responsibility</td><td>Part som fortsætter tilknyttelse og/eller ansvar</td></tr><tr><td style="white-space:nowrap">informed-entity<a name="ehealth-task-handover-roles-informed-entity"> </a></td><td>Entity informed about planned or effectuated change in involvement and/or responsibility</td><td>Entity informed about planned or effectuated change in involvement and/or responsibility</td><td>Part informeret om (planlagt) ændring i tilknyttelse og/eller ansvar</td></tr></table></div></text><url value="http://ehealth.sundhed.dk/cs/task-handover-roles"/><version value="6.0.0"/><name value="TaskHandoverRoles"/><title value="Task Handover Roles"/><status value="active"/><experimental value="false"/><date value="2024-10-21T00:00:00+00:00"/><publisher value="Den telemedicinske infrastruktur (eHealth Infrastructure)"/><contact><name value="Den telemedicinske infrastruktur (eHealth Infrastructure)"/><telecom><system value="url"/><value value="http://ehealth.sundhed.dk"/></telecom></contact><description value="Task Handover Roles"/><jurisdiction><coding><system value="urn:iso:std:iso:3166"/><code value="DK"/><display value="Denmark"/></coding></jurisdiction><caseSensitive value="true"/><content value="complete"/><concept><code value="inviting-entity"/><display value="Entity inviting another entity to partake in involvement and/or responsibility"/><definition value="Entity inviting another entity to partake in involvement and/or responsibility"/><designation><language value="da"/><value value="Part som inviterer anden part til at deltage i tilknyttelse og/eller ansvar"/></designation></concept><concept><code value="arriving-entity"/><display value="Entity entering involvement and/or responsibility"/><definition value="Entity entering involvement and/or responsibility"/><designation><language value="da"/><value value="Part som træder ind i tilknyttelse og/eller ansvar"/></designation></concept><concept><code value="leaving-entity"/><display value="Entity leaving involvement and/or responsibility"/><definition value="Entity leaving involvement and/or responsibility"/><designation><language value="da"/><value value="Part som forlader tilknyttelse og/eller ansvar"/></designation></concept><concept><code value="remaining-entity"/><display value="Entity continuing involvement and/or responsibility"/><definition value="Entity continuing involvement and/or responsibility"/><designation><language value="da"/><value value="Part som fortsætter tilknyttelse og/eller ansvar"/></designation></concept><concept><code value="informed-entity"/><display value="Entity informed about planned or effectuated change in involvement and/or responsibility"/><definition value="Entity informed about planned or effectuated change in involvement and/or responsibility"/><designation><language value="da"/><value value="Part informeret om (planlagt) ændring i tilknyttelse og/eller ansvar"/></designation></concept></CodeSystem>