<?xml version="1.0" encoding="UTF-8"?><CodeSystem xmlns="http://hl7.org/fhir"><id value="ehealth-sor-organization-specialty"/><text><status value="generated"/><div xmlns="http://www.w3.org/1999/xhtml"><p class="res-header-id"><b>Generated Narrative: CodeSystem ehealth-sor-organization-specialty</b></p><a name="ehealth-sor-organization-specialty"> </a><a name="hcehealth-sor-organization-specialty"> </a><p>This case-sensitive code system <code>http://ehealth.sundhed.dk/cs/sor-organization-specialty</code> defines the following code:</p><table class="codes"><tr><td style="white-space:nowrap"><b>Code</b></td><td><b>Display</b></td><td><b>Definition</b></td></tr><tr><td style="white-space:nowrap">unknown<a name="ehealth-sor-organization-specialty-unknown"> </a></td><td>Unknown</td><td>Unknown</td></tr></table></div></text><url value="http://ehealth.sundhed.dk/cs/sor-organization-specialty"/><version value="6.0.0"/><name value="SorOrganizationSpecialty"/><title value="SOR Organization Specialty"/><status value="active"/><experimental value="false"/><date value="2019-06-11T00:00:00+00:00"/><publisher value="Den telemedicinske infrastruktur (eHealth Infrastructure)"/><contact><name value="Den telemedicinske infrastruktur (eHealth Infrastructure)"/><telecom><system value="url"/><value value="http://ehealth.sundhed.dk"/></telecom></contact><description value="Organization specialties specific for organizations from Sor"/><jurisdiction><coding><system value="urn:iso:std:iso:3166"/><code value="DK"/><display value="Denmark"/></coding></jurisdiction><caseSensitive value="true"/><content value="complete"/><concept><code value="unknown"/><display value="Unknown"/><definition value="Unknown"/><designation><use><system value="http://terminology.hl7.org/CodeSystem/hl7TermMaintInfra"/><code value="preferredForLanguage"/></use><value value="Unknown"/></designation><designation><use><system value="http://terminology.hl7.org/CodeSystem/hl7TermMaintInfra"/><code value="preferredForLanguage"/></use><value value="Unknown"/></designation><designation><use><system value="http://terminology.hl7.org/CodeSystem/hl7TermMaintInfra"/><code value="preferredForLanguage"/></use><value value="Unknown"/></designation></concept></CodeSystem>