<?xml version="1.0" encoding="UTF-8"?><CodeSystem xmlns="http://hl7.org/fhir"><id value="fs3-health-excretion-of-waste-materials"/><text><status value="generated"/><div xmlns="http://www.w3.org/1999/xhtml"><p class="res-header-id"><b>Generated Narrative: CodeSystem fs3-health-excretion-of-waste-materials</b></p><a name="fs3-health-excretion-of-waste-materials"> </a><a name="hcfs3-health-excretion-of-waste-materials"> </a><p>This  code system <code>http://ehealth.sundhed.dk/cs/fs3-health-excretion-of-waste-materials</code> defines the following codes:</p><table class="codes"><tr><td style="white-space:nowrap"><b>Code</b></td><td><b>Display</b></td><td><b>Dansk (Danish, da)</b></td></tr><tr><td style="white-space:nowrap">URINATION<a name="fs3-health-excretion-of-waste-materials-URINATION"> </a></td><td>Problemer med vandladning</td><td>Problemer med vandladning</td></tr><tr><td style="white-space:nowrap">URINARY_INCONTINENCE<a name="fs3-health-excretion-of-waste-materials-URINARY_INCONTINENCE"> </a></td><td>Problemer med urininkontinens</td><td>Problemer med urininkontinens</td></tr><tr><td style="white-space:nowrap">FAECAL_INCONTINENCE<a name="fs3-health-excretion-of-waste-materials-FAECAL_INCONTINENCE"> </a></td><td>Problemer med afføringsinkontinens</td><td>Problemer med afføringsinkontinens</td></tr><tr><td style="white-space:nowrap">STOMACH_INTESTINES<a name="fs3-health-excretion-of-waste-materials-STOMACH_INTESTINES"> </a></td><td>Problemer med mave og tarm</td><td>Problemer med mave og tarm</td></tr></table></div></text><url value="http://ehealth.sundhed.dk/cs/fs3-health-excretion-of-waste-materials"/><version value="6.0.0"/><name value="FS III, Udskillelse af affaldsstoffer"/><title value="FS III, Udskillelse af affaldsstoffer"/><status value="active"/><experimental value="true"/><date value="2019-02-02T00:00:00+00:00"/><publisher value="Den telemedicinske infrastruktur (eHealth Infrastructure)"/><contact><name value="Den telemedicinske infrastruktur (eHealth Infrastructure)"/><telecom><system value="url"/><value value="http://ehealth.sundhed.dk"/></telecom></contact><description value="FS III, Udskillelse af affaldsstoffer"/><jurisdiction><coding><system value="urn:iso:std:iso:3166"/><code value="DK"/><display value="Denmark"/></coding></jurisdiction><content value="complete"/><concept><code value="URINATION"/><display value="Problemer med vandladning"/><designation><language value="da"/><value value="Problemer med vandladning"/></designation><designation><use><system value="http://terminology.hl7.org/CodeSystem/hl7TermMaintInfra"/><code value="preferredForLanguage"/></use><value value="Problemer med vandladning"/></designation></concept><concept><code value="URINARY_INCONTINENCE"/><display value="Problemer med urininkontinens"/><designation><language value="da"/><value value="Problemer med urininkontinens"/></designation><designation><use><system value="http://terminology.hl7.org/CodeSystem/hl7TermMaintInfra"/><code value="preferredForLanguage"/></use><value value="Problemer med urininkontinens"/></designation></concept><concept><code value="FAECAL_INCONTINENCE"/><display value="Problemer med afføringsinkontinens"/><designation><language value="da"/><value value="Problemer med afføringsinkontinens"/></designation><designation><use><system value="http://terminology.hl7.org/CodeSystem/hl7TermMaintInfra"/><code value="preferredForLanguage"/></use><value value="Problemer med afføringsinkontinens"/></designation></concept><concept><code value="STOMACH_INTESTINES"/><display value="Problemer med mave og tarm"/><designation><language value="da"/><value value="Problemer med mave og tarm"/></designation><designation><use><system value="http://terminology.hl7.org/CodeSystem/hl7TermMaintInfra"/><code value="preferredForLanguage"/></use><value value="Problemer med mave og tarm"/></designation></concept></CodeSystem>