<?xml version="1.0" encoding="UTF-8"?><CodeSystem xmlns="http://hl7.org/fhir"><id value="participant-function"/><text><status value="generated"/><div xmlns="http://www.w3.org/1999/xhtml"><p class="res-header-id"><b>Generated Narrative: CodeSystem participant-function</b></p><a name="participant-function"> </a><a name="hcparticipant-function"> </a><p>This  code system <code>http://ehealth.sundhed.dk/cs/participant-function</code> defines the following codes:</p><table class="codes"><tr><td style="white-space:nowrap"><b>Code</b></td><td><b>Display</b></td><td><b>Definition</b></td><td><b>Dansk (Danish, da)</b></td></tr><tr><td style="white-space:nowrap">Primary Contact<a name="participant-function-PrimaryContact"> </a></td><td>Primary contact</td><td>Primary contact</td><td>Primær kontaktperson</td></tr><tr><td style="white-space:nowrap">Secondary Contact<a name="participant-function-SecondaryContact"> </a></td><td>Secondary contact</td><td>Secondary contact</td><td>Sekundær kontaktperson</td></tr><tr><td style="white-space:nowrap">Default-careteam-for-task-and-communication<a name="participant-function-Default-careteam-for-task-and-communication"> </a></td><td>Default careteam for task and communication</td><td>Default careteam for task and communication</td><td>Standard careteam for opgaver og kommunikation</td></tr></table></div></text><url value="http://ehealth.sundhed.dk/cs/participant-function"/><version value="6.0.0"/><name value="ParticipantFunction"/><title value="Participant Function"/><status value="active"/><experimental value="false"/><date value="2024-09-02T00:00:00+00:00"/><publisher value="Den telemedicinske infrastruktur (eHealth Infrastructure)"/><contact><name value="Den telemedicinske infrastruktur (eHealth Infrastructure)"/><telecom><system value="url"/><value value="http://ehealth.sundhed.dk"/></telecom></contact><description value="Participant Function."/><jurisdiction><coding><system value="urn:iso:std:iso:3166"/><code value="DK"/><display value="Denmark"/></coding></jurisdiction><content value="complete"/><concept><code value="Primary Contact"/><display value="Primary contact"/><definition value="Primary contact"/><designation><language value="da"/><value value="Primær kontaktperson"/></designation><designation><use><system value="http://terminology.hl7.org/CodeSystem/hl7TermMaintInfra"/><code value="preferredForLanguage"/></use><value value="Primary contact"/></designation></concept><concept><code value="Secondary Contact"/><display value="Secondary contact"/><definition value="Secondary contact"/><designation><language value="da"/><value value="Sekundær kontaktperson"/></designation><designation><use><system value="http://terminology.hl7.org/CodeSystem/hl7TermMaintInfra"/><code value="preferredForLanguage"/></use><value value="Secondary contact"/></designation></concept><concept><code value="Default-careteam-for-task-and-communication"/><display value="Default careteam for task and communication"/><definition value="Default careteam for task and communication"/><designation><language value="da"/><value value="Standard careteam for opgaver og kommunikation"/></designation><designation><use><system value="http://terminology.hl7.org/CodeSystem/hl7TermMaintInfra"/><code value="preferredForLanguage"/></use><value value="Default careteam for task and communication"/></designation></concept></CodeSystem>