<?xml version="1.0" encoding="UTF-8"?><CodeSystem xmlns="http://hl7.org/fhir"><id value="ehealth-clinicalimpression-decision-codes"/><text><status value="generated"/><div xmlns="http://www.w3.org/1999/xhtml"><p class="res-header-id"><b>Generated Narrative: CodeSystem ehealth-clinicalimpression-decision-codes</b></p><a name="ehealth-clinicalimpression-decision-codes"> </a><a name="hcehealth-clinicalimpression-decision-codes"> </a><p>This case-sensitive code system <code>http://ehealth.sundhed.dk/cs/clinicalimpression-decision-codes</code> defines the following codes:</p><table class="codes"><tr><td style="white-space:nowrap"><b>Code</b></td><td><b>Display</b></td><td><b>Definition</b></td><td><b>Dansk (Danish, da)</b></td></tr><tr><td style="white-space:nowrap">approved<a name="ehealth-clinicalimpression-decision-codes-approved"> </a></td><td>Approved</td><td>Approved</td><td>Godkendt</td></tr><tr><td style="white-space:nowrap">approved-for-sharing<a name="ehealth-clinicalimpression-decision-codes-approved-for-sharing"> </a></td><td>Approved for sharing</td><td>Approved for sharing</td><td>Godkendt til dokumentdeling</td></tr><tr><td style="white-space:nowrap">citizen-view-approved<a name="ehealth-clinicalimpression-decision-codes-citizen-view-approved"> </a></td><td>Approved Citizen View</td><td>Approved Citizen View</td><td>Godkendt Borger Visning</td></tr><tr><td style="white-space:nowrap">invalidated-fulfills<a name="ehealth-clinicalimpression-decision-codes-invalidated-fulfills"> </a></td><td>Handle invalidated measurement as fulfilling expected submission</td><td>Handle invalidated measurement as fulfilling expected submission</td><td>Ugyldiggjort måledata tæller som opfyldelse af indsendt måledata</td></tr><tr><td style="white-space:nowrap">invalidated-is-not-fulfillment<a name="ehealth-clinicalimpression-decision-codes-invalidated-is-not-fulfillment"> </a></td><td>Handle invalidated measurement as not fulfilling expected submission</td><td>Handle invalidated measurement as not fulfilling expected submission</td><td>Ugyldiggjort måledata tæller ikke som opfyldelse af indsendt måledata</td></tr></table></div></text><url value="http://ehealth.sundhed.dk/cs/clinicalimpression-decision-codes"/><version value="6.0.0"/><name value="ClinicalImpressionDecisionCodes"/><title value="ClinicalImpression Decision Codes"/><status value="active"/><experimental value="false"/><date value="2019-09-23T00:00:00+00:00"/><publisher value="Den telemedicinske infrastruktur (eHealth Infrastructure)"/><contact><name value="Den telemedicinske infrastruktur (eHealth Infrastructure)"/><telecom><system value="url"/><value value="http://ehealth.sundhed.dk"/></telecom></contact><description value="Clinical Impression Decision Codes"/><jurisdiction><coding><system value="urn:iso:std:iso:3166"/><code value="DK"/><display value="Denmark"/></coding></jurisdiction><caseSensitive value="true"/><content value="complete"/><concept><code value="approved"/><display value="Approved"/><definition value="Approved"/><designation><language value="da"/><value value="Godkendt"/></designation><designation><use><system value="http://terminology.hl7.org/CodeSystem/hl7TermMaintInfra"/><code value="preferredForLanguage"/></use><value value="Approved"/></designation></concept><concept><code value="approved-for-sharing"/><display value="Approved for sharing"/><definition value="Approved for sharing"/><designation><language value="da"/><value value="Godkendt til dokumentdeling"/></designation><designation><use><system value="http://terminology.hl7.org/CodeSystem/hl7TermMaintInfra"/><code value="preferredForLanguage"/></use><value value="Approved for sharing"/></designation></concept><concept><code value="citizen-view-approved"/><display value="Approved Citizen View"/><definition value="Approved Citizen View"/><designation><language value="da"/><value value="Godkendt Borger Visning"/></designation><designation><use><system value="http://terminology.hl7.org/CodeSystem/hl7TermMaintInfra"/><code value="preferredForLanguage"/></use><value value="Approved Citizen View"/></designation></concept><concept><code value="invalidated-fulfills"/><display value="Handle invalidated measurement as fulfilling expected submission"/><definition value="Handle invalidated measurement as fulfilling expected submission"/><designation><language value="da"/><value value="Ugyldiggjort måledata tæller som opfyldelse af indsendt måledata"/></designation><designation><use><system value="http://terminology.hl7.org/CodeSystem/hl7TermMaintInfra"/><code value="preferredForLanguage"/></use><value value="Handle invalidated measurement as fulfilling expected submission"/></designation></concept><concept><code value="invalidated-is-not-fulfillment"/><display value="Handle invalidated measurement as not fulfilling expected submission"/><definition value="Handle invalidated measurement as not fulfilling expected submission"/><designation><language value="da"/><value value="Ugyldiggjort måledata tæller ikke som opfyldelse af indsendt måledata"/></designation><designation><use><system value="http://terminology.hl7.org/CodeSystem/hl7TermMaintInfra"/><code value="preferredForLanguage"/></use><value value="Handle invalidated measurement as not fulfilling expected submission"/></designation></concept></CodeSystem>