<?xml version="1.0" encoding="UTF-8"?><OperationDefinition xmlns="http://hl7.org/fhir"><id value="PlanDefinition-t-import"/><text><status value="generated"/><div xmlns="http://www.w3.org/1999/xhtml"><p class="res-header-id"><b>Generated Narrative: OperationDefinition PlanDefinition-t-import</b></p><a name="PlanDefinition-t-import"> </a><a name="hcPlanDefinition-t-import"> </a><p>URL: [base]/PlanDefinition/$import</p><h3>Parameters</h3><table class="grid"><tr><td><b>Use</b></td><td><b>Name</b></td><td><b>Scope</b></td><td><b>Cardinality</b></td><td><b>Type</b></td><td><b>Binding</b></td><td><b>Documentation</b></td></tr><tr><td>IN</td><td>planDefinitionPackage</td><td/><td>0..1</td><td><a href="http://hl7.org/fhir/R4/binary.html">Binary</a></td><td/><td/></tr><tr><td>OUT</td><td>return</td><td/><td>0..1</td><td><a href="http://hl7.org/fhir/R4/bundle.html">Bundle</a></td><td/><td/></tr></table></div></text><url value="http://ehealth.sundhed.dk/fhir/OperationDefinition/PlanDefinition-t-import"/><version value="6.0.0"/><name value="import"/><title value="Import a Plandefinition"/><status value="active"/><kind value="operation"/><date value="2025-10-23T10:25:37+00:00"/><publisher value="Den telemedicinske infrastruktur (eHealth Infrastructure)"/><contact><name value="Den telemedicinske infrastruktur (eHealth Infrastructure)"/><telecom><system value="url"/><value value="http://ehealth.sundhed.dk"/></telecom></contact><description value="Import a Plandefinition&#xA;### Parameters&#xA;- planDefinitionPackage: Binary package produced by the export operation&#xA;### Output&#xA;Bundle containing the created resources. PlanDefinitions, ActivityDefinitions, and Questionnaires will be created. Imports QFFD DocumentReference into Document-Transformation service.Libraries and Organizations are used to find the corresponding resources on the target system.&#xA;"/><jurisdiction><coding><system value="urn:iso:std:iso:3166"/><code value="DK"/><display value="Denmark"/></coding></jurisdiction><affectsState value="true"/><code value="import"/><resource value="PlanDefinition"/><system value="false"/><type value="true"/><instance value="false"/><parameter><name value="planDefinitionPackage"/><use value="in"/><min value="0"/><max value="1"/><type value="Binary"/></parameter><parameter><name value="return"/><use value="out"/><min value="0"/><max value="1"/><type value="Bundle"/></parameter></OperationDefinition>