<?xml version="1.0" encoding="UTF-8"?><OperationDefinition xmlns="http://hl7.org/fhir"><id value="PlanDefinition-i-apply"/><text><status value="generated"/><div xmlns="http://www.w3.org/1999/xhtml"><p class="res-header-id"><b>Generated Narrative: OperationDefinition PlanDefinition-i-apply</b></p><a name="PlanDefinition-i-apply"> </a><a name="hcPlanDefinition-i-apply"> </a><p>URL: [base]/PlanDefinition/[id]/$apply</p><h3>Parameters</h3><table class="grid"><tr><td><b>Use</b></td><td><b>Name</b></td><td><b>Scope</b></td><td><b>Cardinality</b></td><td><b>Type</b></td><td><b>Binding</b></td><td><b>Documentation</b></td></tr><tr><td>IN</td><td>episodeOfCare</td><td/><td>0..1</td><td><a href="http://hl7.org/fhir/R4/datatypes.html#string">string</a></td><td/><td/></tr></table></div></text><url value="http://ehealth.sundhed.dk/fhir/OperationDefinition/PlanDefinition-i-apply"/><version value="6.0.0"/><name value="apply"/><title value="Create a careplan"/><status value="active"/><kind value="operation"/><date value="2025-10-23T10:25:37+00:00"/><publisher value="Den telemedicinske infrastruktur (eHealth Infrastructure)"/><contact><name value="Den telemedicinske infrastruktur (eHealth Infrastructure)"/><telecom><system value="url"/><value value="http://ehealth.sundhed.dk"/></telecom></contact><description value="Create a careplan with service requests for a specific episodeOfCare using the PlanDefinition as a template. If using POST the operation will persist resources and return the careplan. If using GET the operation will return transient resources in a transaction bundle. The bundle with transient careplan and servicerequest resources can then be modified before being persisted using a FHIR transaction."/><jurisdiction><coding><system value="urn:iso:std:iso:3166"/><code value="DK"/><display value="Denmark"/></coding></jurisdiction><affectsState value="false"/><code value="apply"/><resource value="PlanDefinition"/><system value="false"/><type value="false"/><instance value="true"/><parameter><name value="episodeOfCare"/><use value="in"/><min value="0"/><max value="1"/><type value="string"/></parameter></OperationDefinition>