<?xml version="1.0" encoding="UTF-8"?><ValueSet xmlns="http://hl7.org/fhir"><id value="ehealth-oio-organization-type"/><text><status value="generated"/><div xmlns="http://www.w3.org/1999/xhtml"><p class="res-header-id"><b>Generated Narrative: ValueSet ehealth-oio-organization-type</b></p><a name="ehealth-oio-organization-type"> </a><a name="hcehealth-oio-organization-type"> </a><ul><li>Include all codes defined in <a href="CodeSystem-ehealth-oio-organization-type.html"><code>http://ehealth.sundhed.dk/cs/oio-organization-type</code></a><span title="Version is not explicitly stated, which means it is fixed to the version provided in this specification"> version 📦6.0.0</span></li></ul></div></text><url value="http://ehealth.sundhed.dk/vs/oio-organization-type"/><version value="6.0.0"/><name value="OIOOrganizationType"/><title value="OIO Organization Type"/><status value="active"/><experimental value="true"/><date value="2019-05-27T00:00:00+00:00"/><publisher value="Den telemedicinske infrastruktur (eHealth Infrastructure)"/><contact><name value="Den telemedicinske infrastruktur (eHealth Infrastructure)"/><telecom><system value="url"/><value value="http://ehealth.sundhed.dk"/></telecom></contact><description value="Value set used for indicating the organization type for organizations from OIO / STS-ORG"/><jurisdiction><coding><system value="urn:iso:std:iso:3166"/><code value="DK"/><display value="Denmark"/></coding></jurisdiction><compose><include><system value="http://ehealth.sundhed.dk/cs/oio-organization-type"/></include></compose></ValueSet>