<?xml version="1.0" encoding="UTF-8"?><ValueSet xmlns="http://hl7.org/fhir"><id value="ehealth-view-type"/><text><status value="generated"/><div xmlns="http://www.w3.org/1999/xhtml"><p class="res-header-id"><b>Generated Narrative: ValueSet ehealth-view-type</b></p><a name="ehealth-view-type"> </a><a name="hcehealth-view-type"> </a><ul><li>Include all codes defined in <a href="CodeSystem-ehealth-view-type.html"><code>http://ehealth.sundhed.dk/cs/view-type</code></a><span title="Version is not explicitly stated, which means it is fixed to the version provided in this specification"> version 📦6.0.0</span></li></ul></div></text><url value="http://ehealth.sundhed.dk/vs/view-type"/><version value="6.0.0"/><name value="ViewType"/><title value="View Type"/><status value="active"/><experimental value="true"/><date value="2021-10-14T00:00:00+00:00"/><publisher value="Den telemedicinske infrastruktur (eHealth Infrastructure)"/><contact><name value="Den telemedicinske infrastruktur (eHealth Infrastructure)"/><telecom><system value="url"/><value value="http://ehealth.sundhed.dk"/></telecom></contact><description value="View types"/><jurisdiction><coding><system value="urn:iso:std:iso:3166"/><code value="DK"/><display value="Denmark"/></coding></jurisdiction><compose><include><system value="http://ehealth.sundhed.dk/cs/view-type"/></include></compose></ValueSet>