{
  "resourceType" : "CodeSystem",
  "id" : "ehealth-topic-type",
  "text" : {
    "status" : "generated",
    "div" : "<div xmlns=\"http://www.w3.org/1999/xhtml\"><p class=\"res-header-id\"><b>Generated Narrative: CodeSystem ehealth-topic-type</b></p><a name=\"ehealth-topic-type\"> </a><a name=\"hcehealth-topic-type\"> </a><a name=\"ehealth-topic-type-da-DK\"> </a><p>This case-sensitive code system <code>http://ehealth.sundhed.dk/cs/topic-type</code> defines the following codes:</p><table class=\"codes\"><tr><td style=\"white-space:nowrap\"><b>Code</b></td><td><b>Display</b></td><td><b>Definition</b></td><td><b>Dansk (Danish, da)</b></td></tr><tr><td style=\"white-space:nowrap\">TBD<a name=\"ehealth-topic-type-TBD\"> </a></td><td>Example value - Under construction</td><td>Example value - Under construction</td><td/></tr><tr><td style=\"white-space:nowrap\">self-treatment<a name=\"ehealth-topic-type-self-treatment\"> </a></td><td>Self-treatment</td><td>Self-treatment</td><td>Selvbehandling</td></tr></table></div>"
  },
  "url" : "http://ehealth.sundhed.dk/cs/topic-type",
  "version" : "3.4.1",
  "name" : "TopicType",
  "title" : "Topic Type",
  "status" : "active",
  "experimental" : false,
  "date" : "2019-01-29T00:00:00+00:00",
  "publisher" : "Den telemedicinske infrastruktur (eHealth Infrastructure)",
  "contact" : [{
    "name" : "Den telemedicinske infrastruktur (eHealth Infrastructure)",
    "telecom" : [{
      "system" : "url",
      "value" : "http://ehealth.sundhed.dk"
    }]
  }],
  "description" : "Topic type",
  "jurisdiction" : [{
    "coding" : [{
      "system" : "urn:iso:std:iso:3166",
      "code" : "DK",
      "display" : "Denmark"
    }]
  }],
  "caseSensitive" : true,
  "content" : "complete",
  "concept" : [{
    "code" : "TBD",
    "display" : "Example value - Under construction",
    "definition" : "Example value - Under construction",
    "property" : [{
      "code" : "deprecated",
      "valueDateTime" : "2020-02-27"
    }]
  },
  {
    "code" : "self-treatment",
    "display" : "Self-treatment",
    "definition" : "Self-treatment",
    "designation" : [{
      "language" : "da",
      "value" : "Selvbehandling"
    }]
  }]
}