<?xml version="1.0" encoding="UTF-8"?>

<Practitioner xmlns="http://hl7.org/fhir">
  <id value="107302"/>
  <meta>
    <versionId value="2"/>
    <profile value="http://ehealth.sundhed.dk/fhir/StructureDefinition/ehealth-practitioner"/>
  </meta>
  <text>
    <status value="generated"/><div xmlns="http://www.w3.org/1999/xhtml"><p class="res-header-id"><b>Generated Narrative: Practitioner 107302</b></p><a name="107302"> </a><a name="hc107302"> </a><div style="display: inline-block; background-color: #d9e0e7; padding: 6px; margin: 4px; border: 1px solid #8da1b4; border-radius: 5px; line-height: 60%"><p style="margin-bottom: 0px">version: 2</p><p style="margin-bottom: 0px">Profile: <a href="StructureDefinition-ehealth-practitioner.html">ehealth-practitioner</a></p></div><p><b>name</b>: Example3 Practitioner </p></div>
  </text>
  <name>
    <family value="Practitioner"/>
    <given value="Example3"/>
  </name>
</Practitioner>