{"resourceType":"CodeSystem","id":"fs3-health-communication","text":{"status":"generated","div":"<div xmlns=\"http://www.w3.org/1999/xhtml\"><p>This  code system <code>http://ehealth.sundhed.dk/cs/fs3-health-communication</code> defines the following code:</p><table class=\"codes\"><tr><td style=\"white-space:nowrap\"><b>Code</b></td><td><b>Display</b></td><td><b>Dansk (Danish, da)</b></td></tr><tr><td style=\"white-space:nowrap\">COMMUNICATION<a name=\"fs3-health-communication-COMMUNICATION\"> </a></td><td>Problemer med kommunikation</td><td>Problemer med kommunikation</td></tr></table></div>"},"url":"http://ehealth.sundhed.dk/cs/fs3-health-communication","version":"3.3.0","name":"FS III, Kommunikation","title":"FS III, Kommunikation","status":"active","experimental":true,"date":"2019-02-02T00:00:00+00:00","publisher":"Den telemedicinske infrastruktur (eHealth Infrastructure)","contact":[{"name":"Den telemedicinske infrastruktur (eHealth Infrastructure)","telecom":[{"system":"url","value":"http://ehealth.sundhed.dk"}]}],"description":"FS III, Kommunikation","content":"complete","concept":[{"code":"COMMUNICATION","display":"Problemer med kommunikation","designation":[{"language":"da","value":"Problemer med kommunikation"}]}]}