{"resourceType":"CodeSystem","id":"ehealth-task-category","text":{"status":"generated","div":"<div xmlns=\"http://www.w3.org/1999/xhtml\"><p>This case-sensitive code system <code>http://ehealth.sundhed.dk/cs/task-category</code> defines the following codes:</p><table class=\"codes\"><tr><td style=\"white-space:nowrap\"><b>Code</b></td><td><b>Display</b></td><td><b>Definition</b></td><td><b>Dansk (Danish, da)</b></td></tr><tr><td style=\"white-space:nowrap\">TBD<a name=\"ehealth-task-category-TBD\"> </a></td><td>Example value - Under construction</td><td>Example value - Under construction</td><td/></tr><tr><td style=\"white-space:nowrap\">MissingMeasurementResolving<a name=\"ehealth-task-category-MissingMeasurementResolving\"> </a></td><td>Need resolving of why scheduled measurement has not been submitted</td><td>Need resolving of why scheduled measurement has not been submitted</td><td>Undersøg hvorfor der ikke er indsendt Måledata (måling og/eller spørgeskemabesvarelse).</td></tr><tr><td style=\"white-space:nowrap\">UnexpectedMeasurementResolving<a name=\"ehealth-task-category-UnexpectedMeasurementResolving\"> </a></td><td>Need resolving of why unexpected measurement was submitted</td><td>Need resolving of why unexpected measurement was submitted</td><td>Undersøg hvorfor der uventet er indsendt Måledata (måling og/eller spørgeskemabesvarelse).</td></tr><tr><td style=\"white-space:nowrap\">MeasurementForAssessment<a name=\"ehealth-task-category-MeasurementForAssessment\"> </a></td><td>Need assessment of measurement</td><td>Need assessment of measurement</td><td>Måledata (måling og/eller spørgeskemabesvarelse) er modtaget og klar til vurdering</td></tr><tr><td style=\"white-space:nowrap\">OpenSSLOrder<a name=\"ehealth-task-category-OpenSSLOrder\"> </a></td><td>Need processing of open SSL order</td><td>Need processing of open SSL order</td><td>Behandling af åben SSL bestilling</td></tr><tr><td style=\"white-space:nowrap\">CalibrationNeeded<a name=\"ehealth-task-category-CalibrationNeeded\"> </a></td><td>Device in need of calibration</td><td>Device in need of calibration</td><td>Måleudstyr har behov for kalibrering</td></tr><tr><td style=\"white-space:nowrap\">MeasurementForAssessmentFailureInAutoProcessing<a name=\"ehealth-task-category-MeasurementForAssessmentFailureInAutoProcessing\"> </a></td><td>Measurement Assessment failure during automated processing</td><td>Measurement Assessment failure during automated processing</td><td>Indsendte måledata (måling og/eller spørgeskemabesvarelse) kunne ikke vurderes af systemet. Du skal selv vurdere måledata.</td></tr><tr><td style=\"white-space:nowrap\">LibraryUseMismatchFixingNeeded<a name=\"ehealth-task-category-LibraryUseMismatchFixingNeeded\"> </a></td><td>Input and rule did not match</td><td>Input and rule did not match</td><td>Input og regel passer ikke sammen</td></tr><tr><td style=\"white-space:nowrap\">RefRangeNeeded<a name=\"ehealth-task-category-RefRangeNeeded\"> </a></td><td>Missing reference range required for automated processing</td><td>Missing reference range required for automated processing</td><td>Opsætning af grænseværdi mangler, hvilket er nødvendig for at systemet kan foretage vurdering</td></tr><tr><td style=\"white-space:nowrap\">RefRangeFixingNeeded<a name=\"ehealth-task-category-RefRangeFixingNeeded\"> </a></td><td>Reference range required for automated processing needs fixing</td><td>Reference range required for automated processing needs fixing</td><td>Grænseværdiopsætning er forkert og justering er nødvendig for at systemet kan foretage vurdering</td></tr><tr><td style=\"white-space:nowrap\">RefBaseNeeded<a name=\"ehealth-task-category-RefBaseNeeded\"> </a></td><td>Missing in force reference base required for automatic processing</td><td>Missing in force reference base required for automatic processing</td><td>Der mangler en referenceværdi for at måledata (måling eller spørgeskemabesvarelse) kan vurderes af systemet</td></tr><tr><td style=\"white-space:nowrap\">RefBaseFixingNeeded<a name=\"ehealth-task-category-RefBaseFixingNeeded\"> </a></td><td>In force reference base required for automatic processing needs fixing</td><td>In force reference base required for automatic processing needs fixing</td><td>Referenceværdi er forkert og justering er nødvendig for at systemet kan foretage vurdering</td></tr><tr><td style=\"white-space:nowrap\">RequiredQuestionAnswerMissing<a name=\"ehealth-task-category-RequiredQuestionAnswerMissing\"> </a></td><td>Missing question answers required for automated processing</td><td>Missing question answers required for automated processing</td><td>Spørgsmål mangler besvarelse i spørgeskemabesvarelse for at vurdering af spørgeskemabesvarelse kan foretages af systemet</td></tr><tr><td style=\"white-space:nowrap\">ExpectedDelivery<a name=\"ehealth-task-category-ExpectedDelivery\"> </a></td><td>Delivery expected</td><td>Delivery expected</td><td>Forventet levering</td></tr><tr><td style=\"white-space:nowrap\">MeasurementForAssessmentNotTriaged<a name=\"ehealth-task-category-MeasurementForAssessmentNotTriaged\"> </a></td><td>Need assessment of measurement where triage was not performed during automated processing</td><td>Need assessment of measurement where triage was not performed during automated processing</td><td>Indsendte måledata (måling og/eller spørgeskemabesvarelse) er ikke vurderet af systemet. Du skal selv vurdere måledata.</td></tr><tr><td style=\"white-space:nowrap\">MeasurementForAssessmentAbsentValue<a name=\"ehealth-task-category-MeasurementForAssessmentAbsentValue\"> </a></td><td>Need assessment of measurement with absent value</td><td>Need assessment of measurement with absent value</td><td>Indsendte måledata (måling) har fravær af målt værdi.</td></tr></table></div>"},"url":"http://ehealth.sundhed.dk/cs/task-category","version":"3.3.0","name":"TaskCategory","title":"Task Category","status":"active","experimental":false,"date":"2019-01-29T00:00:00+00:00","publisher":"Den telemedicinske infrastruktur (eHealth Infrastructure)","contact":[{"name":"Den telemedicinske infrastruktur (eHealth Infrastructure)","telecom":[{"system":"url","value":"http://ehealth.sundhed.dk"}]}],"description":"Task Category","caseSensitive":true,"content":"complete","concept":[{"code":"TBD","display":"Example value - Under construction","definition":"Example value - Under construction","property":[{"code":"deprecated","valueDateTime":"2020-02-27"}]},{"code":"MissingMeasurementResolving","display":"Need resolving of why scheduled measurement has not been submitted","definition":"Need resolving of why scheduled measurement has not been submitted","designation":[{"language":"da","value":"Undersøg hvorfor der ikke er indsendt Måledata (måling og/eller spørgeskemabesvarelse)."}]},{"code":"UnexpectedMeasurementResolving","display":"Need resolving of why unexpected measurement was submitted","definition":"Need resolving of why unexpected measurement was submitted","designation":[{"language":"da","value":"Undersøg hvorfor der uventet er indsendt Måledata (måling og/eller spørgeskemabesvarelse)."}]},{"code":"MeasurementForAssessment","display":"Need assessment of measurement","definition":"Need assessment of measurement","designation":[{"language":"da","value":"Måledata (måling og/eller spørgeskemabesvarelse) er modtaget og klar til vurdering"}]},{"code":"OpenSSLOrder","display":"Need processing of open SSL order","definition":"Need processing of open SSL order","designation":[{"language":"da","value":"Behandling af åben SSL bestilling"}]},{"code":"CalibrationNeeded","display":"Device in need of calibration","definition":"Device in need of calibration","designation":[{"language":"da","value":"Måleudstyr har behov for kalibrering"}]},{"code":"MeasurementForAssessmentFailureInAutoProcessing","display":"Measurement Assessment failure during automated processing","definition":"Measurement Assessment failure during automated processing","designation":[{"language":"da","value":"Indsendte måledata (måling og/eller spørgeskemabesvarelse) kunne ikke vurderes af systemet. Du skal selv vurdere måledata."}]},{"code":"LibraryUseMismatchFixingNeeded","display":"Input and rule did not match","definition":"Input and rule did not match","designation":[{"language":"da","value":"Input og regel passer ikke sammen"}]},{"code":"RefRangeNeeded","display":"Missing reference range required for automated processing","definition":"Missing reference range required for automated processing","designation":[{"language":"da","value":"Opsætning af grænseværdi mangler, hvilket er nødvendig for at systemet kan foretage vurdering"}]},{"code":"RefRangeFixingNeeded","display":"Reference range required for automated processing needs fixing","definition":"Reference range required for automated processing needs fixing","designation":[{"language":"da","value":"Grænseværdiopsætning er forkert og justering er nødvendig for at systemet kan foretage vurdering"}]},{"code":"RefBaseNeeded","display":"Missing in force reference base required for automatic processing","definition":"Missing in force reference base required for automatic processing","designation":[{"language":"da","value":"Der mangler en referenceværdi for at måledata (måling eller spørgeskemabesvarelse) kan vurderes af systemet"}]},{"code":"RefBaseFixingNeeded","display":"In force reference base required for automatic processing needs fixing","definition":"In force reference base required for automatic processing needs fixing","designation":[{"language":"da","value":"Referenceværdi er forkert og justering er nødvendig for at systemet kan foretage vurdering"}]},{"code":"RequiredQuestionAnswerMissing","display":"Missing question answers required for automated processing","definition":"Missing question answers required for automated processing","designation":[{"language":"da","value":"Spørgsmål mangler besvarelse i spørgeskemabesvarelse for at vurdering af spørgeskemabesvarelse kan foretages af systemet"}]},{"code":"ExpectedDelivery","display":"Delivery expected","definition":"Delivery expected","designation":[{"language":"da","value":"Forventet levering"}]},{"code":"MeasurementForAssessmentNotTriaged","display":"Need assessment of measurement where triage was not performed during automated processing","definition":"Need assessment of measurement where triage was not performed during automated processing","designation":[{"language":"da","value":"Indsendte måledata (måling og/eller spørgeskemabesvarelse) er ikke vurderet af systemet. Du skal selv vurdere måledata."}]},{"code":"MeasurementForAssessmentAbsentValue","display":"Need assessment of measurement with absent value","definition":"Need assessment of measurement with absent value","designation":[{"language":"da","value":"Indsendte måledata (måling) har fravær af målt værdi."}]}]}