{"resourceType":"ConceptMap","id":"activitydefinition-code-to-do-missing-measurement","text":{"status":"extensions","div":"<div xmlns=\"http://www.w3.org/1999/xhtml\"><p>Mapping from <a href=\"ValueSet-ehealth-activitydefinition-code.html\">Activity Definition Code</a> to <a href=\"http://terminology.hl7.org/5.5.0/ValueSet-v2-0532.html\">hl7VS-expandedYes-NoIndicator</a></p><p>ACTIVE. Published on 2022-10-17 00:00:00+0000 by Den telemedicinske infrastruktur (eHealth Infrastructure)  (Den telemedicinske infrastruktur (eHealth Infrastructure): <a href=\"http://ehealth.sundhed.dk\">http://ehealth.sundhed.dk</a>). </p><div><p>The map controls whether an activity shall be subjected to missing measurements checks or not.</p>\n</div><br/><p><b>Group 1 </b>Mapping from <a href=\"CodeSystem-ehealth-activitydefinition-code.html\">ActivityDefinitionCodes</a> to <a href=\"http://terminology.hl7.org/5.5.0/CodeSystem-v2-0532.html\">expandedYes-NoIndicator</a></p><table class=\"grid\"><tr><td><b>Source Code</b></td><td><b>Relationship</b></td><td><b>Target Code</b></td></tr><tr><td>TBD (Example value - Under construction)</td><td><a href=\"http://hl7.org/fhir/extensions/5.1.0/CodeSystem-concept-map-equivalence.html#relatedto\" title=\"relatedto\">is related to</a></td><td>N (No)</td></tr><tr><td>229057006 (Møder)</td><td><a href=\"http://hl7.org/fhir/extensions/5.1.0/CodeSystem-concept-map-equivalence.html#relatedto\" title=\"relatedto\">is related to</a></td><td>N (No)</td></tr><tr><td>229058001 (Sagskonferencer)</td><td><a href=\"http://hl7.org/fhir/extensions/5.1.0/CodeSystem-concept-map-equivalence.html#relatedto\" title=\"relatedto\">is related to</a></td><td>N (No)</td></tr><tr><td>409073007 (Instruktion)</td><td><a href=\"http://hl7.org/fhir/extensions/5.1.0/CodeSystem-concept-map-equivalence.html#relatedto\" title=\"relatedto\">is related to</a></td><td>N (No)</td></tr><tr><td>273586006 (Master Questionnaire)</td><td><a href=\"http://hl7.org/fhir/extensions/5.1.0/CodeSystem-concept-map-equivalence.html#relatedto\" title=\"relatedto\">is related to</a></td><td>Y (Yes)</td></tr><tr><td>HA (Head activity)</td><td><a href=\"http://hl7.org/fhir/extensions/5.1.0/CodeSystem-concept-map-equivalence.html#relatedto\" title=\"relatedto\">is related to</a></td><td>N (No)</td></tr><tr><td>SQ (Situation quality assessment)</td><td><a href=\"http://hl7.org/fhir/extensions/5.1.0/CodeSystem-concept-map-equivalence.html#relatedto\" title=\"relatedto\">is related to</a></td><td>Y (Yes)</td></tr><tr><td>QR (Usage quality assessment)</td><td><a href=\"http://hl7.org/fhir/extensions/5.1.0/CodeSystem-concept-map-equivalence.html#relatedto\" title=\"relatedto\">is related to</a></td><td>Y (Yes)</td></tr><tr><td>SDG (Same device group)</td><td><a href=\"http://hl7.org/fhir/extensions/5.1.0/CodeSystem-concept-map-equivalence.html#relatedto\" title=\"relatedto\">is related to</a></td><td>N (No)</td></tr></table><hr/><p><b>Group 2 </b>Mapping from <a href=\"CodeSystem-1.2.208.176.2.1--20190829.html\">NPU DK</a> to <a href=\"http://terminology.hl7.org/5.5.0/CodeSystem-v2-0532.html\">expandedYes-NoIndicator</a></p><table class=\"grid\"><tr><td><b>Source Code</b></td><td><b>Relationship</b></td><td><b>Target Code</b></td></tr><tr><td>NPU03011 (O2 sat.;Hb(aB))</td><td><a href=\"http://hl7.org/fhir/extensions/5.1.0/CodeSystem-concept-map-equivalence.html#relatedto\" title=\"relatedto\">is related to</a></td><td>Y (Yes)</td></tr><tr><td>NPU21692 (Puls;Hjerte)</td><td><a href=\"http://hl7.org/fhir/extensions/5.1.0/CodeSystem-concept-map-equivalence.html#relatedto\" title=\"relatedto\">is related to</a></td><td>Y (Yes)</td></tr><tr><td>NPU03804 (Legeme vægt; Pt)</td><td><a href=\"http://hl7.org/fhir/extensions/5.1.0/CodeSystem-concept-map-equivalence.html#relatedto\" title=\"relatedto\">is related to</a></td><td>Y (Yes)</td></tr><tr><td>NPU27281 (Pt—Legeme; massekoefficient(masse/kvadreret højde) = ? kg/m²)</td><td><a href=\"http://hl7.org/fhir/extensions/5.1.0/CodeSystem-concept-map-equivalence.html#relatedto\" title=\"relatedto\">is related to</a></td><td>Y (Yes)</td></tr><tr><td>NPU03794 (Pt—Legeme; højde = ? m)</td><td><a href=\"http://hl7.org/fhir/extensions/5.1.0/CodeSystem-concept-map-equivalence.html#relatedto\" title=\"relatedto\">is related to</a></td><td>Y (Yes)</td></tr><tr><td>NPU08676 (Pt—Legeme; temp. = ? °C)</td><td><a href=\"http://hl7.org/fhir/extensions/5.1.0/CodeSystem-concept-map-equivalence.html#relatedto\" title=\"relatedto\">is related to</a></td><td>Y (Yes)</td></tr><tr><td>NPU19748 (C-reaktivt protein [CRP];P)</td><td><a href=\"http://hl7.org/fhir/extensions/5.1.0/CodeSystem-concept-map-equivalence.html#relatedto\" title=\"relatedto\">is related to</a></td><td>Y (Yes)</td></tr></table><hr/><p><b>Group 3 </b>Mapping from <a href=\"CodeSystem-urn-oid-1.2.208.184.100.8.html\">DAK-E Codes</a> to <a href=\"http://terminology.hl7.org/5.5.0/CodeSystem-v2-0532.html\">expandedYes-NoIndicator</a></p><table class=\"grid\"><tr><td><b>Source Code</b></td><td><b>Relationship</b></td><td><b>Target Code</b></td></tr><tr><td>MCS88015 (FEV1;Lunge)</td><td><a href=\"http://hl7.org/fhir/extensions/5.1.0/CodeSystem-concept-map-equivalence.html#relatedto\" title=\"relatedto\">is related to</a></td><td>Y (Yes)</td></tr><tr><td>MCS88016 (FVC;Lunge)</td><td><a href=\"http://hl7.org/fhir/extensions/5.1.0/CodeSystem-concept-map-equivalence.html#relatedto\" title=\"relatedto\">is related to</a></td><td>Y (Yes)</td></tr><tr><td>MCS88017 (FEV1/FVC;Lunge)</td><td><a href=\"http://hl7.org/fhir/extensions/5.1.0/CodeSystem-concept-map-equivalence.html#relatedto\" title=\"relatedto\">is related to</a></td><td>Y (Yes)</td></tr><tr><td>MCS88019 (Blodtryk hjemme systolisk;Arm)</td><td><a href=\"http://hl7.org/fhir/extensions/5.1.0/CodeSystem-concept-map-equivalence.html#relatedto\" title=\"relatedto\">is related to</a></td><td>Y (Yes)</td></tr><tr><td>MCS88020 (Blodtryk hjemme diastolisk;Arm)</td><td><a href=\"http://hl7.org/fhir/extensions/5.1.0/CodeSystem-concept-map-equivalence.html#relatedto\" title=\"relatedto\">is related to</a></td><td>Y (Yes)</td></tr><tr><td>MCS88021 (MRC skala;Pt(KOL))</td><td><a href=\"http://hl7.org/fhir/extensions/5.1.0/CodeSystem-concept-map-equivalence.html#relatedto\" title=\"relatedto\">is related to</a></td><td>Y (Yes)</td></tr><tr><td>MCS88023 (FEV1 af forventet værdi;Pt(KOL))</td><td><a href=\"http://hl7.org/fhir/extensions/5.1.0/CodeSystem-concept-map-equivalence.html#relatedto\" title=\"relatedto\">is related to</a></td><td>Y (Yes)</td></tr><tr><td>MCS88050 (Rejse sætte sig testen;Pt)</td><td><a href=\"http://hl7.org/fhir/extensions/5.1.0/CodeSystem-concept-map-equivalence.html#relatedto\" title=\"relatedto\">is related to</a></td><td>Y (Yes)</td></tr><tr><td>MCS88137 (CAT score;Pt)</td><td><a href=\"http://hl7.org/fhir/extensions/5.1.0/CodeSystem-concept-map-equivalence.html#relatedto\" title=\"relatedto\">is related to</a></td><td>Y (Yes)</td></tr></table><hr/><p><b>Group 4 </b>Mapping from <a href=\"CodeSystem-urn-oid-1.2.208.176.2.4.html\">Sundhedsvæsenets klassifikationssystem (SKS)</a> to <a href=\"http://terminology.hl7.org/5.5.0/CodeSystem-v2-0532.html\">expandedYes-NoIndicator</a></p><table class=\"grid\"><tr><td><b>Source Code</b></td><td><b>Relationship</b></td><td><b>Target Code</b></td></tr><tr><td>ZZ3170 (Hjemmeblodtryksmåling udført af patienten)</td><td><a href=\"http://hl7.org/fhir/extensions/5.1.0/CodeSystem-concept-map-equivalence.html#relatedto\" title=\"relatedto\">is related to</a></td><td>Y (Yes)</td></tr></table><hr/><p><b>Group 5 </b>Mapping from <a href=\"http://hl7.org/fhir/R4/codesystem-snomedct.html\">SNOMED CT (all versions)</a> to <a href=\"http://terminology.hl7.org/5.5.0/CodeSystem-v2-0532.html\">expandedYes-NoIndicator</a></p><table class=\"grid\"><tr><td><b>Source Code</b></td><td><b>Relationship</b></td><td><b>Target Code</b></td></tr><tr><td>445988008 (Assessment using health assessment questionnaire (procedure))</td><td><a href=\"http://hl7.org/fhir/extensions/5.1.0/CodeSystem-concept-map-equivalence.html#relatedto\" title=\"relatedto\">is related to</a></td><td>Y (Yes)</td></tr><tr><td>229057006 (Meetings (procedure))</td><td><a href=\"http://hl7.org/fhir/extensions/5.1.0/CodeSystem-concept-map-equivalence.html#relatedto\" title=\"relatedto\">is related to</a></td><td>N (No)</td></tr><tr><td>273586006 (Master questionnaire)</td><td><a href=\"http://hl7.org/fhir/extensions/5.1.0/CodeSystem-concept-map-equivalence.html#relatedto\" title=\"relatedto\">is related to</a></td><td>Y (Yes)</td></tr><tr><td>409073007 (Instruction)</td><td><a href=\"http://hl7.org/fhir/extensions/5.1.0/CodeSystem-concept-map-equivalence.html#relatedto\" title=\"relatedto\">is related to</a></td><td>N (No)</td></tr></table><hr/><p><b>Group 6 </b>Mapping from <a href=\"CodeSystem-urn-oid-1.2.208.176.2.4.html\">Sundhedsvæsenets klassifikationssystem (SKS)</a> to <a href=\"http://terminology.hl7.org/5.5.0/CodeSystem-v2-0532.html\">expandedYes-NoIndicator</a></p><table class=\"grid\"><tr><td><b>Source Code</b></td><td><b>Relationship</b></td><td><b>Target Code</b></td></tr><tr><td>ALCA00 (fysisk fremmøde)</td><td><a href=\"http://hl7.org/fhir/extensions/5.1.0/CodeSystem-concept-map-equivalence.html#relatedto\" title=\"relatedto\">is related to</a></td><td>N (No)</td></tr><tr><td>ALCA03 (virtuel kontakt)</td><td><a href=\"http://hl7.org/fhir/extensions/5.1.0/CodeSystem-concept-map-equivalence.html#relatedto\" title=\"relatedto\">is related to</a></td><td>N (No)</td></tr></table></div>"},"url":"http://ehealth.sundhed.dk/ConceptMap/activitydefinition-code-to-do-missing-measurement","version":"3.3.0","name":"activitydefinition-code-to-do-missing-measurement","title":"Activitydefinition-code to do missing measurement","status":"active","experimental":false,"date":"2022-10-17T00:00:00+00:00","publisher":"Den telemedicinske infrastruktur (eHealth Infrastructure)","contact":[{"name":"Den telemedicinske infrastruktur (eHealth Infrastructure)","telecom":[{"system":"url","value":"http://ehealth.sundhed.dk"}]}],"description":"The map controls whether an activity shall be subjected to missing measurements checks or not.","sourceUri":"http://ehealth.sundhed.dk/vs/activitydefinition-code","targetUri":"http://terminology.hl7.org/ValueSet/v2-0532","group":[{"source":"http://ehealth.sundhed.dk/cs/activitydefinition-code","target":"http://terminology.hl7.org/CodeSystem/v2-0532","element":[{"code":"TBD","display":"Example value - Under construction","target":[{"modifierExtension":[{"url":"http://hl7.org/fhir/1.0/StructureDefinition/extension-ConceptMap.element.target.equivalence","valueCode":"relatedto"}],"code":"N","display":"No","equivalence":"relatedto"}]},{"code":"229057006","display":"Møder","target":[{"modifierExtension":[{"url":"http://hl7.org/fhir/1.0/StructureDefinition/extension-ConceptMap.element.target.equivalence","valueCode":"relatedto"}],"code":"N","display":"No","equivalence":"relatedto"}]},{"code":"229058001","display":"Sagskonferencer","target":[{"modifierExtension":[{"url":"http://hl7.org/fhir/1.0/StructureDefinition/extension-ConceptMap.element.target.equivalence","valueCode":"relatedto"}],"code":"N","display":"No","equivalence":"relatedto"}]},{"code":"409073007","display":"Instruktion","target":[{"modifierExtension":[{"url":"http://hl7.org/fhir/1.0/StructureDefinition/extension-ConceptMap.element.target.equivalence","valueCode":"relatedto"}],"code":"N","display":"No","equivalence":"relatedto"}]},{"code":"273586006","display":"Master Questionnaire","target":[{"modifierExtension":[{"url":"http://hl7.org/fhir/1.0/StructureDefinition/extension-ConceptMap.element.target.equivalence","valueCode":"relatedto"}],"code":"Y","display":"Yes","equivalence":"relatedto"}]},{"code":"HA","display":"Head activity","target":[{"modifierExtension":[{"url":"http://hl7.org/fhir/1.0/StructureDefinition/extension-ConceptMap.element.target.equivalence","valueCode":"relatedto"}],"code":"N","display":"No","equivalence":"relatedto"}]},{"code":"SQ","display":"Situation quality assessment","target":[{"modifierExtension":[{"url":"http://hl7.org/fhir/1.0/StructureDefinition/extension-ConceptMap.element.target.equivalence","valueCode":"relatedto"}],"code":"Y","display":"Yes","equivalence":"relatedto"}]},{"code":"QR","display":"Usage quality assessment","target":[{"modifierExtension":[{"url":"http://hl7.org/fhir/1.0/StructureDefinition/extension-ConceptMap.element.target.equivalence","valueCode":"relatedto"}],"code":"Y","display":"Yes","equivalence":"relatedto"}]},{"code":"SDG","display":"Same device group","target":[{"modifierExtension":[{"url":"http://hl7.org/fhir/1.0/StructureDefinition/extension-ConceptMap.element.target.equivalence","valueCode":"relatedto"}],"code":"N","display":"No","equivalence":"relatedto"}]}]},{"source":"urn:oid:1.2.208.176.2.1","target":"http://terminology.hl7.org/CodeSystem/v2-0532","element":[{"code":"NPU03011","display":"O2 sat.;Hb(aB)","target":[{"modifierExtension":[{"url":"http://hl7.org/fhir/1.0/StructureDefinition/extension-ConceptMap.element.target.equivalence","valueCode":"relatedto"}],"code":"Y","display":"Yes","equivalence":"relatedto"}]},{"code":"NPU21692","display":"Puls;Hjerte","target":[{"modifierExtension":[{"url":"http://hl7.org/fhir/1.0/StructureDefinition/extension-ConceptMap.element.target.equivalence","valueCode":"relatedto"}],"code":"Y","display":"Yes","equivalence":"relatedto"}]},{"code":"NPU03804","display":"Legeme vægt; Pt","target":[{"modifierExtension":[{"url":"http://hl7.org/fhir/1.0/StructureDefinition/extension-ConceptMap.element.target.equivalence","valueCode":"relatedto"}],"code":"Y","display":"Yes","equivalence":"relatedto"}]},{"code":"NPU27281","display":"Pt—Legeme; massekoefficient(masse/kvadreret højde) = ? kg/m²","target":[{"modifierExtension":[{"url":"http://hl7.org/fhir/1.0/StructureDefinition/extension-ConceptMap.element.target.equivalence","valueCode":"relatedto"}],"code":"Y","display":"Yes","equivalence":"relatedto"}]},{"code":"NPU03794","display":"Pt—Legeme; højde = ? m","target":[{"modifierExtension":[{"url":"http://hl7.org/fhir/1.0/StructureDefinition/extension-ConceptMap.element.target.equivalence","valueCode":"relatedto"}],"code":"Y","display":"Yes","equivalence":"relatedto"}]},{"code":"NPU08676","display":"Pt—Legeme; temp. = ? °C","target":[{"modifierExtension":[{"url":"http://hl7.org/fhir/1.0/StructureDefinition/extension-ConceptMap.element.target.equivalence","valueCode":"relatedto"}],"code":"Y","display":"Yes","equivalence":"relatedto"}]},{"code":"NPU19748","display":"C-reaktivt protein [CRP];P","target":[{"modifierExtension":[{"url":"http://hl7.org/fhir/1.0/StructureDefinition/extension-ConceptMap.element.target.equivalence","valueCode":"relatedto"}],"code":"Y","display":"Yes","equivalence":"relatedto"}]}]},{"source":"urn:oid:1.2.208.184.100.8","target":"http://terminology.hl7.org/CodeSystem/v2-0532","element":[{"code":"MCS88015","display":"FEV1;Lunge","target":[{"modifierExtension":[{"url":"http://hl7.org/fhir/1.0/StructureDefinition/extension-ConceptMap.element.target.equivalence","valueCode":"relatedto"}],"code":"Y","display":"Yes","equivalence":"relatedto"}]},{"code":"MCS88016","display":"FVC;Lunge","target":[{"modifierExtension":[{"url":"http://hl7.org/fhir/1.0/StructureDefinition/extension-ConceptMap.element.target.equivalence","valueCode":"relatedto"}],"code":"Y","display":"Yes","equivalence":"relatedto"}]},{"code":"MCS88017","display":"FEV1/FVC;Lunge","target":[{"modifierExtension":[{"url":"http://hl7.org/fhir/1.0/StructureDefinition/extension-ConceptMap.element.target.equivalence","valueCode":"relatedto"}],"code":"Y","display":"Yes","equivalence":"relatedto"}]},{"code":"MCS88019","display":"Blodtryk hjemme systolisk;Arm","target":[{"modifierExtension":[{"url":"http://hl7.org/fhir/1.0/StructureDefinition/extension-ConceptMap.element.target.equivalence","valueCode":"relatedto"}],"code":"Y","display":"Yes","equivalence":"relatedto"}]},{"code":"MCS88020","display":"Blodtryk hjemme diastolisk;Arm","target":[{"modifierExtension":[{"url":"http://hl7.org/fhir/1.0/StructureDefinition/extension-ConceptMap.element.target.equivalence","valueCode":"relatedto"}],"code":"Y","display":"Yes","equivalence":"relatedto"}]},{"code":"MCS88021","display":"MRC skala;Pt(KOL)","target":[{"modifierExtension":[{"url":"http://hl7.org/fhir/1.0/StructureDefinition/extension-ConceptMap.element.target.equivalence","valueCode":"relatedto"}],"code":"Y","display":"Yes","equivalence":"relatedto"}]},{"code":"MCS88023","display":"FEV1 af forventet værdi;Pt(KOL)","target":[{"modifierExtension":[{"url":"http://hl7.org/fhir/1.0/StructureDefinition/extension-ConceptMap.element.target.equivalence","valueCode":"relatedto"}],"code":"Y","display":"Yes","equivalence":"relatedto"}]},{"code":"MCS88050","display":"Rejse sætte sig testen;Pt","target":[{"modifierExtension":[{"url":"http://hl7.org/fhir/1.0/StructureDefinition/extension-ConceptMap.element.target.equivalence","valueCode":"relatedto"}],"code":"Y","display":"Yes","equivalence":"relatedto"}]},{"code":"MCS88137","display":"CAT score;Pt","target":[{"modifierExtension":[{"url":"http://hl7.org/fhir/1.0/StructureDefinition/extension-ConceptMap.element.target.equivalence","valueCode":"relatedto"}],"code":"Y","display":"Yes","equivalence":"relatedto"}]}]},{"source":"urn:oid:1.2.208.176.2.4","target":"http://terminology.hl7.org/CodeSystem/v2-0532","element":[{"code":"ZZ3170","display":"Hjemmeblodtryksmåling udført af patienten","target":[{"modifierExtension":[{"url":"http://hl7.org/fhir/1.0/StructureDefinition/extension-ConceptMap.element.target.equivalence","valueCode":"relatedto"}],"code":"Y","display":"Yes","equivalence":"relatedto"}]}]},{"source":"http://snomed.info/sct","target":"http://terminology.hl7.org/CodeSystem/v2-0532","element":[{"code":"445988008","display":"Assessment using health assessment questionnaire (procedure)","target":[{"modifierExtension":[{"url":"http://hl7.org/fhir/1.0/StructureDefinition/extension-ConceptMap.element.target.equivalence","valueCode":"relatedto"}],"code":"Y","display":"Yes","equivalence":"relatedto"}]},{"code":"229057006","display":"Meetings (procedure)","target":[{"modifierExtension":[{"url":"http://hl7.org/fhir/1.0/StructureDefinition/extension-ConceptMap.element.target.equivalence","valueCode":"relatedto"}],"code":"N","display":"No","equivalence":"relatedto"}]},{"code":"273586006","display":"Master questionnaire","target":[{"modifierExtension":[{"url":"http://hl7.org/fhir/1.0/StructureDefinition/extension-ConceptMap.element.target.equivalence","valueCode":"relatedto"}],"code":"Y","display":"Yes","equivalence":"relatedto"}]},{"code":"409073007","display":"Instruction","target":[{"modifierExtension":[{"url":"http://hl7.org/fhir/1.0/StructureDefinition/extension-ConceptMap.element.target.equivalence","valueCode":"relatedto"}],"code":"N","display":"No","equivalence":"relatedto"}]}]},{"source":"urn:oid:1.2.208.176.2.4","target":"http://terminology.hl7.org/CodeSystem/v2-0532","element":[{"code":"ALCA00","display":"fysisk fremmøde","target":[{"modifierExtension":[{"url":"http://hl7.org/fhir/1.0/StructureDefinition/extension-ConceptMap.element.target.equivalence","valueCode":"relatedto"}],"code":"N","display":"No","equivalence":"relatedto"}]},{"code":"ALCA03","display":"virtuel kontakt","target":[{"modifierExtension":[{"url":"http://hl7.org/fhir/1.0/StructureDefinition/extension-ConceptMap.element.target.equivalence","valueCode":"relatedto"}],"code":"N","display":"No","equivalence":"relatedto"}]}]}]}