{"resourceType":"OperationDefinition","id":"-s-transform-from-QRD-based-on-questionnaire","text":{"status":"extensions","div":"<div xmlns=\"http://www.w3.org/1999/xhtml\"><p>URL: [base]/$transform-from-QRD-based-on-questionnaire</p><p>Parameters</p><table class=\"grid\"><tr><td><b>Use</b></td><td><b>Name</b></td><td><b>Scope</b></td><td><b>Cardinality</b></td><td><b>Type</b></td><td><b>Binding</b></td><td><b>Documentation</b></td></tr><tr><td>IN</td><td>bundle</td><td/><td>0..1</td><td><a href=\"http://hl7.org/fhir/R4/bundle.html\">Bundle</a></td><td/><td/></tr><tr><td>OUT</td><td>bundle</td><td/><td>0..1</td><td><a href=\"http://hl7.org/fhir/R4/bundle.html\">Bundle</a></td><td/><td/></tr></table></div>"},"url":"https://document-transformation.devtest.systematic-ehealth.com/fhir/OperationDefinition/-s-transform-from-QRD-based-on-questionnaire","version":"3.3.0","name":"transform-from-QRD-based-on-questionnaire","title":"Transform from QRD based on FHIR Questionnaire","status":"active","kind":"operation","date":"2024-06-07T14:37:02+00:00","publisher":"Den telemedicinske infrastruktur (eHealth Infrastructure)","contact":[{"name":"Den telemedicinske infrastruktur (eHealth Infrastructure)","telecom":[{"system":"url","value":"http://ehealth.sundhed.dk"}]}],"description":"Transforms a DK-HL7 Questionnaire Response Document (QRD) XML document to a FHIR QuestionnaireResponse (ehealth-questionnaireresponse profile) resource. The input bundle must contain the QRD XML document adhering to the DK-HL7 Questionnaire Response Document profile. And a FHIR Questionnaire resource. The returned FHIR Bundle contains FHIR Composition (ehealth-composition profile) resource referencing a FHIR QuestionnaireResponse (ehealth-documentreference profile) resource.","affectsState":false,"code":"transform-from-QRD-based-on-questionnaire","system":true,"type":false,"instance":false,"parameter":[{"name":"bundle","use":"in","min":0,"max":"1","type":"Bundle"},{"name":"bundle","use":"out","min":0,"max":"1","type":"Bundle"}]}