{"resourceType":"OperationDefinition","id":"ehealth-patient-skrs-update","text":{"status":"extensions","div":"<div xmlns=\"http://www.w3.org/1999/xhtml\"><p>URL: [base]/Patient/$updatePatientWithSKRSData</p><p>Parameters</p><table class=\"grid\"><tr><td><b>Use</b></td><td><b>Name</b></td><td><b>Scope</b></td><td><b>Cardinality</b></td><td><b>Type</b></td><td><b>Binding</b></td><td><b>Documentation</b></td></tr><tr><td>IN</td><td>patientBundle</td><td/><td>1..1</td><td><a href=\"http://hl7.org/fhir/R4/bundle.html\">Bundle</a></td><td/><td><div><p>The patient information on multiple patients.</p>\n</div></td></tr><tr><td>OUT</td><td>return</td><td/><td>1..1</td><td><a href=\"http://hl7.org/fhir/R4/parameters.html\">Parameters</a></td><td/><td><div><p>Empty set of parameters</p>\n</div></td></tr></table></div>"},"url":"http://ehealth.sundhed.dk/fhir/OperationDefinition/ehealth-patient-skrs-update","version":"3.3.0","name":"Update Patient from KRS","status":"active","kind":"operation","date":"2019-02-02","publisher":"Den telemedicinske infrastruktur (eHealth Infrastructure)","contact":[{"name":"Den telemedicinske infrastruktur (eHealth Infrastructure)","telecom":[{"system":"url","value":"http://ehealth.sundhed.dk"}]}],"description":"This operation is used when batch updates on patient information is available from the national service platform. The operation is used by internal components of the eHealth Infrastructure.","code":"updatePatientWithSKRSData","resource":["Patient"],"system":false,"type":true,"instance":false,"parameter":[{"name":"patientBundle","use":"in","min":1,"max":"1","documentation":"The patient information on multiple patients.","type":"Bundle"},{"name":"return","use":"out","min":1,"max":"1","documentation":"Empty set of parameters","type":"Parameters"}]}