{"resourceType":"ValueSet","id":"ehealth-library-type","text":{"status":"generated","div":"<div xmlns=\"http://www.w3.org/1999/xhtml\"><p>This value set includes codes based on the following rules:</p><ul><li>Include all codes defined in <a href=\"http://terminology.hl7.org/5.5.0/CodeSystem-library-type.html\"><code>http://terminology.hl7.org/CodeSystem/library-type</code></a></li><li>Include all codes defined in <a href=\"CodeSystem-ehealth-library-type.html\"><code>http://ehealth.sundhed.dk/cs/library-type</code></a></li></ul></div>"},"url":"http://ehealth.sundhed.dk/vs/library-type","version":"3.3.0","name":"LibraryType","title":"Library Type","status":"active","experimental":true,"date":"2019-08-27T00:00:00+00:00","publisher":"Den telemedicinske infrastruktur (eHealth Infrastructure)","contact":[{"name":"Den telemedicinske infrastruktur (eHealth Infrastructure)","telecom":[{"system":"url","value":"http://ehealth.sundhed.dk"}]}],"description":"http://terminology.hl7.org/CodeSystem/library-type + automated-processing","compose":{"include":[{"system":"http://terminology.hl7.org/CodeSystem/library-type"},{"system":"http://ehealth.sundhed.dk/cs/library-type"}]}}