{
  "resourceType" : "CodeSystem",
  "id" : "ehealth-action",
  "text" : {
    "status" : "generated",
    "div" : "<div xmlns=\"http://www.w3.org/1999/xhtml\"><p class=\"res-header-id\"><b>Generated Narrative: CodeSystem ehealth-action</b></p><a name=\"ehealth-action\"> </a><a name=\"hcehealth-action\"> </a><a name=\"ehealth-action-da-DK\"> </a><p>This case-sensitive code system <code>http://ehealth.sundhed.dk/cs/action</code> defines the following code:</p><table class=\"codes\"><tr><td style=\"white-space:nowrap\"><b>Code</b></td><td><b>Display</b></td><td><b>Definition</b></td><td><b>Dansk (Danish, da)</b></td></tr><tr><td style=\"white-space:nowrap\">status-on-hold-to-active<a name=\"ehealth-action-status-on-hold-to-active\"> </a></td><td>Update status from on-hold to active</td><td>Update status from on-hold to active</td><td>Opdater status fra pauseret til aktiv</td></tr></table></div>"
  },
  "url" : "http://ehealth.sundhed.dk/cs/action",
  "version" : "3.4.0",
  "name" : "Action",
  "title" : "Action",
  "status" : "active",
  "experimental" : false,
  "date" : "2021-10-22T13:31:31+00:00",
  "publisher" : "Den telemedicinske infrastruktur (eHealth Infrastructure)",
  "contact" : [{
    "name" : "Den telemedicinske infrastruktur (eHealth Infrastructure)",
    "telecom" : [{
      "system" : "url",
      "value" : "http://ehealth.sundhed.dk"
    }]
  }],
  "description" : "Action Code",
  "jurisdiction" : [{
    "coding" : [{
      "system" : "urn:iso:std:iso:3166",
      "code" : "DK",
      "display" : "Denmark"
    }]
  }],
  "caseSensitive" : true,
  "content" : "complete",
  "concept" : [{
    "code" : "status-on-hold-to-active",
    "display" : "Update status from on-hold to active",
    "definition" : "Update status from on-hold to active",
    "designation" : [{
      "language" : "da",
      "value" : "Opdater status fra pauseret til aktiv"
    }]
  }]
}