{
  "resourceType" : "CodeSystem",
  "id" : "ehealth-situation-quality",
  "text" : {
    "status" : "generated",
    "div" : "<div xmlns=\"http://www.w3.org/1999/xhtml\"><p class=\"res-header-id\"><b>Generated Narrative: CodeSystem ehealth-situation-quality</b></p><a name=\"ehealth-situation-quality\"> </a><a name=\"hcehealth-situation-quality\"> </a><a name=\"ehealth-situation-quality-da-DK\"> </a><p>This case-sensitive code system <code>http://ehealth.sundhed.dk/cs/situation-quality</code> defines the following codes in a Is-A hierarchy:</p><table class=\"codes\"><tr><td><b>Lvl</b></td><td style=\"white-space:nowrap\"><b>Code</b></td><td><b>Display</b></td><td><b>Definition</b></td><td><b>Dansk (Danish, da)</b></td></tr><tr><td>1</td><td style=\"white-space:nowrap\">none<a name=\"ehealth-situation-quality-none\"> </a></td><td>No quality needed</td><td>Quality value where no derivation rule logic nor values are expected</td><td>Ingen situationskvalitet krævet/ventet</td></tr><tr><td>2</td><td style=\"white-space:nowrap\">\u00a0\u00a0unknown<a name=\"ehealth-situation-quality-unknown\"> </a></td><td>Unknown quality</td><td>Unknown quality (Unlikely to be adequate if a quality value is expected)</td><td>Ukendt situationskvalitet</td></tr><tr><td>3</td><td style=\"white-space:nowrap\">\u00a0\u00a0\u00a0\u00a0derivation-error<a name=\"ehealth-situation-quality-derivation-error\"> </a></td><td>Error in deriving or determining the quality</td><td>Quality value could not be derived due to insufficient input, unknown/unavailable logic, or other error</td><td>Situationskvaliteten kunne ikke bestemmes grundet manglende input, utilgængelig logik, eller anden fejl.</td></tr><tr><td>4</td><td style=\"white-space:nowrap\">\u00a0\u00a0\u00a0\u00a0\u00a0\u00a0normal<a name=\"ehealth-situation-quality-normal\"> </a></td><td>Normal/neutral situation quality</td><td>Normal/neutral situation quality</td><td>Normalt/neutralt situationskvalitetsniveau</td></tr><tr><td>5</td><td style=\"white-space:nowrap\">\u00a0\u00a0\u00a0\u00a0\u00a0\u00a0\u00a0\u00a0finger-not-cold<a name=\"ehealth-situation-quality-finger-not-cold\"> </a></td><td>Finger is not cold</td><td>Finger is not cold</td><td>Finger ej kold</td></tr><tr><td>5</td><td style=\"white-space:nowrap\">\u00a0\u00a0\u00a0\u00a0\u00a0\u00a0\u00a0\u00a0supported-by-armrest<a name=\"ehealth-situation-quality-supported-by-armrest\"> </a></td><td>Performed with armrest support</td><td>Performed with armrest support</td><td>Udført med støtte fra armlæn</td></tr><tr><td>5</td><td style=\"white-space:nowrap\">\u00a0\u00a0\u00a0\u00a0\u00a0\u00a0\u00a0\u00a0arms-crossed<a name=\"ehealth-situation-quality-arms-crossed\"> </a></td><td>Performed with arms crossed</td><td>Performed with arms crossed</td><td>udført med korslagte arme</td></tr><tr><td>5</td><td style=\"white-space:nowrap\">\u00a0\u00a0\u00a0\u00a0\u00a0\u00a0\u00a0\u00a0lying-down<a name=\"ehealth-situation-quality-lying-down\"> </a></td><td>Performed lying down</td><td>Performed lying down</td><td>Udført liggende</td></tr><tr><td>5</td><td style=\"white-space:nowrap\">\u00a0\u00a0\u00a0\u00a0\u00a0\u00a0\u00a0\u00a0sitting<a name=\"ehealth-situation-quality-sitting\"> </a></td><td>Performed sitting</td><td>Performed sitting</td><td>Udført siddende</td></tr><tr><td>1</td><td style=\"white-space:nowrap\">Unknown<a name=\"ehealth-situation-quality-Unknown\"> </a></td><td>Unknown quality</td><td>Unknown quality (Unlikely to be adequate if a quality value is expected)</td><td/></tr><tr><td>2</td><td style=\"white-space:nowrap\">\u00a0\u00a0None<a name=\"ehealth-situation-quality-None\"> </a></td><td>No quality needed</td><td>Quality value where no derivation rule logic nor values are expected</td><td/></tr><tr><td>3</td><td style=\"white-space:nowrap\">\u00a0\u00a0\u00a0\u00a0DerivationError<a name=\"ehealth-situation-quality-DerivationError\"> </a></td><td>Error in deriving or determining the quality</td><td>Quality value could not be derived due to insufficient input, unknown/unavailable logic, or other error</td><td/></tr><tr><td>4</td><td style=\"white-space:nowrap\">\u00a0\u00a0\u00a0\u00a0\u00a0\u00a0SQ1<a name=\"ehealth-situation-quality-SQ1\"> </a></td><td>Situation quality 1 (example)</td><td>Example, needs further clarification.</td><td/></tr><tr><td>5</td><td style=\"white-space:nowrap\">\u00a0\u00a0\u00a0\u00a0\u00a0\u00a0\u00a0\u00a0SQ2<a name=\"ehealth-situation-quality-SQ2\"> </a></td><td>Situation quality 2 (example)</td><td>Example, needs further clarification.</td><td/></tr><tr><td>6</td><td style=\"white-space:nowrap\">\u00a0\u00a0\u00a0\u00a0\u00a0\u00a0\u00a0\u00a0\u00a0\u00a0SQ3<a name=\"ehealth-situation-quality-SQ3\"> </a></td><td>Situation quality 3 (example)</td><td>Example, needs further clarification.</td><td/></tr></table></div>"
  },
  "url" : "http://ehealth.sundhed.dk/cs/situation-quality",
  "version" : "3.4.0",
  "name" : "SituationQuality",
  "title" : "Situation Quality",
  "status" : "active",
  "experimental" : false,
  "date" : "2019-01-29T00:00:00+00:00",
  "publisher" : "Den telemedicinske infrastruktur (eHealth Infrastructure)",
  "contact" : [{
    "name" : "Den telemedicinske infrastruktur (eHealth Infrastructure)",
    "telecom" : [{
      "system" : "url",
      "value" : "http://ehealth.sundhed.dk"
    }]
  }],
  "description" : "Codes stating the quality of a measurement situation",
  "jurisdiction" : [{
    "coding" : [{
      "system" : "urn:iso:std:iso:3166",
      "code" : "DK",
      "display" : "Denmark"
    }]
  }],
  "caseSensitive" : true,
  "hierarchyMeaning" : "is-a",
  "content" : "complete",
  "concept" : [{
    "code" : "none",
    "display" : "No quality needed",
    "definition" : "Quality value where no derivation rule logic nor values are expected",
    "designation" : [{
      "language" : "da",
      "value" : "Ingen situationskvalitet krævet/ventet"
    }],
    "concept" : [{
      "code" : "unknown",
      "display" : "Unknown quality",
      "definition" : "Unknown quality (Unlikely to be adequate if a quality value is expected)",
      "designation" : [{
        "language" : "da",
        "value" : "Ukendt situationskvalitet"
      }],
      "concept" : [{
        "code" : "derivation-error",
        "display" : "Error in deriving or determining the quality",
        "definition" : "Quality value could not be derived due to insufficient input, unknown/unavailable logic, or other error",
        "designation" : [{
          "language" : "da",
          "value" : "Situationskvaliteten kunne ikke bestemmes grundet manglende input, utilgængelig logik, eller anden fejl."
        }],
        "concept" : [{
          "code" : "normal",
          "display" : "Normal/neutral situation quality",
          "definition" : "Normal/neutral situation quality",
          "designation" : [{
            "language" : "da",
            "value" : "Normalt/neutralt situationskvalitetsniveau"
          }],
          "concept" : [{
            "code" : "finger-not-cold",
            "display" : "Finger is not cold",
            "definition" : "Finger is not cold",
            "designation" : [{
              "language" : "da",
              "value" : "Finger ej kold"
            }]
          },
          {
            "code" : "supported-by-armrest",
            "display" : "Performed with armrest support",
            "definition" : "Performed with armrest support",
            "designation" : [{
              "language" : "da",
              "value" : "Udført med støtte fra armlæn"
            }]
          },
          {
            "code" : "arms-crossed",
            "display" : "Performed with arms crossed",
            "definition" : "Performed with arms crossed",
            "designation" : [{
              "language" : "da",
              "value" : "udført med korslagte arme"
            }]
          },
          {
            "code" : "lying-down",
            "display" : "Performed lying down",
            "definition" : "Performed lying down",
            "designation" : [{
              "language" : "da",
              "value" : "Udført liggende"
            }]
          },
          {
            "code" : "sitting",
            "display" : "Performed sitting",
            "definition" : "Performed sitting",
            "designation" : [{
              "language" : "da",
              "value" : "Udført siddende"
            }]
          }]
        }]
      }]
    }]
  },
  {
    "code" : "Unknown",
    "display" : "Unknown quality",
    "definition" : "Unknown quality (Unlikely to be adequate if a quality value is expected)",
    "property" : [{
      "code" : "deprecated",
      "valueDateTime" : "2020-02-03"
    }],
    "concept" : [{
      "code" : "None",
      "display" : "No quality needed",
      "definition" : "Quality value where no derivation rule logic nor values are expected",
      "property" : [{
        "code" : "deprecated",
        "valueDateTime" : "2020-02-03"
      }],
      "concept" : [{
        "code" : "DerivationError",
        "display" : "Error in deriving or determining the quality",
        "definition" : "Quality value could not be derived due to insufficient input, unknown/unavailable logic, or other error",
        "property" : [{
          "code" : "deprecated",
          "valueDateTime" : "2020-02-03"
        }],
        "concept" : [{
          "code" : "SQ1",
          "display" : "Situation quality 1 (example)",
          "definition" : "Example, needs further clarification.",
          "property" : [{
            "code" : "deprecated",
            "valueDateTime" : "2020-02-03"
          }],
          "concept" : [{
            "code" : "SQ2",
            "display" : "Situation quality 2 (example)",
            "definition" : "Example, needs further clarification.",
            "property" : [{
              "code" : "deprecated",
              "valueDateTime" : "2020-02-03"
            }],
            "concept" : [{
              "code" : "SQ3",
              "display" : "Situation quality 3 (example)",
              "definition" : "Example, needs further clarification.",
              "property" : [{
                "code" : "deprecated",
                "valueDateTime" : "2020-02-03"
              }]
            }]
          }]
        }]
      }]
    }]
  }]
}