{
  "resourceType" : "ValueSet",
  "id" : "ehealth-questionnaire-significance-indicator",
  "text" : {
    "status" : "generated",
    "div" : "<div xmlns=\"http://www.w3.org/1999/xhtml\"><p class=\"res-header-id\"><b>Generated Narrative: ValueSet ehealth-questionnaire-significance-indicator</b></p><a name=\"ehealth-questionnaire-significance-indicator\"> </a><a name=\"hcehealth-questionnaire-significance-indicator\"> </a><a name=\"ehealth-questionnaire-significance-indicator-da-DK\"> </a><ul><li>Include all codes defined in <a href=\"CodeSystem-ehealth-questionnaire-item-significance-indicator.html\"><code>http://ehealth.sundhed.dk/cs/questionnaire-item-significance-indicator</code></a></li></ul></div>"
  },
  "url" : "http://ehealth.sundhed.dk/vs/questionnaire-item-significance-indicator",
  "version" : "3.4.0",
  "name" : "QuestionnaireItemSignificanceIndicator",
  "title" : "Questionnaire Item Significance Indicator",
  "status" : "active",
  "experimental" : true,
  "date" : "2021-09-16",
  "publisher" : "Den telemedicinske infrastruktur (eHealth Infrastructure)",
  "contact" : [{
    "name" : "Den telemedicinske infrastruktur (eHealth Infrastructure)",
    "telecom" : [{
      "system" : "url",
      "value" : "http://ehealth.sundhed.dk"
    }]
  }],
  "description" : "Questionnaire Significance Item Indicator value set.",
  "jurisdiction" : [{
    "coding" : [{
      "system" : "urn:iso:std:iso:3166",
      "code" : "DK",
      "display" : "Denmark"
    }]
  }],
  "compose" : {
    "include" : [{
      "system" : "http://ehealth.sundhed.dk/cs/questionnaire-item-significance-indicator"
    }]
  }
}