<?xml version="1.0" encoding="UTF-8"?><CodeSystem xmlns="http://hl7.org/fhir"><id value="ehealth-device-measuring-quality"/><text><status value="generated"/><div xmlns="http://www.w3.org/1999/xhtml"><p class="res-header-id"><b>Generated Narrative: CodeSystem ehealth-device-measuring-quality</b></p><a name="ehealth-device-measuring-quality"> </a><a name="hcehealth-device-measuring-quality"> </a><a name="ehealth-device-measuring-quality-da-DK"> </a><p>This case-sensitive code system <code>http://ehealth.sundhed.dk/cs/device-measuring-quality</code> defines the following codes in an undefined hierarchy:</p><table class="codes"><tr><td><b>Lvl</b></td><td style="white-space:nowrap"><b>Code</b></td><td><b>Display</b></td><td><b>Definition</b></td><td><b>Dansk (Danish, da)</b></td></tr><tr><td>1</td><td style="white-space:nowrap">none<a name="ehealth-device-measuring-quality-none"> </a></td><td>No quality needed</td><td>Quality value where no derivation rule logic nor values are expected</td><td>Ingen udstyrskvalitet krævet/ventet</td></tr><tr><td>2</td><td style="white-space:nowrap">  unknown<a name="ehealth-device-measuring-quality-unknown"> </a></td><td>Unknown quality</td><td>Unknown quality (Unlikely to be adequate if a quality value is expected)</td><td>Ukendt udstyrskvalitet</td></tr><tr><td>3</td><td style="white-space:nowrap">    derivation-error<a name="ehealth-device-measuring-quality-derivation-error"> </a></td><td>Error in deriving or determining the quality</td><td>Quality value could not be derived due to insufficient input, unknown/unavailable logic, or other error</td><td>Udstyrskvaliteten kunne ikke bestemmes grundet manglende input, utilgængelig logik, eller anden fejl.</td></tr><tr><td>4</td><td style="white-space:nowrap">      normal<a name="ehealth-device-measuring-quality-normal"> </a></td><td>Normal/neutral device measuring quality</td><td>Normal/neutral device measuring quality</td><td>Normalt/neutralt udstyrskvalitetsniveau</td></tr><tr><td>5</td><td style="white-space:nowrap">        low-precision<a name="ehealth-device-measuring-quality-low-precision"> </a></td><td>Low precision/credibility grade device quality</td><td>Low precision/credibility grade device quality. Typically such device is not clinical grade.</td><td>Lav præcision eller pålidelighed</td></tr><tr><td>6</td><td style="white-space:nowrap">          low-precision-degraded<a name="ehealth-device-measuring-quality-low-precision-degraded"> </a></td><td>Degraded quality for low precision/credibility grade device</td><td>Degraded quality for low precision/credibility grade device. Typically such device is not clinical grade.</td><td>Forringet kvalitet for udstyr med lav præcision eller pålidelighed</td></tr><tr><td>7</td><td style="white-space:nowrap">            low-precision-normal<a name="ehealth-device-measuring-quality-low-precision-normal"> </a></td><td>Normal/neutral quality for low precision/credibility grade device</td><td>Normal/neutral quality for low precision/credibility grade device. Typically such device is not clinical grade.</td><td>Normal kvalitet for udstyr med lav præcision eller pålidelighed</td></tr><tr><td>8</td><td style="white-space:nowrap">              low-precision-uncalibrated<a name="ehealth-device-measuring-quality-low-precision-uncalibrated"> </a></td><td>Quality for uncalibrated low precision/credibility grade device</td><td>Quality for uncalibrated low precision/credibility grade device. Typically such device is not clinical grade.</td><td>Kvalitet for ukalibreret udstyr med lav præcision eller pålidelighed</td></tr><tr><td>9</td><td style="white-space:nowrap">                low-precision-calibrated<a name="ehealth-device-measuring-quality-low-precision-calibrated"> </a></td><td>Quality for calibrated low precision/credibility grade device</td><td>Quality for calibrated low precision/credibility grade device. Typically such device is not clinical grade.</td><td>Kvalitet for kalibreret udstyr med lav præcision eller pålidelighed</td></tr><tr><td>10</td><td style="white-space:nowrap">                  high-precision<a name="ehealth-device-measuring-quality-high-precision"> </a></td><td>High precision/credibility grade device quality</td><td>High precision/credibility grade device quality. Typically such device is clinical grade.</td><td>Høj præcision eller pålidelighed</td></tr><tr><td>11</td><td style="white-space:nowrap">                    high-precision-degraded<a name="ehealth-device-measuring-quality-high-precision-degraded"> </a></td><td>Degraded quality for high precision/credibility grade device</td><td>Degraded quality for high precision/credibility grade device. Typically such device is clinical grade.</td><td>Forringet kvalitet for udstyr med høj præcision eller pålidelighed</td></tr><tr><td>12</td><td style="white-space:nowrap">                      high-precision-normal<a name="ehealth-device-measuring-quality-high-precision-normal"> </a></td><td>Normal/neutral quality for high precision/credibility grade device</td><td>Normal/neutral quality for high precision/credibility grade device. Typically such device is clinical grade.</td><td>Normal kvalitet for udstyr med høj præcision eller pålidelighed</td></tr><tr><td>13</td><td style="white-space:nowrap">                        high-precision-uncalibrated<a name="ehealth-device-measuring-quality-high-precision-uncalibrated"> </a></td><td>Quality for uncalibrated high precision/credibility grade device</td><td>Quality for uncalibrated high precision/credibility grade device. Typically such device is clinical grade.</td><td>Kvalitet for ukalibreret udstyr med høj præcision eller pålidelighed</td></tr><tr><td>14</td><td style="white-space:nowrap">                          high-precision-calibrated<a name="ehealth-device-measuring-quality-high-precision-calibrated"> </a></td><td>Quality for calibrated high precision/credibility grade device</td><td>Quality for calibrated high precision/credibility grade device. Typically such device is clinical grade.</td><td>Kvalitet for kalibreret udstyr med høj præcision eller pålidelighed</td></tr><tr><td>1</td><td style="white-space:nowrap">TBD<a name="ehealth-device-measuring-quality-TBD"> </a></td><td>Example value - Under construction</td><td>Example value - Under construction</td><td/></tr></table></div></text><url value="http://ehealth.sundhed.dk/cs/device-measuring-quality"/><version value="3.4.0"/><name value="DeviceMeasuringQuality"/><title value="Device Measuring Quality"/><status value="active"/><experimental value="false"/><date value="2019-01-29T00:00:00+00:00"/><publisher value="Den telemedicinske infrastruktur (eHealth Infrastructure)"/><contact><name value="Den telemedicinske infrastruktur (eHealth Infrastructure)"/><telecom><system value="url"/><value value="http://ehealth.sundhed.dk"/></telecom></contact><description value="Quality codes for qualities with which a device can perform measuring"/><jurisdiction><coding><system value="urn:iso:std:iso:3166"/><code value="DK"/><display value="Denmark"/></coding></jurisdiction><caseSensitive value="true"/><content value="complete"/><concept><code value="none"/><display value="No quality needed"/><definition value="Quality value where no derivation rule logic nor values are expected"/><designation><language value="da"/><value value="Ingen udstyrskvalitet krævet/ventet"/></designation><designation><use><system value="http://terminology.hl7.org/CodeSystem/designation-usage"/><code value="display"/></use><value value="No quality needed"/></designation><concept><code value="unknown"/><display value="Unknown quality"/><definition value="Unknown quality (Unlikely to be adequate if a quality value is expected)"/><designation><language value="da"/><value value="Ukendt udstyrskvalitet"/></designation><designation><use><system value="http://terminology.hl7.org/CodeSystem/designation-usage"/><code value="display"/></use><value value="Unknown quality"/></designation><concept><code value="derivation-error"/><display value="Error in deriving or determining the quality"/><definition value="Quality value could not be derived due to insufficient input, unknown/unavailable logic, or other error"/><designation><language value="da"/><value value="Udstyrskvaliteten kunne ikke bestemmes grundet manglende input, utilgængelig logik, eller anden fejl."/></designation><designation><use><system value="http://terminology.hl7.org/CodeSystem/designation-usage"/><code value="display"/></use><value value="Error in deriving or determining the quality"/></designation><concept><code value="normal"/><display value="Normal/neutral device measuring quality"/><definition value="Normal/neutral device measuring quality"/><designation><language value="da"/><value value="Normalt/neutralt udstyrskvalitetsniveau"/></designation><designation><use><system value="http://terminology.hl7.org/CodeSystem/designation-usage"/><code value="display"/></use><value value="Normal/neutral device measuring quality"/></designation><concept><code value="low-precision"/><display value="Low precision/credibility grade device quality"/><definition value="Low precision/credibility grade device quality. Typically such device is not clinical grade."/><designation><language value="da"/><value value="Lav præcision eller pålidelighed"/></designation><designation><use><system value="http://terminology.hl7.org/CodeSystem/designation-usage"/><code value="display"/></use><value value="Low precision/credibility grade device quality"/></designation><concept><code value="low-precision-degraded"/><display value="Degraded quality for low precision/credibility grade device"/><definition value="Degraded quality for low precision/credibility grade device. Typically such device is not clinical grade."/><designation><language value="da"/><value value="Forringet kvalitet for udstyr med lav præcision eller pålidelighed"/></designation><designation><use><system value="http://terminology.hl7.org/CodeSystem/designation-usage"/><code value="display"/></use><value value="Degraded quality for low precision/credibility grade device"/></designation><concept><code value="low-precision-normal"/><display value="Normal/neutral quality for low precision/credibility grade device"/><definition value="Normal/neutral quality for low precision/credibility grade device. Typically such device is not clinical grade."/><designation><language value="da"/><value value="Normal kvalitet for udstyr med lav præcision eller pålidelighed"/></designation><designation><use><system value="http://terminology.hl7.org/CodeSystem/designation-usage"/><code value="display"/></use><value value="Normal/neutral quality for low precision/credibility grade device"/></designation><concept><code value="low-precision-uncalibrated"/><display value="Quality for uncalibrated low precision/credibility grade device"/><definition value="Quality for uncalibrated low precision/credibility grade device. Typically such device is not clinical grade."/><designation><language value="da"/><value value="Kvalitet for ukalibreret udstyr med lav præcision eller pålidelighed"/></designation><designation><use><system value="http://terminology.hl7.org/CodeSystem/designation-usage"/><code value="display"/></use><value value="Quality for uncalibrated low precision/credibility grade device"/></designation><concept><code value="low-precision-calibrated"/><display value="Quality for calibrated low precision/credibility grade device"/><definition value="Quality for calibrated low precision/credibility grade device. Typically such device is not clinical grade."/><designation><language value="da"/><value value="Kvalitet for kalibreret udstyr med lav præcision eller pålidelighed"/></designation><designation><use><system value="http://terminology.hl7.org/CodeSystem/designation-usage"/><code value="display"/></use><value value="Quality for calibrated low precision/credibility grade device"/></designation><concept><code value="high-precision"/><display value="High precision/credibility grade device quality"/><definition value="High precision/credibility grade device quality. Typically such device is clinical grade."/><designation><language value="da"/><value value="Høj præcision eller pålidelighed"/></designation><designation><use><system value="http://terminology.hl7.org/CodeSystem/designation-usage"/><code value="display"/></use><value value="High precision/credibility grade device quality"/></designation><concept><code value="high-precision-degraded"/><display value="Degraded quality for high precision/credibility grade device"/><definition value="Degraded quality for high precision/credibility grade device. Typically such device is clinical grade."/><designation><language value="da"/><value value="Forringet kvalitet for udstyr med høj præcision eller pålidelighed"/></designation><designation><use><system value="http://terminology.hl7.org/CodeSystem/designation-usage"/><code value="display"/></use><value value="Degraded quality for high precision/credibility grade device"/></designation><concept><code value="high-precision-normal"/><display value="Normal/neutral quality for high precision/credibility grade device"/><definition value="Normal/neutral quality for high precision/credibility grade device. Typically such device is clinical grade."/><designation><language value="da"/><value value="Normal kvalitet for udstyr med høj præcision eller pålidelighed"/></designation><designation><use><system value="http://terminology.hl7.org/CodeSystem/designation-usage"/><code value="display"/></use><value value="Normal/neutral quality for high precision/credibility grade device"/></designation><concept><code value="high-precision-uncalibrated"/><display value="Quality for uncalibrated high precision/credibility grade device"/><definition value="Quality for uncalibrated high precision/credibility grade device. Typically such device is clinical grade."/><designation><language value="da"/><value value="Kvalitet for ukalibreret udstyr med høj præcision eller pålidelighed"/></designation><designation><use><system value="http://terminology.hl7.org/CodeSystem/designation-usage"/><code value="display"/></use><value value="Quality for uncalibrated high precision/credibility grade device"/></designation><concept><code value="high-precision-calibrated"/><display value="Quality for calibrated high precision/credibility grade device"/><definition value="Quality for calibrated high precision/credibility grade device. Typically such device is clinical grade."/><designation><language value="da"/><value value="Kvalitet for kalibreret udstyr med høj præcision eller pålidelighed"/></designation><designation><use><system value="http://terminology.hl7.org/CodeSystem/designation-usage"/><code value="display"/></use><value value="Quality for calibrated high precision/credibility grade device"/></designation></concept></concept></concept></concept></concept></concept></concept></concept></concept></concept></concept></concept></concept></concept><concept><code value="TBD"/><display value="Example value - Under construction"/><definition value="Example value - Under construction"/><designation><use><system value="http://terminology.hl7.org/CodeSystem/designation-usage"/><code value="display"/></use><value value="Example value - Under construction"/></designation><property><valueDateTime value="2020-02-03"/></property></concept></CodeSystem>