<?xml version="1.0" encoding="UTF-8"?><CodeSystem xmlns="http://hl7.org/fhir"><id value="fs3-health-respiration-and-circulation"/><text><status value="generated"/><div xmlns="http://www.w3.org/1999/xhtml"><p class="res-header-id"><b>Generated Narrative: CodeSystem fs3-health-respiration-and-circulation</b></p><a name="fs3-health-respiration-and-circulation"> </a><a name="hcfs3-health-respiration-and-circulation"> </a><a name="fs3-health-respiration-and-circulation-da-DK"> </a><p>This  code system <code>http://ehealth.sundhed.dk/cs/fs3-health-respiration-and-circulation</code> defines the following codes:</p><table class="codes"><tr><td style="white-space:nowrap"><b>Code</b></td><td><b>Display</b></td><td><b>Dansk (Danish, da)</b></td></tr><tr><td style="white-space:nowrap">RESPIRATION<a name="fs3-health-respiration-and-circulation-RESPIRATION"> </a></td><td>Respirationsproblemer</td><td>Respirationsproblemer</td></tr><tr><td style="white-space:nowrap">CIRCULATION<a name="fs3-health-respiration-and-circulation-CIRCULATION"> </a></td><td>Cirkulationsproblemer</td><td>Cirkulationsproblemer</td></tr></table></div></text><url value="http://ehealth.sundhed.dk/cs/fs3-health-respiration-and-circulation"/><version value="3.4.0"/><name value="FS III, Respiration og cirkulation"/><title value="FS III, Respiration og cirkulation"/><status value="active"/><experimental value="true"/><date value="2019-02-02T00:00:00+00:00"/><publisher value="Den telemedicinske infrastruktur (eHealth Infrastructure)"/><contact><name value="Den telemedicinske infrastruktur (eHealth Infrastructure)"/><telecom><system value="url"/><value value="http://ehealth.sundhed.dk"/></telecom></contact><description value="FS III, Respiration og cirkulation"/><jurisdiction><coding><system value="urn:iso:std:iso:3166"/><code value="DK"/><display value="Denmark"/></coding></jurisdiction><content value="complete"/><concept><code value="RESPIRATION"/><display value="Respirationsproblemer"/><designation><language value="da"/><value value="Respirationsproblemer"/></designation><designation><use><system value="http://terminology.hl7.org/CodeSystem/designation-usage"/><code value="display"/></use><value value="Respirationsproblemer"/></designation></concept><concept><code value="CIRCULATION"/><display value="Cirkulationsproblemer"/><designation><language value="da"/><value value="Cirkulationsproblemer"/></designation><designation><use><system value="http://terminology.hl7.org/CodeSystem/designation-usage"/><code value="display"/></use><value value="Cirkulationsproblemer"/></designation></concept></CodeSystem>