<?xml version="1.0" encoding="UTF-8"?><CodeSystem xmlns="http://hl7.org/fhir"><id value="ehealth-task-category"/><text><status value="generated"/><div xmlns="http://www.w3.org/1999/xhtml"><p class="res-header-id"><b>Generated Narrative: CodeSystem ehealth-task-category</b></p><a name="ehealth-task-category"> </a><a name="hcehealth-task-category"> </a><a name="ehealth-task-category-da-DK"> </a><p>This case-sensitive code system <code>http://ehealth.sundhed.dk/cs/task-category</code> defines the following codes:</p><table class="codes"><tr><td style="white-space:nowrap"><b>Code</b></td><td><b>Display</b></td><td><b>Definition</b></td><td><b>Dansk (Danish, da)</b></td></tr><tr><td style="white-space:nowrap">TBD<a name="ehealth-task-category-TBD"> </a></td><td>Example value - Under construction</td><td>Example value - Under construction</td><td/></tr><tr><td style="white-space:nowrap">MissingMeasurementResolving<a name="ehealth-task-category-MissingMeasurementResolving"> </a></td><td>Need resolving of why scheduled measurement has not been submitted</td><td>Need resolving of why scheduled measurement has not been submitted</td><td>Undersøg hvorfor der ikke er indsendt Måledata (måling og/eller spørgeskemabesvarelse).</td></tr><tr><td style="white-space:nowrap">UnexpectedMeasurementResolving<a name="ehealth-task-category-UnexpectedMeasurementResolving"> </a></td><td>Need resolving of why unexpected measurement was submitted</td><td>Need resolving of why unexpected measurement was submitted</td><td>Undersøg hvorfor der uventet er indsendt Måledata (måling og/eller spørgeskemabesvarelse).</td></tr><tr><td style="white-space:nowrap">MeasurementForAssessment<a name="ehealth-task-category-MeasurementForAssessment"> </a></td><td>Need assessment of measurement</td><td>Need assessment of measurement</td><td>Måledata (måling og/eller spørgeskemabesvarelse) er modtaget og klar til vurdering</td></tr><tr><td style="white-space:nowrap">OpenSSLOrder<a name="ehealth-task-category-OpenSSLOrder"> </a></td><td>Need processing of open SSL order</td><td>Need processing of open SSL order</td><td>Behandling af åben SSL bestilling</td></tr><tr><td style="white-space:nowrap">CalibrationNeeded<a name="ehealth-task-category-CalibrationNeeded"> </a></td><td>Device in need of calibration</td><td>Device in need of calibration</td><td>Måleudstyr har behov for kalibrering</td></tr><tr><td style="white-space:nowrap">MeasurementForAssessmentFailureInAutoProcessing<a name="ehealth-task-category-MeasurementForAssessmentFailureInAutoProcessing"> </a></td><td>Measurement Assessment failure during automated processing</td><td>Measurement Assessment failure during automated processing</td><td>Indsendte måledata (måling og/eller spørgeskemabesvarelse) kunne ikke vurderes af systemet. Du skal selv vurdere måledata.</td></tr><tr><td style="white-space:nowrap">LibraryUseMismatchFixingNeeded<a name="ehealth-task-category-LibraryUseMismatchFixingNeeded"> </a></td><td>Input and rule did not match</td><td>Input and rule did not match</td><td>Input og regel passer ikke sammen</td></tr><tr><td style="white-space:nowrap">RefRangeNeeded<a name="ehealth-task-category-RefRangeNeeded"> </a></td><td>Missing reference range required for automated processing</td><td>Missing reference range required for automated processing</td><td>Opsætning af grænseværdi mangler, hvilket er nødvendig for at systemet kan foretage vurdering</td></tr><tr><td style="white-space:nowrap">RefRangeFixingNeeded<a name="ehealth-task-category-RefRangeFixingNeeded"> </a></td><td>Reference range required for automated processing needs fixing</td><td>Reference range required for automated processing needs fixing</td><td>Grænseværdiopsætning er forkert og justering er nødvendig for at systemet kan foretage vurdering</td></tr><tr><td style="white-space:nowrap">RefBaseNeeded<a name="ehealth-task-category-RefBaseNeeded"> </a></td><td>Missing in force reference base required for automatic processing</td><td>Missing in force reference base required for automatic processing</td><td>Der mangler en referenceværdi for at måledata (måling eller spørgeskemabesvarelse) kan vurderes af systemet</td></tr><tr><td style="white-space:nowrap">RefBaseFixingNeeded<a name="ehealth-task-category-RefBaseFixingNeeded"> </a></td><td>In force reference base required for automatic processing needs fixing</td><td>In force reference base required for automatic processing needs fixing</td><td>Referenceværdi er forkert og justering er nødvendig for at systemet kan foretage vurdering</td></tr><tr><td style="white-space:nowrap">RequiredQuestionAnswerMissing<a name="ehealth-task-category-RequiredQuestionAnswerMissing"> </a></td><td>Missing question answers required for automated processing</td><td>Missing question answers required for automated processing</td><td>Spørgsmål mangler besvarelse i spørgeskemabesvarelse for at vurdering af spørgeskemabesvarelse kan foretages af systemet</td></tr><tr><td style="white-space:nowrap">ExpectedDelivery<a name="ehealth-task-category-ExpectedDelivery"> </a></td><td>Delivery expected</td><td>Delivery expected</td><td>Forventet levering</td></tr><tr><td style="white-space:nowrap">MeasurementForAssessmentNotTriaged<a name="ehealth-task-category-MeasurementForAssessmentNotTriaged"> </a></td><td>Need assessment of measurement where triage was not performed during automated processing</td><td>Need assessment of measurement where triage was not performed during automated processing</td><td>Indsendte måledata (måling og/eller spørgeskemabesvarelse) er ikke vurderet af systemet. Du skal selv vurdere måledata.</td></tr><tr><td style="white-space:nowrap">MeasurementForAssessmentAbsentValue<a name="ehealth-task-category-MeasurementForAssessmentAbsentValue"> </a></td><td>Need assessment of measurement with absent value</td><td>Need assessment of measurement with absent value</td><td>Indsendte måledata (måling) har fravær af målt værdi.</td></tr><tr><td style="white-space:nowrap">HandoverNegotiation<a name="ehealth-task-category-HandoverNegotiation"> </a></td><td>Need negotiation for handover of CarePlans between CareTeams</td><td>Need negotiation for handover of CarePlans between CareTeams</td><td>Forhandlingsprocess for overdragelse af plan(er) mellem behandlerteams</td></tr></table></div></text><url value="http://ehealth.sundhed.dk/cs/task-category"/><version value="3.4.0"/><name value="TaskCategory"/><title value="Task Category"/><status value="active"/><experimental value="false"/><date value="2019-01-29T00:00:00+00:00"/><publisher value="Den telemedicinske infrastruktur (eHealth Infrastructure)"/><contact><name value="Den telemedicinske infrastruktur (eHealth Infrastructure)"/><telecom><system value="url"/><value value="http://ehealth.sundhed.dk"/></telecom></contact><description value="Task Category"/><jurisdiction><coding><system value="urn:iso:std:iso:3166"/><code value="DK"/><display value="Denmark"/></coding></jurisdiction><caseSensitive value="true"/><content value="complete"/><concept><code value="TBD"/><display value="Example value - Under construction"/><definition value="Example value - Under construction"/><designation><use><system value="http://terminology.hl7.org/CodeSystem/designation-usage"/><code value="display"/></use><value value="Example value - Under construction"/></designation><designation><use><system value="http://terminology.hl7.org/CodeSystem/designation-usage"/><code value="display"/></use><value value="Example value - Under construction"/></designation><property><valueDateTime value="2020-02-27"/></property></concept><concept><code value="MissingMeasurementResolving"/><display value="Need resolving of why scheduled measurement has not been submitted"/><definition value="Need resolving of why scheduled measurement has not been submitted"/><designation><language value="da"/><value value="Undersøg hvorfor der ikke er indsendt Måledata (måling og/eller spørgeskemabesvarelse)."/></designation><designation><use><system value="http://terminology.hl7.org/CodeSystem/designation-usage"/><code value="display"/></use><value value="Need resolving of why scheduled measurement has not been submitted"/></designation><designation><use><system value="http://terminology.hl7.org/CodeSystem/designation-usage"/><code value="display"/></use><value value="Need resolving of why scheduled measurement has not been submitted"/></designation></concept><concept><code value="UnexpectedMeasurementResolving"/><display value="Need resolving of why unexpected measurement was submitted"/><definition value="Need resolving of why unexpected measurement was submitted"/><designation><language value="da"/><value value="Undersøg hvorfor der uventet er indsendt Måledata (måling og/eller spørgeskemabesvarelse)."/></designation><designation><use><system value="http://terminology.hl7.org/CodeSystem/designation-usage"/><code value="display"/></use><value value="Need resolving of why unexpected measurement was submitted"/></designation><designation><use><system value="http://terminology.hl7.org/CodeSystem/designation-usage"/><code value="display"/></use><value value="Need resolving of why unexpected measurement was submitted"/></designation></concept><concept><code value="MeasurementForAssessment"/><display value="Need assessment of measurement"/><definition value="Need assessment of measurement"/><designation><language value="da"/><value value="Måledata (måling og/eller spørgeskemabesvarelse) er modtaget og klar til vurdering"/></designation><designation><use><system value="http://terminology.hl7.org/CodeSystem/designation-usage"/><code value="display"/></use><value value="Need assessment of measurement"/></designation><designation><use><system value="http://terminology.hl7.org/CodeSystem/designation-usage"/><code value="display"/></use><value value="Need assessment of measurement"/></designation></concept><concept><code value="OpenSSLOrder"/><display value="Need processing of open SSL order"/><definition value="Need processing of open SSL order"/><designation><language value="da"/><value value="Behandling af åben SSL bestilling"/></designation><designation><use><system value="http://terminology.hl7.org/CodeSystem/designation-usage"/><code value="display"/></use><value value="Need processing of open SSL order"/></designation><designation><use><system value="http://terminology.hl7.org/CodeSystem/designation-usage"/><code value="display"/></use><value value="Need processing of open SSL order"/></designation></concept><concept><code value="CalibrationNeeded"/><display value="Device in need of calibration"/><definition value="Device in need of calibration"/><designation><language value="da"/><value value="Måleudstyr har behov for kalibrering"/></designation><designation><use><system value="http://terminology.hl7.org/CodeSystem/designation-usage"/><code value="display"/></use><value value="Device in need of calibration"/></designation><designation><use><system value="http://terminology.hl7.org/CodeSystem/designation-usage"/><code value="display"/></use><value value="Device in need of calibration"/></designation></concept><concept><code value="MeasurementForAssessmentFailureInAutoProcessing"/><display value="Measurement Assessment failure during automated processing"/><definition value="Measurement Assessment failure during automated processing"/><designation><language value="da"/><value value="Indsendte måledata (måling og/eller spørgeskemabesvarelse) kunne ikke vurderes af systemet. Du skal selv vurdere måledata."/></designation><designation><use><system value="http://terminology.hl7.org/CodeSystem/designation-usage"/><code value="display"/></use><value value="Measurement Assessment failure during automated processing"/></designation><designation><use><system value="http://terminology.hl7.org/CodeSystem/designation-usage"/><code value="display"/></use><value value="Measurement Assessment failure during automated processing"/></designation></concept><concept><code value="LibraryUseMismatchFixingNeeded"/><display value="Input and rule did not match"/><definition value="Input and rule did not match"/><designation><language value="da"/><value value="Input og regel passer ikke sammen"/></designation><designation><use><system value="http://terminology.hl7.org/CodeSystem/designation-usage"/><code value="display"/></use><value value="Input and rule did not match"/></designation><designation><use><system value="http://terminology.hl7.org/CodeSystem/designation-usage"/><code value="display"/></use><value value="Input and rule did not match"/></designation></concept><concept><code value="RefRangeNeeded"/><display value="Missing reference range required for automated processing"/><definition value="Missing reference range required for automated processing"/><designation><language value="da"/><value value="Opsætning af grænseværdi mangler, hvilket er nødvendig for at systemet kan foretage vurdering"/></designation><designation><use><system value="http://terminology.hl7.org/CodeSystem/designation-usage"/><code value="display"/></use><value value="Missing reference range required for automated processing"/></designation><designation><use><system value="http://terminology.hl7.org/CodeSystem/designation-usage"/><code value="display"/></use><value value="Missing reference range required for automated processing"/></designation></concept><concept><code value="RefRangeFixingNeeded"/><display value="Reference range required for automated processing needs fixing"/><definition value="Reference range required for automated processing needs fixing"/><designation><language value="da"/><value value="Grænseværdiopsætning er forkert og justering er nødvendig for at systemet kan foretage vurdering"/></designation><designation><use><system value="http://terminology.hl7.org/CodeSystem/designation-usage"/><code value="display"/></use><value value="Reference range required for automated processing needs fixing"/></designation><designation><use><system value="http://terminology.hl7.org/CodeSystem/designation-usage"/><code value="display"/></use><value value="Reference range required for automated processing needs fixing"/></designation></concept><concept><code value="RefBaseNeeded"/><display value="Missing in force reference base required for automatic processing"/><definition value="Missing in force reference base required for automatic processing"/><designation><language value="da"/><value value="Der mangler en referenceværdi for at måledata (måling eller spørgeskemabesvarelse) kan vurderes af systemet"/></designation><designation><use><system value="http://terminology.hl7.org/CodeSystem/designation-usage"/><code value="display"/></use><value value="Missing in force reference base required for automatic processing"/></designation><designation><use><system value="http://terminology.hl7.org/CodeSystem/designation-usage"/><code value="display"/></use><value value="Missing in force reference base required for automatic processing"/></designation></concept><concept><code value="RefBaseFixingNeeded"/><display value="In force reference base required for automatic processing needs fixing"/><definition value="In force reference base required for automatic processing needs fixing"/><designation><language value="da"/><value value="Referenceværdi er forkert og justering er nødvendig for at systemet kan foretage vurdering"/></designation><designation><use><system value="http://terminology.hl7.org/CodeSystem/designation-usage"/><code value="display"/></use><value value="In force reference base required for automatic processing needs fixing"/></designation><designation><use><system value="http://terminology.hl7.org/CodeSystem/designation-usage"/><code value="display"/></use><value value="In force reference base required for automatic processing needs fixing"/></designation></concept><concept><code value="RequiredQuestionAnswerMissing"/><display value="Missing question answers required for automated processing"/><definition value="Missing question answers required for automated processing"/><designation><language value="da"/><value value="Spørgsmål mangler besvarelse i spørgeskemabesvarelse for at vurdering af spørgeskemabesvarelse kan foretages af systemet"/></designation><designation><use><system value="http://terminology.hl7.org/CodeSystem/designation-usage"/><code value="display"/></use><value value="Missing question answers required for automated processing"/></designation><designation><use><system value="http://terminology.hl7.org/CodeSystem/designation-usage"/><code value="display"/></use><value value="Missing question answers required for automated processing"/></designation></concept><concept><code value="ExpectedDelivery"/><display value="Delivery expected"/><definition value="Delivery expected"/><designation><language value="da"/><value value="Forventet levering"/></designation><designation><use><system value="http://terminology.hl7.org/CodeSystem/designation-usage"/><code value="display"/></use><value value="Delivery expected"/></designation><designation><use><system value="http://terminology.hl7.org/CodeSystem/designation-usage"/><code value="display"/></use><value value="Delivery expected"/></designation></concept><concept><code value="MeasurementForAssessmentNotTriaged"/><display value="Need assessment of measurement where triage was not performed during automated processing"/><definition value="Need assessment of measurement where triage was not performed during automated processing"/><designation><language value="da"/><value value="Indsendte måledata (måling og/eller spørgeskemabesvarelse) er ikke vurderet af systemet. Du skal selv vurdere måledata."/></designation><designation><use><system value="http://terminology.hl7.org/CodeSystem/designation-usage"/><code value="display"/></use><value value="Need assessment of measurement where triage was not performed during automated processing"/></designation><designation><use><system value="http://terminology.hl7.org/CodeSystem/designation-usage"/><code value="display"/></use><value value="Need assessment of measurement where triage was not performed during automated processing"/></designation></concept><concept><code value="MeasurementForAssessmentAbsentValue"/><display value="Need assessment of measurement with absent value"/><definition value="Need assessment of measurement with absent value"/><designation><language value="da"/><value value="Indsendte måledata (måling) har fravær af målt værdi."/></designation><designation><use><system value="http://terminology.hl7.org/CodeSystem/designation-usage"/><code value="display"/></use><value value="Need assessment of measurement with absent value"/></designation><designation><use><system value="http://terminology.hl7.org/CodeSystem/designation-usage"/><code value="display"/></use><value value="Need assessment of measurement with absent value"/></designation></concept><concept><code value="HandoverNegotiation"/><display value="Need negotiation for handover of CarePlans between CareTeams"/><definition value="Need negotiation for handover of CarePlans between CareTeams"/><designation><language value="da"/><value value="Forhandlingsprocess for overdragelse af plan(er) mellem behandlerteams"/></designation><designation><use><system value="http://terminology.hl7.org/CodeSystem/designation-usage"/><code value="display"/></use><value value="Need negotiation for handover of CarePlans between CareTeams"/></designation><designation><use><system value="http://terminology.hl7.org/CodeSystem/designation-usage"/><code value="display"/></use><value value="Need negotiation for handover of CarePlans between CareTeams"/></designation></concept></CodeSystem>