<?xml version="1.0" encoding="UTF-8"?><CodeSystem xmlns="http://hl7.org/fhir"><id value="ehealth-questionnaire-item-significance-indicator"/><text><status value="generated"/><div xmlns="http://www.w3.org/1999/xhtml"><p class="res-header-id"><b>Generated Narrative: CodeSystem ehealth-questionnaire-item-significance-indicator</b></p><a name="ehealth-questionnaire-item-significance-indicator"> </a><a name="hcehealth-questionnaire-item-significance-indicator"> </a><a name="ehealth-questionnaire-item-significance-indicator-da-DK"> </a><p>This case-sensitive code system <code>http://ehealth.sundhed.dk/cs/questionnaire-item-significance-indicator</code> defines the following codes:</p><table class="codes"><tr><td style="white-space:nowrap"><b>Code</b></td><td><b>Display</b></td><td><b>Definition</b></td><td><b>Dansk (Danish, da)</b></td></tr><tr><td style="white-space:nowrap">green<a name="ehealth-questionnaire-item-significance-indicator-green"> </a></td><td>Green</td><td>Green significance indicator</td><td>Grøn</td></tr><tr><td style="white-space:nowrap">yellow<a name="ehealth-questionnaire-item-significance-indicator-yellow"> </a></td><td>Yellow</td><td>Yellow significance indicator</td><td>Gul</td></tr><tr><td style="white-space:nowrap">red<a name="ehealth-questionnaire-item-significance-indicator-red"> </a></td><td>Red</td><td>Red significance indicator</td><td>Rød</td></tr></table></div></text><url value="http://ehealth.sundhed.dk/cs/questionnaire-item-significance-indicator"/><version value="3.4.0"/><name value="QuestionnaireItemSignificanceIndicator"/><title value="Questionnaire Item Significance Indicator"/><status value="active"/><experimental value="false"/><date value="2021-09-16T00:00:00+00:00"/><publisher value="Den telemedicinske infrastruktur (eHealth Infrastructure)"/><contact><name value="Den telemedicinske infrastruktur (eHealth Infrastructure)"/><telecom><system value="url"/><value value="http://ehealth.sundhed.dk"/></telecom></contact><description value="Questionnaire Item Significance Indicator"/><jurisdiction><coding><system value="urn:iso:std:iso:3166"/><code value="DK"/><display value="Denmark"/></coding></jurisdiction><caseSensitive value="true"/><content value="complete"/><concept><code value="green"/><display value="Green"/><definition value="Green significance indicator"/><designation><language value="da"/><value value="Grøn"/></designation><designation><use><system value="http://terminology.hl7.org/CodeSystem/designation-usage"/><code value="display"/></use><value value="Green"/></designation></concept><concept><code value="yellow"/><display value="Yellow"/><definition value="Yellow significance indicator"/><designation><language value="da"/><value value="Gul"/></designation><designation><use><system value="http://terminology.hl7.org/CodeSystem/designation-usage"/><code value="display"/></use><value value="Yellow"/></designation></concept><concept><code value="red"/><display value="Red"/><definition value="Red significance indicator"/><designation><language value="da"/><value value="Rød"/></designation><designation><use><system value="http://terminology.hl7.org/CodeSystem/designation-usage"/><code value="display"/></use><value value="Red"/></designation></concept></CodeSystem>