<?xml version="1.0" encoding="UTF-8"?><OperationDefinition xmlns="http://hl7.org/fhir"><id value="-s-upload-external-code-system"/><text><status value="extensions"/><div xmlns="http://www.w3.org/1999/xhtml"><h2>upload-external-code-system</h2><p>OPERATION: upload-external-code-system</p><p>The official URL for this operation definition is: </p><pre>http://ehealth.sundhed.dk/fhir/OperationDefinition/-s-upload-external-code-system</pre><p>URL: [base]/$upload-external-code-system</p><p>Parameters</p><table class="grid"><tr><td><b>Use</b></td><td><b>Name</b></td><td><b>Cardinality</b></td><td><b>Type</b></td><td><b>Binding</b></td><td><b>Documentation</b></td></tr><tr><td>IN</td><td>url</td><td>1..1</td><td><a href="http://hl7.org/fhir/STU3/datatypes.html#string">string</a><br/>(<a href="http://hl7.org/fhir/STU3/search.html#string">string</a>)</td><td/><td/></tr><tr><td>IN</td><td>localfile</td><td>1..*</td><td><a href="http://hl7.org/fhir/STU3/datatypes.html#string">string</a></td><td/><td/></tr><tr><td>IN</td><td>package</td><td>0..*</td><td><a href="http://hl7.org/fhir/STU3/datatypes.html#Attachment">Attachment</a></td><td/><td/></tr><tr><td>OUT</td><td>conceptCount</td><td>1..1</td><td><a href="http://hl7.org/fhir/STU3/datatypes.html#integer">integer</a></td><td/><td/></tr></table></div></text><url value="http://ehealth.sundhed.dk/fhir/OperationDefinition/-s-upload-external-code-system"/><version value="3.4.0"/><name value="upload-external-code-system"/><status value="active"/><kind value="operation"/><date value="2021-05-06T08:31:20+00:00"/><publisher value="Den telemedicinske infrastruktur (eHealth Infrastructure)"/><contact><name value="Den telemedicinske infrastruktur (eHealth Infrastructure)"/><telecom><system value="url"/><value value="http://ehealth.sundhed.dk"/></telecom></contact><jurisdiction><coding><system value="urn:iso:std:iso:3166"/><code value="DK"/><display value="Denmark"/></coding></jurisdiction><code value="upload-external-code-system"/><system value="true"/><type value="false"/><instance value="false"/><parameter><name value="url"/><use value="in"/><min value="1"/><max value="1"/><type value="string"/><searchType value="string"/></parameter><parameter><name value="localfile"/><use value="in"/><min value="1"/><max value="*"/><type value="string"/></parameter><parameter><name value="package"/><use value="in"/><min value="0"/><max value="*"/><type value="Attachment"/></parameter><parameter><name value="conceptCount"/><use value="out"/><min value="1"/><max value="1"/><type value="integer"/></parameter></OperationDefinition>