<?xml version="1.0" encoding="UTF-8"?><OperationDefinition xmlns="http://hl7.org/fhir"><id value="-s-submit-measurement"/><text><status value="generated"/><div xmlns="http://www.w3.org/1999/xhtml"><p class="res-header-id"><b>Generated Narrative: OperationDefinition -s-submit-measurement</b></p><a name="-s-submit-measurement"> </a><a name="hc-s-submit-measurement"> </a><a name="-s-submit-measurement-da-DK"> </a><p>URL: [base]/$submit-measurement</p><h3>Parameters</h3><table class="grid"><tr><td><b>Use</b></td><td><b>Name</b></td><td><b>Scope</b></td><td><b>Cardinality</b></td><td><b>Type</b></td><td><b>Binding</b></td><td><b>Documentation</b></td></tr><tr><td>IN</td><td>measurement</td><td/><td>0..1</td><td><a href="http://hl7.org/fhir/R4/bundle.html">Bundle</a></td><td/><td/></tr><tr><td>OUT</td><td>bundle</td><td/><td>0..1</td><td><a href="http://hl7.org/fhir/R4/bundle.html">Bundle</a></td><td/><td/></tr></table></div></text><url value="https://measurement.devtest.systematic-ehealth.com/fhir/OperationDefinition/-s-submit-measurement"/><version value="3.4.0"/><name value="submit-measurement"/><title value="Submit measurement"/><status value="active"/><kind value="operation"/><date value="2025-02-17T14:35:42+00:00"/><publisher value="Den telemedicinske infrastruktur (eHealth Infrastructure)"/><contact><name value="Den telemedicinske infrastruktur (eHealth Infrastructure)"/><telecom><system value="url"/><value value="http://ehealth.sundhed.dk"/></telecom></contact><description value="The submit-measurement operation provides a single measurement in the form of a Bundle of Observation, QuestionnaireResponse and Media for storage and, subsequently, further processing in the eHealth Infrastructure. A Provenance resource is implicitly created by the infrastructure referencing input Bundle resources as target, thereby relating the resources that were submitted. &#xA;&#xA;Media resource inline content in `content.data` will be stored outside the resource, and the `content.url` for retrieval is set on the resource. Image content is anonymized by removing sensitive metadate before storage. Image content is processed to generate thumbnail representations in the thumbnail element. &#xA;&#xA;&#xA;### Parameter description&#xA;measurement: Bundle containing:&#xA;- 0..* Observation (ehealth-observation profile)&#xA;- 0..* QuestionnaireResponse (ehealth-questionnaireresponse profile)&#xA;- 0..* Media (ehealth-media profile)&#xA;- 0..* Provenance (ehealth-provenance profile). Each Provenance (which is intended for capturing reuse of measurement(s) – as described in the eHealth Observation profile introduction) must refer to other resources in the Bundle as target in the format &quot;urn:oid:&lt;the oid&gt;&quot; or &quot;urn:uuid:&lt;the uuid&gt;.&quot;.&#xA;&#xA;All resources in the Bundle must refer to the same Patient and EpisodeOfCare.&#xA;All measurement resources in the Bundle must have status either `completed` or `final` (`completed` in case of Media/QuestionnaireResponse and `final` in case of Observation).&#xA;All resources in the Bundle as well as the created Provenance will receive any missing system tags (ehealth-system CodeSystem) provided by the referenced EpisodeOfCare.&#xA;The request will be denied if any resource in the Bundle contains a system tag, which is not present on the referenced EpisodeOfCare&#xA;&#xA;&#xA;### Output description&#xA;The returned Bundle contains references to the stored input resources where the id has been substituted.&#xA;&#xA;eHealth infrastructure will substitute the id when saving the resources in a single transaction."/><jurisdiction><coding><system value="urn:iso:std:iso:3166"/><code value="DK"/><display value="Denmark"/></coding></jurisdiction><affectsState value="true"/><code value="submit-measurement"/><system value="true"/><type value="false"/><instance value="false"/><parameter><name value="measurement"/><use value="in"/><min value="0"/><max value="1"/><type value="Bundle"/></parameter><parameter><name value="bundle"/><use value="out"/><min value="0"/><max value="1"/><type value="Bundle"/></parameter></OperationDefinition>