<?xml version="1.0" encoding="UTF-8"?><ValueSet xmlns="http://hl7.org/fhir"><id value="ehealth-body-site"/><text><status value="generated"/><div xmlns="http://www.w3.org/1999/xhtml"><p class="res-header-id"><b>Generated Narrative: ValueSet ehealth-body-site</b></p><a name="ehealth-body-site"> </a><a name="hcehealth-body-site"> </a><a name="ehealth-body-site-da-DK"> </a><ul><li>Import all the codes that are contained in <a href="http://hl7.org/fhir/R4/valueset-body-site.html">SNOMED CT Body Structures</a></li></ul></div></text><url value="http://ehealth.sundhed.dk/vs/body-site"/><version value="3.4.0"/><name value="BodySite"/><title value="Body site"/><status value="active"/><experimental value="true"/><date value="2024-10-21T00:00:00+00:00"/><publisher value="Den telemedicinske infrastruktur (eHealth Infrastructure)"/><contact><name value="Den telemedicinske infrastruktur (eHealth Infrastructure)"/><telecom><system value="url"/><value value="http://ehealth.sundhed.dk"/></telecom></contact><description value="Body site"/><jurisdiction><coding><system value="urn:iso:std:iso:3166"/><code value="DK"/><display value="Denmark"/></coding></jurisdiction><compose><include><valueSet value="http://hl7.org/fhir/ValueSet/body-site"/></include></compose></ValueSet>