{"resourceType":"OperationDefinition","id":"PlanDefinition-i-apply","text":{"status":"generated","div":"<div xmlns=\"http://www.w3.org/1999/xhtml\">Operation</div>"},"url":"http://ehealth.sundhed.dk/fhir/OperationDefinition/PlanDefinition-i-apply","version":"4.0.1","name":"apply","title":"Create a careplan","status":"active","kind":"operation","date":"2025-08-11T07:09:27+00:00","publisher":"Den telemedicinske infrastruktur (eHealth Infrastructure)","contact":[{"name":"Den telemedicinske infrastruktur (eHealth Infrastructure)","telecom":[{"system":"url","value":"http://ehealth.sundhed.dk"}]}],"description":"Create a careplan for a specific episodeOfCare using this PlanDefinition as a template.","jurisdiction":[{"coding":[{"system":"urn:iso:std:iso:3166","code":"DK","display":"Denmark"}]}],"affectsState":true,"code":"apply","resource":["PlanDefinition"],"system":false,"type":false,"instance":true,"parameter":[{"name":"episodeOfCare","use":"in","min":0,"max":"1","type":"Reference"}]}