{"resourceType":"OperationDefinition","id":"-s-fetch-careplan-customization-stats","text":{"status":"generated","div":"<div xmlns=\"http://www.w3.org/1999/xhtml\">Operation</div>"},"url":"http://ehealth.sundhed.dk/fhir/OperationDefinition/-s-fetch-careplan-customization-stats","version":"4.0.1","name":"fetch-careplan-customization-stats","title":"Fetch careplan customization stats","status":"active","kind":"operation","date":"2025-08-11T07:09:27+00:00","publisher":"Den telemedicinske infrastruktur (eHealth Infrastructure)","contact":[{"name":"Den telemedicinske infrastruktur (eHealth Infrastructure)","telecom":[{"system":"url","value":"http://ehealth.sundhed.dk"}]}],"description":"### Report Contents\nThis report contains a count of patient specific modifications of:\n- Measurement schedule timing\n- Reference ranges\n### Grouping \nThis report is grouped by PlanDefinition. Each group is returned in a separate JSon file.\n### Parameters\n- organization: Filter on EpisodeOfCare.managingOrganization match\n- period: Filter on CarePlan.period overlap\n\n### Output\nOutput can be found in Binary.content. This is a Base64 encoded .zip file containing JSon files corresponding to the report groups.\n### Example output\nEHealthPlanDefinition is a Fhir resource. See the implementation guide for details\n\n    {\n        'EHealthPlanDefinition': {\n            'resourceType': 'PlanDefinition',\n            'id': '53450',\n            'meta': {\n                'versionId': '1',\n                'profile': ['http://ehealth.sundhed.dk/fhir/StructureDefinition/ehealth-plandefinition']\n            },\n            'extension': [{\n                    'url': 'http://ehealth.sundhed.dk/fhir/StructureDefinition/ehealth-modifier-role',\n                    'extension': [{\n                            'url': 'reference',\n                            'valueReference': {\n                                'reference': 'https://organization.local.ehealth.sundhed.dk/fhir/Organization/85109'\n                            }\n                        }, {\n                            'url': 'role',\n                            'valueCodeableConcept': {\n                                'coding': [{\n                                        'system': 'http://ehealth.sundhed.dk/cs/modifier-role',\n                                        'code': 'owner'\n                                    }\n                                ]\n                            }\n                        }\n                    ]\n                }\n            ],\n            'version': '97219ba1-2202-42a1-b99d-45de3a506b40',\n            'status': 'active'\n        },\n        'CarePlanCustomizationSummary': {\n            'timingCustomizationCount': 1,\n            'referenceRangeCustomizationCount': 1\n        }\n    }","jurisdiction":[{"coding":[{"system":"urn:iso:std:iso:3166","code":"DK","display":"Denmark"}]}],"affectsState":true,"code":"fetch-careplan-customization-stats","system":true,"type":false,"instance":false,"parameter":[{"name":"anonymization","use":"in","min":1,"max":"1","type":"string"},{"name":"organization","use":"in","min":0,"max":"1","type":"Reference"},{"name":"period","use":"in","min":0,"max":"1","type":"Period"},{"name":"return","use":"out","min":0,"max":"1","type":"Binary"}]}