<?xml version="1.0" encoding="UTF-8"?>

<CodeSystem xmlns="http://hl7.org/fhir">
  <id value="snomed-20180930"/>
  <text>
    <status value="generated"/><div xmlns="http://www.w3.org/1999/xhtml"><p>This code system http://snomed.info/sct/554471000005108/version/20180930 defines the following codes:</p><table class="codes"><tr><td style="white-space:nowrap"><b>Code</b></td><td><b>Display</b></td><td><b>Definition</b></td></tr><tr><td style="white-space:nowrap">557671000005101<a name="SnomedCT-ManagedServiceDK-PRODUCTION-DK1000005-20180930T120000Z-557671000005101"> </a></td><td>Osteopathy clinic</td><td>Osteopathy clinic</td></tr></table><p><b>Additional Language Displays</b></p><table class="codes"><tr><td><b>Code</b></td><td><b>Dansk (Danish, da)</b></td></tr><tr><td>557671000005101</td><td>osteopatiklinik</td></tr></table></div>
  </text>
  <url value="http://snomed.info/sct/554471000005108/version/20180930"/>
  <identifier>
    <system value="urn:ietf:rfc:3986"/>
    <value value="urn:oid:2.16.840.1.113883.6.96"/>
  </identifier>
  <version value="3.3.0"/>
  <name value="Danish-SNOMED-CT-Extension"/>
  <title value="Danish SNOMED CT Extension"/>
  <status value="active"/>
  <experimental value="false"/>
  <date value="2019-12-27T00:00:00+00:00"/>
  <publisher value="Den telemedicinske infrastruktur (eHealth Infrastructure)"/>
  <contact>
    <name value="Den telemedicinske infrastruktur (eHealth Infrastructure)"/>
    <telecom>
      <system value="url"/>
      <value value="http://ehealth.sundhed.dk"/>
    </telecom>
  </contact>
  <description value="Danish SNOMED CT Extension"/>
  <caseSensitive value="true"/>
  <content value="complete"/>
  <concept>
    <code value="557671000005101"/>
    <display value="Osteopathy clinic"/>
    <definition value="Osteopathy clinic"/>
    <designation>
      <language value="da"/>
      <value value="osteopatiklinik"/>
    </designation>
  </concept>
</CodeSystem>