<?xml version="1.0" encoding="UTF-8"?>

<OperationDefinition xmlns="http://hl7.org/fhir">
  <id value="EpisodeOfCare-i-is-context-allowed"/>
  <text>
    <status value="extensions"/><div xmlns="http://www.w3.org/1999/xhtml"><p>URL: [base]/EpisodeOfCare/[id]/$is-context-allowed</p><p>Parameters</p><table class="grid"><tr><td><b>Use</b></td><td><b>Name</b></td><td><b>Scope</b></td><td><b>Cardinality</b></td><td><b>Type</b></td><td><b>Binding</b></td><td><b>Documentation</b></td></tr><tr><td>IN</td><td>patient</td><td/><td>0..1</td><td><a href="http://hl7.org/fhir/R4/references.html#Reference">Reference</a></td><td/><td/></tr><tr><td>IN</td><td>careTeam</td><td/><td>0..1</td><td><a href="http://hl7.org/fhir/R4/references.html#Reference">Reference</a></td><td/><td/></tr><tr><td>OUT</td><td>return</td><td/><td>0..1</td><td><a href="http://hl7.org/fhir/R4/parameters.html">Parameters</a></td><td/><td/></tr></table></div>
  </text>
  <url value="https://careplan.devtest.systematic-ehealth.com/fhir/OperationDefinition/EpisodeOfCare-i-is-context-allowed"/>
  <version value="3.3.0"/>
  <name value="is-context-allowed"/>
  <title value="Is context allowed"/>
  <status value="active"/>
  <kind value="operation"/>
  <date value="2024-06-07T14:29:06+00:00"/>
  <publisher value="Den telemedicinske infrastruktur (eHealth Infrastructure)"/>
  <contact>
    <name value="Den telemedicinske infrastruktur (eHealth Infrastructure)"/>
    <telecom>
      <system value="url"/>
      <value value="http://ehealth.sundhed.dk"/>
    </telecom>
  </contact>
  <description value="Checks that it is allowed to set an EpisodeOfCare as context.&#xD;&#xA;If the user requesting context is a patient, then the patient input parameter should be specified.&#xD;&#xA;If the user requesting context is a practitioner, then the careTeam input parameter should be specified.&#xD;&#xA;Throws an exception if it is not allowed to select the Episode Of Care context.&#xD;&#xA;## Output&#xD;&#xA;For valid Episode of Care is returned references that cause the Episode of Care to be valid context. &#xD;&#xA;For a practitioner, two output parameters will be returned on success:&#xD;&#xA;- CareTeam: The Careteam that gave access&#xD;&#xA;- EpisodeOfCare/CarePlan: The EpisodeOfCare or CarePlan that referenced the CareTeam"/>
  <affectsState value="false"/>
  <code value="is-context-allowed"/>
  <resource value="EpisodeOfCare"/>
  <system value="false"/>
  <type value="false"/>
  <instance value="true"/>
  <parameter>
    <name value="patient"/>
    <use value="in"/>
    <min value="0"/>
    <max value="1"/>
    <type value="Reference"/>
  </parameter>
  <parameter>
    <name value="careTeam"/>
    <use value="in"/>
    <min value="0"/>
    <max value="1"/>
    <type value="Reference"/>
  </parameter>
  <parameter>
    <name value="return"/>
    <use value="out"/>
    <min value="0"/>
    <max value="1"/>
    <type value="Parameters"/>
  </parameter>
</OperationDefinition>