<?xml version="1.0" encoding="UTF-8"?>

<OperationDefinition xmlns="http://hl7.org/fhir">
  <id value="-s-transform-from-QRD-based-on-questionnaire"/>
  <text>
    <status value="extensions"/><div xmlns="http://www.w3.org/1999/xhtml"><p>URL: [base]/$transform-from-QRD-based-on-questionnaire</p><p>Parameters</p><table class="grid"><tr><td><b>Use</b></td><td><b>Name</b></td><td><b>Scope</b></td><td><b>Cardinality</b></td><td><b>Type</b></td><td><b>Binding</b></td><td><b>Documentation</b></td></tr><tr><td>IN</td><td>bundle</td><td/><td>0..1</td><td><a href="http://hl7.org/fhir/R4/bundle.html">Bundle</a></td><td/><td/></tr><tr><td>OUT</td><td>bundle</td><td/><td>0..1</td><td><a href="http://hl7.org/fhir/R4/bundle.html">Bundle</a></td><td/><td/></tr></table></div>
  </text>
  <url value="https://document-transformation.devtest.systematic-ehealth.com/fhir/OperationDefinition/-s-transform-from-QRD-based-on-questionnaire"/>
  <version value="3.3.0"/>
  <name value="transform-from-QRD-based-on-questionnaire"/>
  <title value="Transform from QRD based on FHIR Questionnaire"/>
  <status value="active"/>
  <kind value="operation"/>
  <date value="2024-06-07T14:29:06+00:00"/>
  <publisher value="Den telemedicinske infrastruktur (eHealth Infrastructure)"/>
  <contact>
    <name value="Den telemedicinske infrastruktur (eHealth Infrastructure)"/>
    <telecom>
      <system value="url"/>
      <value value="http://ehealth.sundhed.dk"/>
    </telecom>
  </contact>
  <description value="Transforms a DK-HL7 Questionnaire Response Document (QRD) XML document to a FHIR QuestionnaireResponse (ehealth-questionnaireresponse profile) resource. The input bundle must contain the QRD XML document adhering to the DK-HL7 Questionnaire Response Document profile. And a FHIR Questionnaire resource. The returned FHIR Bundle contains FHIR Composition (ehealth-composition profile) resource referencing a FHIR QuestionnaireResponse (ehealth-documentreference profile) resource."/>
  <affectsState value="false"/>
  <code value="transform-from-QRD-based-on-questionnaire"/>
  <system value="true"/>
  <type value="false"/>
  <instance value="false"/>
  <parameter>
    <name value="bundle"/>
    <use value="in"/>
    <min value="0"/>
    <max value="1"/>
    <type value="Bundle"/>
  </parameter>
  <parameter>
    <name value="bundle"/>
    <use value="out"/>
    <min value="0"/>
    <max value="1"/>
    <type value="Bundle"/>
  </parameter>
</OperationDefinition>