<?xml version="1.0" encoding="UTF-8"?>

<OperationDefinition xmlns="http://hl7.org/fhir">
  <id value="Bundle-t-retrieve-and-transform-QRD"/>
  <text>
    <status value="extensions"/><div xmlns="http://www.w3.org/1999/xhtml"><p>URL: [base]/Bundle/$retrieve-and-transform-QRD</p><p>Parameters</p><table class="grid"><tr><td><b>Use</b></td><td><b>Name</b></td><td><b>Scope</b></td><td><b>Cardinality</b></td><td><b>Type</b></td><td><b>Binding</b></td><td><b>Documentation</b></td></tr><tr><td>IN</td><td>url</td><td/><td>1..1</td><td><a href="http://hl7.org/fhir/R4/datatypes.html#string">string</a><br/>(<a href="http://hl7.org/fhir/R4/search.html#uri">uri</a>)</td><td/><td/></tr><tr><td>IN</td><td>bundle</td><td/><td>1..1</td><td><a href="http://hl7.org/fhir/R4/bundle.html">Bundle</a></td><td/><td/></tr><tr><td>IN</td><td>consentOverride</td><td/><td>0..1</td><td><a href="http://hl7.org/fhir/R4/datatypes.html#boolean">boolean</a></td><td/><td/></tr><tr><td>IN</td><td>reason</td><td/><td>0..1</td><td><a href="http://hl7.org/fhir/R4/datatypes.html#string">string</a></td><td/><td/></tr><tr><td>OUT</td><td>bundle</td><td/><td>0..1</td><td><a href="http://hl7.org/fhir/R4/bundle.html">Bundle</a></td><td/><td/></tr></table></div>
  </text>
  <url value="https://document-query.devtest.systematic-ehealth.com/fhir/OperationDefinition/Bundle-t-retrieve-and-transform-QRD"/>
  <version value="3.3.0"/>
  <name value="retrieve-and-transform-QRD"/>
  <title value="Retrieve and transform QRD document"/>
  <status value="active"/>
  <kind value="operation"/>
  <date value="2024-06-07T14:29:06+00:00"/>
  <publisher value="Den telemedicinske infrastruktur (eHealth Infrastructure)"/>
  <contact>
    <name value="Den telemedicinske infrastruktur (eHealth Infrastructure)"/>
    <telecom>
      <system value="url"/>
      <value value="http://ehealth.sundhed.dk"/>
    </telecom>
  </contact>
  <description value="Retrieves a DK-HL7 Questionnaire Response Document (QRD) XML document from national document sharing infrastructure and transforms the QRD XML document to a FHIR QuestionnaireResponse (ehealth-questionnaireresponse profile) resource.Input (url) is the element DocumentReference.content.attachment.url for metadata about the QRD document as returned from the DocumentReference search operation performing a query to national document sharing infrastructure. The url, which shall be used as-is in this operation, is an encoding of the XDS DocumentEntry.uniqueId, XDS DocumentEntry.repositoryUniqueId and XDS DocumentEntry.homeCommunityId metadata attributes needed to retrieve the document. Input (bundle) must contain a Questionnaire FHIR resource corresponding to the questionnaire definition (QFDD) that the QRD references and is a response to.Input (consentOverride) signifies, when set to true, that the retrieve of a document shall be performed with override of any withholding of information possibly performed by the national document sharing service in accordance with patient's consents. Override of consents constitutes a form of break-the-glass invocation, known in Danish as værdispring.Input (reason) is mandatory when input element consentOverride is set to true. The string input is intended as a placeholder for the user's rationale for choosing to override consents. The value is logged in the Infrastructure.The returned FHIR Bundle contains a FHIR Composition (ehealth-composition profile) resource referencing a FHIR QuestionnaireResponse (ehealth-documentreference profile) resource, if the Questionnaire FHIR resource was provided as an input, and if the transformation was successful.If the Questionnaire FHIR resource was not provided as an input, or if the transformation was not successful, the returned FHIR Bundle contains the QRD XML document that was retrieved from the national document sharing infrastructure."/>
  <affectsState value="false"/>
  <code value="retrieve-and-transform-QRD"/>
  <resource value="Bundle"/>
  <system value="false"/>
  <type value="true"/>
  <instance value="false"/>
  <parameter>
    <name value="url"/>
    <use value="in"/>
    <min value="1"/>
    <max value="1"/>
    <type value="string"/>
    <searchType value="uri"/>
  </parameter>
  <parameter>
    <name value="bundle"/>
    <use value="in"/>
    <min value="1"/>
    <max value="1"/>
    <type value="Bundle"/>
  </parameter>
  <parameter>
    <name value="consentOverride"/>
    <use value="in"/>
    <min value="0"/>
    <max value="1"/>
    <type value="boolean"/>
  </parameter>
  <parameter>
    <name value="reason"/>
    <use value="in"/>
    <min value="0"/>
    <max value="1"/>
    <type value="string"/>
  </parameter>
  <parameter>
    <name value="bundle"/>
    <use value="out"/>
    <min value="0"/>
    <max value="1"/>
    <type value="Bundle"/>
  </parameter>
</OperationDefinition>