<?xml version="1.0" encoding="UTF-8"?>

<OperationDefinition xmlns="http://hl7.org/fhir">
  <id value="-s-execute-careplan-duration-stats"/>
  <text>
    <status value="extensions"/><div xmlns="http://www.w3.org/1999/xhtml"><p>URL: [base]/$execute-careplan-duration-stats</p><p>Parameters</p><table class="grid"><tr><td><b>Use</b></td><td><b>Name</b></td><td><b>Scope</b></td><td><b>Cardinality</b></td><td><b>Type</b></td><td><b>Binding</b></td><td><b>Documentation</b></td></tr><tr><td>IN</td><td>anonymization</td><td/><td>1..1</td><td><a href="http://hl7.org/fhir/R4/datatypes.html#string">string</a></td><td/><td/></tr><tr><td>IN</td><td>organization</td><td/><td>0..1</td><td><a href="http://hl7.org/fhir/R4/references.html#Reference">Reference</a></td><td/><td/></tr><tr><td>IN</td><td>period</td><td/><td>0..1</td><td><a href="http://hl7.org/fhir/R4/datatypes.html#Period">Period</a></td><td/><td/></tr><tr><td>IN</td><td>condition</td><td/><td>0..1</td><td><a href="http://hl7.org/fhir/R4/datatypes.html#Coding">Coding</a></td><td/><td/></tr><tr><td>OUT</td><td>return</td><td/><td>0..1</td><td><a href="http://hl7.org/fhir/R4/binary.html">Binary</a></td><td/><td/></tr></table></div>
  </text>
  <url value="https://reporting.devtest.systematic-ehealth.com/fhir/OperationDefinition/-s-execute-careplan-duration-stats"/>
  <version value="3.3.0"/>
  <name value="execute-careplan-duration-stats"/>
  <title value="Execute careplan duration stats"/>
  <status value="active"/>
  <kind value="operation"/>
  <date value="2024-06-07T14:29:06+00:00"/>
  <publisher value="Den telemedicinske infrastruktur (eHealth Infrastructure)"/>
  <contact>
    <name value="Den telemedicinske infrastruktur (eHealth Infrastructure)"/>
    <telecom>
      <system value="url"/>
      <value value="http://ehealth.sundhed.dk"/>
    </telecom>
  </contact>
  <description value="### Report Contents&#xA;This report contains statistics on status changes for CarePlans:&#xA;- count: Number of CarePlans in each state&#xA;- min: Shortest time spent in each state&#xA;- max: Longest time spent in each state&#xA;- sum: Sum of time spent in each state&#xA;- average: Average time spent in each state.&#xA; &#xA;The durations are specified in [ISO 8601](https://www.digi.com/resources/documentation/digidocs/90001437-13/reference/r_iso_8601_duration_format.htm) format.&#xA;### Grouping &#xA;This report is grouped by PlanDefinition. Each group is returned in a separate JSon file.&#xA;### Parameters&#xA;- organization: Filter on EpisodeOfCare.managingOrganization match&#xA;- period: Filter on CarePlan.period overlap&#xA;- condition: Filter on EpisodeOfCare condition match&#xA;&#xA;### Output&#xA;Output can be found in Binary.content. This is a Base64 encoded .zip file containing JSon files corresponding to the report groups.&#xA;### Example output&#xA;EHealthPlanDefinition is a Fhir resource. See the implementation guide for details&#xA;&#xA;    {&#xA;        'EHealthPlanDefinition': {&#xA;            'resourceType': 'PlanDefinition',&#xA;            'id': '257',&#xA;            'meta': {&#xA;                'versionId': '1',&#xA;                'profile': ['http://ehealth.sundhed.dk/fhir/StructureDefinition/ehealth-plandefinition']&#xA;            },&#xA;            'extension': [{&#xA;                    'url': 'http://ehealth.sundhed.dk/fhir/StructureDefinition/ehealth-modifier-role',&#xA;                    'extension': [{&#xA;                            'url': 'reference',&#xA;                            'valueReference': {&#xA;                                'reference': 'https://organization.local.ehealth.sundhed.dk/fhir/Organization/73753'&#xA;                            }&#xA;                        }, {&#xA;                            'url': 'role',&#xA;                            'valueCodeableConcept': {&#xA;                                'coding': [{&#xA;                                        'system': 'http://ehealth.sundhed.dk/cs/modifier-role',&#xA;                                        'code': 'owner'&#xA;                                    }&#xA;                                ]&#xA;                            }&#xA;                        }&#xA;                    ]&#xA;                }&#xA;            ],&#xA;            'version': 'dc9ecd87-163f-4d2f-bdfe-434085eafe4f',&#xA;            'status': 'active'&#xA;        },&#xA;        'CarePlanStatusDurationSummary': {&#xA;            'statusDurationStatistics': {&#xA;                'draft': {&#xA;                    'status': {&#xA;                        'valueCodeableConcept': {&#xA;                            'coding': [{&#xA;                                    'system': 'http://hl7.org/fhir/care-plan-status',&#xA;                                    'code': 'draft'&#xA;                                }&#xA;                            ]&#xA;                        }&#xA;                    },&#xA;                    'durationStatistics': {&#xA;                        'count': 2,&#xA;                        'min': 'P10DT10H0M0S',&#xA;                        'max': 'P15DT0H0M0S',&#xA;                        'sum': 'P25DT10H0M0S',&#xA;                        'average': 'P12DT17H0M0S'&#xA;                    }&#xA;                },&#xA;                'active': {&#xA;                    'status': {&#xA;                        'valueCodeableConcept': {&#xA;                            'coding': [{&#xA;                                    'system': 'http://hl7.org/fhir/care-plan-status',&#xA;                                    'code': 'active'&#xA;                                }&#xA;                            ]&#xA;                        }&#xA;                    },&#xA;                    'durationStatistics': {&#xA;                        'count': 2,&#xA;                        'min': 'P200DT0H0M0S',&#xA;                        'max': 'P200DT0H0M0S',&#xA;                        'sum': 'P400DT0H0M0S',&#xA;                        'average': 'P200DT0H0M0S'&#xA;                    }&#xA;                },&#xA;                'completed': {&#xA;                    'status': {&#xA;                        'valueCodeableConcept': {&#xA;                            'coding': [{&#xA;                                    'system': 'http://hl7.org/fhir/care-plan-status',&#xA;                                    'code': 'completed'&#xA;                                }&#xA;                            ]&#xA;                        }&#xA;                    },&#xA;                    'durationStatistics': {&#xA;                        'count': 2,&#xA;                        'min': 'P284DT14H0M0S',&#xA;                        'max': 'P380DT0H0M0S',&#xA;                        'sum': 'P664DT14H0M0S',&#xA;                        'average': 'P332DT7H0M0S'&#xA;                    }&#xA;                },&#xA;                'suspended': {&#xA;                    'status': {&#xA;                        'valueCodeableConcept': {&#xA;                            'coding': [{&#xA;                                    'system': 'http://hl7.org/fhir/care-plan-status',&#xA;                                    'code': 'suspended'&#xA;                                }&#xA;                            ]&#xA;                        }&#xA;                    },&#xA;                    'durationStatistics': {&#xA;                        'count': 2,&#xA;                        'min': 'P5DT0H0M0S',&#xA;                        'max': 'P5DT0H0M0S',&#xA;                        'sum': 'P10DT0H0M0S',&#xA;                        'average': 'P5DT0H0M0S'&#xA;                    }&#xA;                }&#xA;            }&#xA;        }&#xA;    }&#xA;"/>
  <affectsState value="true"/>
  <code value="execute-careplan-duration-stats"/>
  <system value="true"/>
  <type value="false"/>
  <instance value="false"/>
  <parameter>
    <name value="anonymization"/>
    <use value="in"/>
    <min value="1"/>
    <max value="1"/>
    <type value="string"/>
  </parameter>
  <parameter>
    <name value="organization"/>
    <use value="in"/>
    <min value="0"/>
    <max value="1"/>
    <type value="Reference"/>
  </parameter>
  <parameter>
    <name value="period"/>
    <use value="in"/>
    <min value="0"/>
    <max value="1"/>
    <type value="Period"/>
  </parameter>
  <parameter>
    <name value="condition"/>
    <use value="in"/>
    <min value="0"/>
    <max value="1"/>
    <type value="Coding"/>
  </parameter>
  <parameter>
    <name value="return"/>
    <use value="out"/>
    <min value="0"/>
    <max value="1"/>
    <type value="Binary"/>
  </parameter>
</OperationDefinition>