<?xml version="1.0" encoding="UTF-8"?>

<SearchParameter xmlns="http://hl7.org/fhir">
  <id value="ehealth-communication-search-communicationAbout"/>
  <text>
    <status value="generated"/><div xmlns="http://www.w3.org/1999/xhtml"><h2>communicationAbout</h2><p>Parameter <code>communicationAbout</code>:<code>reference</code></p><div><p>Search parameter for finding communication based on about</p>
</div><table class="grid"><tr><td>Resource</td><td><a href="http://hl7.org/fhir/R4/communication.html">Communication</a></td></tr><tr><td>Expression</td><td><code>Communication.about</code></td></tr><tr><td>Processing Mode</td><td>Normal</td></tr><tr><td>Multiples</td><td><ul><li>multipleAnd: It's up to the server whether the parameter may repeat in order to specify multiple values that must all be true</li><li>multipleOr: It's up to the server whether the parameter can have multiple values (separated by comma) where at least one must be true</li></ul></td></tr></table></div>
  </text>
  <url value="http://ehealth.sundhed.dk/fhir/SearchParameter/Communication/about"/>
  <version value="3.3.0"/>
  <name value="communicationAbout"/>
  <status value="active"/>
  <date value="2022-08-09T12:05:00+00:00"/>
  <publisher value="Den telemedicinske infrastruktur (eHealth Infrastructure)"/>
  <contact>
    <name value="Den telemedicinske infrastruktur (eHealth Infrastructure)"/>
    <telecom>
      <system value="url"/>
      <value value="http://ehealth.sundhed.dk"/>
    </telecom>
  </contact>
  <description value="Search parameter for finding communication based on about"/>
  <code value="communicationAbout"/>
  <base value="Communication"/>
  <type value="reference"/>
  <expression value="Communication.about"/>
  <xpathUsage value="normal"/>
</SearchParameter>