<?xml version="1.0" encoding="UTF-8"?>

<ValueSet xmlns="http://hl7.org/fhir">
  <id value="goal-target-measure"/>
  <text>
    <status value="generated"/><div xmlns="http://www.w3.org/1999/xhtml"><ul><li>Import all the codes that are contained in <a href="ValueSet-ehealth-observation-codes.html">Observation Codes</a></li></ul></div>
  </text>
  <url value="http://ehealth.sundhed.dk/vs/goal-target-measure"/>
  <version value="3.3.0"/>
  <name value="GoalTargetMeasure"/>
  <title value="Goal Target Measure"/>
  <status value="active"/>
  <experimental value="false"/>
  <date value="2021-01-13T00:00:00+00:00"/>
  <publisher value="Den telemedicinske infrastruktur (eHealth Infrastructure)"/>
  <contact>
    <name value="Den telemedicinske infrastruktur (eHealth Infrastructure)"/>
    <telecom>
      <system value="url"/>
      <value value="http://ehealth.sundhed.dk"/>
    </telecom>
  </contact>
  <description value="Value set for goal target measure."/>
  <compose>
    <include>
      <valueSet value="http://ehealth.sundhed.dk/vs/observation-codes"/>
    </include>
  </compose>
</ValueSet>