{"resourceType":"CodeSystem","id":"data-absent-reason","text":{"status":"generated","div":"<div xmlns=\"http://www.w3.org/1999/xhtml\"><p class=\"res-header-id\"><b>Generated Narrative: Kodesystem data-absent-reason</b></p><a name=\"data-absent-reason\"> </a><a name=\"hcdata-absent-reason\"> </a><p>This code system supplement <code>http://terminology.hl7.org/CodeSystem/data-absent-reason</code> defines displays on the following codes:</p><table class=\"codes\"><tr><td><b>Lvl</b></td><td style=\"white-space:nowrap\"><b>Code</b></td><td><b>Display</b></td><td><b>Definition</b></td><td><b>Dansk (Danish, da)</b></td></tr><tr><td>1</td><td><a style=\"white-space:nowrap\" href=\"http://terminology.hl7.org/6.5.0/CodeSystem-data-absent-reason.html#data-absent-reason-unknown\">unknown</a><a name=\"data-absent-reason-unknown\"> </a></td><td>Unknown</td><td>The value is expected to exist but is not known.</td><td>Ukendt</td></tr><tr><td>2</td><td>\u00a0\u00a0<a style=\"white-space:nowrap\" href=\"http://terminology.hl7.org/6.5.0/CodeSystem-data-absent-reason.html#data-absent-reason-asked-unknown\">asked-unknown</a><a name=\"data-absent-reason-asked-unknown\"> </a></td><td>Asked But Unknown</td><td>The source was asked but does not know the value.</td><td>Svaret ukendt</td></tr><tr><td>2</td><td>\u00a0\u00a0<a style=\"white-space:nowrap\" href=\"http://terminology.hl7.org/6.5.0/CodeSystem-data-absent-reason.html#data-absent-reason-temp-unknown\">temp-unknown</a><a name=\"data-absent-reason-temp-unknown\"> </a></td><td>Temporarily Unknown</td><td>There is reason to expect (from the workflow) that the value may become known.</td><td>Midlertidigt ukendt</td></tr><tr><td>2</td><td>\u00a0\u00a0<a style=\"white-space:nowrap\" href=\"http://terminology.hl7.org/6.5.0/CodeSystem-data-absent-reason.html#data-absent-reason-not-asked\">not-asked</a><a name=\"data-absent-reason-not-asked\"> </a></td><td>Not Asked</td><td>The workflow didn't lead to this value being known.</td><td>Ikke spurgt</td></tr><tr><td>2</td><td>\u00a0\u00a0<a style=\"white-space:nowrap\" href=\"http://terminology.hl7.org/6.5.0/CodeSystem-data-absent-reason.html#data-absent-reason-asked-declined\">asked-declined</a><a name=\"data-absent-reason-asked-declined\"> </a></td><td>Asked But Declined</td><td>The source was asked but declined to answer.</td><td>Spurgt men sprunget over</td></tr><tr><td>1</td><td><a style=\"white-space:nowrap\" href=\"http://terminology.hl7.org/6.5.0/CodeSystem-data-absent-reason.html#data-absent-reason-masked\">masked</a><a name=\"data-absent-reason-masked\"> </a></td><td>Masked</td><td>The information is not available due to security, privacy or related reasons.</td><td>Skjult</td></tr><tr><td>1</td><td><a style=\"white-space:nowrap\" href=\"http://terminology.hl7.org/6.5.0/CodeSystem-data-absent-reason.html#data-absent-reason-not-applicable\">not-applicable</a><a name=\"data-absent-reason-not-applicable\"> </a></td><td>Not Applicable</td><td>There is no proper value for this element (e.g. last menstrual period for a male).</td><td>Ikke brugbar</td></tr><tr><td>1</td><td><a style=\"white-space:nowrap\" href=\"http://terminology.hl7.org/6.5.0/CodeSystem-data-absent-reason.html#data-absent-reason-unsupported\">unsupported</a><a name=\"data-absent-reason-unsupported\"> </a></td><td>Unsupported</td><td>The source system wasn't capable of supporting this element.</td><td>Ikke understøttet</td></tr><tr><td>1</td><td><a style=\"white-space:nowrap\" href=\"http://terminology.hl7.org/6.5.0/CodeSystem-data-absent-reason.html#data-absent-reason-as-text\">as-text</a><a name=\"data-absent-reason-as-text\"> </a></td><td>As Text</td><td>The content of the data is represented in the resource narrative.</td><td>Svaret er givet som text i narrative</td></tr><tr><td>1</td><td><a style=\"white-space:nowrap\" href=\"http://terminology.hl7.org/6.5.0/CodeSystem-data-absent-reason.html#data-absent-reason-error\">error</a><a name=\"data-absent-reason-error\"> </a></td><td>Error</td><td>Some system or workflow process error means that the information is not available.</td><td>Fejl</td></tr><tr><td>2</td><td>\u00a0\u00a0<a style=\"white-space:nowrap\" href=\"http://terminology.hl7.org/6.5.0/CodeSystem-data-absent-reason.html#data-absent-reason-not-a-number\">not-a-number</a><a name=\"data-absent-reason-not-a-number\"> </a></td><td>Not a Number (NaN)</td><td>The numeric value is undefined or unrepresentable due to a floating point processing error.</td><td>Udefinerbar</td></tr><tr><td>2</td><td>\u00a0\u00a0<a style=\"white-space:nowrap\" href=\"http://terminology.hl7.org/6.5.0/CodeSystem-data-absent-reason.html#data-absent-reason-negative-infinity\">negative-infinity</a><a name=\"data-absent-reason-negative-infinity\"> </a></td><td>Negative Infinity (NINF)</td><td>The numeric value is excessively low and unrepresentable due to a floating point processing error.</td><td>Negativ uendelig</td></tr><tr><td>2</td><td>\u00a0\u00a0<a style=\"white-space:nowrap\" href=\"http://terminology.hl7.org/6.5.0/CodeSystem-data-absent-reason.html#data-absent-reason-positive-infinity\">positive-infinity</a><a name=\"data-absent-reason-positive-infinity\"> </a></td><td>Positive Infinity (PINF)</td><td>The numeric value is excessively high and unrepresentable due to a floating point processing error.</td><td>Positiv uendelig</td></tr><tr><td>1</td><td><a style=\"white-space:nowrap\" href=\"http://terminology.hl7.org/6.5.0/CodeSystem-data-absent-reason.html#data-absent-reason-not-performed\">not-performed</a><a name=\"data-absent-reason-not-performed\"> </a></td><td>Not Performed</td><td>The value is not available because the observation procedure (test, etc.) was not performed.</td><td>Sprunget over</td></tr><tr><td>1</td><td><a style=\"white-space:nowrap\" href=\"http://terminology.hl7.org/6.5.0/CodeSystem-data-absent-reason.html#data-absent-reason-not-permitted\">not-permitted</a><a name=\"data-absent-reason-not-permitted\"> </a></td><td>Not Permitted</td><td>The value is not permitted in this context (e.g. due to profiles, or the base data types).</td><td>Ikke tilladt</td></tr></table></div>"},"url":"http://terminology.hl7.org/CodeSystem/data-absent-reason","version":"4.0.0","name":"DataAbsentReason","title":"DataAbsentReason","status":"active","experimental":false,"date":"2023-04-24T09:40:00+00:00","publisher":"Den telemedicinske infrastruktur (eHealth Infrastructure)","contact":[{"name":"Den telemedicinske infrastruktur (eHealth Infrastructure)","telecom":[{"system":"url","value":"http://ehealth.sundhed.dk"}]}],"description":"Used to specify why the normally expected content of the data element is missing.","jurisdiction":[{"coding":[{"system":"urn:iso:std:iso:3166","code":"DK","display":"Denmark"}]}],"content":"supplement","supplements":"http://terminology.hl7.org/CodeSystem/data-absent-reason","concept":[{"code":"unknown","display":"Unknown","definition":"The value is expected to exist but is not known.","designation":[{"language":"da","use":{"system":"http://snomed.info/sct","code":"900000000000013009"},"value":"Ukendt"}],"concept":[{"code":"asked-unknown","display":"Asked But Unknown","definition":"The source was asked but does not know the value.","designation":[{"language":"da","use":{"system":"http://snomed.info/sct","code":"900000000000013009"},"value":"Svaret ukendt"}]},{"code":"temp-unknown","display":"Temporarily Unknown","definition":"There is reason to expect (from the workflow) that the value may become known.","designation":[{"language":"da","use":{"system":"http://snomed.info/sct","code":"900000000000013009"},"value":"Midlertidigt ukendt"}]},{"code":"not-asked","display":"Not Asked","definition":"The workflow didn't lead to this value being known.","designation":[{"language":"da","use":{"system":"http://snomed.info/sct","code":"900000000000013009"},"value":"Ikke spurgt"}]},{"code":"asked-declined","display":"Asked But Declined","definition":"The source was asked but declined to answer.","designation":[{"language":"da","use":{"system":"http://snomed.info/sct","code":"900000000000013009"},"value":"Spurgt men sprunget over"}]}]},{"extension":[{"url":"http://hl7.org/fhir/StructureDefinition/codesystem-concept-comments","valueString":"Using \"masked\" may be breach of security or confidentiality, but there are times when its use is required to support alternate workflows for gaining access to denied information."}],"code":"masked","display":"Masked","definition":"The information is not available due to security, privacy or related reasons.","designation":[{"language":"da","use":{"system":"http://snomed.info/sct","code":"900000000000013009"},"value":"Skjult"}]},{"code":"not-applicable","display":"Not Applicable","definition":"There is no proper value for this element (e.g. last menstrual period for a male).","designation":[{"language":"da","use":{"system":"http://snomed.info/sct","code":"900000000000013009"},"value":"Ikke brugbar"}]},{"code":"unsupported","display":"Unsupported","definition":"The source system wasn't capable of supporting this element.","designation":[{"language":"da","use":{"system":"http://snomed.info/sct","code":"900000000000013009"},"value":"Ikke understøttet"}]},{"extension":[{"url":"http://hl7.org/fhir/StructureDefinition/codesystem-concept-comments","valueString":"It may be linked by internal references (e.g. xml:id). This usually implies that the value could not be represented in the correct format - this may be due to system limitations, or this particular data value."}],"code":"as-text","display":"As Text","definition":"The content of the data is represented in the resource narrative.","designation":[{"language":"da","use":{"system":"http://snomed.info/sct","code":"900000000000013009"},"value":"Svaret er givet som text i narrative"}]},{"code":"error","display":"Error","definition":"Some system or workflow process error means that the information is not available.","designation":[{"language":"da","use":{"system":"http://snomed.info/sct","code":"900000000000013009"},"value":"Fejl"}],"concept":[{"extension":[{"url":"http://hl7.org/fhir/StructureDefinition/codesystem-concept-comments","valueString":"This is sometimes an output value from measuring devices."}],"code":"not-a-number","display":"Not a Number (NaN)","definition":"The numeric value is undefined or unrepresentable due to a floating point processing error.","designation":[{"language":"da","use":{"system":"http://snomed.info/sct","code":"900000000000013009"},"value":"Udefinerbar"}]},{"extension":[{"url":"http://hl7.org/fhir/StructureDefinition/codesystem-concept-comments","valueString":"This is sometimes an output value from measuring devices."}],"code":"negative-infinity","display":"Negative Infinity (NINF)","definition":"The numeric value is excessively low and unrepresentable due to a floating point processing error.","designation":[{"language":"da","use":{"system":"http://snomed.info/sct","code":"900000000000013009"},"value":"Negativ uendelig"}]},{"extension":[{"url":"http://hl7.org/fhir/StructureDefinition/codesystem-concept-comments","valueString":"This is sometimes an output value from measuring devices."}],"code":"positive-infinity","display":"Positive Infinity (PINF)","definition":"The numeric value is excessively high and unrepresentable due to a floating point processing error.","designation":[{"language":"da","use":{"system":"http://snomed.info/sct","code":"900000000000013009"},"value":"Positiv uendelig"}]}]},{"code":"not-performed","display":"Not Performed","definition":"The value is not available because the observation procedure (test, etc.) was not performed.","designation":[{"language":"da","use":{"system":"http://snomed.info/sct","code":"900000000000013009"},"value":"Sprunget over"}]},{"extension":[{"url":"http://hl7.org/fhir/StructureDefinition/codesystem-concept-comments","valueString":"This is most often associated with required bindings that do not include the actual code used, but may be used with other data types."}],"code":"not-permitted","display":"Not Permitted","definition":"The value is not permitted in this context (e.g. due to profiles, or the base data types).","designation":[{"language":"da","use":{"system":"http://snomed.info/sct","code":"900000000000013009"},"value":"Ikke tilladt"}]}]}