{"resourceType":"ConceptMap","id":"conceptmap-obs-code-to-value-type","text":{"status":"generated","div":"<div xmlns=\"http://www.w3.org/1999/xhtml\"><p class=\"res-header-id\"><b>Generated Narrative: Konceptkortlægning conceptmap-obs-code-to-value-type</b></p><a name=\"conceptmap-obs-code-to-value-type\"> </a><a name=\"hcconceptmap-obs-code-to-value-type\"> </a><p>Mapping from <a href=\"ValueSet-ehealth-observation-codes.html\">Observation Codes</a> to <a href=\"http://hl7.org/fhir/R4/valueset-data-types.html\">DataType</a></p><br/><p><b>Group 1 </b>Mapping from <a href=\"CodeSystem-1.2.208.176.2.1--20190829.html\">NPU DK</a> to <a href=\"http://hl7.org/fhir/R4/codesystem-data-types.html\">DataType</a></p><table class=\"grid\"><tr><td><b>Source Code</b></td><td><b>Relationship</b></td><td><b>Target Code</b></td><td><b>Comment</b></td></tr><tr><td>DNK05472 (Blodtryk systolisk;Arm)</td><td><a href=\"http://hl7.org/fhir/R5/codesystem-concept-map-relationship.html#specializes\" title=\"specializes\">has specialization</a></td><td>integer</td><td>Should really be specializes but igpublisher turns into narrower (which requires a comment)</td></tr><tr><td>DNK05473 (Blodtryk diastolisk;Arm)</td><td><a href=\"http://hl7.org/fhir/R5/codesystem-concept-map-relationship.html#specializes\" title=\"specializes\">has specialization</a></td><td>integer</td><td>Should really be specializes but igpublisher turns into narrower (which requires a comment)</td></tr><tr><td>NPU03011 (Hb(Fe; O2-bind.; aB)—Oxygen(O2); mætn. = ?)</td><td><a href=\"http://hl7.org/fhir/R5/codesystem-concept-map-relationship.html#specializes\" title=\"specializes\">has specialization</a></td><td>decimal</td><td>Should really be specializes but igpublisher turns into narrower (which requires a comment)</td></tr><tr><td>NPU21692 (Hjerte—Systole; frekv. = ? × 1/min)</td><td><a href=\"http://hl7.org/fhir/R5/codesystem-concept-map-relationship.html#specializes\" title=\"specializes\">has specialization</a></td><td>integer</td><td>Should really be specializes but igpublisher turns into narrower (which requires a comment)</td></tr><tr><td>NPU03804 (Pt—Legeme; masse = ? kg)</td><td><a href=\"http://hl7.org/fhir/R5/codesystem-concept-map-relationship.html#specializes\" title=\"specializes\">has specialization</a></td><td>decimal</td><td>Should really be specializes but igpublisher turns into narrower (which requires a comment)</td></tr><tr><td>NPU27281 (Pt—Legeme; massekoefficient(masse/kvadreret højde) = ? kg/m²)</td><td><a href=\"http://hl7.org/fhir/R5/codesystem-concept-map-relationship.html#specializes\" title=\"specializes\">has specialization</a></td><td>integer</td><td>Should really be specializes but igpublisher turns into narrower (which requires a comment)</td></tr><tr><td>NPU03794 (Pt—Legeme; højde = ? m)</td><td><a href=\"http://hl7.org/fhir/R5/codesystem-concept-map-relationship.html#specializes\" title=\"specializes\">has specialization</a></td><td>decimal</td><td>Should really be specializes but igpublisher turns into narrower (which requires a comment)</td></tr><tr><td>NPU08676 (Pt—Legeme; temp. = ? °C)</td><td><a href=\"http://hl7.org/fhir/R5/codesystem-concept-map-relationship.html#specializes\" title=\"specializes\">has specialization</a></td><td>decimal</td><td>Should really be specializes but igpublisher turns into narrower (which requires a comment)</td></tr></table><hr/><p><b>Group 2 </b>Mapping from <a href=\"CodeSystem-urn-oid-1.2.208.184.100.8.html\">MedCom Measurement CodeSystem</a> to <a href=\"http://hl7.org/fhir/R4/codesystem-data-types.html\">DataType</a></p><table class=\"grid\"><tr><td><b>Source Code</b></td><td><b>Relationship</b></td><td><b>Target Code</b></td><td><b>Comment</b></td></tr><tr><td>MCS88015 (FEV1;Lunge)</td><td><a href=\"http://hl7.org/fhir/R5/codesystem-concept-map-relationship.html#specializes\" title=\"specializes\">has specialization</a></td><td>decimal</td><td>Should really be specializes but igpublisher turns into narrower (which requires a comment)</td></tr><tr><td>MCS88016 (FVC;Lunge)</td><td><a href=\"http://hl7.org/fhir/R5/codesystem-concept-map-relationship.html#specializes\" title=\"specializes\">has specialization</a></td><td>decimal</td><td>Should really be specializes but igpublisher turns into narrower (which requires a comment)</td></tr><tr><td>MCS88017 (FEV1/FVC;Lunge)</td><td><a href=\"http://hl7.org/fhir/R5/codesystem-concept-map-relationship.html#specializes\" title=\"specializes\">has specialization</a></td><td>decimal</td><td>Should really be specializes but igpublisher turns into narrower (which requires a comment)</td></tr><tr><td>MCS88021 (MRC skala;Pt(KOL))</td><td><a href=\"http://hl7.org/fhir/R5/codesystem-concept-map-relationship.html#specializes\" title=\"specializes\">has specialization</a></td><td>integer</td><td>Should really be specializes but igpublisher turns into narrower (which requires a comment)</td></tr><tr><td>MCS88023 (FEV1 af forventet værdi;Pt(KOL))</td><td><a href=\"http://hl7.org/fhir/R5/codesystem-concept-map-relationship.html#specializes\" title=\"specializes\">has specialization</a></td><td>integer</td><td>Should really be specializes but igpublisher turns into narrower (which requires a comment)</td></tr><tr><td>MCS88050 (Rejse sætte sig testen;Pt)</td><td><a href=\"http://hl7.org/fhir/R5/codesystem-concept-map-relationship.html#specializes\" title=\"specializes\">has specialization</a></td><td>integer</td><td>Should really be specializes but igpublisher turns into narrower (which requires a comment)</td></tr><tr><td>MCS88137 (CAT score;Pt)</td><td><a href=\"http://hl7.org/fhir/R5/codesystem-concept-map-relationship.html#specializes\" title=\"specializes\">has specialization</a></td><td>integer</td><td>Should really be specializes but igpublisher turns into narrower (which requires a comment)</td></tr><tr><td>MCS88192 (Skridt per dag;Pt)</td><td><a href=\"http://hl7.org/fhir/R5/codesystem-concept-map-relationship.html#specializes\" title=\"specializes\">has specialization</a></td><td>integer</td><td>Should really be specializes but igpublisher turns into narrower (which requires a comment)</td></tr><tr><td>MCS88193 (Skridt per uge;Pt)</td><td><a href=\"http://hl7.org/fhir/R5/codesystem-concept-map-relationship.html#specializes\" title=\"specializes\">has specialization</a></td><td>integer</td><td>Should really be specializes but igpublisher turns into narrower (which requires a comment)</td></tr><tr><td>MCS88194 (Skridt;Pt)</td><td><a href=\"http://hl7.org/fhir/R5/codesystem-concept-map-relationship.html#specializes\" title=\"specializes\">has specialization</a></td><td>integer</td><td>Should really be specializes but igpublisher turns into narrower (which requires a comment)</td></tr></table><hr/><p><b>Group 3 </b>Mapping from <a href=\"http://terminology.hl7.org/6.5.0/CodeSystem-v3-loinc.html\">Logical Observation Identifiers, Names and Codes (LOINC)</a> to <a href=\"http://hl7.org/fhir/R4/codesystem-data-types.html\">DataType</a></p><table class=\"grid\"><tr><td><b>Source Code</b></td><td><b>Relationship</b></td><td><b>Target Code</b></td></tr><tr><td>39126-8 (Length of Wound)</td><td><a href=\"http://hl7.org/fhir/R5/codesystem-concept-map-relationship.html#specializes\" title=\"specializes\">has specialization</a></td><td>decimal</td></tr><tr><td>39125-0 (Width of Wound)</td><td><a href=\"http://hl7.org/fhir/R5/codesystem-concept-map-relationship.html#specializes\" title=\"specializes\">has specialization</a></td><td>decimal</td></tr><tr><td>39127-6 (Depth of Wound)</td><td><a href=\"http://hl7.org/fhir/R5/codesystem-concept-map-relationship.html#specializes\" title=\"specializes\">has specialization</a></td><td>decimal</td></tr><tr><td>89260-4 (Area of wound)</td><td><a href=\"http://hl7.org/fhir/R5/codesystem-concept-map-relationship.html#specializes\" title=\"specializes\">has specialization</a></td><td>decimal</td></tr><tr><td>94083-3 (Wound volume)</td><td><a href=\"http://hl7.org/fhir/R5/codesystem-concept-map-relationship.html#specializes\" title=\"specializes\">has specialization</a></td><td>decimal</td></tr></table></div>"},"url":"http://ehealth.sundhed.dk/ConceptMap/conceptmap-obs-code-to-value-type","version":"4.0.0","name":"conceptmap-obs-code-to-value-type","title":"conceptmap-obs-code-to-value-type","status":"active","experimental":false,"date":"2020-11-26","publisher":"Den telemedicinske infrastruktur (eHealth Infrastructure)","contact":[{"name":"Den telemedicinske infrastruktur (eHealth Infrastructure)","telecom":[{"system":"url","value":"http://ehealth.sundhed.dk"}]}],"jurisdiction":[{"coding":[{"system":"urn:iso:std:iso:3166","code":"DK","display":"Denmark"}]}],"sourceUri":"http://ehealth.sundhed.dk/vs/observation-codes","targetUri":"http://hl7.org/fhir/ValueSet/data-types","group":[{"source":"urn:oid:1.2.208.176.2.1","target":"http://hl7.org/fhir/data-types","element":[{"code":"DNK05472","display":"Blodtryk systolisk;Arm","target":[{"code":"integer","display":"integer","equivalence":"specializes","comment":"Should really be specializes but igpublisher turns into narrower (which requires a comment)"}]},{"code":"DNK05473","display":"Blodtryk diastolisk;Arm","target":[{"code":"integer","display":"integer","equivalence":"specializes","comment":"Should really be specializes but igpublisher turns into narrower (which requires a comment)"}]},{"code":"NPU03011","display":"Hb(Fe; O2-bind.; aB)—Oxygen(O2); mætn. = ?","target":[{"code":"decimal","display":"decimal","equivalence":"specializes","comment":"Should really be specializes but igpublisher turns into narrower (which requires a comment)"}]},{"code":"NPU21692","display":"Hjerte—Systole; frekv. = ? × 1/min","target":[{"code":"integer","display":"integer","equivalence":"specializes","comment":"Should really be specializes but igpublisher turns into narrower (which requires a comment)"}]},{"code":"NPU03804","display":"Pt—Legeme; masse = ? kg","target":[{"code":"decimal","display":"decimal","equivalence":"specializes","comment":"Should really be specializes but igpublisher turns into narrower (which requires a comment)"}]},{"code":"NPU27281","display":"Pt—Legeme; massekoefficient(masse/kvadreret højde) = ? kg/m²","target":[{"code":"integer","display":"integer","equivalence":"specializes","comment":"Should really be specializes but igpublisher turns into narrower (which requires a comment)"}]},{"code":"NPU03794","display":"Pt—Legeme; højde = ? m","target":[{"code":"decimal","display":"decimal","equivalence":"specializes","comment":"Should really be specializes but igpublisher turns into narrower (which requires a comment)"}]},{"code":"NPU08676","display":"Pt—Legeme; temp. = ? °C","target":[{"code":"decimal","display":"decimal","equivalence":"specializes","comment":"Should really be specializes but igpublisher turns into narrower (which requires a comment)"}]}]},{"source":"urn:oid:1.2.208.184.100.8","target":"http://hl7.org/fhir/data-types","element":[{"code":"MCS88015","display":"FEV1;Lunge","target":[{"code":"decimal","display":"decimal","equivalence":"specializes","comment":"Should really be specializes but igpublisher turns into narrower (which requires a comment)"}]},{"code":"MCS88016","display":"FVC;Lunge","target":[{"code":"decimal","display":"decimal","equivalence":"specializes","comment":"Should really be specializes but igpublisher turns into narrower (which requires a comment)"}]},{"code":"MCS88017","display":"FEV1/FVC;Lunge","target":[{"code":"decimal","display":"decimal","equivalence":"specializes","comment":"Should really be specializes but igpublisher turns into narrower (which requires a comment)"}]},{"code":"MCS88021","display":"MRC skala;Pt(KOL)","target":[{"code":"integer","display":"integer","equivalence":"specializes","comment":"Should really be specializes but igpublisher turns into narrower (which requires a comment)"}]},{"code":"MCS88023","display":"FEV1 af forventet værdi;Pt(KOL)","target":[{"code":"integer","display":"integer","equivalence":"specializes","comment":"Should really be specializes but igpublisher turns into narrower (which requires a comment)"}]},{"code":"MCS88050","display":"Rejse sætte sig testen;Pt","target":[{"code":"integer","display":"integer","equivalence":"specializes","comment":"Should really be specializes but igpublisher turns into narrower (which requires a comment)"}]},{"code":"MCS88137","display":"CAT score;Pt","target":[{"code":"integer","display":"integer","equivalence":"specializes","comment":"Should really be specializes but igpublisher turns into narrower (which requires a comment)"}]},{"code":"MCS88192","display":"Skridt per dag;Pt","target":[{"code":"integer","display":"integer","equivalence":"specializes","comment":"Should really be specializes but igpublisher turns into narrower (which requires a comment)"}]},{"code":"MCS88193","display":"Skridt per uge;Pt","target":[{"code":"integer","display":"integer","equivalence":"specializes","comment":"Should really be specializes but igpublisher turns into narrower (which requires a comment)"}]},{"code":"MCS88194","display":"Skridt;Pt","target":[{"code":"integer","display":"integer","equivalence":"specializes","comment":"Should really be specializes but igpublisher turns into narrower (which requires a comment)"}]}]},{"source":"http://loinc.org","target":"http://hl7.org/fhir/data-types","element":[{"code":"39126-8","display":"Length of Wound","target":[{"code":"decimal","display":"decimal","equivalence":"specializes"}]},{"code":"39125-0","display":"Width of Wound","target":[{"code":"decimal","display":"decimal","equivalence":"specializes"}]},{"code":"39127-6","display":"Depth of Wound","target":[{"code":"decimal","display":"decimal","equivalence":"specializes"}]},{"code":"89260-4","display":"Area of wound","target":[{"code":"decimal","display":"decimal","equivalence":"specializes"}]},{"code":"94083-3","display":"Wound volume","target":[{"code":"decimal","display":"decimal","equivalence":"specializes"}]}]}]}