<?xml version="1.0" encoding="UTF-8"?>

<CodeSystem xmlns="http://hl7.org/fhir">
  <id value="ehealth-unit-code"/>
  <text>
    <status value="generated"/><div xmlns="http://www.w3.org/1999/xhtml"><p>This code system http://ehealth.sundhed.dk/cs/ehealth-unit-code defines the following codes:</p><table class="codes"><tr><td style="white-space:nowrap"><b>Code</b></td><td><b>Display</b></td><td><b>Definition</b></td></tr><tr><td style="white-space:nowrap">1/30sec<a name="ehealth-unit-code-1.4730sec"> </a></td><td>one per 30 seconds</td><td>Number of occurrences in 30 seconds</td></tr><tr><td style="white-space:nowrap">percentpoint<a name="ehealth-unit-code-percentpoint"> </a></td><td>percent point</td><td>Percentage point</td></tr></table><p><b>Additional Language Displays</b></p><table class="codes"><tr><td><b>Code</b></td><td><b>Dansk (Danish, da)</b></td></tr><tr><td>1/30sec</td><td>1/ 30 sek</td></tr><tr><td>percentpoint</td><td>procentpoint</td></tr></table></div>
  </text>
  <url value="http://ehealth.sundhed.dk/cs/ehealth-unit-code"/>
  <version value="3.4.1"/>
  <name value="eHealthUnitCodes"/>
  <title value="eHealth Unit Codes"/>
  <status value="active"/>
  <experimental value="false"/>
  <date value="2020-10-19T08:00:00+00:00"/>
  <publisher value="Den telemedicinske infrastruktur (eHealth Infrastructure)"/>
  <contact>
    <name value="Den telemedicinske infrastruktur (eHealth Infrastructure)"/>
    <telecom>
      <system value="url"/>
      <value value="http://ehealth.sundhed.dk"/>
    </telecom>
  </contact>
  <description value="Unit Codes"/>
  <jurisdiction>
    <coding>
      <system value="urn:iso:std:iso:3166"/>
      <code value="DK"/>
      <display value="Denmark"/>
    </coding>
  </jurisdiction>
  <caseSensitive value="true"/>
  <content value="complete"/>
  <concept>
    <code value="1/30sec"/>
    <display value="one per 30 seconds"/>
    <definition value="Number of occurrences in 30 seconds"/>
    <designation>
      <language value="da"/>
      <value value="1/ 30 sek"/>
    </designation>
  </concept>
  <concept>
    <code value="percentpoint"/>
    <display value="percent point"/>
    <definition value="Percentage point"/>
    <designation>
      <language value="da"/>
      <value value="procentpoint"/>
    </designation>
  </concept>
</CodeSystem>