<?xml version="1.0" encoding="UTF-8"?>

<CodeSystem xmlns="http://hl7.org/fhir">
  <id value="ehealth-observation-method"/>
  <text>
    <status value="generated"/><div xmlns="http://www.w3.org/1999/xhtml"><p class="res-header-id"><b>Generated Narrative: CodeSystem ehealth-observation-method</b></p><a name="ehealth-observation-method"> </a><a name="hcehealth-observation-method"> </a><a name="ehealth-observation-method-da-DK"> </a><p>This case-sensitive code system <code>http://ehealth.sundhed.dk/cs/observation-method</code> defines the following codes:</p><table class="codes"><tr><td style="white-space:nowrap"><b>Code</b></td><td><b>Display</b></td><td><b>Definition</b></td><td><b>Dansk (Danish, da)</b></td></tr><tr><td style="white-space:nowrap">measured<a name="ehealth-observation-method-measured"> </a></td><td>Measured</td><td>Measured</td><td>Målt</td></tr><tr><td style="white-space:nowrap">calculated<a name="ehealth-observation-method-calculated"> </a></td><td>Calculated</td><td>Calculated</td><td>Beregnet</td></tr></table></div>
  </text>
  <url value="http://ehealth.sundhed.dk/cs/observation-method"/>
  <version value="3.4.1"/>
  <name value="observationMethod"/>
  <title value="Observation Method"/>
  <status value="active"/>
  <experimental value="false"/>
  <date value="2024-10-28T00:00:00+00:00"/>
  <publisher value="Den telemedicinske infrastruktur (eHealth Infrastructure)"/>
  <contact>
    <name value="Den telemedicinske infrastruktur (eHealth Infrastructure)"/>
    <telecom>
      <system value="url"/>
      <value value="http://ehealth.sundhed.dk"/>
    </telecom>
  </contact>
  <description value="Identifies how an observation is acquired."/>
  <jurisdiction>
    <coding>
      <system value="urn:iso:std:iso:3166"/>
      <code value="DK"/>
      <display value="Denmark"/>
    </coding>
  </jurisdiction>
  <caseSensitive value="true"/>
  <content value="complete"/>
  <concept>
    <code value="measured"/>
    <display value="Measured"/>
    <definition value="Measured"/>
    <designation>
      <language value="da"/>
      <value value="Målt"/>
    </designation>
  </concept>
  <concept>
    <code value="calculated"/>
    <display value="Calculated"/>
    <definition value="Calculated"/>
    <designation>
      <language value="da"/>
      <value value="Beregnet"/>
    </designation>
  </concept>
</CodeSystem>