<?xml version="1.0" encoding="UTF-8"?>

<ValueSet xmlns="http://hl7.org/fhir">
  <id value="ehealth-goal-description"/>
  <text>
    <status value="generated"/><div xmlns="http://www.w3.org/1999/xhtml"><p class="res-header-id"><b>Generated Narrative: ValueSet ehealth-goal-description</b></p><a name="ehealth-goal-description"> </a><a name="hcehealth-goal-description"> </a><a name="ehealth-goal-description-da-DK"> </a><ul><li>Include all codes defined in <a href="CodeSystem-ehealth-goal-description.html"><code>http://ehealth.sundhed.dk/cs/goal-description</code></a></li></ul></div>
  </text>
  <url value="http://ehealth.sundhed.dk/vs/goal-description"/>
  <version value="3.4.1"/>
  <name value="GoalDescription"/>
  <title value="Goal Description"/>
  <status value="active"/>
  <experimental value="false"/>
  <date value="2021-01-13T00:00:00+00:00"/>
  <publisher value="Den telemedicinske infrastruktur (eHealth Infrastructure)"/>
  <contact>
    <name value="Den telemedicinske infrastruktur (eHealth Infrastructure)"/>
    <telecom>
      <system value="url"/>
      <value value="http://ehealth.sundhed.dk"/>
    </telecom>
  </contact>
  <description value="Value set for goal description."/>
  <jurisdiction>
    <coding>
      <system value="urn:iso:std:iso:3166"/>
      <code value="DK"/>
      <display value="Denmark"/>
    </coding>
  </jurisdiction>
  <compose>
    <include>
      <system value="http://ehealth.sundhed.dk/cs/goal-description"/>
    </include>
  </compose>
</ValueSet>