<?xml version="1.0" encoding="UTF-8"?>

<ValueSet xmlns="http://hl7.org/fhir">
  <id value="relatedperson-relationshiptype"/>
  <text>
    <status value="extensions"/><div xmlns="http://www.w3.org/1999/xhtml"><p class="res-header-id"><b>Generated Narrative: ValueSet relatedperson-relationshiptype</b></p><a name="relatedperson-relationshiptype"> </a><a name="hcrelatedperson-relationshiptype"> </a><a name="relatedperson-relationshiptype-da-DK"> </a><ul><li>Include these codes as defined in <a href="http://terminology.hl7.org/6.2.0/CodeSystem-v3-RoleCode.html"><code>http://terminology.hl7.org/CodeSystem/v3-RoleCode</code></a><table class="none"><tr><td style="white-space:nowrap"><b>Code</b></td><td><b>Display</b></td><td><b>Definition</b></td><td><b>Dansk (Danish, da)</b></td></tr><tr><td><a href="http://terminology.hl7.org/6.2.0/CodeSystem-v3-RoleCode.html#v3-RoleCode-FAMMEMB">FAMMEMB</a></td><td>family member</td><td>A relationship between two people characterizing their &quot;familial&quot; relationship</td><td>Øvrig familie</td></tr><tr><td><a href="http://terminology.hl7.org/6.2.0/CodeSystem-v3-RoleCode.html#v3-RoleCode-SIB">SIB</a></td><td>sibling</td><td>The player of the role shares one or both parents in common with the scoping entity.</td><td>Søskende</td></tr><tr><td><a href="http://terminology.hl7.org/6.2.0/CodeSystem-v3-RoleCode.html#v3-RoleCode-DOMPART">DOMPART</a></td><td>domestic partner</td><td>The player of the role cohabits with the scoping person but is not the scoping person's spouse.</td><td>Registreret partner</td></tr><tr><td><a href="http://terminology.hl7.org/6.2.0/CodeSystem-v3-RoleCode.html#v3-RoleCode-ROOM">ROOM</a></td><td>Roommate</td><td>One who shares living quarters with the subject.</td><td>Samboende</td></tr><tr><td><a href="http://terminology.hl7.org/6.2.0/CodeSystem-v3-RoleCode.html#v3-RoleCode-U">U</a></td><td>Unknown</td><td/><td>Uspecificeret pårørende</td></tr><tr><td><a href="http://terminology.hl7.org/6.2.0/CodeSystem-v3-RoleCode.html#v3-RoleCode-NBOR">NBOR</a></td><td>neighbor</td><td>The player of the role lives near or next to the scoping person.</td><td>Nabo</td></tr><tr><td><a href="http://terminology.hl7.org/6.2.0/CodeSystem-v3-RoleCode.html#v3-RoleCode-CHLDINLAW">CHLDINLAW</a></td><td>child-in-law</td><td>The player of the role is the spouse of scoping person's child.</td><td>Svigerbarn</td></tr><tr><td><a href="http://terminology.hl7.org/6.2.0/CodeSystem-v3-RoleCode.html#v3-RoleCode-GRNDCHILD">GRNDCHILD</a></td><td>grandchild</td><td>The player of the role is a child of the scoping person's son or daughter.</td><td>Barnebarn</td></tr><tr><td><a href="http://terminology.hl7.org/6.2.0/CodeSystem-v3-RoleCode.html#v3-RoleCode-PRN">PRN</a></td><td>parent</td><td>The player of the role is one who begets, gives birth to, or nurtures and raises the scoping entity (child).</td><td>Forældre</td></tr><tr><td><a href="http://terminology.hl7.org/6.2.0/CodeSystem-v3-RoleCode.html#v3-RoleCode-O">O</a></td><td>Other</td><td>A specimen used for evaluation of operator proficiency (operator in what context?)</td><td>Ingen relationer</td></tr><tr><td><a href="http://terminology.hl7.org/6.2.0/CodeSystem-v3-RoleCode.html#v3-RoleCode-CHILD">CHILD</a></td><td>child</td><td>The player of the role is a child of the scoping entity.</td><td>Barn</td></tr><tr><td><a href="http://terminology.hl7.org/6.2.0/CodeSystem-v3-RoleCode.html#v3-RoleCode-SPS">SPS</a></td><td>spouse</td><td>The player of the role is a marriage partner of the scoping person.</td><td>Ægtefælle</td></tr></table></li></ul></div>
  </text>
  <url value="http://ehealth.sundhed.dk/vs/relatedperson-relationshiptype"/>
  <version value="3.4.1"/>
  <name value="RelationshipTypes"/>
  <status value="active"/>
  <experimental value="true"/>
  <date value="2019-02-02T00:00:00+00:00"/>
  <publisher value="Den telemedicinske infrastruktur (eHealth Infrastructure)"/>
  <contact>
    <name value="Den telemedicinske infrastruktur (eHealth Infrastructure)"/>
    <telecom>
      <system value="url"/>
      <value value="http://ehealth.sundhed.dk"/>
    </telecom>
  </contact>
  <description value="A set of codes that can be used to indicate the relationship between a Patient and a Related Person used in Denmark"/>
  <jurisdiction>
    <coding>
      <system value="urn:iso:std:iso:3166"/>
      <code value="DK"/>
      <display value="Denmark"/>
    </coding>
  </jurisdiction>
  <compose>
    <include>
      <system value="http://terminology.hl7.org/CodeSystem/v3-RoleCode"/>
      <concept>
        <code value="FAMMEMB"/>
        <display value="family member"/>
        <designation>
          <language value="da"/>
          <value value="Øvrig familie"/>
        </designation>
      </concept>
      <concept>
        <code value="SIB"/>
        <display value="sibling"/>
        <designation>
          <language value="da"/>
          <value value="Søskende"/>
        </designation>
      </concept>
      <concept>
        <code value="DOMPART"/>
        <display value="domestic partner"/>
        <designation>
          <language value="da"/>
          <value value="Registreret partner"/>
        </designation>
      </concept>
      <concept>
        <code value="ROOM"/>
        <display value="Roommate"/>
        <designation>
          <language value="da"/>
          <value value="Samboende"/>
        </designation>
      </concept>
      <concept>
        <code value="U"/>
        <display value="Unknown"/>
        <designation>
          <language value="da"/>
          <value value="Uspecificeret pårørende"/>
        </designation>
      </concept>
      <concept>
        <code value="NBOR"/>
        <display value="neighbor"/>
        <designation>
          <language value="da"/>
          <value value="Nabo"/>
        </designation>
      </concept>
      <concept>
        <code value="CHLDINLAW"/>
        <display value="child-in-law"/>
        <designation>
          <language value="da"/>
          <value value="Svigerbarn"/>
        </designation>
      </concept>
      <concept>
        <code value="GRNDCHILD"/>
        <display value="grandchild"/>
        <designation>
          <language value="da"/>
          <value value="Barnebarn"/>
        </designation>
      </concept>
      <concept>
        <code value="PRN"/>
        <display value="parent"/>
        <designation>
          <language value="da"/>
          <value value="Forældre"/>
        </designation>
      </concept>
      <concept>
        <code value="O"/>
        <display value="Other"/>
        <designation>
          <language value="da"/>
          <value value="Ingen relationer"/>
        </designation>
      </concept>
      <concept>
        <code value="CHILD"/>
        <display value="child"/>
        <designation>
          <language value="da"/>
          <value value="Barn"/>
        </designation>
      </concept>
      <concept>
        <code value="SPS"/>
        <display value="spouse"/>
        <designation>
          <language value="da"/>
          <value value="Ægtefælle"/>
        </designation>
      </concept>
    </include>
  </compose>
</ValueSet>