<?xml version="1.0" encoding="UTF-8"?>

<ValueSet xmlns="http://hl7.org/fhir">
  <id value="ehealth-media-usage-mode"/>
  <text>
    <status value="generated"/><div xmlns="http://www.w3.org/1999/xhtml"><p class="res-header-id"><b>Generated Narrative: ValueSet ehealth-media-usage-mode</b></p><a name="ehealth-media-usage-mode"> </a><a name="hcehealth-media-usage-mode"> </a><a name="ehealth-media-usage-mode-da-DK"> </a><ul><li>Include all codes defined in <a href="CodeSystem-ehealth-media-usage-mode.html"><code>http://ehealth.sundhed.dk/cs/media-usage-mode</code></a></li></ul></div>
  </text>
  <url value="http://ehealth.sundhed.dk/vs/media-usage-mode"/>
  <version value="3.4.1"/>
  <name value="MediaUsageMode"/>
  <title value="Media Usage Mode"/>
  <status value="active"/>
  <experimental value="false"/>
  <date value="2024-10-28T00:00:00+00:00"/>
  <publisher value="Den telemedicinske infrastruktur (eHealth Infrastructure)"/>
  <contact>
    <name value="Den telemedicinske infrastruktur (eHealth Infrastructure)"/>
    <telecom>
      <system value="url"/>
      <value value="http://ehealth.sundhed.dk"/>
    </telecom>
  </contact>
  <description value="Media Usage Mode"/>
  <jurisdiction>
    <coding>
      <system value="urn:iso:std:iso:3166"/>
      <code value="DK"/>
      <display value="Denmark"/>
    </coding>
  </jurisdiction>
  <compose>
    <include>
      <system value="http://ehealth.sundhed.dk/cs/media-usage-mode"/>
    </include>
  </compose>
</ValueSet>