{
  "resourceType" : "CodeSystem",
  "id" : "fs3-group-practicaltasks",
  "text" : {
    "status" : "generated",
    "div" : "<div xmlns=\"http://www.w3.org/1999/xhtml\"><p class=\"res-header-id\"><b>Generated Narrative: CodeSystem fs3-group-practicaltasks</b></p><a name=\"fs3-group-practicaltasks\"> </a><a name=\"hcfs3-group-practicaltasks\"> </a><a name=\"fs3-group-practicaltasks-en-US\"> </a><p>This  code system <code>http://ehealth.sundhed.dk/cs/fs3-group-practicaltasks</code> defines the following codes:</p><table class=\"codes\"><tr><td style=\"white-space:nowrap\"><b>Code</b></td><td><b>Display</b></td><td><b>Dansk (Danish, da)</b></td></tr><tr><td style=\"white-space:nowrap\">PERFORM_DAILY_ROUTINES<a name=\"fs3-group-practicaltasks-PERFORM_DAILY_ROUTINES\"> </a></td><td>Udføre daglige rutiner</td><td>Udføre daglige rutiner</td></tr><tr><td style=\"white-space:nowrap\">OBTAIN_GOODS_AND_SERVICES<a name=\"fs3-group-practicaltasks-OBTAIN_GOODS_AND_SERVICES\"> </a></td><td>Skaffe sig varer og tjenesteydelser</td><td>Skaffe sig varer og tjenesteydelser</td></tr><tr><td style=\"white-space:nowrap\">COOKING<a name=\"fs3-group-practicaltasks-COOKING\"> </a></td><td>Lave mad</td><td>Lave mad</td></tr><tr><td style=\"white-space:nowrap\">DOING_DOMESTIC_WORK<a name=\"fs3-group-practicaltasks-DOING_DOMESTIC_WORK\"> </a></td><td>Lave husligt arbejde</td><td>Lave husligt arbejde</td></tr></table></div>"
  },
  "url" : "http://ehealth.sundhed.dk/cs/fs3-group-practicaltasks",
  "version" : "3.1.0",
  "name" : "FS III, Praktiske opgaver",
  "title" : "FS III, Praktiske opgaver",
  "status" : "active",
  "experimental" : true,
  "date" : "2019-02-02T00:00:00+00:00",
  "publisher" : "Den telemedicinske infrastruktur (eHealth Infrastructure)",
  "contact" : [{
    "name" : "Den telemedicinske infrastruktur (eHealth Infrastructure)",
    "telecom" : [{
      "system" : "url",
      "value" : "http://ehealth.sundhed.dk"
    }]
  }],
  "description" : "FS III, Praktiske opgaver",
  "content" : "complete",
  "concept" : [{
    "code" : "PERFORM_DAILY_ROUTINES",
    "display" : "Udføre daglige rutiner",
    "designation" : [{
      "language" : "da",
      "value" : "Udføre daglige rutiner"
    }]
  },
  {
    "code" : "OBTAIN_GOODS_AND_SERVICES",
    "display" : "Skaffe sig varer og tjenesteydelser",
    "designation" : [{
      "language" : "da",
      "value" : "Skaffe sig varer og tjenesteydelser"
    }]
  },
  {
    "code" : "COOKING",
    "display" : "Lave mad",
    "designation" : [{
      "language" : "da",
      "value" : "Lave mad"
    }]
  },
  {
    "code" : "DOING_DOMESTIC_WORK",
    "display" : "Lave husligt arbejde",
    "designation" : [{
      "language" : "da",
      "value" : "Lave husligt arbejde"
    }]
  }]
}