{"resourceType":"ValueSet","id":"ehealth-usage-context-type","text":{"status":"generated","div":"<div xmlns=\"http://www.w3.org/1999/xhtml\"><p class=\"res-header-id\"><b>Generated Narrative: Værdisæt ehealth-usage-context-type</b></p><a name=\"ehealth-usage-context-type\"> </a><a name=\"hcehealth-usage-context-type\"> </a><p>This value set includes codes based on the following rules:</p><ul><li>Include all codes defined in <a href=\"http://terminology.hl7.org/6.5.0/CodeSystem-usage-context-type.html\"><code>http://terminology.hl7.org/CodeSystem/usage-context-type</code></a></li><li>Include all codes defined in <a href=\"CodeSystem-ehealth-usage-context-type.html\"><code>http://ehealth.sundhed.dk/cs/ehealth-usage-context-type</code></a></li></ul></div>"},"url":"http://ehealth.sundhed.dk/vs/ehealth-usage-context-type","version":"5.0.1","name":"eHealthUsageContextType","title":"eHealth Usage Context Type","status":"active","experimental":true,"date":"2020-11-20T00:00:00+00:00","publisher":"Den telemedicinske infrastruktur (eHealth Infrastructure)","contact":[{"name":"Den telemedicinske infrastruktur (eHealth Infrastructure)","telecom":[{"system":"url","value":"http://ehealth.sundhed.dk"}]}],"description":"The following table supersedes the expansion table below for the following codes:\n\n| Code                | System                                                                                     | Display           | Definition                                                                                                                                                                                   |\n|---------------------|--------------------------------------------------------------------------------------------|-------------------|----------------------------------------------------------------------------------------------------------------------------------------------------------------------------------------------|\n| focus               | http://terminology.hl7.org/CodeSystem/usage-context-type                                    | Clinical Focus    | The clinical concept(s) addressed by the artifact/element. For example, disease, diagnostic test interpretation, medication ordering as in http://ehealth.sundhed.dk/vs/conditions                                                |\n| program             | http://terminology.hl7.org/CodeSystem/usage-context-type                                    | Program           | A program/project of work for which this artifact/element is applicable. http://ehealth.sundhed.dk/vs/ehealth-program                                                                                                         |\n| activity            | http://ehealth.sundhed.dk/cs/ehealth-usage-context-type                                    | Activity Type     | The type of activity in which it is relevant to use a module/element having this use context (see http://hl7.org/fhir/metadatatypes.html#UsageContext). For this context type, the value should be a code taken from the http://ehealth.sundhed.dk/vs/activitydefinition-code value set. |\n| supports            | http://ehealth.sundhed.dk/cs/ehealth-usage-context-type                                    | Supports          | The type of activity supported by a module/element having this use context (see http://hl7.org/fhir/metadatatypes.html#UsageContext). For this context type, the value should be a code taken from the http://ehealth.sundhed.dk/vs/activitydefinition-code value set. |\n| range               | http://ehealth.sundhed.dk/cs/ehealth-usage-context-type                                    | Range             | The type of reference range with which it is relevant to use a module/element having this use context (see http://hl7.org/fhir/metadatatypes.html#UsageContext). For this context type, the value should be a code taken from the http://ehealth.sundhed.dk/vs/reference-range-type value set. |\n| questionnaire-related | http://ehealth.sundhed.dk/cs/ehealth-usage-context-type                                    | Questionnaire Related | The type of questionnaire element with which it is relevant to use a coded values/id registries having this use context (see http://hl7.org/fhir/metadatatypes.html#UsageContext). For this context type, the value should be a code taken from the http://ehealth.sundhed.dk/vs/questionnaire-elements value set. |\n","jurisdiction":[{"coding":[{"system":"urn:iso:std:iso:3166","code":"DK","display":"Denmark"}]}],"compose":{"include":[{"system":"http://terminology.hl7.org/CodeSystem/usage-context-type"},{"system":"http://ehealth.sundhed.dk/cs/ehealth-usage-context-type"}]}}