{"resourceType":"ValueSet","id":"ehealth-property","text":{"status":"generated","div":"<div xmlns=\"http://www.w3.org/1999/xhtml\"><p class=\"res-header-id\"><b>Generated Narrative: Værdisæt ehealth-property</b></p><a name=\"ehealth-property\"> </a><a name=\"hcehealth-property\"> </a><ul><li>Include all codes defined in <a href=\"CodeSystem-ehealth-property.html\"><code>http://ehealth.sundhed.dk/cs/ehealth-property</code></a></li></ul></div>"},"url":"http://ehealth.sundhed.dk/vs/ehealth-property","version":"5.0.1","name":"eHealthProperty","title":"eHealth Property","status":"active","experimental":false,"date":"2025-03-05T09:00:00+00:00","publisher":"Den telemedicinske infrastruktur (eHealth Infrastructure)","contact":[{"name":"Den telemedicinske infrastruktur (eHealth Infrastructure)","telecom":[{"system":"url","value":"http://ehealth.sundhed.dk"}]}],"description":"Used to distinguish/extract specific properties of a code.","jurisdiction":[{"coding":[{"system":"urn:iso:std:iso:3166","code":"DK","display":"Denmark"}]}],"compose":{"include":[{"system":"http://ehealth.sundhed.dk/cs/ehealth-property"}]}}