<?xml version="1.0" encoding="UTF-8"?><ValueSet xmlns="http://hl7.org/fhir"><id value="ehealth-trigger-behavior"/><text><status value="extensions"/><div xmlns="http://www.w3.org/1999/xhtml"><p class="res-header-id"><b>Generated Narrative: Værdisæt ehealth-trigger-behavior</b></p><a name="ehealth-trigger-behavior"> </a><a name="hcehealth-trigger-behavior"> </a><ul><li>Include these codes as defined in <a href="http://hl7.org/fhir/R4/codesystem-action-selection-behavior.html"><code>http://hl7.org/fhir/action-selection-behavior</code></a><table class="none"><tr><td style="white-space:nowrap"><b>Code</b></td><td><b>Display</b></td><td><b>Definition</b></td></tr><tr><td><a href="http://hl7.org/fhir/R4/codesystem-action-selection-behavior.html#action-selection-behavior-one-or-more">one-or-more</a></td><td>One Or More</td><td>The end user must choose a minimum of one, and as many additional as desired.</td></tr><tr><td><a href="http://hl7.org/fhir/R4/codesystem-action-selection-behavior.html#action-selection-behavior-all">all</a></td><td>All</td><td>All the actions in the group must be selected as a single unit.</td></tr></table></li></ul></div></text><url value="http://ehealth.sundhed.dk/vs/trigger-behavior"/><version value="5.0.1"/><name value="TriggerBehavior"/><title value="Trigger Behavior"/><status value="active"/><experimental value="true"/><date value="2021-10-22T00:00:00+00:00"/><publisher value="Den telemedicinske infrastruktur (eHealth Infrastructure)"/><contact><name value="Den telemedicinske infrastruktur (eHealth Infrastructure)"/><telecom><system value="url"/><value value="http://ehealth.sundhed.dk"/></telecom></contact><description value="Trigger behavior"/><jurisdiction><coding><system value="urn:iso:std:iso:3166"/><code value="DK"/><display value="Denmark"/></coding></jurisdiction><compose><include><system value="http://hl7.org/fhir/action-selection-behavior"/><concept><code value="one-or-more"/><display value="One Or More"/></concept><concept><code value="all"/><display value="All"/></concept></include></compose></ValueSet>