<?xml version="1.0" encoding="UTF-8"?><ValueSet xmlns="http://hl7.org/fhir"><id value="ehealth-media-modality"/><text><status value="generated"/><div xmlns="http://www.w3.org/1999/xhtml"><p class="res-header-id"><b>Generated Narrative: Værdisæt ehealth-media-modality</b></p><a name="ehealth-media-modality"> </a><a name="hcehealth-media-modality"> </a><ul><li>Import all the codes that are contained in <a href="http://hl7.org/fhir/R4/valueset-media-modality.html">Media Modality</a></li></ul></div></text><url value="http://ehealth.sundhed.dk/vs/media-modality"/><version value="5.0.1"/><name value="MediaModality"/><title value="Media modality"/><status value="active"/><experimental value="false"/><date value="2024-10-21T00:00:00+00:00"/><publisher value="Den telemedicinske infrastruktur (eHealth Infrastructure)"/><contact><name value="Den telemedicinske infrastruktur (eHealth Infrastructure)"/><telecom><system value="url"/><value value="http://ehealth.sundhed.dk"/></telecom></contact><description value="Media modality"/><jurisdiction><coding><system value="urn:iso:std:iso:3166"/><code value="DK"/><display value="Denmark"/></coding></jurisdiction><compose><include><valueSet value="http://hl7.org/fhir/ValueSet/media-modality"/></include></compose></ValueSet>