{
  "resourceType" : "ConceptMap",
  "id" : "conceptmap-obs-code-to-ucum",
  "text" : {
    "status" : "generated",
    "div" : "<div xmlns=\"http://www.w3.org/1999/xhtml\"><p class=\"res-header-id\"><b>Generated Narrative: ConceptMap conceptmap-obs-code-to-ucum</b></p><a name=\"conceptmap-obs-code-to-ucum\"> </a><a name=\"hcconceptmap-obs-code-to-ucum\"> </a><a name=\"hcconceptmap-obs-code-to-ucum-en-US\"> </a><p>Mapping from <a href=\"ValueSet-ehealth-observation-codes.html\">Observation Codes</a> to (not specified)</p><p>ACTIVE (not intended for production usage). Published on 2020-08-31 00:00:00+0000 by Den telemedicinske infrastruktur (eHealth Infrastructure)  (Den telemedicinske infrastruktur (eHealth Infrastructure): <a href=\"http://ehealth.sundhed.dk\">http://ehealth.sundhed.dk</a>). </p><br/><p><b>Group 1 </b>Mapping from <a href=\"CodeSystem-1.2.208.176.2.1--20190829.html\">NPU DK</a> to <a href=\"http://terminology.hl7.org/5.5.0/CodeSystem-v3-ucum.html\">Unified Code for Units of Measure (UCUM)</a></p><table class=\"grid\"><tr><td><b>Source Code</b></td><td><b>Relationship</b></td><td><b>Target Code</b></td><td><b>Comment</b></td></tr><tr><td>NPU03011 (O2 sat.;Hb(aB))</td><td><a href=\"http://hl7.org/fhir/extensions/5.1.0/CodeSystem-concept-map-equivalence.html#specializes\" title=\"specializes\">has specialization</a></td><td>% (percent)</td><td>Should really be specializes but igpublisher turns into narrower (which requires a comment)</td></tr><tr><td>NPU21692 (Puls;Hjerte)</td><td><a href=\"http://hl7.org/fhir/extensions/5.1.0/CodeSystem-concept-map-equivalence.html#specializes\" title=\"specializes\">has specialization</a></td><td>1/min (one per minute)</td><td>Should really be specializes but igpublisher turns into narrower (which requires a comment)</td></tr><tr><td>NPU03804 (Legeme vægt; Pt)</td><td><a href=\"http://hl7.org/fhir/extensions/5.1.0/CodeSystem-concept-map-equivalence.html#specializes\" title=\"specializes\">has specialization</a></td><td>kg (kilogram)</td><td>Should really be specializes but igpublisher turns into narrower (which requires a comment)</td></tr><tr><td>NPU27281 (Pt—Legeme; massekoefficient(masse/kvadreret højde) = ? kg/m²)</td><td><a href=\"http://hl7.org/fhir/extensions/5.1.0/CodeSystem-concept-map-equivalence.html#specializes\" title=\"specializes\">has specialization</a></td><td>kg/m2 (kilogram / (meter ^ 2))</td><td>Should really be specializes but igpublisher turns into narrower (which requires a comment)</td></tr><tr><td>NPU03794 (Pt—Legeme; højde = ? m)</td><td><a href=\"http://hl7.org/fhir/extensions/5.1.0/CodeSystem-concept-map-equivalence.html#specializes\" title=\"specializes\">has specialization</a></td><td>m (meter)</td><td>Should really be specializes but igpublisher turns into narrower (which requires a comment)</td></tr><tr><td>NPU08676 (Pt—Legeme; temp. = ? °C)</td><td><a href=\"http://hl7.org/fhir/extensions/5.1.0/CodeSystem-concept-map-equivalence.html#specializes\" title=\"specializes\">has specialization</a></td><td>Cel (degree Celcius)</td><td>Should really be specializes but igpublisher turns into narrower (which requires a comment)</td></tr><tr><td>NPU19748 (P—C-reaktivt protein; massek. = ? mg/L)</td><td><a href=\"http://hl7.org/fhir/extensions/5.1.0/CodeSystem-concept-map-equivalence.html#specializes\" title=\"specializes\">has specialization</a></td><td>mg/L (milligram per liter)</td><td>Should really be specializes but igpublisher turns into narrower (which requires a comment)</td></tr></table><hr/><p><b>Group 2 </b>Mapping from <a href=\"CodeSystem-urn-oid-1.2.208.184.100.8.html\">DAK-E Codes</a> to <a href=\"http://terminology.hl7.org/5.5.0/CodeSystem-v3-ucum.html\">Unified Code for Units of Measure (UCUM)</a></p><table class=\"grid\"><tr><td><b>Source Code</b></td><td><b>Relationship</b></td><td><b>Target Code</b></td><td><b>Comment</b></td></tr><tr><td>MCS88015 (FEV1;Lunge)</td><td><a href=\"http://hl7.org/fhir/extensions/5.1.0/CodeSystem-concept-map-equivalence.html#specializes\" title=\"specializes\">has specialization</a></td><td>L (liter)</td><td>Should really be specializes but igpublisher turns into narrower (which requires a comment)</td></tr><tr><td>MCS88016 (FVC;Lunge)</td><td><a href=\"http://hl7.org/fhir/extensions/5.1.0/CodeSystem-concept-map-equivalence.html#specializes\" title=\"specializes\">has specialization</a></td><td>L (liter)</td><td>Should really be specializes but igpublisher turns into narrower (which requires a comment)</td></tr><tr><td>MCS88017 (FEV1/FVC;Lunge)</td><td><a href=\"http://hl7.org/fhir/extensions/5.1.0/CodeSystem-concept-map-equivalence.html#specializes\" title=\"specializes\">has specialization</a></td><td>{ratio} (ratio)</td><td>Should really be specializes but igpublisher turns into narrower (which requires a comment)</td></tr><tr><td>MCS88019 (Blodtryk hjemme systolisk;Arm)</td><td><a href=\"http://hl7.org/fhir/extensions/5.1.0/CodeSystem-concept-map-equivalence.html#specializes\" title=\"specializes\">has specialization</a></td><td>mm[Hg] (millimeter of mercury)</td><td>Should really be specializes but igpublisher turns into narrower (which requires a comment)</td></tr><tr><td>MCS88020 (Blodtryk hjemme diastolisk;Arm)</td><td><a href=\"http://hl7.org/fhir/extensions/5.1.0/CodeSystem-concept-map-equivalence.html#specializes\" title=\"specializes\">has specialization</a></td><td>mm[Hg] (millimeter of mercury)</td><td>Should really be specializes but igpublisher turns into narrower (which requires a comment)</td></tr><tr><td>MCS88021 (MRC skala;Pt(KOL))</td><td><a href=\"http://hl7.org/fhir/extensions/5.1.0/CodeSystem-concept-map-equivalence.html#specializes\" title=\"specializes\">has specialization</a></td><td>{Number} (Number)</td><td>Should really be specializes but igpublisher turns into narrower (which requires a comment)</td></tr><tr><td>MCS88023 (FEV1 af forventet værdi;Pt(KOL))</td><td><a href=\"http://hl7.org/fhir/extensions/5.1.0/CodeSystem-concept-map-equivalence.html#specializes\" title=\"specializes\">has specialization</a></td><td>% (percent)</td><td>Should really be specializes but igpublisher turns into narrower (which requires a comment)</td></tr><tr><td>MCS88137 (CAT score;Pt)</td><td><a href=\"http://hl7.org/fhir/extensions/5.1.0/CodeSystem-concept-map-equivalence.html#specializes\" title=\"specializes\">has specialization</a></td><td>{Number} (Number)</td><td>Should really be specializes but igpublisher turns into narrower (which requires a comment)</td></tr></table><hr/><p><b>Group 3 </b>Mapping from <a href=\"CodeSystem-urn-oid-1.2.208.184.100.8.html\">DAK-E Codes</a> to <a href=\"CodeSystem-ehealth-unit-code.html\">eHealthUnitCodes</a></p><table class=\"grid\"><tr><td><b>Source Code</b></td><td><b>Relationship</b></td><td><b>Target Code</b></td><td><b>Comment</b></td></tr><tr><td>MCS88050 (Rejse sætte sig testen;Pt)</td><td><a href=\"http://hl7.org/fhir/extensions/5.1.0/CodeSystem-concept-map-equivalence.html#specializes\" title=\"specializes\">has specialization</a></td><td>1/30sec (one per 30 seconds)</td><td>Should really be specializes but igpublisher turns into narrower (which requires a comment)</td></tr></table></div>"
  },
  "url" : "http://ehealth.sundhed.dk/ConceptMap/conceptmap-obs-code-to-ucum",
  "version" : "3.1.0",
  "name" : "conceptmap-obs-code-to-ucum",
  "title" : "Observation code to UCUM mapping",
  "status" : "active",
  "experimental" : true,
  "date" : "2020-08-31T00:00:00+00:00",
  "publisher" : "Den telemedicinske infrastruktur (eHealth Infrastructure)",
  "contact" : [{
    "name" : "Den telemedicinske infrastruktur (eHealth Infrastructure)",
    "telecom" : [{
      "system" : "url",
      "value" : "http://ehealth.sundhed.dk"
    }]
  }],
  "sourceUri" : "http://ehealth.sundhed.dk/vs/observation-codes",
  "group" : [{
    "source" : "urn:oid:1.2.208.176.2.1",
    "target" : "http://unitsofmeasure.org",
    "element" : [{
      "code" : "NPU03011",
      "display" : "O2 sat.;Hb(aB)",
      "target" : [{
        "modifierExtension" : [{
          "url" : "http://hl7.org/fhir/1.0/StructureDefinition/extension-ConceptMap.element.target.equivalence",
          "valueCode" : "specializes"
        }],
        "code" : "%",
        "display" : "percent",
        "equivalence" : "specializes",
        "comment" : "Should really be specializes but igpublisher turns into narrower (which requires a comment)"
      }]
    },
    {
      "code" : "NPU21692",
      "display" : "Puls;Hjerte",
      "target" : [{
        "modifierExtension" : [{
          "url" : "http://hl7.org/fhir/1.0/StructureDefinition/extension-ConceptMap.element.target.equivalence",
          "valueCode" : "specializes"
        }],
        "code" : "1/min",
        "display" : "one per minute",
        "equivalence" : "specializes",
        "comment" : "Should really be specializes but igpublisher turns into narrower (which requires a comment)"
      }]
    },
    {
      "code" : "NPU03804",
      "display" : "Legeme vægt; Pt",
      "target" : [{
        "modifierExtension" : [{
          "url" : "http://hl7.org/fhir/1.0/StructureDefinition/extension-ConceptMap.element.target.equivalence",
          "valueCode" : "specializes"
        }],
        "code" : "kg",
        "display" : "kilogram",
        "equivalence" : "specializes",
        "comment" : "Should really be specializes but igpublisher turns into narrower (which requires a comment)"
      }]
    },
    {
      "code" : "NPU27281",
      "display" : "Pt—Legeme; massekoefficient(masse/kvadreret højde) = ? kg/m²",
      "target" : [{
        "modifierExtension" : [{
          "url" : "http://hl7.org/fhir/1.0/StructureDefinition/extension-ConceptMap.element.target.equivalence",
          "valueCode" : "specializes"
        }],
        "code" : "kg/m2",
        "display" : "kilogram / (meter ^ 2)",
        "equivalence" : "specializes",
        "comment" : "Should really be specializes but igpublisher turns into narrower (which requires a comment)"
      }]
    },
    {
      "code" : "NPU03794",
      "display" : "Pt—Legeme; højde = ? m",
      "target" : [{
        "modifierExtension" : [{
          "url" : "http://hl7.org/fhir/1.0/StructureDefinition/extension-ConceptMap.element.target.equivalence",
          "valueCode" : "specializes"
        }],
        "code" : "m",
        "display" : "meter",
        "equivalence" : "specializes",
        "comment" : "Should really be specializes but igpublisher turns into narrower (which requires a comment)"
      }]
    },
    {
      "code" : "NPU08676",
      "display" : "Pt—Legeme; temp. = ? °C",
      "target" : [{
        "modifierExtension" : [{
          "url" : "http://hl7.org/fhir/1.0/StructureDefinition/extension-ConceptMap.element.target.equivalence",
          "valueCode" : "specializes"
        }],
        "code" : "Cel",
        "display" : "degree Celcius",
        "equivalence" : "specializes",
        "comment" : "Should really be specializes but igpublisher turns into narrower (which requires a comment)"
      }]
    },
    {
      "code" : "NPU19748",
      "display" : "P—C-reaktivt protein; massek. = ? mg/L",
      "target" : [{
        "modifierExtension" : [{
          "url" : "http://hl7.org/fhir/1.0/StructureDefinition/extension-ConceptMap.element.target.equivalence",
          "valueCode" : "specializes"
        }],
        "code" : "mg/L",
        "display" : "milligram per liter",
        "equivalence" : "specializes",
        "comment" : "Should really be specializes but igpublisher turns into narrower (which requires a comment)"
      }]
    }]
  },
  {
    "source" : "urn:oid:1.2.208.184.100.8",
    "target" : "http://unitsofmeasure.org",
    "element" : [{
      "code" : "MCS88015",
      "display" : "FEV1;Lunge",
      "target" : [{
        "modifierExtension" : [{
          "url" : "http://hl7.org/fhir/1.0/StructureDefinition/extension-ConceptMap.element.target.equivalence",
          "valueCode" : "specializes"
        }],
        "code" : "L",
        "display" : "liter",
        "equivalence" : "specializes",
        "comment" : "Should really be specializes but igpublisher turns into narrower (which requires a comment)"
      }]
    },
    {
      "code" : "MCS88016",
      "display" : "FVC;Lunge",
      "target" : [{
        "modifierExtension" : [{
          "url" : "http://hl7.org/fhir/1.0/StructureDefinition/extension-ConceptMap.element.target.equivalence",
          "valueCode" : "specializes"
        }],
        "code" : "L",
        "display" : "liter",
        "equivalence" : "specializes",
        "comment" : "Should really be specializes but igpublisher turns into narrower (which requires a comment)"
      }]
    },
    {
      "code" : "MCS88017",
      "display" : "FEV1/FVC;Lunge",
      "target" : [{
        "modifierExtension" : [{
          "url" : "http://hl7.org/fhir/1.0/StructureDefinition/extension-ConceptMap.element.target.equivalence",
          "valueCode" : "specializes"
        }],
        "code" : "{ratio}",
        "display" : "ratio",
        "equivalence" : "specializes",
        "comment" : "Should really be specializes but igpublisher turns into narrower (which requires a comment)"
      }]
    },
    {
      "code" : "MCS88019",
      "display" : "Blodtryk hjemme systolisk;Arm",
      "target" : [{
        "modifierExtension" : [{
          "url" : "http://hl7.org/fhir/1.0/StructureDefinition/extension-ConceptMap.element.target.equivalence",
          "valueCode" : "specializes"
        }],
        "code" : "mm[Hg]",
        "display" : "millimeter of mercury",
        "equivalence" : "specializes",
        "comment" : "Should really be specializes but igpublisher turns into narrower (which requires a comment)"
      }]
    },
    {
      "code" : "MCS88020",
      "display" : "Blodtryk hjemme diastolisk;Arm",
      "target" : [{
        "modifierExtension" : [{
          "url" : "http://hl7.org/fhir/1.0/StructureDefinition/extension-ConceptMap.element.target.equivalence",
          "valueCode" : "specializes"
        }],
        "code" : "mm[Hg]",
        "display" : "millimeter of mercury",
        "equivalence" : "specializes",
        "comment" : "Should really be specializes but igpublisher turns into narrower (which requires a comment)"
      }]
    },
    {
      "code" : "MCS88021",
      "display" : "MRC skala;Pt(KOL)",
      "target" : [{
        "modifierExtension" : [{
          "url" : "http://hl7.org/fhir/1.0/StructureDefinition/extension-ConceptMap.element.target.equivalence",
          "valueCode" : "specializes"
        }],
        "code" : "{Number}",
        "display" : "Number",
        "equivalence" : "specializes",
        "comment" : "Should really be specializes but igpublisher turns into narrower (which requires a comment)"
      }]
    },
    {
      "code" : "MCS88023",
      "display" : "FEV1 af forventet værdi;Pt(KOL)",
      "target" : [{
        "modifierExtension" : [{
          "url" : "http://hl7.org/fhir/1.0/StructureDefinition/extension-ConceptMap.element.target.equivalence",
          "valueCode" : "specializes"
        }],
        "code" : "%",
        "display" : "percent",
        "equivalence" : "specializes",
        "comment" : "Should really be specializes but igpublisher turns into narrower (which requires a comment)"
      }]
    },
    {
      "code" : "MCS88137",
      "display" : "CAT score;Pt",
      "target" : [{
        "modifierExtension" : [{
          "url" : "http://hl7.org/fhir/1.0/StructureDefinition/extension-ConceptMap.element.target.equivalence",
          "valueCode" : "specializes"
        }],
        "code" : "{Number}",
        "display" : "Number",
        "equivalence" : "specializes",
        "comment" : "Should really be specializes but igpublisher turns into narrower (which requires a comment)"
      }]
    }]
  },
  {
    "source" : "urn:oid:1.2.208.184.100.8",
    "target" : "http://ehealth.sundhed.dk/cs/ehealth-unit-code",
    "element" : [{
      "code" : "MCS88050",
      "display" : "Rejse sætte sig testen;Pt",
      "target" : [{
        "modifierExtension" : [{
          "url" : "http://hl7.org/fhir/1.0/StructureDefinition/extension-ConceptMap.element.target.equivalence",
          "valueCode" : "specializes"
        }],
        "code" : "1/30sec",
        "display" : "one per 30 seconds",
        "equivalence" : "specializes",
        "comment" : "Should really be specializes but igpublisher turns into narrower (which requires a comment)"
      }]
    }]
  }]
}