{
  "resourceType" : "OperationDefinition",
  "id" : "ActivityDefinitionPlanDefinition-i-create-clone",
  "text" : {
    "status" : "generated",
    "div" : "<div xmlns=\"http://www.w3.org/1999/xhtml\"><p class=\"res-header-id\"><b>Generated Narrative: OperationDefinition ActivityDefinitionPlanDefinition-i-create-clone</b></p><a name=\"ActivityDefinitionPlanDefinition-i-create-clone\"> </a><a name=\"hcActivityDefinitionPlanDefinition-i-create-clone\"> </a><a name=\"hcActivityDefinitionPlanDefinition-i-create-clone-en-US\"> </a><p>URL: [base]/ActivityDefinition/[id]/$create-clone</p><p>URL: [base]/PlanDefinition/[id]/$create-clone</p><p>Parameters</p><table class=\"grid\"><tr><td><b>Use</b></td><td><b>Name</b></td><td><b>Scope</b></td><td><b>Cardinality</b></td><td><b>Type</b></td><td><b>Binding</b></td><td><b>Documentation</b></td></tr><tr><td>IN</td><td>clone-operation</td><td/><td>0..1</td><td><a href=\"http://hl7.org/fhir/R4/datatypes.html#Coding\">Coding</a></td><td/><td/></tr><tr><td>IN</td><td>default-clone-behavior</td><td/><td>0..1</td><td><a href=\"http://hl7.org/fhir/R4/datatypes.html#boolean\">boolean</a></td><td/><td/></tr><tr><td>IN</td><td>deep-clone-references</td><td/><td>0..*</td><td><a href=\"http://hl7.org/fhir/R4/references.html#Reference\">Reference</a></td><td/><td/></tr></table></div>"
  },
  "url" : "https://plan.devtest.systematic-ehealth.com/fhir/OperationDefinition/ActivityDefinitionPlanDefinition-i-create-clone",
  "version" : "3.1.0",
  "name" : "create-clone",
  "title" : "Create a clone of an ActivityDefinition",
  "status" : "active",
  "kind" : "operation",
  "date" : "2024-07-01T11:04:33+00:00",
  "publisher" : "Den telemedicinske infrastruktur (eHealth Infrastructure)",
  "contact" : [{
    "name" : "Den telemedicinske infrastruktur (eHealth Infrastructure)",
    "telecom" : [{
      "system" : "url",
      "value" : "http://ehealth.sundhed.dk"
    }]
  }],
  "description" : "### Input\n- resourceId: reference to the ActivityDefinition resource that should be cloned\n- clone_operation: minor-version/major-version/copy Coding from codesystem: http://ehealth.sundhed.dk/cs/ehealth-clone-operation \n- default-clone-behavior: true/false. False signifies deep-clone mode where the list of deep-clone-references determine which resources should be cloned \n- deep-clone-references: References to resources to create as new resources rather than referencing the existing ones.\n\n### Output\nBundle containing all resources that were created during the operation.\n\n### Validation\n- New business versions require that the user has modifier-role: owner or co-author for the resource\n- New copy does not require that the user has a modifier-role.\n- New business version can be made only when no draft resource exists (having identical base identifier).\n- Read/search/create privileges are required for the resource types affected by $create-clone\n",
  "affectsState" : true,
  "code" : "create-clone",
  "resource" : ["ActivityDefinition",
  "PlanDefinition"],
  "system" : false,
  "type" : false,
  "instance" : true,
  "parameter" : [{
    "name" : "clone-operation",
    "use" : "in",
    "min" : 0,
    "max" : "1",
    "type" : "Coding"
  },
  {
    "name" : "default-clone-behavior",
    "use" : "in",
    "min" : 0,
    "max" : "1",
    "type" : "boolean"
  },
  {
    "name" : "deep-clone-references",
    "use" : "in",
    "min" : 0,
    "max" : "*",
    "type" : "Reference"
  }]
}