<?xml version="1.0" encoding="UTF-8"?><CodeSystem xmlns="http://hl7.org/fhir"><id value="fs3-health-function-level"/><text><status value="generated"/><div xmlns="http://www.w3.org/1999/xhtml"><p class="res-header-id"><b>Generated Narrative: CodeSystem fs3-health-function-level</b></p><a name="fs3-health-function-level"> </a><a name="hcfs3-health-function-level"> </a><a name="hcfs3-health-function-level-en-US"> </a><p>This  code system <code>http://ehealth.sundhed.dk/cs/fs3-health-function-level</code> defines the following codes:</p><table class="codes"><tr><td style="white-space:nowrap"><b>Code</b></td><td><b>Display</b></td><td><b>Dansk (Danish, da)</b></td></tr><tr><td style="white-space:nowrap">PERSONAL_CARE<a name="fs3-health-function-level-PERSONAL_CARE"> </a></td><td>Problemer med personlig pleje</td><td>Problemer med personlig pleje</td></tr><tr><td style="white-space:nowrap">DAILY_ACTIVITIES<a name="fs3-health-function-level-DAILY_ACTIVITIES"> </a></td><td>Problemer med daglige aktiviteter</td><td>Problemer med daglige aktiviteter</td></tr></table></div></text><url value="http://ehealth.sundhed.dk/cs/fs3-health-function-level"/><version value="3.1.0"/><name value="FS III, Funktionsniveau"/><title value="FS III, Funktionsniveau"/><status value="active"/><experimental value="true"/><date value="2019-02-02T00:00:00+00:00"/><publisher value="Den telemedicinske infrastruktur (eHealth Infrastructure)"/><contact><name value="Den telemedicinske infrastruktur (eHealth Infrastructure)"/><telecom><system value="url"/><value value="http://ehealth.sundhed.dk"/></telecom></contact><description value="FS III, Funktionsniveau"/><content value="complete"/><concept><code value="PERSONAL_CARE"/><display value="Problemer med personlig pleje"/><designation><language value="da"/><value value="Problemer med personlig pleje"/></designation></concept><concept><code value="DAILY_ACTIVITIES"/><display value="Problemer med daglige aktiviteter"/><designation><language value="da"/><value value="Problemer med daglige aktiviteter"/></designation></concept></CodeSystem>