<?xml version="1.0" encoding="UTF-8"?><ValueSet xmlns="http://hl7.org/fhir"><id value="ehealth-restriction-category"/><text><status value="generated"/><div xmlns="http://www.w3.org/1999/xhtml"><p class="res-header-id"><b>Generated Narrative: ValueSet ehealth-restriction-category</b></p><a name="ehealth-restriction-category"> </a><a name="hcehealth-restriction-category"> </a><a name="hcehealth-restriction-category-en-US"> </a><ul><li>Include all codes defined in <a href="CodeSystem-ehealth-restriction-category.html"><code>http://ehealth.sundhed.dk/cs/restriction-category</code></a></li></ul></div></text><url value="http://ehealth.sundhed.dk/vs/restriction-category"/><version value="3.1.0"/><name value="RestrictionCategory"/><title value="Restriction Category"/><status value="active"/><experimental value="true"/><date value="2019-08-05T00:00:00+00:00"/><publisher value="Den telemedicinske infrastruktur (eHealth Infrastructure)"/><contact><name value="Den telemedicinske infrastruktur (eHealth Infrastructure)"/><telecom><system value="url"/><value value="http://ehealth.sundhed.dk"/></telecom></contact><description value="Value set for restriction category."/><compose><include><system value="http://ehealth.sundhed.dk/cs/restriction-category"/></include></compose></ValueSet>