<?xml version="1.0" encoding="UTF-8"?><CodeSystem xmlns="http://hl7.org/fhir"><id value="percentage-codes"/><text><status value="generated"/><div xmlns="http://www.w3.org/1999/xhtml"><p class="res-header-id"><b>Generated Narrative: CodeSystem percentage-codes</b></p><a name="percentage-codes"> </a><a name="hcpercentage-codes"> </a><a name="percentage-codes-da-DK"> </a><p>This  code system <code>http://ehealth.sundhed.dk/cs/percentage-codes</code> defines the following codes:</p><table class="codes"><tr><td style="white-space:nowrap"><b>Code</b></td></tr><tr><td style="white-space:nowrap">0<a name="percentage-codes-0"> </a></td></tr><tr><td style="white-space:nowrap">1<a name="percentage-codes-1"> </a></td></tr><tr><td style="white-space:nowrap">2<a name="percentage-codes-2"> </a></td></tr><tr><td style="white-space:nowrap">3<a name="percentage-codes-3"> </a></td></tr><tr><td style="white-space:nowrap">4<a name="percentage-codes-4"> </a></td></tr><tr><td style="white-space:nowrap">5<a name="percentage-codes-5"> </a></td></tr><tr><td style="white-space:nowrap">6<a name="percentage-codes-6"> </a></td></tr><tr><td style="white-space:nowrap">7<a name="percentage-codes-7"> </a></td></tr><tr><td style="white-space:nowrap">8<a name="percentage-codes-8"> </a></td></tr><tr><td style="white-space:nowrap">9<a name="percentage-codes-9"> </a></td></tr><tr><td style="white-space:nowrap">10<a name="percentage-codes-10"> </a></td></tr><tr><td style="white-space:nowrap">11<a name="percentage-codes-11"> </a></td></tr><tr><td style="white-space:nowrap">12<a name="percentage-codes-12"> </a></td></tr><tr><td style="white-space:nowrap">13<a name="percentage-codes-13"> </a></td></tr><tr><td style="white-space:nowrap">14<a name="percentage-codes-14"> </a></td></tr><tr><td style="white-space:nowrap">15<a name="percentage-codes-15"> </a></td></tr><tr><td style="white-space:nowrap">16<a name="percentage-codes-16"> </a></td></tr><tr><td style="white-space:nowrap">17<a name="percentage-codes-17"> </a></td></tr><tr><td style="white-space:nowrap">18<a name="percentage-codes-18"> </a></td></tr><tr><td style="white-space:nowrap">19<a name="percentage-codes-19"> </a></td></tr><tr><td style="white-space:nowrap">20<a name="percentage-codes-20"> </a></td></tr><tr><td style="white-space:nowrap">21<a name="percentage-codes-21"> </a></td></tr><tr><td style="white-space:nowrap">22<a name="percentage-codes-22"> </a></td></tr><tr><td style="white-space:nowrap">23<a name="percentage-codes-23"> </a></td></tr><tr><td style="white-space:nowrap">24<a name="percentage-codes-24"> </a></td></tr><tr><td style="white-space:nowrap">25<a name="percentage-codes-25"> </a></td></tr><tr><td style="white-space:nowrap">26<a name="percentage-codes-26"> </a></td></tr><tr><td style="white-space:nowrap">27<a name="percentage-codes-27"> </a></td></tr><tr><td style="white-space:nowrap">28<a name="percentage-codes-28"> </a></td></tr><tr><td style="white-space:nowrap">29<a name="percentage-codes-29"> </a></td></tr><tr><td style="white-space:nowrap">30<a name="percentage-codes-30"> </a></td></tr><tr><td style="white-space:nowrap">31<a name="percentage-codes-31"> </a></td></tr><tr><td style="white-space:nowrap">32<a name="percentage-codes-32"> </a></td></tr><tr><td style="white-space:nowrap">33<a name="percentage-codes-33"> </a></td></tr><tr><td style="white-space:nowrap">34<a name="percentage-codes-34"> </a></td></tr><tr><td style="white-space:nowrap">35<a name="percentage-codes-35"> </a></td></tr><tr><td style="white-space:nowrap">36<a name="percentage-codes-36"> </a></td></tr><tr><td style="white-space:nowrap">37<a name="percentage-codes-37"> </a></td></tr><tr><td style="white-space:nowrap">38<a name="percentage-codes-38"> </a></td></tr><tr><td style="white-space:nowrap">39<a name="percentage-codes-39"> </a></td></tr><tr><td style="white-space:nowrap">40<a name="percentage-codes-40"> </a></td></tr><tr><td style="white-space:nowrap">41<a name="percentage-codes-41"> </a></td></tr><tr><td style="white-space:nowrap">42<a name="percentage-codes-42"> </a></td></tr><tr><td style="white-space:nowrap">43<a name="percentage-codes-43"> </a></td></tr><tr><td style="white-space:nowrap">44<a name="percentage-codes-44"> </a></td></tr><tr><td style="white-space:nowrap">45<a name="percentage-codes-45"> </a></td></tr><tr><td style="white-space:nowrap">46<a name="percentage-codes-46"> </a></td></tr><tr><td style="white-space:nowrap">47<a name="percentage-codes-47"> </a></td></tr><tr><td style="white-space:nowrap">48<a name="percentage-codes-48"> </a></td></tr><tr><td style="white-space:nowrap">49<a name="percentage-codes-49"> </a></td></tr><tr><td style="white-space:nowrap">50<a name="percentage-codes-50"> </a></td></tr><tr><td style="white-space:nowrap">51<a name="percentage-codes-51"> </a></td></tr><tr><td style="white-space:nowrap">52<a name="percentage-codes-52"> </a></td></tr><tr><td style="white-space:nowrap">53<a name="percentage-codes-53"> </a></td></tr><tr><td style="white-space:nowrap">54<a name="percentage-codes-54"> </a></td></tr><tr><td style="white-space:nowrap">55<a name="percentage-codes-55"> </a></td></tr><tr><td style="white-space:nowrap">56<a name="percentage-codes-56"> </a></td></tr><tr><td style="white-space:nowrap">57<a name="percentage-codes-57"> </a></td></tr><tr><td style="white-space:nowrap">58<a name="percentage-codes-58"> </a></td></tr><tr><td style="white-space:nowrap">59<a name="percentage-codes-59"> </a></td></tr><tr><td style="white-space:nowrap">60<a name="percentage-codes-60"> </a></td></tr><tr><td style="white-space:nowrap">61<a name="percentage-codes-61"> </a></td></tr><tr><td style="white-space:nowrap">62<a name="percentage-codes-62"> </a></td></tr><tr><td style="white-space:nowrap">63<a name="percentage-codes-63"> </a></td></tr><tr><td style="white-space:nowrap">64<a name="percentage-codes-64"> </a></td></tr><tr><td style="white-space:nowrap">65<a name="percentage-codes-65"> </a></td></tr><tr><td style="white-space:nowrap">66<a name="percentage-codes-66"> </a></td></tr><tr><td style="white-space:nowrap">67<a name="percentage-codes-67"> </a></td></tr><tr><td style="white-space:nowrap">68<a name="percentage-codes-68"> </a></td></tr><tr><td style="white-space:nowrap">69<a name="percentage-codes-69"> </a></td></tr><tr><td style="white-space:nowrap">70<a name="percentage-codes-70"> </a></td></tr><tr><td style="white-space:nowrap">71<a name="percentage-codes-71"> </a></td></tr><tr><td style="white-space:nowrap">72<a name="percentage-codes-72"> </a></td></tr><tr><td style="white-space:nowrap">73<a name="percentage-codes-73"> </a></td></tr><tr><td style="white-space:nowrap">74<a name="percentage-codes-74"> </a></td></tr><tr><td style="white-space:nowrap">75<a name="percentage-codes-75"> </a></td></tr><tr><td style="white-space:nowrap">76<a name="percentage-codes-76"> </a></td></tr><tr><td style="white-space:nowrap">77<a name="percentage-codes-77"> </a></td></tr><tr><td style="white-space:nowrap">78<a name="percentage-codes-78"> </a></td></tr><tr><td style="white-space:nowrap">79<a name="percentage-codes-79"> </a></td></tr><tr><td style="white-space:nowrap">80<a name="percentage-codes-80"> </a></td></tr><tr><td style="white-space:nowrap">81<a name="percentage-codes-81"> </a></td></tr><tr><td style="white-space:nowrap">82<a name="percentage-codes-82"> </a></td></tr><tr><td style="white-space:nowrap">83<a name="percentage-codes-83"> </a></td></tr><tr><td style="white-space:nowrap">84<a name="percentage-codes-84"> </a></td></tr><tr><td style="white-space:nowrap">85<a name="percentage-codes-85"> </a></td></tr><tr><td style="white-space:nowrap">86<a name="percentage-codes-86"> </a></td></tr><tr><td style="white-space:nowrap">87<a name="percentage-codes-87"> </a></td></tr><tr><td style="white-space:nowrap">88<a name="percentage-codes-88"> </a></td></tr><tr><td style="white-space:nowrap">89<a name="percentage-codes-89"> </a></td></tr><tr><td style="white-space:nowrap">90<a name="percentage-codes-90"> </a></td></tr><tr><td style="white-space:nowrap">91<a name="percentage-codes-91"> </a></td></tr><tr><td style="white-space:nowrap">92<a name="percentage-codes-92"> </a></td></tr><tr><td style="white-space:nowrap">93<a name="percentage-codes-93"> </a></td></tr><tr><td style="white-space:nowrap">94<a name="percentage-codes-94"> </a></td></tr><tr><td style="white-space:nowrap">95<a name="percentage-codes-95"> </a></td></tr><tr><td style="white-space:nowrap">96<a name="percentage-codes-96"> </a></td></tr><tr><td style="white-space:nowrap">97<a name="percentage-codes-97"> </a></td></tr><tr><td style="white-space:nowrap">98<a name="percentage-codes-98"> </a></td></tr><tr><td style="white-space:nowrap">99<a name="percentage-codes-99"> </a></td></tr><tr><td style="white-space:nowrap">100<a name="percentage-codes-100"> </a></td></tr></table></div></text><url value="http://ehealth.sundhed.dk/cs/percentage-codes"/><version value="3.4.1"/><name value="Integer percentage codes"/><title value="Integer percentage codes"/><status value="active"/><experimental value="true"/><date value="2019-02-02T00:00:00+00:00"/><publisher value="Den telemedicinske infrastruktur (eHealth Infrastructure)"/><contact><name value="Den telemedicinske infrastruktur (eHealth Infrastructure)"/><telecom><system value="url"/><value value="http://ehealth.sundhed.dk"/></telecom></contact><description value="Integer percentage codes 0-100"/><jurisdiction><coding><system value="urn:iso:std:iso:3166"/><code value="DK"/><display value="Denmark"/></coding></jurisdiction><content value="complete"/><concept><code value="0"/><display value="0"/></concept><concept><code value="1"/><display value="1"/></concept><concept><code value="2"/><display value="2"/></concept><concept><code value="3"/><display value="3"/></concept><concept><code value="4"/><display value="4"/></concept><concept><code value="5"/><display value="5"/></concept><concept><code value="6"/><display value="6"/></concept><concept><code value="7"/><display value="7"/></concept><concept><code value="8"/><display value="8"/></concept><concept><code value="9"/><display value="9"/></concept><concept><code value="10"/><display value="10"/></concept><concept><code value="11"/><display value="11"/></concept><concept><code value="12"/><display value="12"/></concept><concept><code value="13"/><display value="13"/></concept><concept><code value="14"/><display value="14"/></concept><concept><code value="15"/><display value="15"/></concept><concept><code value="16"/><display value="16"/></concept><concept><code value="17"/><display value="17"/></concept><concept><code value="18"/><display value="18"/></concept><concept><code value="19"/><display value="19"/></concept><concept><code value="20"/><display value="20"/></concept><concept><code value="21"/><display value="21"/></concept><concept><code value="22"/><display value="22"/></concept><concept><code value="23"/><display value="23"/></concept><concept><code value="24"/><display value="24"/></concept><concept><code value="25"/><display value="25"/></concept><concept><code value="26"/><display value="26"/></concept><concept><code value="27"/><display value="27"/></concept><concept><code value="28"/><display value="28"/></concept><concept><code value="29"/><display value="29"/></concept><concept><code value="30"/><display value="30"/></concept><concept><code value="31"/><display value="31"/></concept><concept><code value="32"/><display value="32"/></concept><concept><code value="33"/><display value="33"/></concept><concept><code value="34"/><display value="34"/></concept><concept><code value="35"/><display value="35"/></concept><concept><code value="36"/><display value="36"/></concept><concept><code value="37"/><display value="37"/></concept><concept><code value="38"/><display value="38"/></concept><concept><code value="39"/><display value="39"/></concept><concept><code value="40"/><display value="40"/></concept><concept><code value="41"/><display value="41"/></concept><concept><code value="42"/><display value="42"/></concept><concept><code value="43"/><display value="43"/></concept><concept><code value="44"/><display value="44"/></concept><concept><code value="45"/><display value="45"/></concept><concept><code value="46"/><display value="46"/></concept><concept><code value="47"/><display value="47"/></concept><concept><code value="48"/><display value="48"/></concept><concept><code value="49"/><display value="49"/></concept><concept><code value="50"/><display value="50"/></concept><concept><code value="51"/><display value="51"/></concept><concept><code value="52"/><display value="52"/></concept><concept><code value="53"/><display value="53"/></concept><concept><code value="54"/><display value="54"/></concept><concept><code value="55"/><display value="55"/></concept><concept><code value="56"/><display value="56"/></concept><concept><code value="57"/><display value="57"/></concept><concept><code value="58"/><display value="58"/></concept><concept><code value="59"/><display value="59"/></concept><concept><code value="60"/><display value="60"/></concept><concept><code value="61"/><display value="61"/></concept><concept><code value="62"/><display value="62"/></concept><concept><code value="63"/><display value="63"/></concept><concept><code value="64"/><display value="64"/></concept><concept><code value="65"/><display value="65"/></concept><concept><code value="66"/><display value="66"/></concept><concept><code value="67"/><display value="67"/></concept><concept><code value="68"/><display value="68"/></concept><concept><code value="69"/><display value="69"/></concept><concept><code value="70"/><display value="70"/></concept><concept><code value="71"/><display value="71"/></concept><concept><code value="72"/><display value="72"/></concept><concept><code value="73"/><display value="73"/></concept><concept><code value="74"/><display value="74"/></concept><concept><code value="75"/><display value="75"/></concept><concept><code value="76"/><display value="76"/></concept><concept><code value="77"/><display value="77"/></concept><concept><code value="78"/><display value="78"/></concept><concept><code value="79"/><display value="79"/></concept><concept><code value="80"/><display value="80"/></concept><concept><code value="81"/><display value="81"/></concept><concept><code value="82"/><display value="82"/></concept><concept><code value="83"/><display value="83"/></concept><concept><code value="84"/><display value="84"/></concept><concept><code value="85"/><display value="85"/></concept><concept><code value="86"/><display value="86"/></concept><concept><code value="87"/><display value="87"/></concept><concept><code value="88"/><display value="88"/></concept><concept><code value="89"/><display value="89"/></concept><concept><code value="90"/><display value="90"/></concept><concept><code value="91"/><display value="91"/></concept><concept><code value="92"/><display value="92"/></concept><concept><code value="93"/><display value="93"/></concept><concept><code value="94"/><display value="94"/></concept><concept><code value="95"/><display value="95"/></concept><concept><code value="96"/><display value="96"/></concept><concept><code value="97"/><display value="97"/></concept><concept><code value="98"/><display value="98"/></concept><concept><code value="99"/><display value="99"/></concept><concept><code value="100"/><display value="100"/></concept></CodeSystem>