<?xml version="1.0" encoding="UTF-8"?><CodeSystem xmlns="http://hl7.org/fhir"><id value="ehealth-measurement-sharing-policies"/><text><status value="generated"/><div xmlns="http://www.w3.org/1999/xhtml"><p class="res-header-id"><b>Generated Narrative: CodeSystem ehealth-measurement-sharing-policies</b></p><a name="ehealth-measurement-sharing-policies"> </a><a name="hcehealth-measurement-sharing-policies"> </a><a name="ehealth-measurement-sharing-policies-da-DK"> </a><p>This case-sensitive code system <code>http://ehealth.sundhed.dk/cs/measurement-sharing-policies</code> defines the following codes:</p><table class="codes"><tr><td style="white-space:nowrap"><b>Code</b></td><td><b>Display</b></td><td><b>Definition</b></td><td><b>Dansk (Danish, da)</b></td></tr><tr><td style="white-space:nowrap">TBD<a name="ehealth-measurement-sharing-policies-TBD"> </a></td><td>Example value - Under construction</td><td>Example value - Under construction</td><td/></tr><tr><td style="white-space:nowrap">sharingAllowedDestinationNationalHealthData<a name="ehealth-measurement-sharing-policies-sharingAllowedDestinationNationalHealthData"> </a></td><td>Sharing is allowed destination national health data</td><td>Sharing is allowed destination national health data</td><td>Må deles via national deling af sundhedsdata</td></tr><tr><td style="white-space:nowrap">sharingAllowedDestinationNationalServiceActData<a name="ehealth-measurement-sharing-policies-sharingAllowedDestinationNationalServiceActData"> </a></td><td>Sharing is allowed destination national service act data</td><td>Sharing is allowed destination national service act data</td><td>Må deles via national deling af servicelov-data</td></tr><tr><td style="white-space:nowrap">sharingAllowedDestinationMunicipalData<a name="ehealth-measurement-sharing-policies-sharingAllowedDestinationMunicipalData"> </a></td><td>Sharing is allowed destination municipal data</td><td>Sharing is allowed destination municipal data</td><td>Deling</td></tr><tr><td style="white-space:nowrap">noSharing<a name="ehealth-measurement-sharing-policies-noSharing"> </a></td><td>No sharing</td><td>No sharing</td><td>Må ikke deles via national deling af data</td></tr></table></div></text><url value="http://ehealth.sundhed.dk/cs/measurement-sharing-policies"/><version value="3.4.1"/><name value="MeasurementSharingPolicies"/><title value="Measurement Sharing Policies"/><status value="active"/><experimental value="false"/><date value="2019-01-29T00:00:00+00:00"/><publisher value="Den telemedicinske infrastruktur (eHealth Infrastructure)"/><contact><name value="Den telemedicinske infrastruktur (eHealth Infrastructure)"/><telecom><system value="url"/><value value="http://ehealth.sundhed.dk"/></telecom></contact><description value="Measurement sharing policies"/><jurisdiction><coding><system value="urn:iso:std:iso:3166"/><code value="DK"/><display value="Denmark"/></coding></jurisdiction><caseSensitive value="true"/><content value="complete"/><concept><code value="TBD"/><display value="Example value - Under construction"/><definition value="Example value - Under construction"/><designation><use><system value="http://terminology.hl7.org/CodeSystem/designation-usage"/><code value="display"/></use><value value="Example value - Under construction"/></designation><property><valueDateTime value="2020-02-03"/></property></concept><concept><code value="sharingAllowedDestinationNationalHealthData"/><display value="Sharing is allowed destination national health data"/><definition value="Sharing is allowed destination national health data"/><designation><language value="da"/><value value="Må deles via national deling af sundhedsdata"/></designation><designation><use><system value="http://terminology.hl7.org/CodeSystem/designation-usage"/><code value="display"/></use><value value="Sharing is allowed destination national health data"/></designation></concept><concept><code value="sharingAllowedDestinationNationalServiceActData"/><display value="Sharing is allowed destination national service act data"/><definition value="Sharing is allowed destination national service act data"/><designation><language value="da"/><value value="Må deles via national deling af servicelov-data"/></designation><designation><use><system value="http://terminology.hl7.org/CodeSystem/designation-usage"/><code value="display"/></use><value value="Sharing is allowed destination national service act data"/></designation></concept><concept><code value="sharingAllowedDestinationMunicipalData"/><display value="Sharing is allowed destination municipal data"/><definition value="Sharing is allowed destination municipal data"/><designation><language value="da"/><value value="Deling"/></designation><designation><use><system value="http://terminology.hl7.org/CodeSystem/designation-usage"/><code value="display"/></use><value value="Sharing is allowed destination municipal data"/></designation><property><valueDateTime value="2020-02-03"/></property></concept><concept><code value="noSharing"/><display value="No sharing"/><definition value="No sharing"/><designation><language value="da"/><value value="Må ikke deles via national deling af data"/></designation><designation><use><system value="http://terminology.hl7.org/CodeSystem/designation-usage"/><code value="display"/></use><value value="No sharing"/></designation></concept></CodeSystem>