<?xml version="1.0" encoding="UTF-8"?><CodeSystem xmlns="http://hl7.org/fhir"><id value="ehealth-media-usage-mode"/><text><status value="generated"/><div xmlns="http://www.w3.org/1999/xhtml"><p class="res-header-id"><b>Generated Narrative: CodeSystem ehealth-media-usage-mode</b></p><a name="ehealth-media-usage-mode"> </a><a name="hcehealth-media-usage-mode"> </a><a name="ehealth-media-usage-mode-da-DK"> </a><p>This case-sensitive code system <code>http://ehealth.sundhed.dk/cs/media-usage-mode</code> defines the following codes:</p><table class="codes"><tr><td style="white-space:nowrap"><b>Code</b></td><td><b>Display</b></td><td><b>Definition</b></td><td><b>Dansk (Danish, da)</b></td></tr><tr><td style="white-space:nowrap">raw<a name="ehealth-media-usage-mode-raw"> </a></td><td>Raw</td><td>Raw</td><td>Original</td></tr><tr><td style="white-space:nowrap">overlay<a name="ehealth-media-usage-mode-overlay"> </a></td><td>Overlay</td><td>Overlay</td><td>Overlay</td></tr><tr><td style="white-space:nowrap">metadata<a name="ehealth-media-usage-mode-metadata"> </a></td><td>Metadata</td><td>Metadata</td><td>Metadata</td></tr></table></div></text><url value="http://ehealth.sundhed.dk/cs/media-usage-mode"/><version value="3.4.1"/><name value="mediaUsageMode"/><title value="Media usage mode"/><status value="active"/><experimental value="false"/><date value="2024-10-28T00:00:00+00:00"/><publisher value="Den telemedicinske infrastruktur (eHealth Infrastructure)"/><contact><name value="Den telemedicinske infrastruktur (eHealth Infrastructure)"/><telecom><system value="url"/><value value="http://ehealth.sundhed.dk"/></telecom></contact><description value="Identifies the what the media resource is used for."/><jurisdiction><coding><system value="urn:iso:std:iso:3166"/><code value="DK"/><display value="Denmark"/></coding></jurisdiction><caseSensitive value="true"/><content value="complete"/><concept><code value="raw"/><display value="Raw"/><definition value="Raw"/><designation><language value="da"/><value value="Original"/></designation><designation><use><system value="http://terminology.hl7.org/CodeSystem/designation-usage"/><code value="display"/></use><value value="Raw"/></designation></concept><concept><code value="overlay"/><display value="Overlay"/><definition value="Overlay"/><designation><language value="da"/><value value="Overlay"/></designation><designation><use><system value="http://terminology.hl7.org/CodeSystem/designation-usage"/><code value="display"/></use><value value="Overlay"/></designation></concept><concept><code value="metadata"/><display value="Metadata"/><definition value="Metadata"/><designation><language value="da"/><value value="Metadata"/></designation><designation><use><system value="http://terminology.hl7.org/CodeSystem/designation-usage"/><code value="display"/></use><value value="Metadata"/></designation></concept></CodeSystem>