<?xml version="1.0" encoding="UTF-8"?><CodeSystem xmlns="http://hl7.org/fhir"><id value="ehealth-sor-organization-type"/><text><status value="generated"/><div xmlns="http://www.w3.org/1999/xhtml"><p class="res-header-id"><b>Generated Narrative: CodeSystem ehealth-sor-organization-type</b></p><a name="ehealth-sor-organization-type"> </a><a name="hcehealth-sor-organization-type"> </a><a name="ehealth-sor-organization-type-da-DK"> </a><p>This case-sensitive code system <code>http://ehealth.sundhed.dk/cs/sor-organization-type</code> defines the following codes:</p><table class="codes"><tr><td style="white-space:nowrap"><b>Code</b></td><td><b>Display</b></td><td><b>Definition</b></td></tr><tr><td style="white-space:nowrap">unknown<a name="ehealth-sor-organization-type-unknown"> </a></td><td>Unknown</td><td>Unknown</td></tr><tr><td style="white-space:nowrap">726<a name="ehealth-sor-organization-type-726"> </a></td><td>KONVAFD (Converted Organizational Unit)</td><td>KONVAFD (Converted Organizational Unit)</td></tr><tr><td style="white-space:nowrap">56781000005109<a name="ehealth-sor-organization-type-56781000005109"> </a></td><td>Abuse treatment center</td><td>Abuse treatment center</td></tr><tr><td style="white-space:nowrap">557881000005104<a name="ehealth-sor-organization-type-557881000005104"> </a></td><td>COVID-19-testenhed</td><td>COVID-19-testenhed</td></tr></table></div></text><url value="http://ehealth.sundhed.dk/cs/sor-organization-type"/><version value="3.4.1"/><name value="SorOrganizationType"/><title value="SOR Organization Type"/><status value="active"/><experimental value="false"/><date value="2019-06-11T00:00:00+00:00"/><publisher value="Den telemedicinske infrastruktur (eHealth Infrastructure)"/><contact><name value="Den telemedicinske infrastruktur (eHealth Infrastructure)"/><telecom><system value="url"/><value value="http://ehealth.sundhed.dk"/></telecom></contact><description value="Organization types specific for organizations from Sor"/><jurisdiction><coding><system value="urn:iso:std:iso:3166"/><code value="DK"/><display value="Denmark"/></coding></jurisdiction><caseSensitive value="true"/><content value="complete"/><concept><code value="unknown"/><display value="Unknown"/><definition value="Unknown"/><designation><use><system value="http://terminology.hl7.org/CodeSystem/designation-usage"/><code value="display"/></use><value value="Unknown"/></designation><designation><use><system value="http://terminology.hl7.org/CodeSystem/designation-usage"/><code value="display"/></use><value value="Unknown"/></designation><designation><use><system value="http://terminology.hl7.org/CodeSystem/designation-usage"/><code value="display"/></use><value value="Unknown"/></designation></concept><concept><code value="726"/><display value="KONVAFD (Converted Organizational Unit)"/><definition value="KONVAFD (Converted Organizational Unit)"/><designation><use><system value="http://terminology.hl7.org/CodeSystem/designation-usage"/><code value="display"/></use><value value="KONVAFD (Converted Organizational Unit)"/></designation><designation><use><system value="http://terminology.hl7.org/CodeSystem/designation-usage"/><code value="display"/></use><value value="KONVAFD (Converted Organizational Unit)"/></designation><designation><use><system value="http://terminology.hl7.org/CodeSystem/designation-usage"/><code value="display"/></use><value value="KONVAFD (Converted Organizational Unit)"/></designation></concept><concept><code value="56781000005109"/><display value="Abuse treatment center"/><definition value="Abuse treatment center"/><designation><use><system value="http://terminology.hl7.org/CodeSystem/designation-usage"/><code value="display"/></use><value value="Abuse treatment center"/></designation><designation><use><system value="http://terminology.hl7.org/CodeSystem/designation-usage"/><code value="display"/></use><value value="Abuse treatment center"/></designation><designation><use><system value="http://terminology.hl7.org/CodeSystem/designation-usage"/><code value="display"/></use><value value="Abuse treatment center"/></designation></concept><concept><code value="557881000005104"/><display value="COVID-19-testenhed"/><definition value="COVID-19-testenhed"/><designation><use><system value="http://terminology.hl7.org/CodeSystem/designation-usage"/><code value="display"/></use><value value="COVID-19-testenhed"/></designation><designation><use><system value="http://terminology.hl7.org/CodeSystem/designation-usage"/><code value="display"/></use><value value="COVID-19-testenhed"/></designation><designation><use><system value="http://terminology.hl7.org/CodeSystem/designation-usage"/><code value="display"/></use><value value="COVID-19-testenhed"/></designation></concept></CodeSystem>