<?xml version="1.0" encoding="UTF-8"?><CodeSystem xmlns="http://hl7.org/fhir"><id value="hl7.org-fhir-consent-state-codes"/><text><status value="generated"/><div xmlns="http://www.w3.org/1999/xhtml"><p/><table class="codes"><tr><td style="white-space:nowrap"><b>Code</b></td><td><b>Display</b></td><td><b>Definition</b></td></tr><tr><td style="white-space:nowrap">draft<a name="consent-state-codes-dk-supplement-draft"> </a></td><td>Pending</td><td>The consent is in development or awaiting use but is not yet intended to be acted upon.</td></tr><tr><td style="white-space:nowrap">proposed<a name="consent-state-codes-dk-supplement-proposed"> </a></td><td>Proposed</td><td>The consent has been proposed but not yet agreed to by all parties. The negotiation stage.</td></tr><tr><td style="white-space:nowrap">active<a name="consent-state-codes-dk-supplement-active"> </a></td><td>Active</td><td>The consent is to be followed and enforced.</td></tr><tr><td style="white-space:nowrap">rejected<a name="consent-state-codes-dk-supplement-rejected"> </a></td><td>Rejected</td><td>The consent has been rejected by one or more of the parties.</td></tr><tr><td style="white-space:nowrap">inactive<a name="consent-state-codes-dk-supplement-inactive"> </a></td><td>Inactive</td><td>The consent is terminated or replaced.</td></tr><tr><td style="white-space:nowrap">entered-in-error<a name="consent-state-codes-dk-supplement-entered-in-error"> </a></td><td>Entered in Error</td><td>The consent was created wrongly (e.g. wrong patient) and should be ignored</td></tr></table><p><b>Additional Language Displays</b></p><table class="codes"><tr><td><b>Code</b></td><td><b>Dansk (Danish, da)</b></td></tr><tr><td>draft</td><td>Under udarbejdelse</td></tr><tr><td>proposed</td><td>Forslag</td></tr><tr><td>active</td><td>Aktiv</td></tr><tr><td>rejected</td><td>Afvist</td></tr><tr><td>inactive</td><td>Inaktiv</td></tr><tr><td>entered-in-error</td><td>Fejlindtastning</td></tr></table></div></text><url value="http://hl7.org/fhir/consent-state-codes"/><version value="3.4.1"/><name value="ConsentState"/><title value="Consent State Codes"/><status value="active"/><experimental value="false"/><date value="2021-10-27T13:27:27+00:00"/><publisher value="Den telemedicinske infrastruktur (eHealth Infrastructure)"/><contact><name value="Den telemedicinske infrastruktur (eHealth Infrastructure)"/><telecom><system value="url"/><value value="http://ehealth.sundhed.dk"/></telecom></contact><description value="Indicates the state of the consent"/><jurisdiction><coding><system value="urn:iso:std:iso:3166"/><code value="DK"/><display value="Denmark"/></coding></jurisdiction><content value="supplement"/><supplements value="http://hl7.org/fhir/consent-state-codes"/><concept><code value="draft"/><display value="Pending"/><definition value="The consent is in development or awaiting use but is not yet intended to be acted upon."/><designation><language value="da"/><use><system value="http://snomed.info/sct"/><code value="900000000000013009"/></use><value value="Under udarbejdelse"/></designation></concept><concept><code value="proposed"/><display value="Proposed"/><definition value="The consent has been proposed but not yet agreed to by all parties. The negotiation stage."/><designation><language value="da"/><use><system value="http://snomed.info/sct"/><code value="900000000000013009"/></use><value value="Forslag"/></designation></concept><concept><code value="active"/><display value="Active"/><definition value="The consent is to be followed and enforced."/><designation><language value="da"/><use><system value="http://snomed.info/sct"/><code value="900000000000013009"/></use><value value="Aktiv"/></designation></concept><concept><code value="rejected"/><display value="Rejected"/><definition value="The consent has been rejected by one or more of the parties."/><designation><language value="da"/><use><system value="http://snomed.info/sct"/><code value="900000000000013009"/></use><value value="Afvist"/></designation></concept><concept><code value="inactive"/><display value="Inactive"/><definition value="The consent is terminated or replaced."/><designation><language value="da"/><use><system value="http://snomed.info/sct"/><code value="900000000000013009"/></use><value value="Inaktiv"/></designation></concept><concept><code value="entered-in-error"/><display value="Entered in Error"/><definition value="The consent was created wrongly (e.g. wrong patient) and should be ignored"/><designation><language value="da"/><use><system value="http://snomed.info/sct"/><code value="900000000000013009"/></use><value value="Fejlindtastning"/></designation></concept></CodeSystem>