<?xml version="1.0" encoding="UTF-8"?><ValueSet xmlns="http://hl7.org/fhir"><id value="participant-function"/><text><status value="generated"/><div xmlns="http://www.w3.org/1999/xhtml"><p class="res-header-id"><b>Generated Narrative: ValueSet participant-function</b></p><a name="participant-function"> </a><a name="hcparticipant-function"> </a><a name="participant-function-da-DK"> </a><ul><li>Include all codes defined in <a href="CodeSystem-participant-function.html"><code>http://ehealth.sundhed.dk/cs/participant-function</code></a></li></ul></div></text><url value="http://ehealth.sundhed.dk/vs/participant-function"/><version value="3.4.1"/><name value="ParticipantFunction"/><title value="Participant Function"/><status value="active"/><experimental value="false"/><date value="2024-09-02T00:00:00+00:00"/><publisher value="Den telemedicinske infrastruktur (eHealth Infrastructure)"/><contact><name value="Den telemedicinske infrastruktur (eHealth Infrastructure)"/><telecom><system value="url"/><value value="http://ehealth.sundhed.dk"/></telecom></contact><description value="The function of the participant (primay / secondary contact)."/><jurisdiction><coding><system value="urn:iso:std:iso:3166"/><code value="DK"/><display value="Denmark"/></coding></jurisdiction><compose><include><system value="http://ehealth.sundhed.dk/cs/participant-function"/></include></compose></ValueSet>