{"resourceType":"CodeSystem","id":"ehealth-contactpoint-system","text":{"status":"generated","div":"<div xmlns=\"http://www.w3.org/1999/xhtml\"><p class=\"res-header-id\"><b>Generated Narrative: CodeSystem ehealth-contactpoint-system</b></p><a name=\"ehealth-contactpoint-system\"> </a><a name=\"hcehealth-contactpoint-system\"> </a><a name=\"ehealth-contactpoint-system-da-DK\"> </a><p>This case-sensitive code system <code>http://ehealth.sundhed.dk/cs/contactpoint-system</code> defines the following codes:</p><table class=\"codes\"><tr><td style=\"white-space:nowrap\"><b>Code</b></td><td><b>Display</b></td><td><b>Definition</b></td></tr><tr><td style=\"white-space:nowrap\">TBD<a name=\"ehealth-contactpoint-system-TBD\"> </a></td><td>Example value - Under construction</td><td>Example value - Under construction</td></tr><tr><td style=\"white-space:nowrap\">EAN<a name=\"ehealth-contactpoint-system-EAN\"> </a></td><td>Global location number</td><td/></tr></table><p><b>Additional Language Displays</b></p><table class=\"codes\"><tr><td><b>Code</b></td><td><b>Dansk (Danish, da)</b></td><td><b>English (United States) (English (United States), en)</b></td></tr><tr><td>TBD</td><td></td><td></td></tr><tr><td>EAN</td><td>EAN-nummer</td><td>Global location number</td></tr></table></div>"},"url":"http://ehealth.sundhed.dk/cs/contactpoint-system","version":"3.5.0","name":"ContactPointSystem","title":"ContactPoint System","status":"active","experimental":false,"date":"2019-01-29T00:00:00+00:00","publisher":"Den telemedicinske infrastruktur (eHealth Infrastructure)","contact":[{"name":"Den telemedicinske infrastruktur (eHealth Infrastructure)","telecom":[{"system":"url","value":"http://ehealth.sundhed.dk"}]}],"description":"Contact Point System","jurisdiction":[{"coding":[{"system":"urn:iso:std:iso:3166","code":"DK","display":"Denmark"}]}],"caseSensitive":true,"content":"complete","concept":[{"code":"TBD","display":"Example value - Under construction","definition":"Example value - Under construction","designation":[{"use":{"system":"http://terminology.hl7.org/CodeSystem/designation-usage","code":"display"},"value":"Example value - Under construction"}],"property":[{"valueDateTime":"2020-02-03"}]},{"code":"EAN","display":"Global location number","designation":[{"language":"en-US","value":"Global location number"},{"language":"da","value":"EAN-nummer"},{"use":{"system":"http://terminology.hl7.org/CodeSystem/designation-usage","code":"display"},"value":"Global location number"}]}]}