{"resourceType":"ValueSet","id":"ehealth-appointment-reason","text":{"status":"generated","div":"<div xmlns=\"http://www.w3.org/1999/xhtml\"><p class=\"res-header-id\"><b>Generated Narrative: ValueSet ehealth-appointment-reason</b></p><a name=\"ehealth-appointment-reason\"> </a><a name=\"hcehealth-appointment-reason\"> </a><a name=\"ehealth-appointment-reason-da-DK\"> </a><ul><li>Include all codes defined in <a href=\"CodeSystem-ehealth-appointment-reason.html\"><code>http://ehealth.sundhed.dk/cs/appointment-reason</code></a></li></ul></div>"},"url":"http://ehealth.sundhed.dk/vs/appointment-reason","version":"3.5.0","name":"AppointmentReason","title":"Appointment Reason","status":"active","experimental":true,"date":"2019-02-08T00:00:00+00:00","publisher":"Den telemedicinske infrastruktur (eHealth Infrastructure)","contact":[{"name":"Den telemedicinske infrastruktur (eHealth Infrastructure)","telecom":[{"system":"url","value":"http://ehealth.sundhed.dk"}]}],"description":"Appointment reason","jurisdiction":[{"coding":[{"system":"urn:iso:std:iso:3166","code":"DK","display":"Denmark"}]}],"compose":{"include":[{"system":"http://ehealth.sundhed.dk/cs/appointment-reason"}]}}