<?xml version="1.0" encoding="UTF-8"?>

<Patient xmlns="http://hl7.org/fhir">
  <id value="patient01"/>
  <meta>
    <profile value="http://ehealth.sundhed.dk/fhir/StructureDefinition/ehealth-patient"/>
  </meta>
  <text>
    <status value="generated"/><div xmlns="http://www.w3.org/1999/xhtml"><p class="res-header-id"><b>Generated Narrative: Patient patient01</b></p><a name="patient01"> </a><a name="hcpatient01"> </a><a name="patient01-da-DK"> </a><div style="display: inline-block; background-color: #d9e0e7; padding: 6px; margin: 4px; border: 1px solid #8da1b4; border-radius: 5px; line-height: 60%"><p style="margin-bottom: 0px"/><p style="margin-bottom: 0px">Profile: <a href="StructureDefinition-ehealth-patient.html">ehealth-patient</a></p></div><p style="border: 1px #661aff solid; background-color: #e6e6ff; padding: 10px;">Nancy Ann Berggren (official) Ukendt, DoB Unknown ( urn:oid:1.2.208.176.1.2#Danish civil registration system - CPR#2512489996 (use: official, ))</p><hr/><table class="grid"><tr><td style="background-color: #f3f5da" title="Ways to contact the Patient">Contact Detail</td><td colspan="3"><ul><li>NemSMS</li><li>eBoks</li><li>Tårnhøjvej 47 Landet Aalborg Øst 9220 Danmark (home)</li></ul></td></tr></table></div>
  </text>
  <identifier>
    <use value="official"/>
    <system value="urn:oid:1.2.208.176.1.2"/>
    <value value="2512489996"/>
  </identifier>
  <name>
    <use value="official"/>
    <family value="Berggren"/>
    <given value="Nancy"/>
    <given value="Ann"/>
  </name>
  <telecom>
    <system value="other"/>
    <value value="NemSMS"/>
  </telecom>
  <telecom>
    <system value="other"/>
    <value value="eBoks"/>
  </telecom>
  <gender value="unknown"/>
  <address>
    <extension url="http://hl7.dk/fhir/core/StructureDefinition/dk-core-municipalityCodes">
      <valueCodeableConcept>
        <coding>
          <system value="http://hl7.dk/fhir/core/CodeSystem/dk-core-municipality-codes"/>
          <code value="0330"/>
        </coding>
      </valueCodeableConcept>
    </extension>
    <extension url="http://hl7.dk/fhir/core/StructureDefinition/dk-core-RegionalSubDivisionCodes">
      <valueCodeableConcept>
        <coding>
          <system value="http://hl7.dk/fhir/core/CodeSystem/dk-core-regional-subdivision-codes"/>
          <code value="DK-85"/>
        </coding>
      </valueCodeableConcept>
    </extension>
    <use value="home"/>
    <line value="Tårnhøjvej 47"/>
    <line value="Landet"/>
    <city value="Aalborg Øst"/>
    <postalCode value="9220"/>
    <country value="Danmark"/>
  </address>
</Patient>