<?xml version="1.0" encoding="UTF-8"?><CodeSystem xmlns="http://hl7.org/fhir"><id value="ehealth-devicemetric-quality-types"/><text><status value="generated"/><div xmlns="http://www.w3.org/1999/xhtml"><p class="res-header-id"><b>Generated Narrative: Kodesystem ehealth-devicemetric-quality-types</b></p><a name="ehealth-devicemetric-quality-types"> </a><a name="hcehealth-devicemetric-quality-types"> </a><p>This case-sensitive code system <code>http://ehealth.sundhed.dk/cs/devicemetric-quality-types</code> defines the following codes:</p><table class="codes"><tr><td style="white-space:nowrap"><b>Code</b></td><td><b>Display</b></td><td><b>English (United States) (English (United States), en)</b></td></tr><tr><td style="white-space:nowrap">initial<a name="ehealth-devicemetric-quality-types-initial"> </a></td><td>Initial device quality</td><td>Initial device quality</td></tr><tr><td style="white-space:nowrap">degraded<a name="ehealth-devicemetric-quality-types-degraded"> </a></td><td>Degraded device quality</td><td>Degraded device quality</td></tr><tr><td style="white-space:nowrap">overridden<a name="ehealth-devicemetric-quality-types-overridden"> </a></td><td>Overridden device quality</td><td>Overridden device quality</td></tr></table></div></text><url value="http://ehealth.sundhed.dk/cs/devicemetric-quality-types"/><version value="5.0.0"/><name value="DeviceMetricQualityTypes"/><title value="DeviceMetric Quality Types"/><status value="active"/><experimental value="false"/><date value="2019-01-29T00:00:00+00:00"/><publisher value="Den telemedicinske infrastruktur (eHealth Infrastructure)"/><contact><name value="Den telemedicinske infrastruktur (eHealth Infrastructure)"/><telecom><system value="url"/><value value="http://ehealth.sundhed.dk"/></telecom></contact><description value="Device metric quality type codes"/><jurisdiction><coding><system value="urn:iso:std:iso:3166"/><code value="DK"/><display value="Denmark"/></coding></jurisdiction><caseSensitive value="true"/><content value="complete"/><concept><code value="initial"/><display value="Initial device quality"/><designation><language value="en-US"/><value value="Initial device quality"/></designation></concept><concept><code value="degraded"/><display value="Degraded device quality"/><designation><language value="en-US"/><value value="Degraded device quality"/></designation></concept><concept><code value="overridden"/><display value="Overridden device quality"/><designation><language value="en-US"/><value value="Overridden device quality"/></designation></concept></CodeSystem>