<?xml version="1.0" encoding="UTF-8"?><CodeSystem xmlns="http://hl7.org/fhir"><id value="ehealth-view-type"/><text><status value="generated"/><div xmlns="http://www.w3.org/1999/xhtml"><p class="res-header-id"><b>Generated Narrative: CodeSystem ehealth-view-type</b></p><a name="ehealth-view-type"> </a><a name="hcehealth-view-type"> </a><a name="ehealth-view-type-en-US"> </a><p>This case-sensitive code system <code>http://ehealth.sundhed.dk/cs/view-type</code> defines the following code:</p><table class="codes"><tr><td style="white-space:nowrap"><b>Code</b></td><td><b>Display</b></td><td><b>Definition</b></td><td><b>Dansk (Danish, da)</b></td></tr><tr><td style="white-space:nowrap">interpretedview<a name="ehealth-view-type-interpretedview"> </a></td><td>Interpreted view</td><td>interpretedView</td><td>Fortolket visning</td></tr></table></div></text><url value="http://ehealth.sundhed.dk/cs/view-type"/><version value="3.1.0"/><name value="ViewType"/><title value="View types"/><status value="active"/><experimental value="false"/><date value="2021-10-15T00:00:00+00:00"/><publisher value="Den telemedicinske infrastruktur (eHealth Infrastructure)"/><contact><name value="Den telemedicinske infrastruktur (eHealth Infrastructure)"/><telecom><system value="url"/><value value="http://ehealth.sundhed.dk"/></telecom></contact><description value="View types"/><caseSensitive value="true"/><content value="complete"/><concept><code value="interpretedview"/><display value="Interpreted view"/><definition value="interpretedView"/><designation><language value="da"/><value value="Fortolket visning"/></designation></concept></CodeSystem>