<?xml version="1.0" encoding="UTF-8"?><CodeSystem xmlns="http://hl7.org/fhir"><id value="ehealth-trigger-enablement-code"/><text><status value="generated"/><div xmlns="http://www.w3.org/1999/xhtml"><p>This case-sensitive code system <code>http://ehealth.sundhed.dk/cs/trigger-enablement-code</code> defines the following codes:</p><table class="codes"><tr><td style="white-space:nowrap"><b>Code</b></td><td><b>Display</b></td><td><b>Definition</b></td><td><b>Dansk (Danish, da)</b></td></tr><tr><td style="white-space:nowrap">NO_TRIGGER<a name="ehealth-trigger-enablement-code-NO_TRIGGER"> </a></td><td>No trigger</td><td>A trigger has not been set for this serviceRequest</td><td>Ingen udløser</td></tr><tr><td style="white-space:nowrap">TRIGGER_ENABLED<a name="ehealth-trigger-enablement-code-TRIGGER_ENABLED"> </a></td><td>Trigger Enabled</td><td>A trigger has been enabled for this serviceRequest</td><td>Udløser aktiveret</td></tr><tr><td style="white-space:nowrap">TRIGGER_DISABLED<a name="ehealth-trigger-enablement-code-TRIGGER_DISABLED"> </a></td><td>Trigger disabled</td><td>A trigger has been disabled for this serviceRequest</td><td>Udløser deaktiveret</td></tr><tr><td style="white-space:nowrap">TRIGGER_DONE<a name="ehealth-trigger-enablement-code-TRIGGER_DONE"> </a></td><td>Trigger done</td><td>A trigger has been executed on this serviceRequest</td><td>Udløser er færdig</td></tr></table></div></text><url value="http://ehealth.sundhed.dk/cs/trigger-enablement-code"/><version value="3.3.0"/><name value="TriggerEnablementCode"/><title value="Trigger Enablement Code"/><status value="active"/><experimental value="false"/><date value="2021-10-22T11:23:00+00:00"/><publisher value="Den telemedicinske infrastruktur (eHealth Infrastructure)"/><contact><name value="Den telemedicinske infrastruktur (eHealth Infrastructure)"/><telecom><system value="url"/><value value="http://ehealth.sundhed.dk"/></telecom></contact><description value="Trigger Enablement Code"/><caseSensitive value="true"/><content value="complete"/><concept><code value="NO_TRIGGER"/><display value="No trigger"/><definition value="A trigger has not been set for this serviceRequest"/><designation><language value="da"/><value value="Ingen udløser"/></designation></concept><concept><code value="TRIGGER_ENABLED"/><display value="Trigger Enabled"/><definition value="A trigger has been enabled for this serviceRequest"/><designation><language value="da"/><value value="Udløser aktiveret"/></designation></concept><concept><code value="TRIGGER_DISABLED"/><display value="Trigger disabled"/><definition value="A trigger has been disabled for this serviceRequest"/><designation><language value="da"/><value value="Udløser deaktiveret"/></designation></concept><concept><code value="TRIGGER_DONE"/><display value="Trigger done"/><definition value="A trigger has been executed on this serviceRequest"/><designation><language value="da"/><value value="Udløser er færdig"/></designation></concept></CodeSystem>