<?xml version="1.0" encoding="UTF-8"?><CodeSystem xmlns="http://hl7.org/fhir"><id value="fs3-group-practicaltasks"/><text><status value="generated"/><div xmlns="http://www.w3.org/1999/xhtml"><p class="res-header-id"><b>Generated Narrative: CodeSystem fs3-group-practicaltasks</b></p><a name="fs3-group-practicaltasks"> </a><a name="hcfs3-group-practicaltasks"> </a><p>This  code system <code>http://ehealth.sundhed.dk/cs/fs3-group-practicaltasks</code> defines the following codes:</p><table class="codes"><tr><td style="white-space:nowrap"><b>Code</b></td><td><b>Display</b></td><td><b>Dansk (Danish, da)</b></td></tr><tr><td style="white-space:nowrap">PERFORM_DAILY_ROUTINES<a name="fs3-group-practicaltasks-PERFORM_DAILY_ROUTINES"> </a></td><td>Udføre daglige rutiner</td><td>Udføre daglige rutiner</td></tr><tr><td style="white-space:nowrap">OBTAIN_GOODS_AND_SERVICES<a name="fs3-group-practicaltasks-OBTAIN_GOODS_AND_SERVICES"> </a></td><td>Skaffe sig varer og tjenesteydelser</td><td>Skaffe sig varer og tjenesteydelser</td></tr><tr><td style="white-space:nowrap">COOKING<a name="fs3-group-practicaltasks-COOKING"> </a></td><td>Lave mad</td><td>Lave mad</td></tr><tr><td style="white-space:nowrap">DOING_DOMESTIC_WORK<a name="fs3-group-practicaltasks-DOING_DOMESTIC_WORK"> </a></td><td>Lave husligt arbejde</td><td>Lave husligt arbejde</td></tr></table></div></text><url value="http://ehealth.sundhed.dk/cs/fs3-group-practicaltasks"/><version value="6.0.0"/><name value="FS III, Praktiske opgaver"/><title value="FS III, Praktiske opgaver"/><status value="active"/><experimental value="true"/><date value="2019-02-02T00:00:00+00:00"/><publisher value="Den telemedicinske infrastruktur (eHealth Infrastructure)"/><contact><name value="Den telemedicinske infrastruktur (eHealth Infrastructure)"/><telecom><system value="url"/><value value="http://ehealth.sundhed.dk"/></telecom></contact><description value="FS III, Praktiske opgaver"/><jurisdiction><coding><system value="urn:iso:std:iso:3166"/><code value="DK"/><display value="Denmark"/></coding></jurisdiction><content value="complete"/><concept><code value="PERFORM_DAILY_ROUTINES"/><display value="Udføre daglige rutiner"/><designation><language value="da"/><value value="Udføre daglige rutiner"/></designation></concept><concept><code value="OBTAIN_GOODS_AND_SERVICES"/><display value="Skaffe sig varer og tjenesteydelser"/><designation><language value="da"/><value value="Skaffe sig varer og tjenesteydelser"/></designation></concept><concept><code value="COOKING"/><display value="Lave mad"/><designation><language value="da"/><value value="Lave mad"/></designation></concept><concept><code value="DOING_DOMESTIC_WORK"/><display value="Lave husligt arbejde"/><designation><language value="da"/><value value="Lave husligt arbejde"/></designation></concept></CodeSystem>