<?xml version="1.0" encoding="UTF-8"?><CodeSystem xmlns="http://hl7.org/fhir"><id value="ehealth-measurement-sharing-policies"/><text><status value="generated"/><div xmlns="http://www.w3.org/1999/xhtml"><p class="res-header-id"><b>Generated Narrative: Kodesystem ehealth-measurement-sharing-policies</b></p><a name="ehealth-measurement-sharing-policies"> </a><a name="hcehealth-measurement-sharing-policies"> </a><p><b>Properties</b></p><p><b>This code system defines the following properties for its concepts</b></p><table class="grid"><tr><td><b>Name</b></td><td><b>Code</b></td><td><b>URI</b></td><td><b>Type</b></td><td><b>Description</b></td></tr><tr><td>Deprecated</td><td>deprecated</td><td>http://hl7.org/fhir/concept-properties#deprecated</td><td>dateTime</td><td>Indicates that the concept is deprecated and should not be used</td></tr></table><p><b>Concepts</b></p><p>This case-sensitive code system <code>http://ehealth.sundhed.dk/cs/measurement-sharing-policies</code> defines the following codes:</p><table class="codes"><tr><td style="white-space:nowrap"><b>Code</b></td><td><b>Display</b></td><td><b>Definition</b></td><td><b>Deprecated</b></td><td><b>Dansk (Danish, da)</b></td></tr><tr><td style="white-space:nowrap">TBD<a name="ehealth-measurement-sharing-policies-TBD"> </a></td><td>Example value - Under construction</td><td>Example value - Under construction</td><td>2020-02-03</td><td/></tr><tr><td style="white-space:nowrap">sharingAllowedDestinationNationalHealthData<a name="ehealth-measurement-sharing-policies-sharingAllowedDestinationNationalHealthData"> </a></td><td>Sharing is allowed destination national health data</td><td>Sharing is allowed destination national health data</td><td/><td>Må deles via national deling af sundhedsdata</td></tr><tr><td style="white-space:nowrap">sharingAllowedDestinationNationalServiceActData<a name="ehealth-measurement-sharing-policies-sharingAllowedDestinationNationalServiceActData"> </a></td><td>Sharing is allowed destination national service act data</td><td>Sharing is allowed destination national service act data</td><td/><td>Må deles via national deling af servicelov-data</td></tr><tr><td style="white-space:nowrap">sharingAllowedDestinationMunicipalData<a name="ehealth-measurement-sharing-policies-sharingAllowedDestinationMunicipalData"> </a></td><td>Sharing is allowed destination municipal data</td><td>Sharing is allowed destination municipal data</td><td>2020-02-03</td><td>Deling</td></tr><tr><td style="white-space:nowrap">noSharing<a name="ehealth-measurement-sharing-policies-noSharing"> </a></td><td>No sharing</td><td>No sharing</td><td/><td>Må ikke deles via national deling af data</td></tr></table></div></text><url value="http://ehealth.sundhed.dk/cs/measurement-sharing-policies"/><version value="4.0.0"/><name value="MeasurementSharingPolicies"/><title value="Measurement Sharing Policies"/><status value="active"/><experimental value="false"/><date value="2019-01-29T00:00:00+00:00"/><publisher value="Den telemedicinske infrastruktur (eHealth Infrastructure)"/><contact><name value="Den telemedicinske infrastruktur (eHealth Infrastructure)"/><telecom><system value="url"/><value value="http://ehealth.sundhed.dk"/></telecom></contact><description value="Measurement sharing policies"/><jurisdiction><coding><system value="urn:iso:std:iso:3166"/><code value="DK"/><display value="Denmark"/></coding></jurisdiction><caseSensitive value="true"/><content value="complete"/><property><code value="deprecated"/><uri value="http://hl7.org/fhir/concept-properties#deprecated"/><description value="Indicates that the concept is deprecated and should not be used"/><type value="dateTime"/></property><concept><code value="TBD"/><display value="Example value - Under construction"/><definition value="Example value - Under construction"/><property><code value="deprecated"/><valueDateTime value="2020-02-03"/></property></concept><concept><code value="sharingAllowedDestinationNationalHealthData"/><display value="Sharing is allowed destination national health data"/><definition value="Sharing is allowed destination national health data"/><designation><language value="da"/><value value="Må deles via national deling af sundhedsdata"/></designation></concept><concept><code value="sharingAllowedDestinationNationalServiceActData"/><display value="Sharing is allowed destination national service act data"/><definition value="Sharing is allowed destination national service act data"/><designation><language value="da"/><value value="Må deles via national deling af servicelov-data"/></designation></concept><concept><code value="sharingAllowedDestinationMunicipalData"/><display value="Sharing is allowed destination municipal data"/><definition value="Sharing is allowed destination municipal data"/><designation><language value="da"/><value value="Deling"/></designation><property><code value="deprecated"/><valueDateTime value="2020-02-03"/></property></concept><concept><code value="noSharing"/><display value="No sharing"/><definition value="No sharing"/><designation><language value="da"/><value value="Må ikke deles via national deling af data"/></designation></concept></CodeSystem>