<?xml version="1.0" encoding="UTF-8"?><CodeSystem xmlns="http://hl7.org/fhir"><id value="ehealth-questionnaire-recommendation"/><text><status value="generated"/><div xmlns="http://www.w3.org/1999/xhtml"><p class="res-header-id"><b>Generated Narrative: CodeSystem ehealth-questionnaire-recommendation</b></p><a name="ehealth-questionnaire-recommendation"> </a><a name="hcehealth-questionnaire-recommendation"> </a><a name="ehealth-questionnaire-recommendation-da-DK"> </a><p>This case-sensitive code system <code>http://ehealth.sundhed.dk/cs/questionnaire-recommendation</code> defines the following codes:</p><table class="codes"><tr><td style="white-space:nowrap"><b>Code</b></td><td><b>Display</b></td><td><b>Definition</b></td></tr><tr><td style="white-space:nowrap">TBD<a name="ehealth-questionnaire-recommendation-TBD"> </a></td><td>Example value - Under construction</td><td>Example value - Under construction</td></tr><tr><td style="white-space:nowrap">TBD2<a name="ehealth-questionnaire-recommendation-TBD2"> </a></td><td>Example value2 - Under construction</td><td>Example value2 - Under construction</td></tr><tr><td style="white-space:nowrap">Obligatory<a name="ehealth-questionnaire-recommendation-Obligatory"> </a></td><td>Obligatory</td><td/></tr><tr><td style="white-space:nowrap">Recommended<a name="ehealth-questionnaire-recommendation-Recommended"> </a></td><td>Recommended</td><td/></tr><tr><td style="white-space:nowrap">Sustained<a name="ehealth-questionnaire-recommendation-Sustained"> </a></td><td>Sustained</td><td/></tr><tr><td style="white-space:nowrap">Deprecated<a name="ehealth-questionnaire-recommendation-Deprecated"> </a></td><td>Deprecated</td><td/></tr><tr><td style="white-space:nowrap">Applicable<a name="ehealth-questionnaire-recommendation-Applicable"> </a></td><td>Applicable</td><td/></tr><tr><td style="white-space:nowrap">BeingPhasedOut<a name="ehealth-questionnaire-recommendation-BeingPhasedOut"> </a></td><td>BeingPhasedOut</td><td/></tr><tr><td style="white-space:nowrap">Observed<a name="ehealth-questionnaire-recommendation-Observed"> </a></td><td>Observed</td><td/></tr><tr><td style="white-space:nowrap">Planned<a name="ehealth-questionnaire-recommendation-Planned"> </a></td><td>Planned</td><td/></tr></table><p><b>Additional Language Displays</b></p><table class="codes"><tr><td><b>Code</b></td><td><b>Dansk (Danish, da)</b></td><td><b>English (United States) (English (United States), en)</b></td></tr><tr><td>TBD</td><td></td><td></td></tr><tr><td>TBD2</td><td></td><td></td></tr><tr><td>Obligatory</td><td>Obligatorisk</td><td>Mandatory</td></tr><tr><td>Recommended</td><td>Anbefalet</td><td>Recommended</td></tr><tr><td>Sustained</td><td>Opretholdt</td><td>Sustained</td></tr><tr><td>Deprecated</td><td>Frarådes</td><td>Deprecated</td></tr><tr><td>Applicable</td><td>Anvendelig</td><td>Applicable</td></tr><tr><td>BeingPhasedOut</td><td>Udfases</td><td>BeingPhasedOut</td></tr><tr><td>Observed</td><td>Observeres</td><td>Observed</td></tr><tr><td>Planned</td><td>Planlagt</td><td>Planned</td></tr></table></div></text><url value="http://ehealth.sundhed.dk/cs/questionnaire-recommendation"/><version value="3.4.0"/><name value="QuestionnaireRecommendation"/><title value="Questionnaire Recommendation"/><status value="active"/><experimental value="false"/><date value="2019-01-29T00:00:00+00:00"/><publisher value="Den telemedicinske infrastruktur (eHealth Infrastructure)"/><contact><name value="Den telemedicinske infrastruktur (eHealth Infrastructure)"/><telecom><system value="url"/><value value="http://ehealth.sundhed.dk"/></telecom></contact><description value="Questionnaire Recommendation"/><jurisdiction><coding><system value="urn:iso:std:iso:3166"/><code value="DK"/><display value="Denmark"/></coding></jurisdiction><caseSensitive value="true"/><content value="complete"/><concept><code value="TBD"/><display value="Example value - Under construction"/><definition value="Example value - Under construction"/><designation><use><system value="http://terminology.hl7.org/CodeSystem/designation-usage"/><code value="display"/></use><value value="Example value - Under construction"/></designation><property><valueDateTime value="2020-02-03"/></property></concept><concept><code value="TBD2"/><display value="Example value2 - Under construction"/><definition value="Example value2 - Under construction"/><designation><use><system value="http://terminology.hl7.org/CodeSystem/designation-usage"/><code value="display"/></use><value value="Example value2 - Under construction"/></designation><property><valueDateTime value="2020-02-03"/></property></concept><concept><code value="Obligatory"/><display value="Obligatory"/><designation><language value="en-US"/><value value="Mandatory"/></designation><designation><language value="da"/><value value="Obligatorisk"/></designation><designation><use><system value="http://terminology.hl7.org/CodeSystem/designation-usage"/><code value="display"/></use><value value="Obligatory"/></designation></concept><concept><code value="Recommended"/><display value="Recommended"/><designation><language value="en-US"/><value value="Recommended"/></designation><designation><language value="da"/><value value="Anbefalet"/></designation><designation><use><system value="http://terminology.hl7.org/CodeSystem/designation-usage"/><code value="display"/></use><value value="Recommended"/></designation></concept><concept><code value="Sustained"/><display value="Sustained"/><designation><language value="en-US"/><value value="Sustained"/></designation><designation><language value="da"/><value value="Opretholdt"/></designation><designation><use><system value="http://terminology.hl7.org/CodeSystem/designation-usage"/><code value="display"/></use><value value="Sustained"/></designation></concept><concept><code value="Deprecated"/><display value="Deprecated"/><designation><language value="en-US"/><value value="Deprecated"/></designation><designation><language value="da"/><value value="Frarådes"/></designation><designation><use><system value="http://terminology.hl7.org/CodeSystem/designation-usage"/><code value="display"/></use><value value="Deprecated"/></designation></concept><concept><code value="Applicable"/><display value="Applicable"/><designation><language value="en-US"/><value value="Applicable"/></designation><designation><language value="da"/><value value="Anvendelig"/></designation><designation><use><system value="http://terminology.hl7.org/CodeSystem/designation-usage"/><code value="display"/></use><value value="Applicable"/></designation></concept><concept><code value="BeingPhasedOut"/><display value="BeingPhasedOut"/><designation><language value="en-US"/><value value="BeingPhasedOut"/></designation><designation><language value="da"/><value value="Udfases"/></designation><designation><use><system value="http://terminology.hl7.org/CodeSystem/designation-usage"/><code value="display"/></use><value value="BeingPhasedOut"/></designation></concept><concept><code value="Observed"/><display value="Observed"/><designation><language value="en-US"/><value value="Observed"/></designation><designation><language value="da"/><value value="Observeres"/></designation><designation><use><system value="http://terminology.hl7.org/CodeSystem/designation-usage"/><code value="display"/></use><value value="Observed"/></designation></concept><concept><code value="Planned"/><display value="Planned"/><designation><language value="en-US"/><value value="Planned"/></designation><designation><language value="da"/><value value="Planlagt"/></designation><designation><use><system value="http://terminology.hl7.org/CodeSystem/designation-usage"/><code value="display"/></use><value value="Planned"/></designation></concept></CodeSystem>