<?xml version="1.0" encoding="UTF-8"?><CodeSystem xmlns="http://hl7.org/fhir"><id value="urn-ietf-bcp-47"/><meta><versionId value="6"/><lastUpdated value="2021-02-08T08:13:46.414+00:00"/></meta><text><status value="generated"/><div xmlns="http://www.w3.org/1999/xhtml"><p class="res-header-id"><b>Generated Narrative: CodeSystem urn-ietf-bcp-47</b></p><a name="urn-ietf-bcp-47"> </a><a name="hcurn-ietf-bcp-47"> </a><a name="urn-ietf-bcp-47-da-DK"> </a><div style="display: inline-block; background-color: #d9e0e7; padding: 6px; margin: 4px; border: 1px solid #8da1b4; border-radius: 5px; line-height: 60%"><p style="margin-bottom: 0px">version: 6; Last updated: 2021-02-08 08:13:46+0000</p></div><p>This case-sensitive code system <code>urn:ietf:bcp:47</code> defines the following codes:</p><table class="codes"><tr><td style="white-space:nowrap"><b>Code</b></td><td><b>Display</b></td></tr><tr><td style="white-space:nowrap">ar<a name="urn-ietf-bcp-47-ar"> </a></td><td>Arabic</td></tr><tr><td style="white-space:nowrap">bn<a name="urn-ietf-bcp-47-bn"> </a></td><td>Bengali</td></tr><tr><td style="white-space:nowrap">cs<a name="urn-ietf-bcp-47-cs"> </a></td><td>Czech</td></tr><tr><td style="white-space:nowrap">da<a name="urn-ietf-bcp-47-da"> </a></td><td>Danish</td></tr><tr><td style="white-space:nowrap">de<a name="urn-ietf-bcp-47-de"> </a></td><td>German</td></tr><tr><td style="white-space:nowrap">de-AT<a name="urn-ietf-bcp-47-de-AT"> </a></td><td>German (Austria)</td></tr><tr><td style="white-space:nowrap">de-CH<a name="urn-ietf-bcp-47-de-CH"> </a></td><td>German (Switzerland)</td></tr><tr><td style="white-space:nowrap">de-DE<a name="urn-ietf-bcp-47-de-DE"> </a></td><td>German (Germany)</td></tr><tr><td style="white-space:nowrap">el<a name="urn-ietf-bcp-47-el"> </a></td><td>Greek</td></tr><tr><td style="white-space:nowrap">en<a name="urn-ietf-bcp-47-en"> </a></td><td>English</td></tr><tr><td style="white-space:nowrap">en-AU<a name="urn-ietf-bcp-47-en-AU"> </a></td><td>English (Australia)</td></tr><tr><td style="white-space:nowrap">en-CA<a name="urn-ietf-bcp-47-en-CA"> </a></td><td>English (Canada)</td></tr><tr><td style="white-space:nowrap">en-GB<a name="urn-ietf-bcp-47-en-GB"> </a></td><td>English (Great Britain)</td></tr><tr><td style="white-space:nowrap">en-IN<a name="urn-ietf-bcp-47-en-IN"> </a></td><td>English (India)</td></tr><tr><td style="white-space:nowrap">en-NZ<a name="urn-ietf-bcp-47-en-NZ"> </a></td><td>English (New Zeland)</td></tr><tr><td style="white-space:nowrap">en-SG<a name="urn-ietf-bcp-47-en-SG"> </a></td><td>English (Singapore)</td></tr><tr><td style="white-space:nowrap">en-US<a name="urn-ietf-bcp-47-en-US"> </a></td><td>English (United States)</td></tr><tr><td style="white-space:nowrap">es<a name="urn-ietf-bcp-47-es"> </a></td><td>Spanish</td></tr><tr><td style="white-space:nowrap">es-AR<a name="urn-ietf-bcp-47-es-AR"> </a></td><td>Spanish (Argentina)</td></tr><tr><td style="white-space:nowrap">es-ES<a name="urn-ietf-bcp-47-es-ES"> </a></td><td>Spanish (Spain)</td></tr><tr><td style="white-space:nowrap">es-UY<a name="urn-ietf-bcp-47-es-UY"> </a></td><td>Spanish (Uruguay)</td></tr><tr><td style="white-space:nowrap">fi<a name="urn-ietf-bcp-47-fi"> </a></td><td>Finnish</td></tr><tr><td style="white-space:nowrap">fr<a name="urn-ietf-bcp-47-fr"> </a></td><td>French</td></tr><tr><td style="white-space:nowrap">fr-BE<a name="urn-ietf-bcp-47-fr-BE"> </a></td><td>French (Belgium)</td></tr><tr><td style="white-space:nowrap">fr-CH<a name="urn-ietf-bcp-47-fr-CH"> </a></td><td>French (Switzerland)</td></tr><tr><td style="white-space:nowrap">fr-FR<a name="urn-ietf-bcp-47-fr-FR"> </a></td><td>French (France)</td></tr><tr><td style="white-space:nowrap">fy<a name="urn-ietf-bcp-47-fy"> </a></td><td>Frysian</td></tr><tr><td style="white-space:nowrap">fy-NL<a name="urn-ietf-bcp-47-fy-NL"> </a></td><td>Frysian (Netherlands)</td></tr><tr><td style="white-space:nowrap">hi<a name="urn-ietf-bcp-47-hi"> </a></td><td>Hindi</td></tr><tr><td style="white-space:nowrap">hr<a name="urn-ietf-bcp-47-hr"> </a></td><td>Croatian</td></tr><tr><td style="white-space:nowrap">it<a name="urn-ietf-bcp-47-it"> </a></td><td>Italian</td></tr><tr><td style="white-space:nowrap">it-CH<a name="urn-ietf-bcp-47-it-CH"> </a></td><td>Italian (Switzerland)</td></tr><tr><td style="white-space:nowrap">it-IT<a name="urn-ietf-bcp-47-it-IT"> </a></td><td>Italian (Italy)</td></tr><tr><td style="white-space:nowrap">ja<a name="urn-ietf-bcp-47-ja"> </a></td><td>Japanese</td></tr><tr><td style="white-space:nowrap">ko<a name="urn-ietf-bcp-47-ko"> </a></td><td>Korean</td></tr><tr><td style="white-space:nowrap">nl<a name="urn-ietf-bcp-47-nl"> </a></td><td>Dutch</td></tr><tr><td style="white-space:nowrap">nl-BE<a name="urn-ietf-bcp-47-nl-BE"> </a></td><td>Dutch (Belgium)</td></tr><tr><td style="white-space:nowrap">nl-NL<a name="urn-ietf-bcp-47-nl-NL"> </a></td><td>Dutch (Netherlands)</td></tr><tr><td style="white-space:nowrap">no<a name="urn-ietf-bcp-47-no"> </a></td><td>Norwegian</td></tr><tr><td style="white-space:nowrap">no-NO<a name="urn-ietf-bcp-47-no-NO"> </a></td><td>Norwegian (Norway)</td></tr><tr><td style="white-space:nowrap">pa<a name="urn-ietf-bcp-47-pa"> </a></td><td>Punjabi</td></tr><tr><td style="white-space:nowrap">pt<a name="urn-ietf-bcp-47-pt"> </a></td><td>Portuguese</td></tr><tr><td style="white-space:nowrap">pt-BR<a name="urn-ietf-bcp-47-pt-BR"> </a></td><td>Portuguese (Brazil)</td></tr><tr><td style="white-space:nowrap">ru<a name="urn-ietf-bcp-47-ru"> </a></td><td>Russian</td></tr><tr><td style="white-space:nowrap">ru-RU<a name="urn-ietf-bcp-47-ru-RU"> </a></td><td>Russian (Russia)</td></tr><tr><td style="white-space:nowrap">sr<a name="urn-ietf-bcp-47-sr"> </a></td><td>Serbian</td></tr><tr><td style="white-space:nowrap">sr-SP<a name="urn-ietf-bcp-47-sr-SP"> </a></td><td>Serbian (Serbia)</td></tr><tr><td style="white-space:nowrap">sv<a name="urn-ietf-bcp-47-sv"> </a></td><td>Swedish</td></tr><tr><td style="white-space:nowrap">sv-SE<a name="urn-ietf-bcp-47-sv-SE"> </a></td><td>Swedish (Sweden)</td></tr><tr><td style="white-space:nowrap">te<a name="urn-ietf-bcp-47-te"> </a></td><td>Telegu</td></tr><tr><td style="white-space:nowrap">zh<a name="urn-ietf-bcp-47-zh"> </a></td><td>Chinese</td></tr><tr><td style="white-space:nowrap">zh-CN<a name="urn-ietf-bcp-47-zh-CN"> </a></td><td>Chinese (China)</td></tr><tr><td style="white-space:nowrap">zh-HK<a name="urn-ietf-bcp-47-zh-HK"> </a></td><td>Chinese (Hong Kong)</td></tr><tr><td style="white-space:nowrap">zh-SG<a name="urn-ietf-bcp-47-zh-SG"> </a></td><td>Chinese (Singapore)</td></tr><tr><td style="white-space:nowrap">zh-TW<a name="urn-ietf-bcp-47-zh-TW"> </a></td><td>Chinese (Taiwan)</td></tr></table><p><b>Additional Language Displays</b></p><table class="codes"><tr><td><b>Code</b></td><td><b>Dansk (Danish, da)</b></td><td><b>Deutsch (German, de)</b></td><td><b>English (English, en)</b></td><td><b>Nederlands (Dutch, nl)</b></td><td><b>Русский (Russian, ru)</b></td><td><b>中文 (Chinese, zh)</b></td></tr><tr><td>ar</td><td>Arabisk</td><td></td><td>Arabic</td><td>Arabisch</td><td></td><td></td></tr><tr><td>bn</td><td>Bengalsk</td><td>Bengalisch</td><td>Bengali</td><td>Bengaals</td><td>Бенгальский</td><td>孟加拉语</td></tr><tr><td>cs</td><td>Tjekkisk</td><td>Tschechisch</td><td>Czech</td><td>Tsjechisch</td><td>Чешский</td><td>捷克语</td></tr><tr><td>da</td><td>Dansk</td><td>Dänisch</td><td>Danish</td><td>Deens</td><td>Датский</td><td>丹麦语</td></tr><tr><td>de</td><td>Tysk</td><td>Deutsch</td><td>German</td><td>Duits</td><td>Немецкий</td><td>德语</td></tr><tr><td>de-AT</td><td>Tysk (Østrig</td><td>Deutsch (Österreich)</td><td>German (Austria)</td><td>Duits (Oostenrijk)</td><td>Немецкий (Австрия)</td><td>德语 （奥地利）</td></tr><tr><td>de-CH</td><td>Tysk (Schweiz)</td><td>Deutsch (Schweiz)</td><td>German (Switzerland)</td><td>Duits (Zwitserland)</td><td>Немецкий (Швейцария)</td><td>德语 （瑞士）</td></tr><tr><td>de-DE</td><td>Tysk (Tyskland)</td><td>Deutsch (Deutschland)</td><td>German (Germany)</td><td>Duits (Duitsland)</td><td>Немецкий (Германия)</td><td>德语 （德国）</td></tr><tr><td>el</td><td>Græsk</td><td>Griechisch</td><td>Greek</td><td>Grieks</td><td>Греческий</td><td>希腊语</td></tr><tr><td>en</td><td>Engelsk</td><td>Englisch</td><td>English</td><td>Engels</td><td>Английский</td><td>英语</td></tr><tr><td>en-AU</td><td>Engelsk (Australien)</td><td>Englisch (Australien)</td><td>English (Australia)</td><td>Engels (Australië)</td><td>Английский (Австралия)</td><td>英语 （澳大利亚）</td></tr><tr><td>en-CA</td><td>Engelsk (Canada)</td><td>Englisch (Kanada)</td><td>English (Canada)</td><td>Engels (Canada)</td><td>Английский (Канада)</td><td>英语 （加拿大）</td></tr><tr><td>en-GB</td><td>Engelsk (Storbritannien)</td><td>Englisch (Großbritannien)</td><td>English (Great Britain)</td><td>Engels (Groot Brittannië)</td><td>Английский (Великобритания)</td><td>英语 （英国）</td></tr><tr><td>en-IN</td><td>Engelsk (Indien)</td><td>Englisch (Indien)</td><td>English (India)</td><td>Engels (India)</td><td>Английский (Индия)</td><td>英语 （印度）</td></tr><tr><td>en-NZ</td><td>Engelsk (New Zeeland)</td><td>Englisch (Neuseeland)</td><td>English (New Zeland)</td><td>Engels (Nieuw Zeeland)</td><td>Английский (Новая Зеландия)</td><td>英语 （新西兰）</td></tr><tr><td>en-SG</td><td>Engelsk (Singapore)</td><td>Englisch (Singapur)</td><td>English (Singapore)</td><td>Engels (Singapore)</td><td>Английский (Сингапур)</td><td>英语 （新加坡）</td></tr><tr><td>en-US</td><td>Engelsk (Amerikansk)</td><td>Englisch (USA)</td><td>English (United States)</td><td>Engels (Verenigde Staten)</td><td>Английский (США)</td><td>英语 （美国）</td></tr><tr><td>es</td><td>Spansk</td><td>Spanisch</td><td>Spanish</td><td>Spaans</td><td>Испанский</td><td>西班牙语</td></tr><tr><td>es-AR</td><td>Spansk (Argentina)</td><td>Spanisch (Argentinien)</td><td>Spanish (Argentina)</td><td>Spaans (Argentinië)</td><td>Испанский (Аргентина)</td><td>西班牙语 （阿根廷）</td></tr><tr><td>es-ES</td><td>Spansk (Spanien)</td><td>Spanisch (Spanien)</td><td>Spanish (Spain)</td><td>Spaans (Spanje)</td><td>Испанский (Испания)</td><td>西班牙语 （西班牙）</td></tr><tr><td>es-UY</td><td>Spansk (Uruguay)</td><td>Spanisch (Uruguay)</td><td>Spanish (Uruguay)</td><td>Spaans (Uruguay)</td><td>Испанский (Уругвай)</td><td>西班牙语 （乌拉圭）</td></tr><tr><td>fi</td><td>Finsk</td><td>Finnisch</td><td>Finnish</td><td>Fins</td><td>Финский</td><td>芬兰语</td></tr><tr><td>fr</td><td>Fransk</td><td>Französisch</td><td>French</td><td>Frans</td><td>Французский</td><td>法语</td></tr><tr><td>fr-BE</td><td>Finsk (Belgien)</td><td>Französisch (Belgien)</td><td>French (Belgium)</td><td>Frans (België)</td><td></td><td></td></tr><tr><td>fr-CH</td><td>Fransk (Schweiz)</td><td>Französisch (Schweiz)</td><td>French (Switzerland)</td><td>Frans (Zwitserland)</td><td>Французский (Швейцария)</td><td>法语 （比利时）</td></tr><tr><td>fr-FR</td><td>Fransk (Frankrig)</td><td>Französisch (Frankreich)</td><td>French (France)</td><td>Frans (Frankrijk)</td><td>Французский (Франция)</td><td>法语 （瑞士）</td></tr><tr><td>fy</td><td>Frisisk</td><td>Friesisch</td><td>Frysian</td><td>Fries</td><td></td><td>弗里士兰语</td></tr><tr><td>fy-NL</td><td>Frisisk (Holland)</td><td>Friesisch (Niederlande)</td><td>Frysian (Netherlands)</td><td>Fries (Nederland)</td><td></td><td>弗里士兰语（荷兰）</td></tr><tr><td>hi</td><td>Hindi</td><td></td><td>Hindi</td><td>Hindi</td><td></td><td></td></tr><tr><td>hr</td><td>Kroatisk</td><td>Kroatisch</td><td>Croatian</td><td>Kroatisch</td><td>Хорватский</td><td>克罗地亚语</td></tr><tr><td>it</td><td>Italiensk</td><td>Italienisch</td><td>Italian</td><td>Italiaans</td><td>Итальянский</td><td>意大利语</td></tr><tr><td>it-CH</td><td>Italiensk (Schweiz)</td><td>Italienisch (Schweiz)</td><td>Italian (Switzerland)</td><td>Italiaans (Zwitserland)</td><td>Итальянский (Швейцария)</td><td>意大利语 （瑞士）</td></tr><tr><td>it-IT</td><td>Italiensk (Italien)</td><td>Italienisch (Italien)</td><td>Italian (Italy)</td><td>Italiaans (Italië)</td><td>Итальянский (Италия)</td><td>意大利语 （意大利）</td></tr><tr><td>ja</td><td>Japansk</td><td>Japanisch</td><td>Japanese</td><td>Japans</td><td>Японский</td><td>日语</td></tr><tr><td>ko</td><td>Koreansk</td><td>Koreanisch</td><td>Korean</td><td>Koreaans</td><td>Корейский</td><td>朝鲜语</td></tr><tr><td>nl</td><td>Hollandsk</td><td>Niederländisch</td><td>Dutch</td><td>Nederlands</td><td>Нидерландский</td><td>荷兰语</td></tr><tr><td>nl-BE</td><td>Hollandsk (Belgien)</td><td>Niederländisch (Belgien)</td><td>Dutch (Belgium)</td><td>Nederlands (België)</td><td></td><td>荷兰语 （比利时）</td></tr><tr><td>nl-NL</td><td>Hollandsk (Holland)</td><td>Niederländisch (Niederlande)</td><td>Dutch (Netherlands)</td><td>Nederlands (Nederland)</td><td>Нидерландский (Нидерланды)</td><td>荷兰语 （荷兰）</td></tr><tr><td>no</td><td>Norsk</td><td>Norwegisch</td><td>Norwegian</td><td>Noors</td><td>Норвежский</td><td>挪威语</td></tr><tr><td>no-NO</td><td>Norsk (Norge)</td><td>Norwegisch (Norwegen)</td><td>Norwegian (Norway)</td><td>Noors (Noorwegen)</td><td>Норвежский (Норвегия)</td><td>挪威语 （挪威）</td></tr><tr><td>pa</td><td>Punjabi</td><td></td><td>Punjabi</td><td>Punjabi</td><td></td><td></td></tr><tr><td>pt</td><td>Portugisisk</td><td>Portugiesisch</td><td>Portuguese</td><td>Portugees</td><td>Португальский</td><td>葡萄牙语</td></tr><tr><td>pt-BR</td><td>Portugisisk (Brasilien)</td><td>Portugiesisch (Brasilien)</td><td>Portuguese (Brazil)</td><td>Portugees (Brazilië)</td><td>Португальский (Бразилия)</td><td>葡萄牙语 （巴西）</td></tr><tr><td>ru</td><td>Russisk</td><td>Russisch</td><td>Russian</td><td>Russisch</td><td>Русский</td><td>俄语</td></tr><tr><td>ru-RU</td><td>Russisk (Rusland)</td><td>Russisch (Russland)</td><td>Russian (Russia)</td><td>Russisch (Rusland)</td><td>Русский (Россия)</td><td>俄语 （俄罗斯）</td></tr><tr><td>sr</td><td>Serbisk</td><td>Serbisch</td><td>Serbian</td><td>Servisch</td><td>Сербский</td><td>塞尔维亚语</td></tr><tr><td>sr-SP</td><td>Serbisk (Serbien)</td><td>Serbisch (Serbien)</td><td>Serbian (Serbia)</td><td>Servisch (Servië)</td><td>Сербский (Сербия)</td><td>塞尔维亚语 （塞尔维亚）</td></tr><tr><td>sv</td><td>Svensk</td><td>Schwedisch</td><td>Swedish</td><td>Zweeds</td><td>Шведский</td><td>瑞典语</td></tr><tr><td>sv-SE</td><td>Svensk (Sverige)</td><td>Schwedisch (Schweden)</td><td>Swedish (Sweden)</td><td>Zweeds (Zweden)</td><td>Шведский (Швеция)</td><td>瑞典语 （瑞典）</td></tr><tr><td>te</td><td>Telugu</td><td>Telugu</td><td>Telegu</td><td>Teloegoe</td><td>Телугу</td><td>泰卢固语</td></tr><tr><td>zh</td><td>Kinesisk</td><td>Chinesisch</td><td>Chinese</td><td>Chinees</td><td>Kитайский</td><td>中文</td></tr><tr><td>zh-CN</td><td>Kinesisk (Kina)</td><td>Chinesisch (China)</td><td>Chinese (China)</td><td>Chinees (China)</td><td>Kитайский (Китай)</td><td>中文 （中国）</td></tr><tr><td>zh-HK</td><td>Kinesisk (Hong Kong)</td><td>Chinesisch (Hong Kong)</td><td>Chinese (Hong Kong)</td><td>Chinees (Hong Kong)</td><td>Kитайский (Гонконг)</td><td>中文 （香港特别行政区）</td></tr><tr><td>zh-SG</td><td>Kinesisk (Singapore)</td><td>Chinesisch (Singapur)</td><td>Chinese (Singapore)</td><td>Chinees (Singapore)</td><td>Kитайский (Сингапур)</td><td>中文 （新加坡）</td></tr><tr><td>zh-TW</td><td>Kinesisk (Taiwan)</td><td>Chinesisch (Taiwan)</td><td>Chinese (Taiwan)</td><td>Chinees (Taiwan)</td><td>Kитайский (Тайвань)</td><td>中文 （台湾）</td></tr></table></div></text><url value="urn:ietf:bcp:47"/><version value="3.5.1"/><name value="Common Codes from BCP-47"/><title value="Common Codes from BCP-47"/><status value="active"/><experimental value="false"/><date value="2020-02-07"/><publisher value="Den telemedicinske infrastruktur (eHealth Infrastructure)"/><contact><name value="Den telemedicinske infrastruktur (eHealth Infrastructure)"/><telecom><system value="url"/><value value="http://ehealth.sundhed.dk"/></telecom></contact><description value="Common Codes from BCP-47 (http://tools.ietf.org/html/bcp47)"/><jurisdiction><coding><system value="urn:iso:std:iso:3166"/><code value="DK"/><display value="Denmark"/></coding></jurisdiction><caseSensitive value="true"/><content value="complete"/><concept><code value="ar"/><display value="Arabic"/><designation><language value="da"/><value value="Arabisk"/></designation><designation><language value="en"/><value value="Arabic"/></designation><designation><language value="nl"/><value value="Arabisch"/></designation></concept><concept><code value="bn"/><display value="Bengali"/><designation><language value="en"/><value value="Bengali"/></designation><designation><language value="nl"/><value value="Bengaals"/></designation><designation><language value="ru"/><value value="Бенгальский"/></designation><designation><language value="zh"/><value value="孟加拉语"/></designation><designation><language value="de"/><value value="Bengalisch"/></designation><designation><language value="da"/><value value="Bengalsk"/></designation></concept><concept><code value="cs"/><display value="Czech"/><designation><language value="en"/><value value="Czech"/></designation><designation><language value="nl"/><value value="Tsjechisch"/></designation><designation><language value="ru"/><value value="Чешский"/></designation><designation><language value="zh"/><value value="捷克语"/></designation><designation><language value="de"/><value value="Tschechisch"/></designation><designation><language value="da"/><value value="Tjekkisk"/></designation></concept><concept><code value="da"/><display value="Danish"/><designation><language value="en"/><value value="Danish"/></designation><designation><language value="nl"/><value value="Deens"/></designation><designation><language value="ru"/><value value="Датский"/></designation><designation><language value="zh"/><value value="丹麦语"/></designation><designation><language value="de"/><value value="Dänisch"/></designation><designation><language value="da"/><value value="Dansk"/></designation></concept><concept><code value="de"/><display value="German"/><designation><language value="en"/><value value="German"/></designation><designation><language value="nl"/><value value="Duits"/></designation><designation><language value="ru"/><value value="Немецкий"/></designation><designation><language value="zh"/><value value="德语"/></designation><designation><language value="de"/><value value="Deutsch"/></designation><designation><language value="da"/><value value="Tysk"/></designation></concept><concept><code value="de-AT"/><display value="German (Austria)"/><designation><language value="en"/><value value="German (Austria)"/></designation><designation><language value="nl"/><value value="Duits (Oostenrijk)"/></designation><designation><language value="ru"/><value value="Немецкий (Австрия)"/></designation><designation><language value="zh"/><value value="德语 （奥地利）"/></designation><designation><language value="de"/><value value="Deutsch (Österreich)"/></designation><designation><language value="da"/><value value="Tysk (Østrig"/></designation></concept><concept><code value="de-CH"/><display value="German (Switzerland)"/><designation><language value="en"/><value value="German (Switzerland)"/></designation><designation><language value="nl"/><value value="Duits (Zwitserland)"/></designation><designation><language value="ru"/><value value="Немецкий (Швейцария)"/></designation><designation><language value="zh"/><value value="德语 （瑞士）"/></designation><designation><language value="de"/><value value="Deutsch (Schweiz)"/></designation><designation><language value="da"/><value value="Tysk (Schweiz)"/></designation></concept><concept><code value="de-DE"/><display value="German (Germany)"/><designation><language value="en"/><value value="German (Germany)"/></designation><designation><language value="nl"/><value value="Duits (Duitsland)"/></designation><designation><language value="ru"/><value value="Немецкий (Германия)"/></designation><designation><language value="zh"/><value value="德语 （德国）"/></designation><designation><language value="de"/><value value="Deutsch (Deutschland)"/></designation><designation><language value="da"/><value value="Tysk (Tyskland)"/></designation></concept><concept><code value="el"/><display value="Greek"/><designation><language value="en"/><value value="Greek"/></designation><designation><language value="nl"/><value value="Grieks"/></designation><designation><language value="ru"/><value value="Греческий"/></designation><designation><language value="zh"/><value value="希腊语"/></designation><designation><language value="de"/><value value="Griechisch"/></designation><designation><language value="da"/><value value="Græsk"/></designation></concept><concept><code value="en"/><display value="English"/><designation><language value="en"/><value value="English"/></designation><designation><language value="nl"/><value value="Engels"/></designation><designation><language value="ru"/><value value="Английский"/></designation><designation><language value="zh"/><value value="英语"/></designation><designation><language value="de"/><value value="Englisch"/></designation><designation><language value="da"/><value value="Engelsk"/></designation></concept><concept><code value="en-AU"/><display value="English (Australia)"/><designation><language value="en"/><value value="English (Australia)"/></designation><designation><language value="nl"/><value value="Engels (Australië)"/></designation><designation><language value="ru"/><value value="Английский (Австралия)"/></designation><designation><language value="zh"/><value value="英语 （澳大利亚）"/></designation><designation><language value="de"/><value value="Englisch (Australien)"/></designation><designation><language value="da"/><value value="Engelsk (Australien)"/></designation></concept><concept><code value="en-CA"/><display value="English (Canada)"/><designation><language value="en"/><value value="English (Canada)"/></designation><designation><language value="nl"/><value value="Engels (Canada)"/></designation><designation><language value="ru"/><value value="Английский (Канада)"/></designation><designation><language value="zh"/><value value="英语 （加拿大）"/></designation><designation><language value="de"/><value value="Englisch (Kanada)"/></designation><designation><language value="da"/><value value="Engelsk (Canada)"/></designation></concept><concept><code value="en-GB"/><display value="English (Great Britain)"/><designation><language value="en"/><value value="English (Great Britain)"/></designation><designation><language value="nl"/><value value="Engels (Groot Brittannië)"/></designation><designation><language value="ru"/><value value="Английский (Великобритания)"/></designation><designation><language value="zh"/><value value="英语 （英国）"/></designation><designation><language value="de"/><value value="Englisch (Großbritannien)"/></designation><designation><language value="da"/><value value="Engelsk (Storbritannien)"/></designation></concept><concept><code value="en-IN"/><display value="English (India)"/><designation><language value="en"/><value value="English (India)"/></designation><designation><language value="nl"/><value value="Engels (India)"/></designation><designation><language value="ru"/><value value="Английский (Индия)"/></designation><designation><language value="zh"/><value value="英语 （印度）"/></designation><designation><language value="de"/><value value="Englisch (Indien)"/></designation><designation><language value="da"/><value value="Engelsk (Indien)"/></designation></concept><concept><code value="en-NZ"/><display value="English (New Zeland)"/><designation><language value="en"/><value value="English (New Zeland)"/></designation><designation><language value="nl"/><value value="Engels (Nieuw Zeeland)"/></designation><designation><language value="ru"/><value value="Английский (Новая Зеландия)"/></designation><designation><language value="zh"/><value value="英语 （新西兰）"/></designation><designation><language value="de"/><value value="Englisch (Neuseeland)"/></designation><designation><language value="da"/><value value="Engelsk (New Zeeland)"/></designation></concept><concept><code value="en-SG"/><display value="English (Singapore)"/><designation><language value="en"/><value value="English (Singapore)"/></designation><designation><language value="nl"/><value value="Engels (Singapore)"/></designation><designation><language value="ru"/><value value="Английский (Сингапур)"/></designation><designation><language value="zh"/><value value="英语 （新加坡）"/></designation><designation><language value="de"/><value value="Englisch (Singapur)"/></designation><designation><language value="da"/><value value="Engelsk (Singapore)"/></designation></concept><concept><code value="en-US"/><display value="English (United States)"/><designation><language value="en"/><value value="English (United States)"/></designation><designation><language value="nl"/><value value="Engels (Verenigde Staten)"/></designation><designation><language value="ru"/><value value="Английский (США)"/></designation><designation><language value="zh"/><value value="英语 （美国）"/></designation><designation><language value="de"/><value value="Englisch (USA)"/></designation><designation><language value="da"/><value value="Engelsk (Amerikansk)"/></designation></concept><concept><code value="es"/><display value="Spanish"/><designation><language value="en"/><value value="Spanish"/></designation><designation><language value="nl"/><value value="Spaans"/></designation><designation><language value="ru"/><value value="Испанский"/></designation><designation><language value="zh"/><value value="西班牙语"/></designation><designation><language value="de"/><value value="Spanisch"/></designation><designation><language value="da"/><value value="Spansk"/></designation></concept><concept><code value="es-AR"/><display value="Spanish (Argentina)"/><designation><language value="en"/><value value="Spanish (Argentina)"/></designation><designation><language value="nl"/><value value="Spaans (Argentinië)"/></designation><designation><language value="ru"/><value value="Испанский (Аргентина)"/></designation><designation><language value="zh"/><value value="西班牙语 （阿根廷）"/></designation><designation><language value="de"/><value value="Spanisch (Argentinien)"/></designation><designation><language value="da"/><value value="Spansk (Argentina)"/></designation></concept><concept><code value="es-ES"/><display value="Spanish (Spain)"/><designation><language value="en"/><value value="Spanish (Spain)"/></designation><designation><language value="nl"/><value value="Spaans (Spanje)"/></designation><designation><language value="ru"/><value value="Испанский (Испания)"/></designation><designation><language value="zh"/><value value="西班牙语 （西班牙）"/></designation><designation><language value="de"/><value value="Spanisch (Spanien)"/></designation><designation><language value="da"/><value value="Spansk (Spanien)"/></designation></concept><concept><code value="es-UY"/><display value="Spanish (Uruguay)"/><designation><language value="en"/><value value="Spanish (Uruguay)"/></designation><designation><language value="nl"/><value value="Spaans (Uruguay)"/></designation><designation><language value="ru"/><value value="Испанский (Уругвай)"/></designation><designation><language value="zh"/><value value="西班牙语 （乌拉圭）"/></designation><designation><language value="de"/><value value="Spanisch (Uruguay)"/></designation><designation><language value="da"/><value value="Spansk (Uruguay)"/></designation></concept><concept><code value="fi"/><display value="Finnish"/><designation><language value="en"/><value value="Finnish"/></designation><designation><language value="nl"/><value value="Fins"/></designation><designation><language value="ru"/><value value="Финский"/></designation><designation><language value="zh"/><value value="芬兰语"/></designation><designation><language value="de"/><value value="Finnisch"/></designation><designation><language value="da"/><value value="Finsk"/></designation></concept><concept><code value="fr"/><display value="French"/><designation><language value="en"/><value value="French"/></designation><designation><language value="nl"/><value value="Frans"/></designation><designation><language value="ru"/><value value="Французский"/></designation><designation><language value="zh"/><value value="法语"/></designation><designation><language value="de"/><value value="Französisch"/></designation><designation><language value="da"/><value value="Fransk"/></designation></concept><concept><code value="fr-BE"/><display value="French (Belgium)"/><designation><language value="en"/><value value="French (Belgium)"/></designation><designation><language value="nl"/><value value="Frans (België)"/></designation><designation><language value="de"/><value value="Französisch (Belgien)"/></designation><designation><language value="da"/><value value="Finsk (Belgien)"/></designation></concept><concept><code value="fr-CH"/><display value="French (Switzerland)"/><designation><language value="en"/><value value="French (Switzerland)"/></designation><designation><language value="nl"/><value value="Frans (Zwitserland)"/></designation><designation><language value="ru"/><value value="Французский (Швейцария)"/></designation><designation><language value="zh"/><value value="法语 （比利时）"/></designation><designation><language value="de"/><value value="Französisch (Schweiz)"/></designation><designation><language value="da"/><value value="Fransk (Schweiz)"/></designation></concept><concept><code value="fr-FR"/><display value="French (France)"/><designation><language value="en"/><value value="French (France)"/></designation><designation><language value="nl"/><value value="Frans (Frankrijk)"/></designation><designation><language value="ru"/><value value="Французский (Франция)"/></designation><designation><language value="zh"/><value value="法语 （瑞士）"/></designation><designation><language value="de"/><value value="Französisch (Frankreich)"/></designation><designation><language value="da"/><value value="Fransk (Frankrig)"/></designation></concept><concept><code value="fy"/><display value="Frysian"/><designation><language value="en"/><value value="Frysian"/></designation><designation><language value="nl"/><value value="Fries"/></designation><designation><language value="zh"/><value value="弗里士兰语"/></designation><designation><language value="de"/><value value="Friesisch"/></designation><designation><language value="da"/><value value="Frisisk"/></designation></concept><concept><code value="fy-NL"/><display value="Frysian (Netherlands)"/><designation><language value="en"/><value value="Frysian (Netherlands)"/></designation><designation><language value="nl"/><value value="Fries (Nederland)"/></designation><designation><language value="zh"/><value value="弗里士兰语（荷兰）"/></designation><designation><language value="de"/><value value="Friesisch (Niederlande)"/></designation><designation><language value="da"/><value value="Frisisk (Holland)"/></designation></concept><concept><code value="hi"/><display value="Hindi"/><designation><language value="da"/><value value="Hindi"/></designation><designation><language value="en"/><value value="Hindi"/></designation><designation><language value="nl"/><value value="Hindi"/></designation></concept><concept><code value="hr"/><display value="Croatian"/><designation><language value="en"/><value value="Croatian"/></designation><designation><language value="nl"/><value value="Kroatisch"/></designation><designation><language value="ru"/><value value="Хорватский"/></designation><designation><language value="zh"/><value value="克罗地亚语"/></designation><designation><language value="de"/><value value="Kroatisch"/></designation><designation><language value="da"/><value value="Kroatisk"/></designation></concept><concept><code value="it"/><display value="Italian"/><designation><language value="en"/><value value="Italian"/></designation><designation><language value="nl"/><value value="Italiaans"/></designation><designation><language value="ru"/><value value="Итальянский"/></designation><designation><language value="zh"/><value value="意大利语"/></designation><designation><language value="de"/><value value="Italienisch"/></designation><designation><language value="da"/><value value="Italiensk"/></designation></concept><concept><code value="it-CH"/><display value="Italian (Switzerland)"/><designation><language value="en"/><value value="Italian (Switzerland)"/></designation><designation><language value="nl"/><value value="Italiaans (Zwitserland)"/></designation><designation><language value="ru"/><value value="Итальянский (Швейцария)"/></designation><designation><language value="zh"/><value value="意大利语 （瑞士）"/></designation><designation><language value="de"/><value value="Italienisch (Schweiz)"/></designation><designation><language value="da"/><value value="Italiensk (Schweiz)"/></designation></concept><concept><code value="it-IT"/><display value="Italian (Italy)"/><designation><language value="en"/><value value="Italian (Italy)"/></designation><designation><language value="nl"/><value value="Italiaans (Italië)"/></designation><designation><language value="ru"/><value value="Итальянский (Италия)"/></designation><designation><language value="zh"/><value value="意大利语 （意大利）"/></designation><designation><language value="de"/><value value="Italienisch (Italien)"/></designation><designation><language value="da"/><value value="Italiensk (Italien)"/></designation></concept><concept><code value="ja"/><display value="Japanese"/><designation><language value="en"/><value value="Japanese"/></designation><designation><language value="nl"/><value value="Japans"/></designation><designation><language value="ru"/><value value="Японский"/></designation><designation><language value="zh"/><value value="日语"/></designation><designation><language value="de"/><value value="Japanisch"/></designation><designation><language value="da"/><value value="Japansk"/></designation></concept><concept><code value="ko"/><display value="Korean"/><designation><language value="en"/><value value="Korean"/></designation><designation><language value="nl"/><value value="Koreaans"/></designation><designation><language value="ru"/><value value="Корейский"/></designation><designation><language value="zh"/><value value="朝鲜语"/></designation><designation><language value="de"/><value value="Koreanisch"/></designation><designation><language value="da"/><value value="Koreansk"/></designation></concept><concept><code value="nl"/><display value="Dutch"/><designation><language value="en"/><value value="Dutch"/></designation><designation><language value="nl"/><value value="Nederlands"/></designation><designation><language value="ru"/><value value="Нидерландский"/></designation><designation><language value="zh"/><value value="荷兰语"/></designation><designation><language value="de"/><value value="Niederländisch"/></designation><designation><language value="da"/><value value="Hollandsk"/></designation></concept><concept><code value="nl-BE"/><display value="Dutch (Belgium)"/><designation><language value="en"/><value value="Dutch (Belgium)"/></designation><designation><language value="nl"/><value value="Nederlands (België)"/></designation><designation><language value="zh"/><value value="荷兰语 （比利时）"/></designation><designation><language value="de"/><value value="Niederländisch (Belgien)"/></designation><designation><language value="da"/><value value="Hollandsk (Belgien)"/></designation></concept><concept><code value="nl-NL"/><display value="Dutch (Netherlands)"/><designation><language value="en"/><value value="Dutch (Netherlands)"/></designation><designation><language value="nl"/><value value="Nederlands (Nederland)"/></designation><designation><language value="ru"/><value value="Нидерландский (Нидерланды)"/></designation><designation><language value="zh"/><value value="荷兰语 （荷兰）"/></designation><designation><language value="de"/><value value="Niederländisch (Niederlande)"/></designation><designation><language value="da"/><value value="Hollandsk (Holland)"/></designation></concept><concept><code value="no"/><display value="Norwegian"/><designation><language value="en"/><value value="Norwegian"/></designation><designation><language value="nl"/><value value="Noors"/></designation><designation><language value="ru"/><value value="Норвежский"/></designation><designation><language value="zh"/><value value="挪威语"/></designation><designation><language value="de"/><value value="Norwegisch"/></designation><designation><language value="da"/><value value="Norsk"/></designation></concept><concept><code value="no-NO"/><display value="Norwegian (Norway)"/><designation><language value="en"/><value value="Norwegian (Norway)"/></designation><designation><language value="nl"/><value value="Noors (Noorwegen)"/></designation><designation><language value="ru"/><value value="Норвежский (Норвегия)"/></designation><designation><language value="zh"/><value value="挪威语 （挪威）"/></designation><designation><language value="de"/><value value="Norwegisch (Norwegen)"/></designation><designation><language value="da"/><value value="Norsk (Norge)"/></designation></concept><concept><code value="pa"/><display value="Punjabi"/><designation><language value="da"/><value value="Punjabi"/></designation><designation><language value="en"/><value value="Punjabi"/></designation><designation><language value="nl"/><value value="Punjabi"/></designation></concept><concept><code value="pt"/><display value="Portuguese"/><designation><language value="en"/><value value="Portuguese"/></designation><designation><language value="nl"/><value value="Portugees"/></designation><designation><language value="ru"/><value value="Португальский"/></designation><designation><language value="zh"/><value value="葡萄牙语"/></designation><designation><language value="de"/><value value="Portugiesisch"/></designation><designation><language value="da"/><value value="Portugisisk"/></designation></concept><concept><code value="pt-BR"/><display value="Portuguese (Brazil)"/><designation><language value="en"/><value value="Portuguese (Brazil)"/></designation><designation><language value="nl"/><value value="Portugees (Brazilië)"/></designation><designation><language value="ru"/><value value="Португальский (Бразилия)"/></designation><designation><language value="zh"/><value value="葡萄牙语 （巴西）"/></designation><designation><language value="de"/><value value="Portugiesisch (Brasilien)"/></designation><designation><language value="da"/><value value="Portugisisk (Brasilien)"/></designation></concept><concept><code value="ru"/><display value="Russian"/><designation><language value="en"/><value value="Russian"/></designation><designation><language value="nl"/><value value="Russisch"/></designation><designation><language value="ru"/><value value="Русский"/></designation><designation><language value="zh"/><value value="俄语"/></designation><designation><language value="de"/><value value="Russisch"/></designation><designation><language value="da"/><value value="Russisk"/></designation></concept><concept><code value="ru-RU"/><display value="Russian (Russia)"/><designation><language value="en"/><value value="Russian (Russia)"/></designation><designation><language value="nl"/><value value="Russisch (Rusland)"/></designation><designation><language value="ru"/><value value="Русский (Россия)"/></designation><designation><language value="zh"/><value value="俄语 （俄罗斯）"/></designation><designation><language value="de"/><value value="Russisch (Russland)"/></designation><designation><language value="da"/><value value="Russisk (Rusland)"/></designation></concept><concept><code value="sr"/><display value="Serbian"/><designation><language value="en"/><value value="Serbian"/></designation><designation><language value="nl"/><value value="Servisch"/></designation><designation><language value="ru"/><value value="Сербский"/></designation><designation><language value="zh"/><value value="塞尔维亚语"/></designation><designation><language value="de"/><value value="Serbisch"/></designation><designation><language value="da"/><value value="Serbisk"/></designation></concept><concept><code value="sr-SP"/><display value="Serbian (Serbia)"/><designation><language value="en"/><value value="Serbian (Serbia)"/></designation><designation><language value="nl"/><value value="Servisch (Servië)"/></designation><designation><language value="ru"/><value value="Сербский (Сербия)"/></designation><designation><language value="zh"/><value value="塞尔维亚语 （塞尔维亚）"/></designation><designation><language value="de"/><value value="Serbisch (Serbien)"/></designation><designation><language value="da"/><value value="Serbisk (Serbien)"/></designation></concept><concept><code value="sv"/><display value="Swedish"/><designation><language value="en"/><value value="Swedish"/></designation><designation><language value="nl"/><value value="Zweeds"/></designation><designation><language value="ru"/><value value="Шведский"/></designation><designation><language value="zh"/><value value="瑞典语"/></designation><designation><language value="de"/><value value="Schwedisch"/></designation><designation><language value="da"/><value value="Svensk"/></designation></concept><concept><code value="sv-SE"/><display value="Swedish (Sweden)"/><designation><language value="en"/><value value="Swedish (Sweden)"/></designation><designation><language value="nl"/><value value="Zweeds (Zweden)"/></designation><designation><language value="ru"/><value value="Шведский (Швеция)"/></designation><designation><language value="zh"/><value value="瑞典语 （瑞典）"/></designation><designation><language value="de"/><value value="Schwedisch (Schweden)"/></designation><designation><language value="da"/><value value="Svensk (Sverige)"/></designation></concept><concept><code value="te"/><display value="Telegu"/><designation><language value="en"/><value value="Telegu"/></designation><designation><language value="nl"/><value value="Teloegoe"/></designation><designation><language value="ru"/><value value="Телугу"/></designation><designation><language value="zh"/><value value="泰卢固语"/></designation><designation><language value="de"/><value value="Telugu"/></designation><designation><language value="da"/><value value="Telugu"/></designation></concept><concept><code value="zh"/><display value="Chinese"/><designation><language value="en"/><value value="Chinese"/></designation><designation><language value="nl"/><value value="Chinees"/></designation><designation><language value="ru"/><value value="Kитайский"/></designation><designation><language value="zh"/><value value="中文"/></designation><designation><language value="de"/><value value="Chinesisch"/></designation><designation><language value="da"/><value value="Kinesisk"/></designation></concept><concept><code value="zh-CN"/><display value="Chinese (China)"/><designation><language value="en"/><value value="Chinese (China)"/></designation><designation><language value="nl"/><value value="Chinees (China)"/></designation><designation><language value="ru"/><value value="Kитайский (Китай)"/></designation><designation><language value="zh"/><value value="中文 （中国）"/></designation><designation><language value="de"/><value value="Chinesisch (China)"/></designation><designation><language value="da"/><value value="Kinesisk (Kina)"/></designation></concept><concept><code value="zh-HK"/><display value="Chinese (Hong Kong)"/><designation><language value="en"/><value value="Chinese (Hong Kong)"/></designation><designation><language value="nl"/><value value="Chinees (Hong Kong)"/></designation><designation><language value="ru"/><value value="Kитайский (Гонконг)"/></designation><designation><language value="zh"/><value value="中文 （香港特别行政区）"/></designation><designation><language value="de"/><value value="Chinesisch (Hong Kong)"/></designation><designation><language value="da"/><value value="Kinesisk (Hong Kong)"/></designation></concept><concept><code value="zh-SG"/><display value="Chinese (Singapore)"/><designation><language value="en"/><value value="Chinese (Singapore)"/></designation><designation><language value="nl"/><value value="Chinees (Singapore)"/></designation><designation><language value="ru"/><value value="Kитайский (Сингапур)"/></designation><designation><language value="zh"/><value value="中文 （新加坡）"/></designation><designation><language value="de"/><value value="Chinesisch (Singapur)"/></designation><designation><language value="da"/><value value="Kinesisk (Singapore)"/></designation></concept><concept><code value="zh-TW"/><display value="Chinese (Taiwan)"/><designation><language value="en"/><value value="Chinese (Taiwan)"/></designation><designation><language value="nl"/><value value="Chinees (Taiwan)"/></designation><designation><language value="ru"/><value value="Kитайский (Тайвань)"/></designation><designation><language value="zh"/><value value="中文 （台湾）"/></designation><designation><language value="de"/><value value="Chinesisch (Taiwan)"/></designation><designation><language value="da"/><value value="Kinesisk (Taiwan)"/></designation></concept></CodeSystem>