<?xml version="1.0" encoding="UTF-8"?><CodeSystem xmlns="http://hl7.org/fhir"><id value="ehealth-oio-bpp-roles"/><text><status value="generated"/><div xmlns="http://www.w3.org/1999/xhtml"><p class="res-header-id"><b>Generated Narrative: Kodesystem ehealth-oio-bpp-roles</b></p><a name="ehealth-oio-bpp-roles"> </a><a name="hcehealth-oio-bpp-roles"> </a><p>This case-sensitive code system <code>http://ehealth.sundhed.dk/cs/oio-bpp-roles</code> defines the following codes:</p><table class="codes"><tr><td style="white-space:nowrap"><b>Code</b></td><td><b>Display</b></td><td><b>Definition</b></td><td><b>Dansk (Danish, da)</b></td></tr><tr><td style="white-space:nowrap">urn:dk:sundhed:ehealth:role:citizen_enroller<a name="ehealth-oio-bpp-roles-urn.58dk.58sundhed.58ehealth.58role.58citizen_enroller"> </a></td><td>Borgeropretter</td><td>Kan oprette borger i telemedicinsk forløb og tildele borger en foruddefineret plan</td><td>Borgeropretter</td></tr><tr><td style="white-space:nowrap">urn:dk:sundhed:ehealth:role:clinical_viewer<a name="ehealth-oio-bpp-roles-urn.58dk.58sundhed.58ehealth.58role.58clinical_viewer"> </a></td><td>Klinisk se adgang</td><td>Kan se telemedicinske Måledata for at kunne understøtte dagligt ikke-telemedicinsk arbejde rettet på konkret borger</td><td>Klinisk se adgang</td></tr><tr><td style="white-space:nowrap">urn:dk:sundhed:ehealth:role:monitoring_assistor<a name="ehealth-oio-bpp-roles-urn.58dk.58sundhed.58ehealth.58role.58monitoring_assistor"> </a></td><td>Monitoreringsmedhjælper</td><td>Kan håndtere Måledata og kommunikation til/fra borger</td><td>Monitoreringsmedhjælper</td></tr><tr><td style="white-space:nowrap">urn:dk:sundhed:ehealth:role:monitoring_adjuster<a name="ehealth-oio-bpp-roles-urn.58dk.58sundhed.58ehealth.58role.58monitoring_adjuster"> </a></td><td>Monitoreringstilretter</td><td>Kan håndtere og ændre i Måleregime, Grænseværdier og telemedicinsk forløb/pakke til borger</td><td>Monitoreringstilretter</td></tr><tr><td style="white-space:nowrap">urn:dk:sundhed:ehealth:role:report_user<a name="ehealth-oio-bpp-roles-urn.58dk.58sundhed.58ehealth.58role.58report_user"> </a></td><td>Nøgletalsmedarbejder</td><td>Kan udføre datatrækning, rapporter og statistik</td><td>Nøgletalsmedarbejder</td></tr><tr><td style="white-space:nowrap">urn:dk:sundhed:ehealth:role:questionnaire_editor<a name="ehealth-oio-bpp-roles-urn.58dk.58sundhed.58ehealth.58role.58questionnaire_editor"> </a></td><td>Sundhedsfaglig spørgeskemaeditor</td><td>Kan udarbejde, ændre og teste Spørgeskema</td><td>Sundhedsfaglig spørgeskemaeditor</td></tr><tr><td style="white-space:nowrap">urn:dk:sundhed:ehealth:role:clinical_administrator<a name="ehealth-oio-bpp-roles-urn.58dk.58sundhed.58ehealth.58role.58clinical_administrator"> </a></td><td>Pakke- og forløbsbygger</td><td>Kan udvælge Spørgeskema/Måling, sammensætte indholdet af pakker og forløb, navngive pakke/forløb og tilrette de generelle Grænseværdier</td><td>Pakke- og forløbsbygger</td></tr><tr><td style="white-space:nowrap">urn:dk:sundhed:ehealth:role:clinical_supporter<a name="ehealth-oio-bpp-roles-urn.58dk.58sundhed.58ehealth.58role.58clinical_supporter"> </a></td><td>Klinisk supporter</td><td>Kan undersøge hændelser ud fra div. kriterier fx borger, bruger, dato, hændelse</td><td>Klinisk supporter</td></tr><tr><td style="white-space:nowrap">urn:dk:sundhed:ehealth:role:careteam_administrator<a name="ehealth-oio-bpp-roles-urn.58dk.58sundhed.58ehealth.58role.58careteam_administrator"> </a></td><td>Care Team administrator</td><td>Kan håndtere Care Teams i den telemedicinske løsning</td><td>Care Team administrator</td></tr><tr><td style="white-space:nowrap">urn:dk:sundhed:ehealth:role:order_placer<a name="ehealth-oio-bpp-roles-urn.58dk.58sundhed.58ehealth.58role.58order_placer"> </a></td><td>Bestiller af udstyr</td><td>Håndterer bestilling af telemedicinsk udstyr ud fra lokale aftaler</td><td>Bestiller af udstyr</td></tr><tr><td style="white-space:nowrap">urn:dk:sundhed:ehealth:role:service_and_logistics<a name="ehealth-oio-bpp-roles-urn.58dk.58sundhed.58ehealth.58role.58service_and_logistics"> </a></td><td>Service og logistik samarbejdspartner</td><td>Kan håndtere bestilling ud fra lokale aftaler</td><td>Service og logistik samarbejdspartner</td></tr><tr><td style="white-space:nowrap">urn:dk:sundhed:ehealth:role:incident_reporter<a name="ehealth-oio-bpp-roles-urn.58dk.58sundhed.58ehealth.58role.58incident_reporter"> </a></td><td>Fejlmelder</td><td>Kan indberette fejl på telemedicinske løsninger og udstyr</td><td>Fejlmelder</td></tr><tr><td style="white-space:nowrap">urn:dk:sundhed:ehealth:role:incident_manager<a name="ehealth-oio-bpp-roles-urn.58dk.58sundhed.58ehealth.58role.58incident_manager"> </a></td><td>Support samarbejdspartner</td><td>Kan håndtere fejlmelding ud fra lokale aftaler</td><td>Support samarbejdspartner</td></tr><tr><td style="white-space:nowrap">urn:dk:sundhed:ehealth:role:terminology_administrator<a name="ehealth-oio-bpp-roles-urn.58dk.58sundhed.58ehealth.58role.58terminology_administrator"> </a></td><td>Terminologiadministrator</td><td>Oprette og vedligeholde terminologi</td><td>Terminologiadministrator</td></tr><tr><td style="white-space:nowrap">urn:dk:sundhed:ehealth:role:ssl_catalogue_responsible<a name="ehealth-oio-bpp-roles-urn.58dk.58sundhed.58ehealth.58role.58ssl_catalogue_responsible"> </a></td><td>Katalogansvarlig</td><td>Oprette og vedligeholde SSL kataloger</td><td>Katalogansvarlig</td></tr><tr><td style="white-space:nowrap">urn:dk:sundhed:ehealth:role:ssl_catalogue_annotator<a name="ehealth-oio-bpp-roles-urn.58dk.58sundhed.58ehealth.58role.58ssl_catalogue_annotator"> </a></td><td>Katalogopmærker</td><td>Opmærke varer og serviceydelser i SSL kataloger</td><td>Katalogopmærker</td></tr><tr><td style="white-space:nowrap">urn:dk:sundhed:ehealth:role:ssl_contract_responsible<a name="ehealth-oio-bpp-roles-urn.58dk.58sundhed.58ehealth.58role.58ssl_contract_responsible"> </a></td><td>Aftaleansvarlig</td><td>Oprette og rette SSL samarbejdsaftaler</td><td>Aftaleansvarlig</td></tr><tr><td style="white-space:nowrap">http://ehealth.seb.dk/roles/usersystemrole/citizen_enroller/1<a name="ehealth-oio-bpp-roles-http.58.47.47ehealth.46seb.46dk.47roles.47usersystemrole.47citizen_enroller.471"> </a></td><td>Borgeropretter</td><td>Kan oprette borger i telemedicinsk forløb og tildele borger en foruddefineret plan</td><td>Borgeropretter</td></tr><tr><td style="white-space:nowrap">http://ehealth.seb.dk/roles/usersystemrole/clinical_viewer/1<a name="ehealth-oio-bpp-roles-http.58.47.47ehealth.46seb.46dk.47roles.47usersystemrole.47clinical_viewer.471"> </a></td><td>Klinisk se adgang</td><td>Kan se telemedicinske Måledata for at kunne understøtte dagligt ikke-telemedicinsk arbejde rettet på konkret borger</td><td>Klinisk se adgang</td></tr><tr><td style="white-space:nowrap">http://ehealth.seb.dk/roles/usersystemrole/monitoring_assistor/1<a name="ehealth-oio-bpp-roles-http.58.47.47ehealth.46seb.46dk.47roles.47usersystemrole.47monitoring_assistor.471"> </a></td><td>Monitoreringsmedhjælper</td><td>Kan håndtere Måledata og kommunikation til/fra borger</td><td>Monitoreringsmedhjælper</td></tr><tr><td style="white-space:nowrap">http://ehealth.seb.dk/roles/usersystemrole/monitoring_adjuster/1<a name="ehealth-oio-bpp-roles-http.58.47.47ehealth.46seb.46dk.47roles.47usersystemrole.47monitoring_adjuster.471"> </a></td><td>Monitoreringstilretter</td><td>Kan håndtere og ændre i Måleregime, Grænseværdier og telemedicinsk forløb/pakke til borger</td><td>Monitoreringstilretter</td></tr><tr><td style="white-space:nowrap">http://ehealth.seb.dk/roles/usersystemrole/report_user/1<a name="ehealth-oio-bpp-roles-http.58.47.47ehealth.46seb.46dk.47roles.47usersystemrole.47report_user.471"> </a></td><td>Nøgletalsmedarbejder</td><td>Kan udføre datatrækning, rapporter og statistik</td><td>Nøgletalsmedarbejder</td></tr><tr><td style="white-space:nowrap">http://ehealth.seb.dk/roles/usersystemrole/questionnaire_editor/1<a name="ehealth-oio-bpp-roles-http.58.47.47ehealth.46seb.46dk.47roles.47usersystemrole.47questionnaire_editor.471"> </a></td><td>Sundhedsfaglig spørgeskemaeditor</td><td>Kan udarbejde, ændre og teste Spørgeskema</td><td>Sundhedsfaglig spørgeskemaeditor</td></tr><tr><td style="white-space:nowrap">http://ehealth.seb.dk/roles/usersystemrole/clinical_administrator/1<a name="ehealth-oio-bpp-roles-http.58.47.47ehealth.46seb.46dk.47roles.47usersystemrole.47clinical_administrator.471"> </a></td><td>Pakke- og forløbsbygger</td><td>Kan udvælge Spørgeskema/Måling, sammensætte indholdet af pakker og forløb, navngive pakke/forløb og tilrette de generelle Grænseværdier</td><td>Pakke- og forløbsbygger</td></tr><tr><td style="white-space:nowrap">http://ehealth.seb.dk/roles/usersystemrole/clinical_supporter/1<a name="ehealth-oio-bpp-roles-http.58.47.47ehealth.46seb.46dk.47roles.47usersystemrole.47clinical_supporter.471"> </a></td><td>Klinisk supporter</td><td>Kan undersøge hændelser ud fra div. kriterier fx borger, bruger, dato, hændelse</td><td>Klinisk supporter</td></tr><tr><td style="white-space:nowrap">http://ehealth.seb.dk/roles/usersystemrole/careteam_administrator/1<a name="ehealth-oio-bpp-roles-http.58.47.47ehealth.46seb.46dk.47roles.47usersystemrole.47careteam_administrator.471"> </a></td><td>Care Team administrator</td><td>Kan håndtere Care Teams i den telemedicinske løsning</td><td>Care Team administrator</td></tr><tr><td style="white-space:nowrap">http://ehealth.seb.dk/roles/usersystemrole/order_placer/1<a name="ehealth-oio-bpp-roles-http.58.47.47ehealth.46seb.46dk.47roles.47usersystemrole.47order_placer.471"> </a></td><td>Bestiller af udstyr</td><td>Håndterer bestilling af telemedicinsk udstyr ud fra lokale aftaler</td><td>Bestiller af udstyr</td></tr><tr><td style="white-space:nowrap">http://ehealth.seb.dk/roles/usersystemrole/service_and_logistics/1<a name="ehealth-oio-bpp-roles-http.58.47.47ehealth.46seb.46dk.47roles.47usersystemrole.47service_and_logistics.471"> </a></td><td>Service og logistik samarbejdspartner</td><td>Kan håndtere bestilling ud fra lokale aftaler</td><td>Service og logistik samarbejdspartner</td></tr><tr><td style="white-space:nowrap">http://ehealth.seb.dk/roles/usersystemrole/incident_reporter/1<a name="ehealth-oio-bpp-roles-http.58.47.47ehealth.46seb.46dk.47roles.47usersystemrole.47incident_reporter.471"> </a></td><td>Fejlmelder</td><td>Kan indberette fejl på telemedicinske løsninger og udstyr</td><td>Fejlmelder</td></tr><tr><td style="white-space:nowrap">http://ehealth.seb.dk/roles/usersystemrole/incident_manager/1<a name="ehealth-oio-bpp-roles-http.58.47.47ehealth.46seb.46dk.47roles.47usersystemrole.47incident_manager.471"> </a></td><td>Support samarbejdspartner</td><td>Kan håndtere fejlmelding ud fra lokale aftaler</td><td>Support samarbejdspartner</td></tr><tr><td style="white-space:nowrap">http://ehealth.seb.dk/roles/usersystemrole/terminology_administrator/1<a name="ehealth-oio-bpp-roles-http.58.47.47ehealth.46seb.46dk.47roles.47usersystemrole.47terminology_administrator.471"> </a></td><td>Terminologiadministrator</td><td>Oprette og vedligeholde terminologi</td><td>Terminologiadministrator</td></tr><tr><td style="white-space:nowrap">http://ehealth.seb.dk/roles/usersystemrole/ssl_catalogue_responsible/1<a name="ehealth-oio-bpp-roles-http.58.47.47ehealth.46seb.46dk.47roles.47usersystemrole.47ssl_catalogue_responsible.471"> </a></td><td>Katalogansvarlig</td><td>Oprette og vedligeholde SSL kataloger</td><td>Katalogansvarlig</td></tr><tr><td style="white-space:nowrap">http://ehealth.seb.dk/roles/usersystemrole/ssl_catalogue_annotator/1<a name="ehealth-oio-bpp-roles-http.58.47.47ehealth.46seb.46dk.47roles.47usersystemrole.47ssl_catalogue_annotator.471"> </a></td><td>Katalogopmærker</td><td>Opmærke varer og serviceydelser i SSL kataloger</td><td>Katalogopmærker</td></tr><tr><td style="white-space:nowrap">http://ehealth.seb.dk/roles/usersystemrole/ssl_contract_responsible/1<a name="ehealth-oio-bpp-roles-http.58.47.47ehealth.46seb.46dk.47roles.47usersystemrole.47ssl_contract_responsible.471"> </a></td><td>Aftaleansvarlig</td><td>Oprette og rette SSL samarbejdsaftaler</td><td>Aftaleansvarlig</td></tr></table></div></text><url value="http://ehealth.sundhed.dk/cs/oio-bpp-roles"/><version value="5.0.1"/><name value="OIOBPPRole"/><title value="OIO-BPP Role"/><status value="active"/><experimental value="false"/><date value="2019-12-02T00:00:00+00:00"/><publisher value="Den telemedicinske infrastruktur (eHealth Infrastructure)"/><contact><name value="Den telemedicinske infrastruktur (eHealth Infrastructure)"/><telecom><system value="url"/><value value="http://ehealth.sundhed.dk"/></telecom></contact><description value="OIO BPP Role"/><jurisdiction><coding><system value="urn:iso:std:iso:3166"/><code value="DK"/><display value="Denmark"/></coding></jurisdiction><caseSensitive value="true"/><content value="complete"/><concept><code value="urn:dk:sundhed:ehealth:role:citizen_enroller"/><display value="Borgeropretter"/><definition value="Kan oprette borger i telemedicinsk forløb og tildele borger en foruddefineret plan"/><designation><language value="da"/><value value="Borgeropretter"/></designation></concept><concept><code value="urn:dk:sundhed:ehealth:role:clinical_viewer"/><display value="Klinisk se adgang"/><definition value="Kan se telemedicinske Måledata for at kunne understøtte dagligt ikke-telemedicinsk arbejde rettet på konkret borger"/><designation><language value="da"/><value value="Klinisk se adgang"/></designation></concept><concept><code value="urn:dk:sundhed:ehealth:role:monitoring_assistor"/><display value="Monitoreringsmedhjælper"/><definition value="Kan håndtere Måledata og kommunikation til/fra borger"/><designation><language value="da"/><value value="Monitoreringsmedhjælper"/></designation></concept><concept><code value="urn:dk:sundhed:ehealth:role:monitoring_adjuster"/><display value="Monitoreringstilretter"/><definition value="Kan håndtere og ændre i Måleregime, Grænseværdier og telemedicinsk forløb/pakke til borger"/><designation><language value="da"/><value value="Monitoreringstilretter"/></designation></concept><concept><code value="urn:dk:sundhed:ehealth:role:report_user"/><display value="Nøgletalsmedarbejder"/><definition value="Kan udføre datatrækning, rapporter og statistik"/><designation><language value="da"/><value value="Nøgletalsmedarbejder"/></designation></concept><concept><code value="urn:dk:sundhed:ehealth:role:questionnaire_editor"/><display value="Sundhedsfaglig spørgeskemaeditor"/><definition value="Kan udarbejde, ændre og teste Spørgeskema"/><designation><language value="da"/><value value="Sundhedsfaglig spørgeskemaeditor"/></designation></concept><concept><code value="urn:dk:sundhed:ehealth:role:clinical_administrator"/><display value="Pakke- og forløbsbygger"/><definition value="Kan udvælge Spørgeskema/Måling, sammensætte indholdet af pakker og forløb, navngive pakke/forløb og tilrette de generelle Grænseværdier"/><designation><language value="da"/><value value="Pakke- og forløbsbygger"/></designation></concept><concept><code value="urn:dk:sundhed:ehealth:role:clinical_supporter"/><display value="Klinisk supporter"/><definition value="Kan undersøge hændelser ud fra div. kriterier fx borger, bruger, dato, hændelse"/><designation><language value="da"/><value value="Klinisk supporter"/></designation></concept><concept><code value="urn:dk:sundhed:ehealth:role:careteam_administrator"/><display value="Care Team administrator"/><definition value="Kan håndtere Care Teams i den telemedicinske løsning"/><designation><language value="da"/><value value="Care Team administrator"/></designation></concept><concept><code value="urn:dk:sundhed:ehealth:role:order_placer"/><display value="Bestiller af udstyr"/><definition value="Håndterer bestilling af telemedicinsk udstyr ud fra lokale aftaler"/><designation><language value="da"/><value value="Bestiller af udstyr"/></designation></concept><concept><code value="urn:dk:sundhed:ehealth:role:service_and_logistics"/><display value="Service og logistik samarbejdspartner"/><definition value="Kan håndtere bestilling ud fra lokale aftaler"/><designation><language value="da"/><value value="Service og logistik samarbejdspartner"/></designation></concept><concept><code value="urn:dk:sundhed:ehealth:role:incident_reporter"/><display value="Fejlmelder"/><definition value="Kan indberette fejl på telemedicinske løsninger og udstyr"/><designation><language value="da"/><value value="Fejlmelder"/></designation></concept><concept><code value="urn:dk:sundhed:ehealth:role:incident_manager"/><display value="Support samarbejdspartner"/><definition value="Kan håndtere fejlmelding ud fra lokale aftaler"/><designation><language value="da"/><value value="Support samarbejdspartner"/></designation></concept><concept><code value="urn:dk:sundhed:ehealth:role:terminology_administrator"/><display value="Terminologiadministrator"/><definition value="Oprette og vedligeholde terminologi"/><designation><language value="da"/><value value="Terminologiadministrator"/></designation></concept><concept><code value="urn:dk:sundhed:ehealth:role:ssl_catalogue_responsible"/><display value="Katalogansvarlig"/><definition value="Oprette og vedligeholde SSL kataloger"/><designation><language value="da"/><value value="Katalogansvarlig"/></designation></concept><concept><code value="urn:dk:sundhed:ehealth:role:ssl_catalogue_annotator"/><display value="Katalogopmærker"/><definition value="Opmærke varer og serviceydelser i SSL kataloger"/><designation><language value="da"/><value value="Katalogopmærker"/></designation></concept><concept><code value="urn:dk:sundhed:ehealth:role:ssl_contract_responsible"/><display value="Aftaleansvarlig"/><definition value="Oprette og rette SSL samarbejdsaftaler"/><designation><language value="da"/><value value="Aftaleansvarlig"/></designation></concept><concept><code value="http://ehealth.seb.dk/roles/usersystemrole/citizen_enroller/1"/><display value="Borgeropretter"/><definition value="Kan oprette borger i telemedicinsk forløb og tildele borger en foruddefineret plan"/><designation><language value="da"/><value value="Borgeropretter"/></designation></concept><concept><code value="http://ehealth.seb.dk/roles/usersystemrole/clinical_viewer/1"/><display value="Klinisk se adgang"/><definition value="Kan se telemedicinske Måledata for at kunne understøtte dagligt ikke-telemedicinsk arbejde rettet på konkret borger"/><designation><language value="da"/><value value="Klinisk se adgang"/></designation></concept><concept><code value="http://ehealth.seb.dk/roles/usersystemrole/monitoring_assistor/1"/><display value="Monitoreringsmedhjælper"/><definition value="Kan håndtere Måledata og kommunikation til/fra borger"/><designation><language value="da"/><value value="Monitoreringsmedhjælper"/></designation></concept><concept><code value="http://ehealth.seb.dk/roles/usersystemrole/monitoring_adjuster/1"/><display value="Monitoreringstilretter"/><definition value="Kan håndtere og ændre i Måleregime, Grænseværdier og telemedicinsk forløb/pakke til borger"/><designation><language value="da"/><value value="Monitoreringstilretter"/></designation></concept><concept><code value="http://ehealth.seb.dk/roles/usersystemrole/report_user/1"/><display value="Nøgletalsmedarbejder"/><definition value="Kan udføre datatrækning, rapporter og statistik"/><designation><language value="da"/><value value="Nøgletalsmedarbejder"/></designation></concept><concept><code value="http://ehealth.seb.dk/roles/usersystemrole/questionnaire_editor/1"/><display value="Sundhedsfaglig spørgeskemaeditor"/><definition value="Kan udarbejde, ændre og teste Spørgeskema"/><designation><language value="da"/><value value="Sundhedsfaglig spørgeskemaeditor"/></designation></concept><concept><code value="http://ehealth.seb.dk/roles/usersystemrole/clinical_administrator/1"/><display value="Pakke- og forløbsbygger"/><definition value="Kan udvælge Spørgeskema/Måling, sammensætte indholdet af pakker og forløb, navngive pakke/forløb og tilrette de generelle Grænseværdier"/><designation><language value="da"/><value value="Pakke- og forløbsbygger"/></designation></concept><concept><code value="http://ehealth.seb.dk/roles/usersystemrole/clinical_supporter/1"/><display value="Klinisk supporter"/><definition value="Kan undersøge hændelser ud fra div. kriterier fx borger, bruger, dato, hændelse"/><designation><language value="da"/><value value="Klinisk supporter"/></designation></concept><concept><code value="http://ehealth.seb.dk/roles/usersystemrole/careteam_administrator/1"/><display value="Care Team administrator"/><definition value="Kan håndtere Care Teams i den telemedicinske løsning"/><designation><language value="da"/><value value="Care Team administrator"/></designation></concept><concept><code value="http://ehealth.seb.dk/roles/usersystemrole/order_placer/1"/><display value="Bestiller af udstyr"/><definition value="Håndterer bestilling af telemedicinsk udstyr ud fra lokale aftaler"/><designation><language value="da"/><value value="Bestiller af udstyr"/></designation></concept><concept><code value="http://ehealth.seb.dk/roles/usersystemrole/service_and_logistics/1"/><display value="Service og logistik samarbejdspartner"/><definition value="Kan håndtere bestilling ud fra lokale aftaler"/><designation><language value="da"/><value value="Service og logistik samarbejdspartner"/></designation></concept><concept><code value="http://ehealth.seb.dk/roles/usersystemrole/incident_reporter/1"/><display value="Fejlmelder"/><definition value="Kan indberette fejl på telemedicinske løsninger og udstyr"/><designation><language value="da"/><value value="Fejlmelder"/></designation></concept><concept><code value="http://ehealth.seb.dk/roles/usersystemrole/incident_manager/1"/><display value="Support samarbejdspartner"/><definition value="Kan håndtere fejlmelding ud fra lokale aftaler"/><designation><language value="da"/><value value="Support samarbejdspartner"/></designation></concept><concept><code value="http://ehealth.seb.dk/roles/usersystemrole/terminology_administrator/1"/><display value="Terminologiadministrator"/><definition value="Oprette og vedligeholde terminologi"/><designation><language value="da"/><value value="Terminologiadministrator"/></designation></concept><concept><code value="http://ehealth.seb.dk/roles/usersystemrole/ssl_catalogue_responsible/1"/><display value="Katalogansvarlig"/><definition value="Oprette og vedligeholde SSL kataloger"/><designation><language value="da"/><value value="Katalogansvarlig"/></designation></concept><concept><code value="http://ehealth.seb.dk/roles/usersystemrole/ssl_catalogue_annotator/1"/><display value="Katalogopmærker"/><definition value="Opmærke varer og serviceydelser i SSL kataloger"/><designation><language value="da"/><value value="Katalogopmærker"/></designation></concept><concept><code value="http://ehealth.seb.dk/roles/usersystemrole/ssl_contract_responsible/1"/><display value="Aftaleansvarlig"/><definition value="Oprette og rette SSL samarbejdsaftaler"/><designation><language value="da"/><value value="Aftaleansvarlig"/></designation></concept></CodeSystem>