<?xml version="1.0" encoding="UTF-8"?><CodeSystem xmlns="http://hl7.org/fhir"><id value="ehealth-overviewUsageMode"/><text><status value="generated"/><div xmlns="http://www.w3.org/1999/xhtml"><p class="res-header-id"><b>Generated Narrative: CodeSystem ehealth-overviewUsageMode</b></p><a name="ehealth-overviewUsageMode"> </a><a name="hcehealth-overviewUsageMode"> </a><a name="hcehealth-overviewUsageMode-en-US"> </a><p>This case-sensitive code system <code>http://ehealth.sundhed.dk/cs/overviewUsageMode</code> defines the following codes:</p><table class="codes"><tr><td style="white-space:nowrap"><b>Code</b></td><td><b>Display</b></td><td><b>Definition</b></td><td><b>Dansk (Danish, da)</b></td></tr><tr><td style="white-space:nowrap">no-display<a name="ehealth-overviewUsageMode-no-display"> </a></td><td>Do not display</td><td>Do not render in overview display</td><td>Ingen visning</td></tr><tr><td style="white-space:nowrap">display-all<a name="ehealth-overviewUsageMode-display-all"> </a></td><td>Display all items</td><td>Render all questions and answers regardless of Questionnaire settings</td><td>Vis alle spørgsmål og svar</td></tr><tr><td style="white-space:nowrap">display-item<a name="ehealth-overviewUsageMode-display-item"> </a></td><td>Display item</td><td>Render item in overview display</td><td>Vis spørgsmål og svar</td></tr><tr><td style="white-space:nowrap">display-result<a name="ehealth-overviewUsageMode-display-result"> </a></td><td>Display result</td><td>Render result for item in overview display</td><td>Vis måling</td></tr><tr><td style="white-space:nowrap">no-item-display<a name="ehealth-overviewUsageMode-no-item-display"> </a></td><td>Do not render item in overview display</td><td>Do not render item in overview display</td><td>Vis ikke elementet i oversigtsvisning</td></tr><tr><td style="white-space:nowrap">no-result-display<a name="ehealth-overviewUsageMode-no-result-display"> </a></td><td>Do not render result for item in overview display</td><td>Do not render result for item in overview display</td><td>Vis ikke måledata for elementet i oversigtsvisning</td></tr></table></div></text><url value="http://ehealth.sundhed.dk/cs/overviewUsageMode"/><version value="3.1.0"/><name value="overviewUsageMode"/><title value="Overview usage mode"/><status value="active"/><experimental value="false"/><date value="2022-03-17T00:00:00+00:00"/><publisher value="Den telemedicinske infrastruktur (eHealth Infrastructure)"/><contact><name value="Den telemedicinske infrastruktur (eHealth Infrastructure)"/><telecom><system value="url"/><value value="http://ehealth.sundhed.dk"/></telecom></contact><description value="Identifies whether the specified element and/or results of the element should appear in overview or table presentation."/><caseSensitive value="true"/><content value="complete"/><concept><code value="no-display"/><display value="Do not display"/><definition value="Do not render in overview display"/><designation><language value="da"/><value value="Ingen visning"/></designation></concept><concept><code value="display-all"/><display value="Display all items"/><definition value="Render all questions and answers regardless of Questionnaire settings"/><designation><language value="da"/><value value="Vis alle spørgsmål og svar"/></designation></concept><concept><code value="display-item"/><display value="Display item"/><definition value="Render item in overview display"/><designation><language value="da"/><value value="Vis spørgsmål og svar"/></designation></concept><concept><code value="display-result"/><display value="Display result"/><definition value="Render result for item in overview display"/><designation><language value="da"/><value value="Vis måling"/></designation></concept><concept><code value="no-item-display"/><display value="Do not render item in overview display"/><definition value="Do not render item in overview display"/><designation><language value="da"/><value value="Vis ikke elementet i oversigtsvisning"/></designation><property><code value="deprecated"/><valueDateTime value="2022-03-17"/></property></concept><concept><code value="no-result-display"/><display value="Do not render result for item in overview display"/><definition value="Do not render result for item in overview display"/><designation><language value="da"/><value value="Vis ikke måledata for elementet i oversigtsvisning"/></designation><property><code value="deprecated"/><valueDateTime value="2022-03-17"/></property></concept></CodeSystem>