<?xml version="1.0" encoding="UTF-8"?><CodeSystem xmlns="http://hl7.org/fhir"><id value="ehealth-conditions"/><text><status value="generated"/><div xmlns="http://www.w3.org/1999/xhtml"><p class="res-header-id"><b>Generated Narrative: Kodesystem ehealth-conditions</b></p><a name="ehealth-conditions"> </a><a name="hcehealth-conditions"> </a><p><b>Properties</b></p><p><b>This code system defines the following properties for its concepts</b></p><table class="grid"><tr><td><b>Name</b></td><td><b>Code</b></td><td><b>URI</b></td><td><b>Type</b></td><td><b>Description</b></td></tr><tr><td>Deprecated</td><td>deprecated</td><td>http://hl7.org/fhir/concept-properties#deprecated</td><td>dateTime</td><td>Indicates that the concept is deprecated and should not be used</td></tr></table><p><b>Concepts</b></p><p>This case-sensitive code system <code>http://ehealth.sundhed.dk/cs/conditions</code> defines the following codes:</p><table class="codes"><tr><td style="white-space:nowrap"><b>Code</b></td><td><b>Display</b></td><td><b>Definition</b></td><td><b>Deprecated</b></td></tr><tr><td style="white-space:nowrap">TBD<a name="ehealth-conditions-TBD"> </a></td><td>Example value - Under construction</td><td>Example value - Under construction</td><td>2020-02-03</td></tr><tr><td style="white-space:nowrap">TBD2<a name="ehealth-conditions-TBD2"> </a></td><td>Example value 2 - Under construction</td><td>Example value 2 - Under construction</td><td>2020-02-03</td></tr></table></div></text><url value="http://ehealth.sundhed.dk/cs/conditions"/><version value="4.0.0"/><name value="Conditions"/><title value="Conditions"/><status value="active"/><experimental value="false"/><date value="2019-01-29T00:00:00+00:00"/><publisher value="Den telemedicinske infrastruktur (eHealth Infrastructure)"/><contact><name value="Den telemedicinske infrastruktur (eHealth Infrastructure)"/><telecom><system value="url"/><value value="http://ehealth.sundhed.dk"/></telecom></contact><description value="Condition codes"/><jurisdiction><coding><system value="urn:iso:std:iso:3166"/><code value="DK"/><display value="Denmark"/></coding></jurisdiction><caseSensitive value="true"/><content value="complete"/><property><code value="deprecated"/><uri value="http://hl7.org/fhir/concept-properties#deprecated"/><description value="Indicates that the concept is deprecated and should not be used"/><type value="dateTime"/></property><concept><code value="TBD"/><display value="Example value - Under construction"/><definition value="Example value - Under construction"/><property><code value="deprecated"/><valueDateTime value="2020-02-03"/></property></concept><concept><code value="TBD2"/><display value="Example value 2 - Under construction"/><definition value="Example value 2 - Under construction"/><property><code value="deprecated"/><valueDateTime value="2020-02-03"/></property></concept></CodeSystem>