<?xml version="1.0" encoding="UTF-8"?><CodeSystem xmlns="http://hl7.org/fhir"><id value="hl7.org-fhir-days-of-week"/><text><status value="generated"/><div xmlns="http://www.w3.org/1999/xhtml"><p class="res-header-id"><b>Generated Narrative: CodeSystem hl7.org-fhir-days-of-week</b></p><a name="hl7.org-fhir-days-of-week"> </a><a name="hchl7.org-fhir-days-of-week"> </a><p>This code system supplement <code>http://hl7.org/fhir/days-of-week</code> defines displays on the following codes:</p><table class="codes"><tr><td style="white-space:nowrap"><b>Code</b></td><td><b>Display</b></td><td><b>Definition</b></td><td><b>Dansk (Danish, da)</b></td></tr><tr><td><a style="white-space:nowrap" href="CodeSystem-hl7.org-fhir-days-of-week.html#hl7.org-fhir-days-of-week-mon">mon</a><a name="hl7.org-fhir-days-of-week-mon"> </a></td><td>Monday</td><td>Monday</td><td>Mandag</td></tr><tr><td><a style="white-space:nowrap" href="CodeSystem-hl7.org-fhir-days-of-week.html#hl7.org-fhir-days-of-week-tue">tue</a><a name="hl7.org-fhir-days-of-week-tue"> </a></td><td>Tuesday</td><td>Tuesday</td><td>Tirsdag</td></tr><tr><td><a style="white-space:nowrap" href="CodeSystem-hl7.org-fhir-days-of-week.html#hl7.org-fhir-days-of-week-wed">wed</a><a name="hl7.org-fhir-days-of-week-wed"> </a></td><td>Wednesday</td><td>Wednesday</td><td>Onsdag</td></tr><tr><td><a style="white-space:nowrap" href="CodeSystem-hl7.org-fhir-days-of-week.html#hl7.org-fhir-days-of-week-thu">thu</a><a name="hl7.org-fhir-days-of-week-thu"> </a></td><td>Thursday</td><td>Thursday</td><td>Torsdag</td></tr><tr><td><a style="white-space:nowrap" href="CodeSystem-hl7.org-fhir-days-of-week.html#hl7.org-fhir-days-of-week-fri">fri</a><a name="hl7.org-fhir-days-of-week-fri"> </a></td><td>Friday</td><td>Friday</td><td>Fredag</td></tr><tr><td><a style="white-space:nowrap" href="CodeSystem-hl7.org-fhir-days-of-week.html#hl7.org-fhir-days-of-week-sat">sat</a><a name="hl7.org-fhir-days-of-week-sat"> </a></td><td>Saturday</td><td>Saturday</td><td>Lørdag</td></tr><tr><td><a style="white-space:nowrap" href="CodeSystem-hl7.org-fhir-days-of-week.html#hl7.org-fhir-days-of-week-sun">sun</a><a name="hl7.org-fhir-days-of-week-sun"> </a></td><td>Sunday</td><td>Sunday</td><td>Søndag</td></tr></table></div></text><extension url="http://hl7.org/fhir/StructureDefinition/structuredefinition-wg"><valueCode value="pa"/></extension><extension url="http://hl7.org/fhir/StructureDefinition/structuredefinition-standards-status"><valueCode value="normative"/></extension><extension url="http://hl7.org/fhir/StructureDefinition/structuredefinition-normative-version"><valueCode value="4.0.0"/></extension><extension url="http://hl7.org/fhir/StructureDefinition/structuredefinition-fmm"><valueInteger value="5"/></extension><url value="http://hl7.org/fhir/days-of-week"/><version value="6.0.0"/><name value="DaysOfWeek"/><title value="Days Of Week"/><status value="active"/><experimental value="false"/><date value="2021-10-27T13:27:27+00:00"/><publisher value="Den telemedicinske infrastruktur (eHealth Infrastructure)"/><contact><name value="Den telemedicinske infrastruktur (eHealth Infrastructure)"/><telecom><system value="url"/><value value="http://ehealth.sundhed.dk"/></telecom></contact><description value="The days of the week."/><jurisdiction><coding><system value="urn:iso:std:iso:3166"/><code value="DK"/><display value="Denmark"/></coding></jurisdiction><content value="supplement"/><supplements value="http://hl7.org/fhir/days-of-week"/><concept><code value="mon"/><display value="Monday"/><definition value="Monday"/><designation><language value="da"/><use><system value="http://snomed.info/sct"/><code value="900000000000013009"/></use><value value="Mandag"/></designation></concept><concept><code value="tue"/><display value="Tuesday"/><definition value="Tuesday"/><designation><language value="da"/><use><system value="http://snomed.info/sct"/><code value="900000000000013009"/></use><value value="Tirsdag"/></designation></concept><concept><code value="wed"/><display value="Wednesday"/><definition value="Wednesday"/><designation><language value="da"/><use><system value="http://snomed.info/sct"/><code value="900000000000013009"/></use><value value="Onsdag"/></designation></concept><concept><code value="thu"/><display value="Thursday"/><definition value="Thursday"/><designation><language value="da"/><use><system value="http://snomed.info/sct"/><code value="900000000000013009"/></use><value value="Torsdag"/></designation></concept><concept><code value="fri"/><display value="Friday"/><definition value="Friday"/><designation><language value="da"/><use><system value="http://snomed.info/sct"/><code value="900000000000013009"/></use><value value="Fredag"/></designation></concept><concept><code value="sat"/><display value="Saturday"/><definition value="Saturday"/><designation><language value="da"/><use><system value="http://snomed.info/sct"/><code value="900000000000013009"/></use><value value="Lørdag"/></designation></concept><concept><code value="sun"/><display value="Sunday"/><definition value="Sunday"/><designation><language value="da"/><use><system value="http://snomed.info/sct"/><code value="900000000000013009"/></use><value value="Søndag"/></designation></concept></CodeSystem>