<?xml version="1.0" encoding="UTF-8"?><CodeSystem xmlns="http://hl7.org/fhir"><id value="fs3-health-pain-and-sensory-impressions"/><text><status value="generated"/><div xmlns="http://www.w3.org/1999/xhtml"><p class="res-header-id"><b>Generated Narrative: Kodesystem fs3-health-pain-and-sensory-impressions</b></p><a name="fs3-health-pain-and-sensory-impressions"> </a><a name="hcfs3-health-pain-and-sensory-impressions"> </a><p>This  code system <code>http://ehealth.sundhed.dk/cs/fs3-health-pain-and-sensory-impressions</code> defines the following codes:</p><table class="codes"><tr><td style="white-space:nowrap"><b>Code</b></td><td><b>Display</b></td><td><b>Dansk (Danish, da)</b></td></tr><tr><td style="white-space:nowrap">ACUTE_PAIN<a name="fs3-health-pain-and-sensory-impressions-ACUTE_PAIN"> </a></td><td>Akutte smerter</td><td>Akutte smerter</td></tr><tr><td style="white-space:nowrap">PERIODIC_PAIN<a name="fs3-health-pain-and-sensory-impressions-PERIODIC_PAIN"> </a></td><td>Periodevise smerter</td><td>Periodevise smerter</td></tr><tr><td style="white-space:nowrap">CHRONIC_PAIN<a name="fs3-health-pain-and-sensory-impressions-CHRONIC_PAIN"> </a></td><td>Kroniske smerter</td><td>Kroniske smerter</td></tr><tr><td style="white-space:nowrap">SENSE_SIGHT<a name="fs3-health-pain-and-sensory-impressions-SENSE_SIGHT"> </a></td><td>Problemer med synssans</td><td>Problemer med synssans</td></tr><tr><td style="white-space:nowrap">SENSE_SMELL<a name="fs3-health-pain-and-sensory-impressions-SENSE_SMELL"> </a></td><td>Problemer med lugtesans</td><td>Problemer med lugtesans</td></tr><tr><td style="white-space:nowrap">SENSE_HEARING<a name="fs3-health-pain-and-sensory-impressions-SENSE_HEARING"> </a></td><td>Problemer med hørelse</td><td>Problemer med hørelse</td></tr><tr><td style="white-space:nowrap">SENSE_TASTE<a name="fs3-health-pain-and-sensory-impressions-SENSE_TASTE"> </a></td><td>Problemer med smagssans</td><td>Problemer med smagssans</td></tr><tr><td style="white-space:nowrap">SENSE_FEELING<a name="fs3-health-pain-and-sensory-impressions-SENSE_FEELING"> </a></td><td>Problemer med følesans</td><td>Problemer med følesans</td></tr></table></div></text><url value="http://ehealth.sundhed.dk/cs/fs3-health-pain-and-sensory-impressions"/><version value="5.0.0"/><name value="FS III, Smerter og sanseindtryk"/><title value="FS III, Smerter og sanseindtryk"/><status value="active"/><experimental value="true"/><date value="2019-02-02T00:00:00+00:00"/><publisher value="Den telemedicinske infrastruktur (eHealth Infrastructure)"/><contact><name value="Den telemedicinske infrastruktur (eHealth Infrastructure)"/><telecom><system value="url"/><value value="http://ehealth.sundhed.dk"/></telecom></contact><description value="FS III, Smerter og sanseindtryk"/><jurisdiction><coding><system value="urn:iso:std:iso:3166"/><code value="DK"/><display value="Denmark"/></coding></jurisdiction><content value="complete"/><concept><code value="ACUTE_PAIN"/><display value="Akutte smerter"/><designation><language value="da"/><value value="Akutte smerter"/></designation></concept><concept><code value="PERIODIC_PAIN"/><display value="Periodevise smerter"/><designation><language value="da"/><value value="Periodevise smerter"/></designation></concept><concept><code value="CHRONIC_PAIN"/><display value="Kroniske smerter"/><designation><language value="da"/><value value="Kroniske smerter"/></designation></concept><concept><code value="SENSE_SIGHT"/><display value="Problemer med synssans"/><designation><language value="da"/><value value="Problemer med synssans"/></designation></concept><concept><code value="SENSE_SMELL"/><display value="Problemer med lugtesans"/><designation><language value="da"/><value value="Problemer med lugtesans"/></designation></concept><concept><code value="SENSE_HEARING"/><display value="Problemer med hørelse"/><designation><language value="da"/><value value="Problemer med hørelse"/></designation></concept><concept><code value="SENSE_TASTE"/><display value="Problemer med smagssans"/><designation><language value="da"/><value value="Problemer med smagssans"/></designation></concept><concept><code value="SENSE_FEELING"/><display value="Problemer med følesans"/><designation><language value="da"/><value value="Problemer med følesans"/></designation></concept></CodeSystem>