<?xml version="1.0" encoding="UTF-8"?><CodeSystem xmlns="http://hl7.org/fhir"><id value="ehealth-plandefinition-recommendation"/><text><status value="generated"/><div xmlns="http://www.w3.org/1999/xhtml"><p class="res-header-id"><b>Generated Narrative: Kodesystem ehealth-plandefinition-recommendation</b></p><a name="ehealth-plandefinition-recommendation"> </a><a name="hcehealth-plandefinition-recommendation"> </a><p><b>Properties</b></p><p><b>This code system defines the following properties for its concepts</b></p><table class="grid"><tr><td><b>Name</b></td><td><b>Code</b></td><td><b>URI</b></td><td><b>Type</b></td><td><b>Description</b></td></tr><tr><td>Deprecated</td><td>deprecated</td><td>http://hl7.org/fhir/concept-properties#deprecated</td><td>dateTime</td><td>Indicates that the concept is deprecated and should not be used</td></tr></table><p><b>Concepts</b></p><p>This case-sensitive code system <code>http://ehealth.sundhed.dk/cs/plandefinition-recommendation</code> defines the following codes:</p><table class="codes"><tr><td style="white-space:nowrap"><b>Code</b></td><td><b>Display</b></td><td><b>Definition</b></td><td><b>Deprecated</b></td></tr><tr><td style="white-space:nowrap">TBD<a name="ehealth-plandefinition-recommendation-TBD"> </a></td><td>Example value - Under construction</td><td>Example value - Under construction</td><td>2020-03-24</td></tr><tr><td style="white-space:nowrap">Mandatory<a name="ehealth-plandefinition-recommendation-Mandatory"> </a></td><td>Mandatory</td><td>Mandatory</td><td/></tr><tr><td style="white-space:nowrap">Recommended<a name="ehealth-plandefinition-recommendation-Recommended"> </a></td><td>Recommended</td><td>Recommended</td><td/></tr><tr><td style="white-space:nowrap">Confirmed<a name="ehealth-plandefinition-recommendation-Confirmed"> </a></td><td>Confirmed</td><td>Confirmed</td><td/></tr><tr><td style="white-space:nowrap">NotRecommended<a name="ehealth-plandefinition-recommendation-NotRecommended"> </a></td><td>NotRecommended</td><td>NotRecommended</td><td/></tr><tr><td style="white-space:nowrap">Applicable<a name="ehealth-plandefinition-recommendation-Applicable"> </a></td><td>Applicable</td><td>Applicable</td><td/></tr><tr><td style="white-space:nowrap">PhasedOut<a name="ehealth-plandefinition-recommendation-PhasedOut"> </a></td><td>PhasedOut</td><td>PhasedOut</td><td/></tr><tr><td style="white-space:nowrap">Observed<a name="ehealth-plandefinition-recommendation-Observed"> </a></td><td>Observed</td><td>Observed</td><td/></tr><tr><td style="white-space:nowrap">Planned<a name="ehealth-plandefinition-recommendation-Planned"> </a></td><td>Planned</td><td>Planned</td><td/></tr></table></div></text><url value="http://ehealth.sundhed.dk/cs/plandefinition-recommendation"/><version value="5.0.1"/><name value="PlanDefinitionRecommendation"/><title value="PlanDefinition Recommendation"/><status value="active"/><experimental value="false"/><date value="2019-01-29T00:00:00+00:00"/><publisher value="Den telemedicinske infrastruktur (eHealth Infrastructure)"/><contact><name value="Den telemedicinske infrastruktur (eHealth Infrastructure)"/><telecom><system value="url"/><value value="http://ehealth.sundhed.dk"/></telecom></contact><description value="Plan Definition Recommendation"/><jurisdiction><coding><system value="urn:iso:std:iso:3166"/><code value="DK"/><display value="Denmark"/></coding></jurisdiction><caseSensitive value="true"/><content value="complete"/><property><code value="deprecated"/><uri value="http://hl7.org/fhir/concept-properties#deprecated"/><description value="Indicates that the concept is deprecated and should not be used"/><type value="dateTime"/></property><concept><code value="TBD"/><display value="Example value - Under construction"/><definition value="Example value - Under construction"/><property><code value="deprecated"/><valueDateTime value="2020-03-24"/></property></concept><concept><code value="Mandatory"/><display value="Mandatory"/><definition value="Mandatory"/></concept><concept><code value="Recommended"/><display value="Recommended"/><definition value="Recommended"/></concept><concept><code value="Confirmed"/><display value="Confirmed"/><definition value="Confirmed"/></concept><concept><code value="NotRecommended"/><display value="NotRecommended"/><definition value="NotRecommended"/></concept><concept><code value="Applicable"/><display value="Applicable"/><definition value="Applicable"/></concept><concept><code value="PhasedOut"/><display value="PhasedOut"/><definition value="PhasedOut"/></concept><concept><code value="Observed"/><display value="Observed"/><definition value="Observed"/></concept><concept><code value="Planned"/><display value="Planned"/><definition value="Planned"/></concept></CodeSystem>