<?xml version="1.0" encoding="UTF-8"?><CodeSystem xmlns="http://hl7.org/fhir"><id value="ehealth-goal-description"/><text><status value="generated"/><div xmlns="http://www.w3.org/1999/xhtml"><p class="res-header-id"><b>Generated Narrative: CodeSystem ehealth-goal-description</b></p><a name="ehealth-goal-description"> </a><a name="hcehealth-goal-description"> </a><a name="ehealth-goal-description-en-US"> </a><p>This case-sensitive code system <code>http://ehealth.sundhed.dk/cs/goal-description</code> defines the following code:</p><table class="codes"><tr><td style="white-space:nowrap"><b>Code</b></td><td><b>Display</b></td><td><b>Definition</b></td><td><b>Dansk (Danish, da)</b></td></tr><tr><td style="white-space:nowrap">reference-value<a name="ehealth-goal-description-reference-value"> </a></td><td>Reference value for relative reference ranges</td><td>Reference value for relative reference ranges</td><td>referenceværdi</td></tr></table></div></text><url value="http://ehealth.sundhed.dk/cs/goal-description"/><version value="3.1.0"/><name value="GoalDescription"/><title value="Goal Description"/><status value="active"/><experimental value="false"/><date value="2021-01-13T00:00:00+00:00"/><publisher value="Den telemedicinske infrastruktur (eHealth Infrastructure)"/><contact><name value="Den telemedicinske infrastruktur (eHealth Infrastructure)"/><telecom><system value="url"/><value value="http://ehealth.sundhed.dk"/></telecom></contact><description value="Goal Description"/><caseSensitive value="true"/><content value="complete"/><concept><code value="reference-value"/><display value="Reference value for relative reference ranges"/><definition value="Reference value for relative reference ranges"/><designation><language value="da"/><value value="referenceværdi"/></designation></concept></CodeSystem>