<?xml version="1.0" encoding="UTF-8"?><ConceptMap xmlns="http://hl7.org/fhir"><id value="conceptmap-obs-code-to-value-type"/><text><status value="generated"/><div xmlns="http://www.w3.org/1999/xhtml"><p class="res-header-id"><b>Generated Narrative: ConceptMap conceptmap-obs-code-to-value-type</b></p><a name="conceptmap-obs-code-to-value-type"> </a><a name="hcconceptmap-obs-code-to-value-type"> </a><a name="conceptmap-obs-code-to-value-type-da-DK"> </a><p>Mapping from <a href="ValueSet-ehealth-observation-codes.html">Observation Codes</a> to <a href="http://hl7.org/fhir/R4/valueset-data-types.html">DataType</a></p><br/><p><b>Group 1 </b>Mapping from <a href="CodeSystem-1.2.208.176.2.1--20190829.html">NPU DK</a> to <a href="http://hl7.org/fhir/R4/codesystem-data-types.html">DataType</a></p><table class="grid"><tr><td><b>Source Code</b></td><td><b>Relationship</b></td><td><b>Target Code</b></td><td><b>Comment</b></td></tr><tr><td>NPU03011 (O2 sat.;Hb(aB))</td><td><a href="http://hl7.org/fhir/extensions/5.2.0/CodeSystem-concept-map-equivalence.html#specializes" title="specializes">has specialization</a></td><td>decimal</td><td>Should really be specializes but igpublisher turns into narrower (which requires a comment)</td></tr><tr><td>NPU21692 (Puls;Hjerte)</td><td><a href="http://hl7.org/fhir/extensions/5.2.0/CodeSystem-concept-map-equivalence.html#specializes" title="specializes">has specialization</a></td><td>integer</td><td>Should really be specializes but igpublisher turns into narrower (which requires a comment)</td></tr><tr><td>NPU03804 (Legeme vægt; Pt)</td><td><a href="http://hl7.org/fhir/extensions/5.2.0/CodeSystem-concept-map-equivalence.html#specializes" title="specializes">has specialization</a></td><td>decimal</td><td>Should really be specializes but igpublisher turns into narrower (which requires a comment)</td></tr><tr><td>NPU27281 (Pt—Legeme; massekoefficient(masse/kvadreret højde) = ? kg/m²)</td><td><a href="http://hl7.org/fhir/extensions/5.2.0/CodeSystem-concept-map-equivalence.html#specializes" title="specializes">has specialization</a></td><td>integer</td><td>Should really be specializes but igpublisher turns into narrower (which requires a comment)</td></tr><tr><td>NPU03794 (Pt—Legeme; højde = ? m)</td><td><a href="http://hl7.org/fhir/extensions/5.2.0/CodeSystem-concept-map-equivalence.html#specializes" title="specializes">has specialization</a></td><td>decimal</td><td>Should really be specializes but igpublisher turns into narrower (which requires a comment)</td></tr><tr><td>NPU08676 (Pt—Legeme; temp. = ? °C)</td><td><a href="http://hl7.org/fhir/extensions/5.2.0/CodeSystem-concept-map-equivalence.html#specializes" title="specializes">has specialization</a></td><td>decimal</td><td>Should really be specializes but igpublisher turns into narrower (which requires a comment)</td></tr><tr><td>NPU19748 (P—C-reaktivt protein; massek. = ? mg/L)</td><td><a href="http://hl7.org/fhir/extensions/5.2.0/CodeSystem-concept-map-equivalence.html#specializes" title="specializes">has specialization</a></td><td>integer</td><td>Should really be specializes but igpublisher turns into narrower (which requires a comment)</td></tr></table><hr/><p><b>Group 2 </b>Mapping from <a href="CodeSystem-urn-oid-1.2.208.184.100.8.html">DAK-E Codes</a> to <a href="http://hl7.org/fhir/R4/codesystem-data-types.html">DataType</a></p><table class="grid"><tr><td><b>Source Code</b></td><td><b>Relationship</b></td><td><b>Target Code</b></td><td><b>Comment</b></td></tr><tr><td>MCS88015 (FEV1;Lunge)</td><td><a href="http://hl7.org/fhir/extensions/5.2.0/CodeSystem-concept-map-equivalence.html#specializes" title="specializes">has specialization</a></td><td>decimal</td><td>Should really be specializes but igpublisher turns into narrower (which requires a comment)</td></tr><tr><td>MCS88016 (FVC;Lunge)</td><td><a href="http://hl7.org/fhir/extensions/5.2.0/CodeSystem-concept-map-equivalence.html#specializes" title="specializes">has specialization</a></td><td>decimal</td><td>Should really be specializes but igpublisher turns into narrower (which requires a comment)</td></tr><tr><td>MCS88017 (FEV1/FVC;Lunge)</td><td><a href="http://hl7.org/fhir/extensions/5.2.0/CodeSystem-concept-map-equivalence.html#specializes" title="specializes">has specialization</a></td><td>decimal</td><td>Should really be specializes but igpublisher turns into narrower (which requires a comment)</td></tr><tr><td>MCS88019 (Blodtryk hjemme systolisk;Arm)</td><td><a href="http://hl7.org/fhir/extensions/5.2.0/CodeSystem-concept-map-equivalence.html#specializes" title="specializes">has specialization</a></td><td>integer</td><td>Should really be specializes but igpublisher turns into narrower (which requires a comment)</td></tr><tr><td>MCS88020 (Blodtryk hjemme diastolisk;Arm)</td><td><a href="http://hl7.org/fhir/extensions/5.2.0/CodeSystem-concept-map-equivalence.html#specializes" title="specializes">has specialization</a></td><td>integer</td><td>Should really be specializes but igpublisher turns into narrower (which requires a comment)</td></tr><tr><td>MCS88021 (MRC skala;Pt(KOL))</td><td><a href="http://hl7.org/fhir/extensions/5.2.0/CodeSystem-concept-map-equivalence.html#specializes" title="specializes">has specialization</a></td><td>integer</td><td>Should really be specializes but igpublisher turns into narrower (which requires a comment)</td></tr><tr><td>MCS88023 (FEV1 af forventet værdi;Pt(KOL))</td><td><a href="http://hl7.org/fhir/extensions/5.2.0/CodeSystem-concept-map-equivalence.html#specializes" title="specializes">has specialization</a></td><td>integer</td><td>Should really be specializes but igpublisher turns into narrower (which requires a comment)</td></tr><tr><td>MCS88050 (Rejse sætte sig testen;Pt)</td><td><a href="http://hl7.org/fhir/extensions/5.2.0/CodeSystem-concept-map-equivalence.html#specializes" title="specializes">has specialization</a></td><td>integer</td><td>Should really be specializes but igpublisher turns into narrower (which requires a comment)</td></tr><tr><td>MCS88137 (CAT score;Pt)</td><td><a href="http://hl7.org/fhir/extensions/5.2.0/CodeSystem-concept-map-equivalence.html#specializes" title="specializes">has specialization</a></td><td>integer</td><td>Should really be specializes but igpublisher turns into narrower (which requires a comment)</td></tr><tr><td>MCS88192 (Skridt per dag;Pt)</td><td><a href="http://hl7.org/fhir/extensions/5.2.0/CodeSystem-concept-map-equivalence.html#specializes" title="specializes">has specialization</a></td><td>integer</td><td>Should really be specializes but igpublisher turns into narrower (which requires a comment)</td></tr><tr><td>MCS88193 (Skridt per uge;Pt)</td><td><a href="http://hl7.org/fhir/extensions/5.2.0/CodeSystem-concept-map-equivalence.html#specializes" title="specializes">has specialization</a></td><td>integer</td><td>Should really be specializes but igpublisher turns into narrower (which requires a comment)</td></tr><tr><td>MCS88194 (Skridt;Pt)</td><td><a href="http://hl7.org/fhir/extensions/5.2.0/CodeSystem-concept-map-equivalence.html#specializes" title="specializes">has specialization</a></td><td>integer</td><td>Should really be specializes but igpublisher turns into narrower (which requires a comment)</td></tr></table><hr/><p><b>Group 3 </b>Mapping from <a href="http://terminology.hl7.org/6.2.0/CodeSystem-v3-loinc.html">Logical Observation Identifiers, Names and Codes (LOINC)</a> to <a href="http://hl7.org/fhir/R4/codesystem-data-types.html">DataType</a></p><table class="grid"><tr><td><b>Source Code</b></td><td><b>Relationship</b></td><td><b>Target Code</b></td></tr><tr><td>39126-8 (Length of Wound)</td><td><a href="http://hl7.org/fhir/extensions/5.2.0/CodeSystem-concept-map-equivalence.html#specializes" title="specializes">has specialization</a></td><td>decimal</td></tr><tr><td>39125-0 (Width of Wound)</td><td><a href="http://hl7.org/fhir/extensions/5.2.0/CodeSystem-concept-map-equivalence.html#specializes" title="specializes">has specialization</a></td><td>decimal</td></tr><tr><td>39127-6 (Depth of Wound)</td><td><a href="http://hl7.org/fhir/extensions/5.2.0/CodeSystem-concept-map-equivalence.html#specializes" title="specializes">has specialization</a></td><td>decimal</td></tr><tr><td>89260-4 (Area of wound)</td><td><a href="http://hl7.org/fhir/extensions/5.2.0/CodeSystem-concept-map-equivalence.html#specializes" title="specializes">has specialization</a></td><td>decimal</td></tr><tr><td>94083-3 (Wound volume)</td><td><a href="http://hl7.org/fhir/extensions/5.2.0/CodeSystem-concept-map-equivalence.html#specializes" title="specializes">has specialization</a></td><td>decimal</td></tr></table></div></text><url value="http://ehealth.sundhed.dk/ConceptMap/conceptmap-obs-code-to-value-type"/><version value="3.4.1"/><name value="conceptmap-obs-code-to-value-type"/><title value="conceptmap-obs-code-to-value-type"/><status value="active"/><experimental value="false"/><date value="2020-11-26"/><publisher value="Den telemedicinske infrastruktur (eHealth Infrastructure)"/><contact><name value="Den telemedicinske infrastruktur (eHealth Infrastructure)"/><telecom><system value="url"/><value value="http://ehealth.sundhed.dk"/></telecom></contact><jurisdiction><coding><system value="urn:iso:std:iso:3166"/><code value="DK"/><display value="Denmark"/></coding></jurisdiction><sourceUri value="http://ehealth.sundhed.dk/vs/observation-codes"/><targetUri value="http://hl7.org/fhir/ValueSet/data-types"/><group><source value="urn:oid:1.2.208.176.2.1"/><target value="http://hl7.org/fhir/data-types"/><element><code value="NPU03011"/><display value="O2 sat.;Hb(aB)"/><target><code value="decimal"/><display value="decimal"/><equivalence value="specializes"/><comment value="Should really be specializes but igpublisher turns into narrower (which requires a comment)"/></target></element><element><code value="NPU21692"/><display value="Puls;Hjerte"/><target><code value="integer"/><display value="integer"/><equivalence value="specializes"/><comment value="Should really be specializes but igpublisher turns into narrower (which requires a comment)"/></target></element><element><code value="NPU03804"/><display value="Legeme vægt; Pt"/><target><code value="decimal"/><display value="decimal"/><equivalence value="specializes"/><comment value="Should really be specializes but igpublisher turns into narrower (which requires a comment)"/></target></element><element><code value="NPU27281"/><display value="Pt—Legeme; massekoefficient(masse/kvadreret højde) = ? kg/m²"/><target><code value="integer"/><display value="integer"/><equivalence value="specializes"/><comment value="Should really be specializes but igpublisher turns into narrower (which requires a comment)"/></target></element><element><code value="NPU03794"/><display value="Pt—Legeme; højde = ? m"/><target><code value="decimal"/><display value="decimal"/><equivalence value="specializes"/><comment value="Should really be specializes but igpublisher turns into narrower (which requires a comment)"/></target></element><element><code value="NPU08676"/><display value="Pt—Legeme; temp. = ? °C"/><target><code value="decimal"/><display value="decimal"/><equivalence value="specializes"/><comment value="Should really be specializes but igpublisher turns into narrower (which requires a comment)"/></target></element><element><code value="NPU19748"/><display value="P—C-reaktivt protein; massek. = ? mg/L"/><target><code value="integer"/><display value="integer"/><equivalence value="specializes"/><comment value="Should really be specializes but igpublisher turns into narrower (which requires a comment)"/></target></element></group><group><source value="urn:oid:1.2.208.184.100.8"/><target value="http://hl7.org/fhir/data-types"/><element><code value="MCS88015"/><display value="FEV1;Lunge"/><target><code value="decimal"/><display value="decimal"/><equivalence value="specializes"/><comment value="Should really be specializes but igpublisher turns into narrower (which requires a comment)"/></target></element><element><code value="MCS88016"/><display value="FVC;Lunge"/><target><code value="decimal"/><display value="decimal"/><equivalence value="specializes"/><comment value="Should really be specializes but igpublisher turns into narrower (which requires a comment)"/></target></element><element><code value="MCS88017"/><display value="FEV1/FVC;Lunge"/><target><code value="decimal"/><display value="decimal"/><equivalence value="specializes"/><comment value="Should really be specializes but igpublisher turns into narrower (which requires a comment)"/></target></element><element><code value="MCS88019"/><display value="Blodtryk hjemme systolisk;Arm"/><target><code value="integer"/><display value="integer"/><equivalence value="specializes"/><comment value="Should really be specializes but igpublisher turns into narrower (which requires a comment)"/></target></element><element><code value="MCS88020"/><display value="Blodtryk hjemme diastolisk;Arm"/><target><code value="integer"/><display value="integer"/><equivalence value="specializes"/><comment value="Should really be specializes but igpublisher turns into narrower (which requires a comment)"/></target></element><element><code value="MCS88021"/><display value="MRC skala;Pt(KOL)"/><target><code value="integer"/><display value="integer"/><equivalence value="specializes"/><comment value="Should really be specializes but igpublisher turns into narrower (which requires a comment)"/></target></element><element><code value="MCS88023"/><display value="FEV1 af forventet værdi;Pt(KOL)"/><target><code value="integer"/><display value="integer"/><equivalence value="specializes"/><comment value="Should really be specializes but igpublisher turns into narrower (which requires a comment)"/></target></element><element><code value="MCS88050"/><display value="Rejse sætte sig testen;Pt"/><target><code value="integer"/><display value="integer"/><equivalence value="specializes"/><comment value="Should really be specializes but igpublisher turns into narrower (which requires a comment)"/></target></element><element><code value="MCS88137"/><display value="CAT score;Pt"/><target><code value="integer"/><display value="integer"/><equivalence value="specializes"/><comment value="Should really be specializes but igpublisher turns into narrower (which requires a comment)"/></target></element><element><code value="MCS88192"/><display value="Skridt per dag;Pt"/><target><code value="integer"/><display value="integer"/><equivalence value="specializes"/><comment value="Should really be specializes but igpublisher turns into narrower (which requires a comment)"/></target></element><element><code value="MCS88193"/><display value="Skridt per uge;Pt"/><target><code value="integer"/><display value="integer"/><equivalence value="specializes"/><comment value="Should really be specializes but igpublisher turns into narrower (which requires a comment)"/></target></element><element><code value="MCS88194"/><display value="Skridt;Pt"/><target><code value="integer"/><display value="integer"/><equivalence value="specializes"/><comment value="Should really be specializes but igpublisher turns into narrower (which requires a comment)"/></target></element></group><group><source value="http://loinc.org"/><target value="http://hl7.org/fhir/data-types"/><element><code value="39126-8"/><display value="Length of Wound"/><target><code value="decimal"/><display value="decimal"/><equivalence value="specializes"/></target></element><element><code value="39125-0"/><display value="Width of Wound"/><target><code value="decimal"/><display value="decimal"/><equivalence value="specializes"/></target></element><element><code value="39127-6"/><display value="Depth of Wound"/><target><code value="decimal"/><display value="decimal"/><equivalence value="specializes"/></target></element><element><code value="89260-4"/><display value="Area of wound"/><target><code value="decimal"/><display value="decimal"/><equivalence value="specializes"/></target></element><element><code value="94083-3"/><display value="Wound volume"/><target><code value="decimal"/><display value="decimal"/><equivalence value="specializes"/></target></element></group></ConceptMap>