<?xml version="1.0" encoding="UTF-8"?><NamingSystem xmlns="http://hl7.org/fhir"><id value="ehealth-environment"/><text><status value="generated"/><div xmlns="http://www.w3.org/1999/xhtml"><p class="res-header-id"><b>Generated Narrative: Navngivningssystem ehealth-environment</b></p><a name="ehealth-environment"> </a><a name="hcehealth-environment"> </a><h3>Summary</h3><table class="grid"><tr><td>Defining URL</td><td>http://ehealth.sundhed.dk/fhir/NamingSystem/ehealth-environment</td></tr><tr><td>Version</td><td>4.0.0</td></tr><tr><td>Name</td><td>eHealth Environment</td></tr><tr><td>Status</td><td>active</td></tr><tr><td>Definition</td><td><div><p>The eHealth Environment is assigned to PlanDefinition, ActivityDefinition and Questionnaire resources in the eHealth Infrastructure created on the environment</p>
</div></td></tr><tr><td>Publisher</td><td>Den telemedicinske infrastruktur (eHealth Infrastructure)</td></tr></table><h3>Identifiers</h3><table class="grid"><tr><td><b>Type</b></td><td><b>Value</b></td></tr><tr><td>URI</td><td>http://ehealth.sundhed.dk/id/ehealth-environment</td></tr></table></div></text><extension url="http://hl7.org/fhir/5.0/StructureDefinition/extension-NamingSystem.url"><valueUri value="http://ehealth.sundhed.dk/fhir/NamingSystem/ehealth-environment"/></extension><extension url="http://hl7.org/fhir/5.0/StructureDefinition/extension-NamingSystem.version"><valueString value="4.0.0"/></extension><name value="eHealth Environment"/><status value="active"/><kind value="identifier"/><date value="2021-02-23T00:00:00+00:00"/><publisher value="Den telemedicinske infrastruktur (eHealth Infrastructure)"/><contact><name value="Den telemedicinske infrastruktur (eHealth Infrastructure)"/><telecom><system value="url"/><value value="http://ehealth.sundhed.dk"/></telecom></contact><responsible value="ehealth.sundhed.dk"/><description value="The eHealth Environment is assigned to PlanDefinition, ActivityDefinition and Questionnaire resources in the eHealth Infrastructure created on the environment"/><jurisdiction><coding><system value="urn:iso:std:iso:3166"/><code value="DK"/><display value="Denmark"/></coding></jurisdiction><uniqueId><type value="uri"/><value value="http://ehealth.sundhed.dk/id/ehealth-environment"/></uniqueId></NamingSystem>