<?xml version="1.0" encoding="UTF-8"?><NamingSystem xmlns="http://hl7.org/fhir"><id value="ehealth-identifier"/><text><status value="generated"/><div xmlns="http://www.w3.org/1999/xhtml"><p class="res-header-id"><b>Generated Narrative: Navngivningssystem ehealth-identifier</b></p><a name="ehealth-identifier"> </a><a name="hcehealth-identifier"> </a><h3>Summary</h3><table class="grid"><tr><td>Defining URL</td><td>http://ehealth.sundhed.dk/fhir/NamingSystem/ehealth-identifier</td></tr><tr><td>Version</td><td>4.0.0</td></tr><tr><td>Name</td><td>eHealthIdentifier</td></tr><tr><td>Status</td><td>active</td></tr><tr><td>Definition</td><td><div><p>The eHealth Identifier is assigned to certain domain resources in the eHealth Infrastructure and used when transforming to CDA document representation.</p>
</div></td></tr><tr><td>Publisher</td><td>Den telemedicinske infrastruktur (eHealth Infrastructure)</td></tr></table><h3>Identifiers</h3><table class="grid"><tr><td><b>Type</b></td><td><b>Value</b></td></tr><tr><td>OID</td><td>1.2.208.176.7.200.1</td></tr><tr><td>URI</td><td>http://ehealth.sundhed.dk/id/ehealth-identifier</td></tr></table></div></text><extension url="http://hl7.org/fhir/5.0/StructureDefinition/extension-NamingSystem.url"><valueUri value="http://ehealth.sundhed.dk/fhir/NamingSystem/ehealth-identifier"/></extension><extension url="http://hl7.org/fhir/5.0/StructureDefinition/extension-NamingSystem.version"><valueString value="4.0.0"/></extension><name value="eHealthIdentifier"/><status value="active"/><kind value="identifier"/><date value="2020-01-07T00:00:00+00:00"/><publisher value="Den telemedicinske infrastruktur (eHealth Infrastructure)"/><contact><name value="Den telemedicinske infrastruktur (eHealth Infrastructure)"/><telecom><system value="url"/><value value="http://ehealth.sundhed.dk"/></telecom></contact><responsible value="ehealth.sundhed.dk"/><description value="The eHealth Identifier is assigned to certain domain resources in the eHealth Infrastructure and used when transforming to CDA document representation."/><jurisdiction><coding><system value="urn:iso:std:iso:3166"/><code value="DK"/><display value="Denmark"/></coding></jurisdiction><uniqueId><type value="oid"/><value value="1.2.208.176.7.200.1"/></uniqueId><uniqueId><type value="uri"/><value value="http://ehealth.sundhed.dk/id/ehealth-identifier"/></uniqueId></NamingSystem>