<?xml version="1.0" encoding="UTF-8"?><OperationDefinition xmlns="http://hl7.org/fhir"><id value="Organization-i-traverse-to-sor"/><text><status value="generated"/><div xmlns="http://www.w3.org/1999/xhtml">Operation</div></text><url value="http://ehealth.sundhed.dk/fhir/OperationDefinition/Organization-i-traverse-to-sor"/><version value="4.0.1"/><name value="traverse-to-sor"/><title value="Traverse to SOR"/><status value="active"/><kind value="operation"/><date value="2025-08-11T07:16:04+00:00"/><publisher value="Den telemedicinske infrastruktur (eHealth Infrastructure)"/><contact><name value="Den telemedicinske infrastruktur (eHealth Infrastructure)"/><telecom><system value="url"/><value value="http://ehealth.sundhed.dk"/></telecom></contact><description value="Traverse upforwards to the first SOR organization&#xA;Http response code 404 will be returned if no related SOR organization could be found"/><jurisdiction><coding><system value="urn:iso:std:iso:3166"/><code value="DK"/><display value="Denmark"/></coding></jurisdiction><affectsState value="false"/><code value="traverse-to-sor"/><resource value="Organization"/><system value="false"/><type value="false"/><instance value="true"/><parameter><name value="return"/><use value="out"/><min value="0"/><max value="1"/><type value="Organization"/></parameter></OperationDefinition>