<?xml version="1.0" encoding="UTF-8"?><OperationDefinition xmlns="http://hl7.org/fhir"><id value="-s-import"/><text><status value="extensions"/><div xmlns="http://www.w3.org/1999/xhtml"><h2>import</h2><p>OPERATION: import</p><p>The official URL for this operation definition is: </p><pre>http://ehealth.sundhed.dk/fhir/OperationDefinition/-s-import</pre><div><p>Import terminology resources</p>
</div><p>URL: [base]/$import</p><p>Parameters</p><table class="grid"><tr><td><b>Use</b></td><td><b>Name</b></td><td><b>Cardinality</b></td><td><b>Type</b></td><td><b>Binding</b></td><td><b>Documentation</b></td></tr><tr><td>IN</td><td>uriFileLink</td><td>0..1</td><td><a href="http://hl7.org/fhir/STU3/datatypes.html#uri">uri</a></td><td/><td/></tr><tr><td>IN</td><td>overwrite</td><td>0..1</td><td><a href="http://hl7.org/fhir/STU3/datatypes.html#boolean">boolean</a></td><td/><td/></tr><tr><td>OUT</td><td>number-of-resources-created-or-updated</td><td>0..1</td><td><a href="http://hl7.org/fhir/STU3/datatypes.html#integer">integer</a></td><td/><td/></tr></table></div></text><url value="http://ehealth.sundhed.dk/fhir/OperationDefinition/-s-import"/><version value="3.3.0"/><name value="import"/><status value="active"/><kind value="operation"/><date value="2021-05-06T08:31:20+00:00"/><publisher value="Den telemedicinske infrastruktur (eHealth Infrastructure)"/><contact><name value="Den telemedicinske infrastruktur (eHealth Infrastructure)"/><telecom><system value="url"/><value value="http://ehealth.sundhed.dk"/></telecom></contact><description value="Import terminology resources"/><code value="import"/><system value="true"/><type value="false"/><instance value="false"/><parameter><name value="uriFileLink"/><use value="in"/><min value="0"/><max value="1"/><type value="uri"/></parameter><parameter><name value="overwrite"/><use value="in"/><min value="0"/><max value="1"/><type value="boolean"/></parameter><parameter><name value="number-of-resources-created-or-updated"/><use value="out"/><min value="0"/><max value="1"/><type value="integer"/></parameter></OperationDefinition>