<?xml version="1.0" encoding="UTF-8"?><OperationDefinition xmlns="http://hl7.org/fhir"><id value="-s-transform-to-PHMR"/><text><status value="generated"/><div xmlns="http://www.w3.org/1999/xhtml"><p class="res-header-id"><b>Generated Narrative: OperationDefinition -s-transform-to-PHMR</b></p><a name="-s-transform-to-PHMR"> </a><a name="hc-s-transform-to-PHMR"> </a><p>URL: [base]/$transform-to-PHMR</p><h3>Parameters</h3><table class="grid"><tr><td><b>Use</b></td><td><b>Name</b></td><td><b>Scope</b></td><td><b>Cardinality</b></td><td><b>Type</b></td><td><b>Binding</b></td><td><b>Documentation</b></td></tr><tr><td>IN</td><td>bundle</td><td/><td>0..1</td><td><a href="http://hl7.org/fhir/R4/bundle.html">Bundle</a></td><td/><td/></tr><tr><td>OUT</td><td>documentReference</td><td/><td>0..1</td><td><a href="http://hl7.org/fhir/R4/documentreference.html">DocumentReference</a></td><td/><td/></tr></table></div></text><url value="http://ehealth.sundhed.dk/fhir/OperationDefinition/-s-transform-to-PHMR"/><version value="6.0.0"/><name value="transform-to-PHMR"/><title value="Transform to PHMR"/><status value="active"/><kind value="operation"/><date value="2025-10-23T10:34:08+00:00"/><publisher value="Den telemedicinske infrastruktur (eHealth Infrastructure)"/><contact><name value="Den telemedicinske infrastruktur (eHealth Infrastructure)"/><telecom><system value="url"/><value value="http://ehealth.sundhed.dk"/></telecom></contact><description value="Transforms a FHIR Observation (ehealth-observation profile) resource to a DK-HL7 Personal Health Monitoring Report (PHMR) XML document. The input FHIR Bundle contains a FHIR Composition (ehealth-composition profile) resource referencing one or more FHIR Observation (ehealth-observation profile) resources and referenced resources such as FHIR Organization. The returned FHIR DocumentReference contains the PHMR XML document adhering to the DK-HL7 Personal Health Monitoring Report profile."/><jurisdiction><coding><system value="urn:iso:std:iso:3166"/><code value="DK"/><display value="Denmark"/></coding></jurisdiction><affectsState value="false"/><code value="transform-to-PHMR"/><system value="true"/><type value="false"/><instance value="false"/><parameter><name value="bundle"/><use value="in"/><min value="0"/><max value="1"/><type value="Bundle"/></parameter><parameter><name value="documentReference"/><use value="out"/><min value="0"/><max value="1"/><type value="DocumentReference"/></parameter></OperationDefinition>