<?xml version="1.0" encoding="UTF-8"?><OperationDefinition xmlns="http://hl7.org/fhir"><id value="PlanDefinition-i-export"/><text><status value="generated"/><div xmlns="http://www.w3.org/1999/xhtml"><p class="res-header-id"><b>Generated Narrative: OperationDefinition PlanDefinition-i-export</b></p><a name="PlanDefinition-i-export"> </a><a name="hcPlanDefinition-i-export"> </a><a name="hcPlanDefinition-i-export-en-US"> </a><p>URL: [base]/PlanDefinition/[id]/$export</p><p>Parameters</p><table class="grid"><tr><td><b>Use</b></td><td><b>Name</b></td><td><b>Scope</b></td><td><b>Cardinality</b></td><td><b>Type</b></td><td><b>Binding</b></td><td><b>Documentation</b></td></tr><tr><td>IN</td><td>exclude</td><td/><td>0..*</td><td><a href="http://hl7.org/fhir/R4/datatypes.html#string">string</a></td><td/><td/></tr></table></div></text><url value="https://plan.devtest.systematic-ehealth.com/fhir/OperationDefinition/PlanDefinition-i-export"/><version value="3.1.0"/><name value="export"/><title value="Export a PlanDefinition"/><status value="active"/><kind value="operation"/><date value="2024-07-01T11:09:52+00:00"/><publisher value="Den telemedicinske infrastruktur (eHealth Infrastructure)"/><contact><name value="Den telemedicinske infrastruktur (eHealth Infrastructure)"/><telecom><system value="url"/><value value="http://ehealth.sundhed.dk"/></telecom></contact><description value="Export a PlanDefinition.&#xA;### Export Contents&#xA;The export contains the PlanDefinition including referenced resources:- PlanDefinitions&#xA;- ActivityDefinitions&#xA;- Questionnaires&#xA;- Libraries&#xA;- Organizations&#xA;- DocumentReference + QFDD&#xA;&#xA;Each resource is returned in a separate JSon file.&#xA;### Parameters&#xA;- exclude: references to ActivityDefinitions or PlanDefinitions to exclude from the export.&#xA;### Output&#xA;Output can be found in Binary.content. This is a Base64 encoded .zip file containing JSon files.&#xA;All returned objects are Fhir resources. See the implementation guide for details&#xA;"/><affectsState value="false"/><code value="export"/><resource value="PlanDefinition"/><system value="false"/><type value="false"/><instance value="true"/><parameter><name value="exclude"/><use value="in"/><min value="0"/><max value="*"/><type value="string"/></parameter></OperationDefinition>