<?xml version="1.0" encoding="UTF-8"?><OperationDefinition xmlns="http://hl7.org/fhir"><id value="-s-fetch-careteam-stats"/><text><status value="generated"/><div xmlns="http://www.w3.org/1999/xhtml">Operation</div></text><url value="http://ehealth.sundhed.dk/fhir/OperationDefinition/-s-fetch-careteam-stats"/><version value="5.0.0"/><name value="fetch-careteam-stats"/><title value="Fetch careteam stats"/><status value="active"/><kind value="operation"/><date value="2025-08-11T11:48:43+00:00"/><publisher value="Den telemedicinske infrastruktur (eHealth Infrastructure)"/><contact><name value="Den telemedicinske infrastruktur (eHealth Infrastructure)"/><telecom><system value="url"/><value value="http://ehealth.sundhed.dk"/></telecom></contact><description value="### Report Contents&#xA;This report contains counts of resources associated with CareTeams:&#xA;- EpisodeOfCare&#xA;- CarePlan&#xA;- Task: Count for each task category&#xA;### Grouping &#xA;This report is grouped by CareTeam. Each group is returned in a separate JSon file.&#xA;### Parameters&#xA;- organization: Filter on CareTeam.managingOrganization match&#xA;- period: Filter on:&#xA;    - CarePlan.period overlap for CarePlans&#xA;    - EpisodeOfCare.period overlap for EpisodeOfCare&#xA;    - Task.authoredOn inside period for Tasks&#xA;### Output&#xA;Output can be found in Binary.content. This is a Base64 encoded .zip file containing JSon files corresponding to the report groups.&#xA;### Example output&#xA;EHealthCareTeam is a Fhir resource. See the implementation guide for details&#xA;&#xA;    {&#xA;        'EHealthCareTeam': {&#xA;            'resourceType': 'CareTeam',&#xA;            'id': '12958',&#xA;            'meta': {&#xA;                'versionId': '1',&#xA;                'profile': ['http://ehealth.sundhed.dk/fhir/StructureDefinition/ehealth-careteam']&#xA;            },&#xA;            'identifier': [{&#xA;                    'id': '59f70e4e-1c31-4647-8c91-404939b6b14e',&#xA;                    'system': 'urn:ietf:rfc:3986'&#xA;                }&#xA;            ],&#xA;            'status': 'active',&#xA;            'name': '0cea5c11-af39-4e5c-8733-9f532ea9961a',&#xA;            'reasonCode': [{&#xA;                    'coding': [{&#xA;                            'system': 'http://ehealth.sundhed.dk/cs/conditions',&#xA;                            'code': 'TBD'&#xA;                        }&#xA;                    ]&#xA;                }&#xA;            ],&#xA;            'managingOrganization': [{&#xA;                    'reference': 'https://organization.local.ehealth.sundhed.dk/fhir/Organization/66642'&#xA;                }&#xA;            ]&#xA;        },&#xA;        'CareTeamSummary': {&#xA;            'episodeOfCareCount': 2,&#xA;            'carePlanCount': 6,&#xA;            'taskCountByCategory': {&#xA;                'MissingMeasurementResolving': 2&#xA;            }&#xA;        }&#xA;    }"/><jurisdiction><coding><system value="urn:iso:std:iso:3166"/><code value="DK"/><display value="Denmark"/></coding></jurisdiction><affectsState value="true"/><code value="fetch-careteam-stats"/><system value="true"/><type value="false"/><instance value="false"/><parameter><name value="anonymization"/><use value="in"/><min value="1"/><max value="1"/><type value="string"/></parameter><parameter><name value="organization"/><use value="in"/><min value="0"/><max value="1"/><type value="Reference"/></parameter><parameter><name value="period"/><use value="in"/><min value="0"/><max value="1"/><type value="Period"/></parameter><parameter><name value="return"/><use value="out"/><min value="0"/><max value="1"/><type value="Binary"/></parameter></OperationDefinition>