<?xml version="1.0" encoding="UTF-8"?><SearchParameter xmlns="http://hl7.org/fhir"><id value="ehealth-communication-search-participant"/><text><status value="generated"/><div xmlns="http://www.w3.org/1999/xhtml"><p class="res-header-id"><b>Generated Narrative: Søgeparameter ehealth-communication-search-participant</b></p><a name="ehealth-communication-search-participant"> </a><a name="hcehealth-communication-search-participant"> </a><h2>communicationParticipant</h2><p>Parameter <code>communicationParticipant</code>:<code>reference</code></p><div><p>Search parameter for finding communication based on participant</p>
</div><table class="grid"><tr><td>Resource</td><td><a href="http://hl7.org/fhir/R4/communication.html">Communication</a></td></tr><tr><td>Expression</td><td><code>Communication.recipient | Communication.sender | Communication.extension.where(url='http://ehealth.sundhed.dk/fhir/StructureDefinition/ehealth-communication-senderCareTeam').value | Communication.extension.where(url='http://ehealth.sundhed.dk/fhir/StructureDefinition/ehealth-communication-recipientCareTeam').value</code></td></tr><tr><td>Processing Mode</td><td>Normal</td></tr><tr><td>Multiples</td><td><ul><li>multipleAnd: It's up to the server whether the parameter may repeat in order to specify multiple values that must all be true</li><li>multipleOr: It's up to the server whether the parameter can have multiple values (separated by comma) where at least one must be true</li></ul></td></tr></table></div></text><url value="http://ehealth.sundhed.dk/fhir/SearchParameter/Communication/participant"/><version value="4.0.0"/><name value="communicationParticipant"/><status value="active"/><date value="2024-01-30T12:40:20+00:00"/><publisher value="Den telemedicinske infrastruktur (eHealth Infrastructure)"/><contact><name value="Den telemedicinske infrastruktur (eHealth Infrastructure)"/><telecom><system value="url"/><value value="http://ehealth.sundhed.dk"/></telecom></contact><description value="Search parameter for finding communication based on participant"/><jurisdiction><coding><system value="urn:iso:std:iso:3166"/><code value="DK"/><display value="Denmark"/></coding></jurisdiction><code value="communicationParticipant"/><base value="Communication"/><type value="reference"/><expression value="Communication.recipient | Communication.sender | Communication.extension.where(url='http://ehealth.sundhed.dk/fhir/StructureDefinition/ehealth-communication-senderCareTeam').value | Communication.extension.where(url='http://ehealth.sundhed.dk/fhir/StructureDefinition/ehealth-communication-recipientCareTeam').value"/><xpathUsage value="normal"/></SearchParameter>