<?xml version="1.0" encoding="UTF-8"?><SearchParameter xmlns="http://hl7.org/fhir"><id value="ehealth-communication-search-relates-to"/><text><status value="generated"/><div xmlns="http://www.w3.org/1999/xhtml"><p class="res-header-id"><b>Generated Narrative: SearchParameter ehealth-communication-search-relates-to</b></p><a name="ehealth-communication-search-relates-to"> </a><a name="hcehealth-communication-search-relates-to"> </a><a name="ehealth-communication-search-relates-to-da-DK"> </a><h2>communicationRelatesTo</h2><p>Parameter <code>communicationRelatesTo</code>:<code>reference</code></p><div><p>Search parameter for finding communication based on either participant or episode of care</p>
</div><table class="grid"><tr><td>Resource</td><td><a href="http://hl7.org/fhir/R4/communication.html">Communication</a></td></tr><tr><td>Expression</td><td><code>Communication.recipient | Communication.sender | Communication.extension.where(url='http://ehealth.sundhed.dk/fhir/StructureDefinition/ehealth-communication-senderCareTeam').value | Communication.extension.where(url='http://ehealth.sundhed.dk/fhir/StructureDefinition/ehealth-communication-recipientCareTeam').value | Communication.extension.where(url='http://hl7.org/fhir/StructureDefinition/workflow-episodeOfCare').value</code></td></tr><tr><td>Processing Mode</td><td>Normal</td></tr><tr><td>Multiples</td><td><ul><li>multipleAnd: It's up to the server whether the parameter may repeat in order to specify multiple values that must all be true</li><li>multipleOr: It's up to the server whether the parameter can have multiple values (separated by comma) where at least one must be true</li></ul></td></tr></table></div></text><url value="http://ehealth.sundhed.dk/fhir/SearchParameter/Communication/relatesTo"/><version value="3.4.0"/><name value="communicationRelatesTo"/><status value="active"/><date value="2024-07-26T12:44:20+00:00"/><publisher value="Den telemedicinske infrastruktur (eHealth Infrastructure)"/><contact><name value="Den telemedicinske infrastruktur (eHealth Infrastructure)"/><telecom><system value="url"/><value value="http://ehealth.sundhed.dk"/></telecom></contact><description value="Search parameter for finding communication based on either participant or episode of care"/><jurisdiction><coding><system value="urn:iso:std:iso:3166"/><code value="DK"/><display value="Denmark"/></coding></jurisdiction><code value="communicationRelatesTo"/><base value="Communication"/><type value="reference"/><expression value="Communication.recipient | Communication.sender | Communication.extension.where(url='http://ehealth.sundhed.dk/fhir/StructureDefinition/ehealth-communication-senderCareTeam').value | Communication.extension.where(url='http://ehealth.sundhed.dk/fhir/StructureDefinition/ehealth-communication-recipientCareTeam').value | Communication.extension.where(url='http://hl7.org/fhir/StructureDefinition/workflow-episodeOfCare').value"/><xpathUsage value="normal"/></SearchParameter>