<?xml version="1.0" encoding="UTF-8"?><ValueSet xmlns="http://hl7.org/fhir"><id value="ehealth-document-class"/><text><status value="generated"/><div xmlns="http://www.w3.org/1999/xhtml"><p class="res-header-id"><b>Generated Narrative: Værdisæt ehealth-document-class</b></p><a name="ehealth-document-class"> </a><a name="hcehealth-document-class"> </a><p>This value set includes codes based on the following rules:</p><ul><li>Import all the codes that are contained in <a href="ValueSet-dk-ihe-classcode-vs.html">DK_IHE_ClassCode_VS</a></li><li>Include these codes as defined in <a href="http://www.snomed.org/"><code>http://snomed.info/sct</code></a><table class="none"><tr><td style="white-space:nowrap"><b>Code</b></td><td><b>Display</b></td><td><b>Dansk (Danish, da)</b></td></tr><tr><td><a href="http://snomed.info/id/900000000000469006">900000000000469006</a></td><td>URL</td><td>Hyperlink</td></tr></table></li></ul></div></text><url value="http://ehealth.sundhed.dk/vs/document-class"/><version value="4.0.0"/><name value="DocumentClass"/><title value="Document Class"/><status value="active"/><experimental value="true"/><date value="2019-02-08T00:00:00+00:00"/><publisher value="Den telemedicinske infrastruktur (eHealth Infrastructure)"/><contact><name value="Den telemedicinske infrastruktur (eHealth Infrastructure)"/><telecom><system value="url"/><value value="http://ehealth.sundhed.dk"/></telecom></contact><description value="Document Class value set."/><jurisdiction><coding><system value="urn:iso:std:iso:3166"/><code value="DK"/><display value="Denmark"/></coding></jurisdiction><compose><include><valueSet value="http://sundhedsdatastyrelsen.dk/terminologi/dk-ihe-classcode-vs"/></include><include><system value="http://snomed.info/sct"/><concept><code value="900000000000469006"/><display value="URL"/><designation><language value="da"/><value value="Hyperlink"/></designation></concept></include></compose></ValueSet>