<?xml version="1.0" encoding="UTF-8"?><ValueSet xmlns="http://hl7.org/fhir"><id value="ehealth-device-supplier-roles"/><text><status value="generated"/><div xmlns="http://www.w3.org/1999/xhtml"><p class="res-header-id"><b>Generated Narrative: ValueSet ehealth-device-supplier-roles</b></p><a name="ehealth-device-supplier-roles"> </a><a name="hcehealth-device-supplier-roles"> </a><a name="ehealth-device-supplier-roles-en-US"> </a><ul><li>Include all codes defined in <a href="CodeSystem-ehealth-device-supplier-roles.html"><code>http://ehealth.sundhed.dk/cs/device-supplier-roles</code></a></li></ul></div></text><url value="http://ehealth.sundhed.dk/vs/device-supplier-roles"/><version value="3.1.0"/><name value="DeviceSupplierRoles"/><title value="Device Supplier Roles"/><status value="active"/><experimental value="true"/><date value="2019-02-08T00:00:00+00:00"/><publisher value="Den telemedicinske infrastruktur (eHealth Infrastructure)"/><contact><name value="Den telemedicinske infrastruktur (eHealth Infrastructure)"/><telecom><system value="url"/><value value="http://ehealth.sundhed.dk"/></telecom></contact><description value="Device Supplier Roles value set."/><compose><include><system value="http://ehealth.sundhed.dk/cs/device-supplier-roles"/></include></compose></ValueSet>