<?xml version="1.0" encoding="UTF-8"?><ValueSet xmlns="http://hl7.org/fhir"><id value="ehealth-usage-quality"/><text><status value="generated"/><div xmlns="http://www.w3.org/1999/xhtml"><p class="res-header-id"><b>Generated Narrative: Værdisæt ehealth-usage-quality</b></p><a name="ehealth-usage-quality"> </a><a name="hcehealth-usage-quality"> </a><ul><li>Include all codes defined in <a href="CodeSystem-ehealth-usage-quality.html"><code>http://ehealth.sundhed.dk/cs/usage-quality</code></a></li></ul></div></text><url value="http://ehealth.sundhed.dk/vs/usage-quality"/><version value="5.0.0"/><name value="UsageQuality"/><title value="Usage Quality"/><status value="active"/><experimental value="true"/><date value="2019-02-13T00:00:00+00:00"/><publisher value="Den telemedicinske infrastruktur (eHealth Infrastructure)"/><contact><name value="Den telemedicinske infrastruktur (eHealth Infrastructure)"/><telecom><system value="url"/><value value="http://ehealth.sundhed.dk"/></telecom></contact><description value="Value set of hierarchical codes stating the quality of the user's operation of a device/ability to qualify questionnaire answers."/><jurisdiction><coding><system value="urn:iso:std:iso:3166"/><code value="DK"/><display value="Denmark"/></coding></jurisdiction><compose><include><system value="http://ehealth.sundhed.dk/cs/usage-quality"/></include></compose></ValueSet>