<?xml version="1.0" encoding="UTF-8"?><ValueSet xmlns="http://hl7.org/fhir"><id value="ehealth-action-guidance-for-types"/><text><status value="extensions"/><div xmlns="http://www.w3.org/1999/xhtml"><p class="res-header-id"><b>Generated Narrative: ValueSet ehealth-action-guidance-for-types</b></p><a name="ehealth-action-guidance-for-types"> </a><a name="hcehealth-action-guidance-for-types"> </a><a name="ehealth-action-guidance-for-types-da-DK"> </a><ul><li>Include these codes as defined in <a href="http://hl7.org/fhir/R4/codesystem-resource-types.html"><code>http://hl7.org/fhir/resource-types</code></a><table class="none"><tr><td style="white-space:nowrap"><b>Code</b></td><td><b>Display</b></td><td><b>Definition</b></td><td><b>Dansk (Danish, da)</b></td></tr><tr><td><a href="http://hl7.org/fhir/R4/codesystem-resource-types.html#resource-types-Questionnaire">Questionnaire</a></td><td>Questionnaire</td><td>A structured set of questions intended to guide the collection of answers from end-users. Questionnaires provide detailed control over order, presentation, phraseology and grouping to allow coherent, consistent data collection.</td><td>Spørgeskema</td></tr></table></li></ul></div></text><url value="http://ehealth.sundhed.dk/vs/action-guidance-for-types"/><version value="3.4.0"/><name value="ActionGuidanceForTypes"/><title value="Action guidance For Types"/><status value="active"/><experimental value="true"/><date value="2021-10-20T00:00:00+00:00"/><publisher value="Den telemedicinske infrastruktur (eHealth Infrastructure)"/><contact><name value="Den telemedicinske infrastruktur (eHealth Infrastructure)"/><telecom><system value="url"/><value value="http://ehealth.sundhed.dk"/></telecom></contact><description value="Action guidance for types"/><jurisdiction><coding><system value="urn:iso:std:iso:3166"/><code value="DK"/><display value="Denmark"/></coding></jurisdiction><compose><include><system value="http://hl7.org/fhir/resource-types"/><concept><code value="Questionnaire"/><display value="Questionnaire"/><designation><language value="da"/><value value="Spørgeskema"/></designation></concept></include></compose></ValueSet>