<?xml version="1.0" encoding="UTF-8"?><ValueSet xmlns="http://hl7.org/fhir"><id value="ehealth-devicemetric-property-types"/><text><status value="generated"/><div xmlns="http://www.w3.org/1999/xhtml"><p class="res-header-id"><b>Generated Narrative: ValueSet ehealth-devicemetric-property-types</b></p><a name="ehealth-devicemetric-property-types"> </a><a name="hcehealth-devicemetric-property-types"> </a><a name="ehealth-devicemetric-property-types-en-US"> </a><ul><li>Include all codes defined in <a href="CodeSystem-ehealth-devicemetric-property-types.html"><code>http://ehealth.sundhed.dk/cs/devicemetric-property-types</code></a></li></ul></div></text><url value="http://ehealth.sundhed.dk/vs/devicemetric-property-types"/><version value="3.2.0"/><name value="DeviceMetricPropertyTypes"/><title value="DeviceMetricPropertyTypes"/><status value="active"/><experimental value="true"/><date value="2019-02-08T00:00:00+00:00"/><publisher value="Den telemedicinske infrastruktur (eHealth Infrastructure)"/><contact><name value="Den telemedicinske infrastruktur (eHealth Infrastructure)"/><telecom><system value="url"/><value value="http://ehealth.sundhed.dk"/></telecom></contact><description value="Device Metric Property Types value set."/><compose><include><system value="http://ehealth.sundhed.dk/cs/devicemetric-property-types"/></include></compose></ValueSet>