<?xml version="1.0" encoding="UTF-8"?><ValueSet xmlns="http://hl7.org/fhir"><id value="ehealth-organization-relation-type"/><text><status value="generated"/><div xmlns="http://www.w3.org/1999/xhtml"><p class="res-header-id"><b>Generated Narrative: ValueSet ehealth-organization-relation-type</b></p><a name="ehealth-organization-relation-type"> </a><a name="hcehealth-organization-relation-type"> </a><a name="ehealth-organization-relation-type-da-DK"> </a><ul><li>Include all codes defined in <a href="CodeSystem-ehealth-organization-relation-type.html"><code>http://ehealth.sundhed.dk/cs/organization-relation-type</code></a></li></ul></div></text><url value="http://ehealth.sundhed.dk/vs/organization-relation-type"/><version value="3.4.1"/><name value="OrganizationRelationType"/><title value="Organization Relation Type"/><status value="active"/><experimental value="true"/><date value="2019-02-08T00:00:00+00:00"/><publisher value="Den telemedicinske infrastruktur (eHealth Infrastructure)"/><contact><name value="Den telemedicinske infrastruktur (eHealth Infrastructure)"/><telecom><system value="url"/><value value="http://ehealth.sundhed.dk"/></telecom></contact><description value="How Organizations are related."/><jurisdiction><coding><system value="urn:iso:std:iso:3166"/><code value="DK"/><display value="Denmark"/></coding></jurisdiction><compose><include><system value="http://ehealth.sundhed.dk/cs/organization-relation-type"/></include></compose></ValueSet>