<?xml version="1.0" encoding="UTF-8"?><ValueSet xmlns="http://hl7.org/fhir"><id value="ehealth-media-codes"/><text><status value="generated"/><div xmlns="http://www.w3.org/1999/xhtml"><p class="res-header-id"><b>Generated Narrative: Værdisæt ehealth-media-codes</b></p><a name="ehealth-media-codes"> </a><a name="hcehealth-media-codes"> </a><p>This value set includes codes based on the following rules:</p><ul><li>Include these codes as defined in <a href="http://www.snomed.org/"><code>http://snomed.info/sct</code></a><table class="none"><tr><td style="white-space:nowrap"><b>Code</b></td><td><b>Display</b></td></tr><tr><td><a href="http://snomed.info/id/446080005">446080005</a></td><td>Photography of wound</td></tr></table></li><li>Include these codes as defined in <a href="CodeSystem-urn-oid-1.2.208.176.2.4.html"><code>urn:oid:1.2.208.176.2.4</code></a><table class="none"><tr><td style="white-space:nowrap"><b>Code</b></td><td><b>Display</b></td></tr><tr><td><a href="CodeSystem-urn-oid-1.2.208.176.2.4.html#urn-oid-1.2.208.176.2.4-ZZ7011">ZZ7011</a></td><td>Klinisk foto</td></tr></table></li></ul></div></text><url value="http://ehealth.sundhed.dk/vs/media-codes"/><version value="4.0.0"/><name value="MediaCodes"/><title value="Media Codes"/><status value="active"/><experimental value="false"/><date value="2025-01-09T00:00:00+00:00"/><publisher value="Den telemedicinske infrastruktur (eHealth Infrastructure)"/><contact><name value="Den telemedicinske infrastruktur (eHealth Infrastructure)"/><telecom><system value="url"/><value value="http://ehealth.sundhed.dk"/></telecom></contact><description value="Media codes value set"/><jurisdiction><coding><system value="urn:iso:std:iso:3166"/><code value="DK"/><display value="Denmark"/></coding></jurisdiction><compose><include><system value="http://snomed.info/sct"/><concept><code value="446080005"/><display value="Photography of wound"/></concept></include><include><system value="urn:oid:1.2.208.176.2.4"/><concept><code value="ZZ7011"/><display value="Klinisk foto"/></concept></include></compose></ValueSet>