<?xml version="1.0" encoding="UTF-8"?><ValueSet xmlns="http://hl7.org/fhir"><id value="ehealth-thumbnail-status"/><text><status value="generated"/><div xmlns="http://www.w3.org/1999/xhtml"><p class="res-header-id"><b>Generated Narrative: ValueSet ehealth-thumbnail-status</b></p><a name="ehealth-thumbnail-status"> </a><a name="hcehealth-thumbnail-status"> </a><ul><li>Include all codes defined in <a href="CodeSystem-ehealth-thumbnail-status.html"><code>http://ehealth.sundhed.dk/cs/thumbnail-status</code></a><span title="Version is not explicitly stated, which means it is fixed to the version provided in this specification"> version 📦6.0.0</span></li></ul></div></text><url value="http://ehealth.sundhed.dk/vs/thumbnail-status"/><version value="6.0.0"/><name value="ThumbnailStatus"/><title value="Thumbnail Status"/><status value="active"/><experimental value="false"/><date value="2024-10-28T10:02:00+02:00"/><publisher value="Den telemedicinske infrastruktur (eHealth Infrastructure)"/><contact><name value="Den telemedicinske infrastruktur (eHealth Infrastructure)"/><telecom><system value="url"/><value value="http://ehealth.sundhed.dk"/></telecom></contact><description value="Thumbnail status is a value set for the status of low resolution media representations."/><jurisdiction><coding><system value="urn:iso:std:iso:3166"/><code value="DK"/><display value="Denmark"/></coding></jurisdiction><compose><include><system value="http://ehealth.sundhed.dk/cs/thumbnail-status"/></include></compose></ValueSet>