<?xml version="1.0" encoding="UTF-8"?><ValueSet xmlns="http://hl7.org/fhir"><id value="ehealth-usage-context-type"/><text><status value="generated"/><div xmlns="http://www.w3.org/1999/xhtml"><p class="res-header-id"><b>Generated Narrative: ValueSet ehealth-usage-context-type</b></p><a name="ehealth-usage-context-type"> </a><a name="hcehealth-usage-context-type"> </a><a name="ehealth-usage-context-type-da-DK"> </a><p>This value set includes codes based on the following rules:</p><ul><li>Include all codes defined in <a href="http://terminology.hl7.org/6.2.0/CodeSystem-usage-context-type.html"><code>http://terminology.hl7.org/CodeSystem/usage-context-type</code></a></li><li>Include all codes defined in <a href="CodeSystem-ehealth-usage-context-type.html"><code>http://ehealth.sundhed.dk/cs/ehealth-usage-context-type</code></a></li></ul></div></text><url value="http://ehealth.sundhed.dk/vs/ehealth-usage-context-type"/><version value="3.5.0"/><name value="eHealthUsageContextType"/><title value="eHealth Usage Context Type"/><status value="active"/><experimental value="true"/><date value="2020-11-20T00:00:00+00:00"/><publisher value="Den telemedicinske infrastruktur (eHealth Infrastructure)"/><contact><name value="Den telemedicinske infrastruktur (eHealth Infrastructure)"/><telecom><system value="url"/><value value="http://ehealth.sundhed.dk"/></telecom></contact><description value="The following table supersedes the expansion table below for the following codes:&#xA;&#xA;| Code                | System                                                                                     | Display           | Definition                                                                                                                                                                                   |&#xA;|---------------------|--------------------------------------------------------------------------------------------|-------------------|----------------------------------------------------------------------------------------------------------------------------------------------------------------------------------------------|&#xA;| focus               | http://terminology.hl7.org/CodeSystem/usage-context-type                                    | Clinical Focus    | The clinical concept(s) addressed by the artifact/element. For example, disease, diagnostic test interpretation, medication ordering as in http://ehealth.sundhed.dk/vs/conditions                                                |&#xA;| program             | http://terminology.hl7.org/CodeSystem/usage-context-type                                    | Program           | A program/project of work for which this artifact/element is applicable. http://ehealth.sundhed.dk/vs/ehealth-program                                                                                                         |&#xA;| activity            | http://ehealth.sundhed.dk/cs/ehealth-usage-context-type                                    | Activity Type     | The type of activity in which it is relevant to use a module/element having this use context (see http://hl7.org/fhir/metadatatypes.html#UsageContext). For this context type, the value should be a code taken from the http://ehealth.sundhed.dk/vs/activitydefinition-code value set. |&#xA;| supports            | http://ehealth.sundhed.dk/cs/ehealth-usage-context-type                                    | Supports          | The type of activity supported by a module/element having this use context (see http://hl7.org/fhir/metadatatypes.html#UsageContext). For this context type, the value should be a code taken from the http://ehealth.sundhed.dk/vs/activitydefinition-code value set. |&#xA;| range               | http://ehealth.sundhed.dk/cs/ehealth-usage-context-type                                    | Range             | The type of reference range with which it is relevant to use a module/element having this use context (see http://hl7.org/fhir/metadatatypes.html#UsageContext). For this context type, the value should be a code taken from the http://ehealth.sundhed.dk/vs/reference-range-type value set. |&#xA;| questionnaire-related | http://ehealth.sundhed.dk/cs/ehealth-usage-context-type                                    | Questionnaire Related | The type of questionnaire element with which it is relevant to use a coded values/id registries having this use context (see http://hl7.org/fhir/metadatatypes.html#UsageContext). For this context type, the value should be a code taken from the http://ehealth.sundhed.dk/vs/questionnaire-elements value set. |&#xA;"/><jurisdiction><coding><system value="urn:iso:std:iso:3166"/><code value="DK"/><display value="Denmark"/></coding></jurisdiction><compose><include><system value="http://terminology.hl7.org/CodeSystem/usage-context-type"/></include><include><system value="http://ehealth.sundhed.dk/cs/ehealth-usage-context-type"/></include></compose></ValueSet>