<?xml version="1.0" encoding="UTF-8"?><CodeSystem xmlns="http://hl7.org/fhir"><id value="resolved-timing-type"/><text><status value="generated"/><div xmlns="http://www.w3.org/1999/xhtml"><p class="res-header-id"><b>Generated Narrative: CodeSystem resolved-timing-type</b></p><a name="resolved-timing-type"> </a><a name="hcresolved-timing-type"> </a><a name="resolved-timing-type-da-DK"> </a><p>This case-sensitive code system <code>http://ehealth.sundhed.dk/cs/resolved-timing-type</code> defines the following codes:</p><table class="codes"><tr><td style="white-space:nowrap"><b>Code</b></td><td><b>Definition</b></td><td><b>Dansk (Danish, da)</b></td></tr><tr><td style="white-space:nowrap">Resolved<a name="resolved-timing-type-Resolved"> </a></td><td>Resolved</td><td>Opløst måleregimetid</td></tr><tr><td style="white-space:nowrap">Unresolved<a name="resolved-timing-type-Unresolved"> </a></td><td>Unresolved</td><td>Ej opløst måleregimetid</td></tr><tr><td style="white-space:nowrap">Adhoc<a name="resolved-timing-type-Adhoc"> </a></td><td>Adhoc</td><td>Adhoc</td></tr><tr><td style="white-space:nowrap">Extra<a name="resolved-timing-type-Extra"> </a></td><td>Extra</td><td>Ekstra</td></tr></table></div></text><url value="http://ehealth.sundhed.dk/cs/resolved-timing-type"/><version value="3.3.0"/><name value="ResolvedTimingType"/><title value="Resolved Timing Type"/><status value="active"/><experimental value="false"/><date value="2021-02-26T00:00:00+00:00"/><publisher value="Den telemedicinske infrastruktur (eHealth Infrastructure)"/><contact><name value="Den telemedicinske infrastruktur (eHealth Infrastructure)"/><telecom><system value="url"/><value value="http://ehealth.sundhed.dk"/></telecom></contact><description value="Resolved Timing Type"/><jurisdiction><coding><system value="urn:iso:std:iso:3166"/><code value="DK"/><display value="Denmark"/></coding></jurisdiction><caseSensitive value="true"/><content value="complete"/><concept><code value="Resolved"/><display value="Resolved"/><definition value="Resolved"/><designation><language value="da"/><value value="Opløst måleregimetid"/></designation></concept><concept><code value="Unresolved"/><display value="Unresolved"/><definition value="Unresolved"/><designation><language value="da"/><value value="Ej opløst måleregimetid"/></designation></concept><concept><code value="Adhoc"/><display value="Adhoc"/><definition value="Adhoc"/><designation><language value="da"/><value value="Adhoc"/></designation></concept><concept><code value="Extra"/><display value="Extra"/><definition value="Extra"/><designation><language value="da"/><value value="Ekstra"/></designation></concept></CodeSystem>