<?xml version="1.0" encoding="UTF-8"?><CodeSystem xmlns="http://hl7.org/fhir"><id value="ehealth-situation-quality"/><text><status value="generated"/><div xmlns="http://www.w3.org/1999/xhtml"><p class="res-header-id"><b>Generated Narrative: CodeSystem ehealth-situation-quality</b></p><a name="ehealth-situation-quality"> </a><a name="hcehealth-situation-quality"> </a><a name="ehealth-situation-quality-da-DK"> </a><p>This case-sensitive code system <code>http://ehealth.sundhed.dk/cs/situation-quality</code> defines the following codes in a Is-A hierarchy:</p><table class="codes"><tr><td><b>Lvl</b></td><td style="white-space:nowrap"><b>Code</b></td><td><b>Display</b></td><td><b>Definition</b></td><td><b>Dansk (Danish, da)</b></td></tr><tr><td>1</td><td style="white-space:nowrap">none<a name="ehealth-situation-quality-none"> </a></td><td>No quality needed</td><td>Quality value where no derivation rule logic nor values are expected</td><td>Ingen situationskvalitet krævet/ventet</td></tr><tr><td>2</td><td style="white-space:nowrap">  unknown<a name="ehealth-situation-quality-unknown"> </a></td><td>Unknown quality</td><td>Unknown quality (Unlikely to be adequate if a quality value is expected)</td><td>Ukendt situationskvalitet</td></tr><tr><td>3</td><td style="white-space:nowrap">    derivation-error<a name="ehealth-situation-quality-derivation-error"> </a></td><td>Error in deriving or determining the quality</td><td>Quality value could not be derived due to insufficient input, unknown/unavailable logic, or other error</td><td>Situationskvaliteten kunne ikke bestemmes grundet manglende input, utilgængelig logik, eller anden fejl.</td></tr><tr><td>4</td><td style="white-space:nowrap">      normal<a name="ehealth-situation-quality-normal"> </a></td><td>Normal/neutral situation quality</td><td>Normal/neutral situation quality</td><td>Normalt/neutralt situationskvalitetsniveau</td></tr><tr><td>5</td><td style="white-space:nowrap">        finger-not-cold<a name="ehealth-situation-quality-finger-not-cold"> </a></td><td>Finger is not cold</td><td>Finger is not cold</td><td>Finger ej kold</td></tr><tr><td>5</td><td style="white-space:nowrap">        supported-by-armrest<a name="ehealth-situation-quality-supported-by-armrest"> </a></td><td>Performed with armrest support</td><td>Performed with armrest support</td><td>Udført med støtte fra armlæn</td></tr><tr><td>5</td><td style="white-space:nowrap">        arms-crossed<a name="ehealth-situation-quality-arms-crossed"> </a></td><td>Performed with arms crossed</td><td>Performed with arms crossed</td><td>udført med korslagte arme</td></tr><tr><td>5</td><td style="white-space:nowrap">        lying-down<a name="ehealth-situation-quality-lying-down"> </a></td><td>Performed lying down</td><td>Performed lying down</td><td>Udført liggende</td></tr><tr><td>5</td><td style="white-space:nowrap">        sitting<a name="ehealth-situation-quality-sitting"> </a></td><td>Performed sitting</td><td>Performed sitting</td><td>Udført siddende</td></tr><tr><td>1</td><td style="white-space:nowrap">Unknown<a name="ehealth-situation-quality-Unknown"> </a></td><td>Unknown quality</td><td>Unknown quality (Unlikely to be adequate if a quality value is expected)</td><td/></tr><tr><td>2</td><td style="white-space:nowrap">  None<a name="ehealth-situation-quality-None"> </a></td><td>No quality needed</td><td>Quality value where no derivation rule logic nor values are expected</td><td/></tr><tr><td>3</td><td style="white-space:nowrap">    DerivationError<a name="ehealth-situation-quality-DerivationError"> </a></td><td>Error in deriving or determining the quality</td><td>Quality value could not be derived due to insufficient input, unknown/unavailable logic, or other error</td><td/></tr><tr><td>4</td><td style="white-space:nowrap">      SQ1<a name="ehealth-situation-quality-SQ1"> </a></td><td>Situation quality 1 (example)</td><td>Example, needs further clarification.</td><td/></tr><tr><td>5</td><td style="white-space:nowrap">        SQ2<a name="ehealth-situation-quality-SQ2"> </a></td><td>Situation quality 2 (example)</td><td>Example, needs further clarification.</td><td/></tr><tr><td>6</td><td style="white-space:nowrap">          SQ3<a name="ehealth-situation-quality-SQ3"> </a></td><td>Situation quality 3 (example)</td><td>Example, needs further clarification.</td><td/></tr></table></div></text><url value="http://ehealth.sundhed.dk/cs/situation-quality"/><version value="3.3.0"/><name value="SituationQuality"/><title value="Situation Quality"/><status value="active"/><experimental value="false"/><date value="2019-01-29T00:00:00+00:00"/><publisher value="Den telemedicinske infrastruktur (eHealth Infrastructure)"/><contact><name value="Den telemedicinske infrastruktur (eHealth Infrastructure)"/><telecom><system value="url"/><value value="http://ehealth.sundhed.dk"/></telecom></contact><description value="Codes stating the quality of a measurement situation"/><jurisdiction><coding><system value="urn:iso:std:iso:3166"/><code value="DK"/><display value="Denmark"/></coding></jurisdiction><caseSensitive value="true"/><hierarchyMeaning value="is-a"/><content value="complete"/><concept><code value="none"/><display value="No quality needed"/><definition value="Quality value where no derivation rule logic nor values are expected"/><designation><language value="da"/><value value="Ingen situationskvalitet krævet/ventet"/></designation><concept><code value="unknown"/><display value="Unknown quality"/><definition value="Unknown quality (Unlikely to be adequate if a quality value is expected)"/><designation><language value="da"/><value value="Ukendt situationskvalitet"/></designation><concept><code value="derivation-error"/><display value="Error in deriving or determining the quality"/><definition value="Quality value could not be derived due to insufficient input, unknown/unavailable logic, or other error"/><designation><language value="da"/><value value="Situationskvaliteten kunne ikke bestemmes grundet manglende input, utilgængelig logik, eller anden fejl."/></designation><concept><code value="normal"/><display value="Normal/neutral situation quality"/><definition value="Normal/neutral situation quality"/><designation><language value="da"/><value value="Normalt/neutralt situationskvalitetsniveau"/></designation><concept><code value="finger-not-cold"/><display value="Finger is not cold"/><definition value="Finger is not cold"/><designation><language value="da"/><value value="Finger ej kold"/></designation></concept><concept><code value="supported-by-armrest"/><display value="Performed with armrest support"/><definition value="Performed with armrest support"/><designation><language value="da"/><value value="Udført med støtte fra armlæn"/></designation></concept><concept><code value="arms-crossed"/><display value="Performed with arms crossed"/><definition value="Performed with arms crossed"/><designation><language value="da"/><value value="udført med korslagte arme"/></designation></concept><concept><code value="lying-down"/><display value="Performed lying down"/><definition value="Performed lying down"/><designation><language value="da"/><value value="Udført liggende"/></designation></concept><concept><code value="sitting"/><display value="Performed sitting"/><definition value="Performed sitting"/><designation><language value="da"/><value value="Udført siddende"/></designation></concept></concept></concept></concept></concept><concept><code value="Unknown"/><display value="Unknown quality"/><definition value="Unknown quality (Unlikely to be adequate if a quality value is expected)"/><property><valueDateTime value="2020-02-03"/></property><concept><code value="None"/><display value="No quality needed"/><definition value="Quality value where no derivation rule logic nor values are expected"/><property><valueDateTime value="2020-02-03"/></property><concept><code value="DerivationError"/><display value="Error in deriving or determining the quality"/><definition value="Quality value could not be derived due to insufficient input, unknown/unavailable logic, or other error"/><property><valueDateTime value="2020-02-03"/></property><concept><code value="SQ1"/><display value="Situation quality 1 (example)"/><definition value="Example, needs further clarification."/><property><valueDateTime value="2020-02-03"/></property><concept><code value="SQ2"/><display value="Situation quality 2 (example)"/><definition value="Example, needs further clarification."/><property><valueDateTime value="2020-02-03"/></property><concept><code value="SQ3"/><display value="Situation quality 3 (example)"/><definition value="Example, needs further clarification."/><property><valueDateTime value="2020-02-03"/></property></concept></concept></concept></concept></concept></concept></CodeSystem>