<?xml version="1.0" encoding="UTF-8"?><CodeSystem xmlns="http://hl7.org/fhir"><id value="hl7.org-fhir-resource-types"/><text><status value="generated"/><div xmlns="http://www.w3.org/1999/xhtml"><p/><table class="codes"><tr><td style="white-space:nowrap"><b>Code</b></td><td><b>Display</b></td><td><b>Definition</b></td></tr><tr><td style="white-space:nowrap">Account<a name="resource-types-dk-supplement-Account"> </a></td><td>Account</td><td>A financial tool for tracking value accrued for a particular purpose.  In the healthcare field, used to track charges for a patient, cost centers, etc.</td></tr><tr><td style="white-space:nowrap">ActivityDefinition<a name="resource-types-dk-supplement-ActivityDefinition"> </a></td><td>ActivityDefinition</td><td>This resource allows for the definition of some activity to be performed, independent of a particular patient, practitioner, or other performance context.</td></tr><tr><td style="white-space:nowrap">AdverseEvent<a name="resource-types-dk-supplement-AdverseEvent"> </a></td><td>AdverseEvent</td><td>Actual or  potential/avoided event causing unintended physical injury resulting from or contributed to by medical care, a research study or other healthcare setting factors that requires additional monitoring, treatment, or hospitalization, or that results in death.</td></tr><tr><td style="white-space:nowrap">AllergyIntolerance<a name="resource-types-dk-supplement-AllergyIntolerance"> </a></td><td>AllergyIntolerance</td><td>Risk of harmful or undesirable, physiological response which is unique to an individual and associated with exposure to a substance.</td></tr><tr><td style="white-space:nowrap">Appointment<a name="resource-types-dk-supplement-Appointment"> </a></td><td>Appointment</td><td>A booking of a healthcare event among patient(s), practitioner(s), related person(s) and/or device(s) for a specific date/time. This may result in one or more Encounter(s).</td></tr><tr><td style="white-space:nowrap">AppointmentResponse<a name="resource-types-dk-supplement-AppointmentResponse"> </a></td><td>AppointmentResponse</td><td>A reply to an appointment request for a patient and/or practitioner(s), such as a confirmation or rejection.</td></tr><tr><td style="white-space:nowrap">AuditEvent<a name="resource-types-dk-supplement-AuditEvent"> </a></td><td>AuditEvent</td><td>A record of an event made for purposes of maintaining a security log. Typical uses include detection of intrusion attempts and monitoring for inappropriate usage.</td></tr><tr><td style="white-space:nowrap">Basic<a name="resource-types-dk-supplement-Basic"> </a></td><td>Basic</td><td>Basic is used for handling concepts not yet defined in FHIR, narrative-only resources that don't map to an existing resource, and custom resources not appropriate for inclusion in the FHIR specification.</td></tr><tr><td style="white-space:nowrap">Binary<a name="resource-types-dk-supplement-Binary"> </a></td><td>Binary</td><td>A binary resource can contain any content, whether text, image, pdf, zip archive, etc.</td></tr><tr><td style="white-space:nowrap">BodyStructure<a name="resource-types-dk-supplement-BodyStructure"> </a></td><td>BodyStructure</td><td>Record details about the anatomical location of a specimen or body part.  This resource may be used when a coded concept does not provide the necessary detail needed for the use case.</td></tr><tr><td style="white-space:nowrap">Bundle<a name="resource-types-dk-supplement-Bundle"> </a></td><td>Bundle</td><td>A container for a collection of resources.</td></tr><tr><td style="white-space:nowrap">CapabilityStatement<a name="resource-types-dk-supplement-CapabilityStatement"> </a></td><td>CapabilityStatement</td><td>A Capability Statement documents a set of capabilities (behaviors) of a FHIR Server that may be used as a statement of actual server functionality or a statement of required or desired server implementation.</td></tr><tr><td style="white-space:nowrap">CarePlan<a name="resource-types-dk-supplement-CarePlan"> </a></td><td>CarePlan</td><td>Describes the intention of how one or more practitioners intend to deliver care for a particular patient, group or community for a period of time, possibly limited to care for a specific condition or set of conditions.</td></tr><tr><td style="white-space:nowrap">CareTeam<a name="resource-types-dk-supplement-CareTeam"> </a></td><td>CareTeam</td><td>The Care Team includes all the people and organizations who plan to participate in the coordination and delivery of care for a patient.</td></tr><tr><td style="white-space:nowrap">ChargeItem<a name="resource-types-dk-supplement-ChargeItem"> </a></td><td>ChargeItem</td><td>The resource ChargeItem describes the provision of healthcare provider products for a certain patient, therefore referring not only to the product, but containing in addition details of the provision, like date, time, amounts and participating organizations and persons. Main Usage of the ChargeItem is to enable the billing process and internal cost allocation.</td></tr><tr><td style="white-space:nowrap">Claim<a name="resource-types-dk-supplement-Claim"> </a></td><td>Claim</td><td>A provider issued list of services and products provided, or to be provided, to a patient which is provided to an insurer for payment recovery.</td></tr><tr><td style="white-space:nowrap">ClaimResponse<a name="resource-types-dk-supplement-ClaimResponse"> </a></td><td>ClaimResponse</td><td>This resource provides the adjudication details from the processing of a Claim resource.</td></tr><tr><td style="white-space:nowrap">ClinicalImpression<a name="resource-types-dk-supplement-ClinicalImpression"> </a></td><td>ClinicalImpression</td><td>A record of a clinical assessment performed to determine what problem(s) may affect the patient and before planning the treatments or management strategies that are best to manage a patient's condition. Assessments are often 1:1 with a clinical consultation / encounter,  but this varies greatly depending on the clinical workflow. This resource is called &quot;ClinicalImpression&quot; rather than &quot;ClinicalAssessment&quot; to avoid confusion with the recording of assessment tools such as Apgar score.</td></tr><tr><td style="white-space:nowrap">CodeSystem<a name="resource-types-dk-supplement-CodeSystem"> </a></td><td>CodeSystem</td><td>A code system resource specifies a set of codes drawn from one or more code systems.</td></tr><tr><td style="white-space:nowrap">Communication<a name="resource-types-dk-supplement-Communication"> </a></td><td>Communication</td><td>An occurrence of information being transmitted; e.g. an alert that was sent to a responsible provider, a public health agency was notified about a reportable condition.</td></tr><tr><td style="white-space:nowrap">CommunicationRequest<a name="resource-types-dk-supplement-CommunicationRequest"> </a></td><td>CommunicationRequest</td><td>A request to convey information; e.g. the CDS system proposes that an alert be sent to a responsible provider, the CDS system proposes that the public health agency be notified about a reportable condition.</td></tr><tr><td style="white-space:nowrap">CompartmentDefinition<a name="resource-types-dk-supplement-CompartmentDefinition"> </a></td><td>CompartmentDefinition</td><td>A compartment definition that defines how resources are accessed on a server.</td></tr><tr><td style="white-space:nowrap">Composition<a name="resource-types-dk-supplement-Composition"> </a></td><td>Composition</td><td>A set of healthcare-related information that is assembled together into a single logical document that provides a single coherent statement of meaning, establishes its own context and that has clinical attestation with regard to who is making the statement. While a Composition defines the structure, it does not actually contain the content: rather the full content of a document is contained in a Bundle, of which the Composition is the first resource contained.</td></tr><tr><td style="white-space:nowrap">ConceptMap<a name="resource-types-dk-supplement-ConceptMap"> </a></td><td>ConceptMap</td><td>A statement of relationships from one set of concepts to one or more other concepts - either code systems or data elements, or classes in class models.</td></tr><tr><td style="white-space:nowrap">Condition<a name="resource-types-dk-supplement-Condition"> </a></td><td>Condition</td><td>A clinical condition, problem, diagnosis, or other event, situation, issue, or clinical concept that has risen to a level of concern.</td></tr><tr><td style="white-space:nowrap">Consent<a name="resource-types-dk-supplement-Consent"> </a></td><td>Consent</td><td>A record of a healthcare consumer’s policy choices, which permits or denies identified recipient(s) or recipient role(s) to perform one or more actions within a given policy context, for specific purposes and periods of time.</td></tr><tr><td style="white-space:nowrap">Contract<a name="resource-types-dk-supplement-Contract"> </a></td><td>Contract</td><td>A formal agreement between parties regarding the conduct of business, exchange of information or other matters.</td></tr><tr><td style="white-space:nowrap">Coverage<a name="resource-types-dk-supplement-Coverage"> </a></td><td>Coverage</td><td>Financial instrument which may be used to reimburse or pay for health care products and services.</td></tr><tr><td style="white-space:nowrap">DetectedIssue<a name="resource-types-dk-supplement-DetectedIssue"> </a></td><td>DetectedIssue</td><td>Indicates an actual or potential clinical issue with or between one or more active or proposed clinical actions for a patient; e.g. Drug-drug interaction, Ineffective treatment frequency, Procedure-condition conflict, etc.</td></tr><tr><td style="white-space:nowrap">Device<a name="resource-types-dk-supplement-Device"> </a></td><td>Device</td><td>This resource identifies an instance or a type of a manufactured item that is used in the provision of healthcare without being substantially changed through that activity. The device may be a medical or non-medical device.  Medical devices include durable (reusable) medical equipment, implantable devices, as well as disposable equipment used for diagnostic, treatment, and research for healthcare and public health.  Non-medical devices may include items such as a machine, cellphone, computer, application, etc.</td></tr><tr><td style="white-space:nowrap">DeviceDefinition<a name="resource-types-dk-supplement-DeviceDefinition"> </a></td><td>DeviceDefinition</td><td>The characteristics, operational status and capabilities of a medical-related component of a medical device.</td></tr><tr><td style="white-space:nowrap">DeviceMetric<a name="resource-types-dk-supplement-DeviceMetric"> </a></td><td>DeviceMetric</td><td>Describes a measurement, calculation or setting capability of a medical device.</td></tr><tr><td style="white-space:nowrap">DeviceRequest<a name="resource-types-dk-supplement-DeviceRequest"> </a></td><td>DeviceRequest</td><td>Represents a request for a patient to employ a medical device. The device may be an implantable device, or an external assistive device, such as a walker.</td></tr><tr><td style="white-space:nowrap">DeviceUseStatement<a name="resource-types-dk-supplement-DeviceUseStatement"> </a></td><td>DeviceUseStatement</td><td>A record of a device being used by a patient where the record is the result of a report from the patient or another clinician.</td></tr><tr><td style="white-space:nowrap">DiagnosticReport<a name="resource-types-dk-supplement-DiagnosticReport"> </a></td><td>DiagnosticReport</td><td>The findings and interpretation of diagnostic  tests performed on patients, groups of patients, devices, and locations, and/or specimens derived from these. The report includes clinical context such as requesting and provider information, and some mix of atomic results, images, textual and coded interpretations, and formatted representation of diagnostic reports.</td></tr><tr><td style="white-space:nowrap">DocumentManifest<a name="resource-types-dk-supplement-DocumentManifest"> </a></td><td>DocumentManifest</td><td>A collection of documents compiled for a purpose together with metadata that applies to the collection.</td></tr><tr><td style="white-space:nowrap">DocumentReference<a name="resource-types-dk-supplement-DocumentReference"> </a></td><td>DocumentReference</td><td>A reference to a document.</td></tr><tr><td style="white-space:nowrap">DomainResource<a name="resource-types-dk-supplement-DomainResource"> </a></td><td>DomainResource</td><td>A resource that includes narrative, extensions, and contained resources.</td></tr><tr><td style="white-space:nowrap">CoverageEligibilityRequest<a name="resource-types-dk-supplement-CoverageEligibilityRequest"> </a></td><td>CoverageEligibilityRequest</td><td>The CoverageEligibilityRequest provides patient and insurance coverage information to an insurer for them to respond, in the form of an CoverageEligibilityResponse, with information regarding whether the stated coverage is valid and in-force and optionally to provide the insurance details of the policy.</td></tr><tr><td style="white-space:nowrap">CoverageEligibilityResponse<a name="resource-types-dk-supplement-CoverageEligibilityResponse"> </a></td><td>CoverageEligibilityResponse</td><td>This resource provides eligibility and plan details from the processing of an CoverageEligibilityRequest resource.</td></tr><tr><td style="white-space:nowrap">Encounter<a name="resource-types-dk-supplement-Encounter"> </a></td><td>Encounter</td><td>An interaction between a patient and healthcare provider(s) for the purpose of providing healthcare service(s) or assessing the health status of a patient.</td></tr><tr><td style="white-space:nowrap">Endpoint<a name="resource-types-dk-supplement-Endpoint"> </a></td><td>Endpoint</td><td>The technical details of an endpoint that can be used for electronic services, such as for web services providing XDS.b or a REST endpoint for another FHIR server. This may include any security context information.</td></tr><tr><td style="white-space:nowrap">EnrollmentRequest<a name="resource-types-dk-supplement-EnrollmentRequest"> </a></td><td>EnrollmentRequest</td><td>This resource provides the insurance enrollment details to the insurer regarding a specified coverage.</td></tr><tr><td style="white-space:nowrap">EnrollmentResponse<a name="resource-types-dk-supplement-EnrollmentResponse"> </a></td><td>EnrollmentResponse</td><td>This resource provides enrollment and plan details from the processing of an Enrollment resource.</td></tr><tr><td style="white-space:nowrap">EpisodeOfCare<a name="resource-types-dk-supplement-EpisodeOfCare"> </a></td><td>EpisodeOfCare</td><td>An association between a patient and an organization / healthcare provider(s) during which time encounters may occur. The managing organization assumes a level of responsibility for the patient during this time.</td></tr><tr><td style="white-space:nowrap">ExplanationOfBenefit<a name="resource-types-dk-supplement-ExplanationOfBenefit"> </a></td><td>ExplanationOfBenefit</td><td>This resource provides: the claim details; adjudication details from the processing of a Claim; and optionally account balance information, for informing the subscriber of the benefits provided.</td></tr><tr><td style="white-space:nowrap">FamilyMemberHistory<a name="resource-types-dk-supplement-FamilyMemberHistory"> </a></td><td>FamilyMemberHistory</td><td>Significant health events and conditions for a person related to the patient relevant in the context of care for the patient.</td></tr><tr><td style="white-space:nowrap">Flag<a name="resource-types-dk-supplement-Flag"> </a></td><td>Flag</td><td>Prospective warnings of potential issues when providing care to the patient.</td></tr><tr><td style="white-space:nowrap">Goal<a name="resource-types-dk-supplement-Goal"> </a></td><td>Goal</td><td>Describes the intended objective(s) for a patient, group or organization care, for example, weight loss, restoring an activity of daily living, obtaining herd immunity via immunization, meeting a process improvement objective, etc.</td></tr><tr><td style="white-space:nowrap">GraphDefinition<a name="resource-types-dk-supplement-GraphDefinition"> </a></td><td>GraphDefinition</td><td>A formal computable definition of a graph of resources - that is, a coherent set of resources that form a graph by following references. The Graph Definition resource defines a set and makes rules about the set.</td></tr><tr><td style="white-space:nowrap">Group<a name="resource-types-dk-supplement-Group"> </a></td><td>Group</td><td>Represents a defined collection of entities that may be discussed or acted upon collectively but which are not expected to act collectively and are not formally or legally recognized; i.e. a collection of entities that isn't an Organization.</td></tr><tr><td style="white-space:nowrap">GuidanceResponse<a name="resource-types-dk-supplement-GuidanceResponse"> </a></td><td>GuidanceResponse</td><td>A guidance response is the formal response to a guidance request, including any output parameters returned by the evaluation, as well as the description of any proposed actions to be taken.</td></tr><tr><td style="white-space:nowrap">HealthcareService<a name="resource-types-dk-supplement-HealthcareService"> </a></td><td>HealthcareService</td><td>The details of a healthcare service available at a location.</td></tr><tr><td style="white-space:nowrap">Immunization<a name="resource-types-dk-supplement-Immunization"> </a></td><td>Immunization</td><td>Describes the event of a patient being administered a vaccination or a record of a vaccination as reported by a patient, a clinician or another party and may include vaccine reaction information and what vaccination protocol was followed.</td></tr><tr><td style="white-space:nowrap">ImmunizationRecommendation<a name="resource-types-dk-supplement-ImmunizationRecommendation"> </a></td><td>ImmunizationRecommendation</td><td>A patient's point-in-time immunization and recommendation (i.e. forecasting a patient's immunization eligibility according to a published schedule) with optional supporting justification.</td></tr><tr><td style="white-space:nowrap">ImplementationGuide<a name="resource-types-dk-supplement-ImplementationGuide"> </a></td><td>ImplementationGuide</td><td>A set of rules of how FHIR is used to solve a particular problem. This resource is used to gather all the parts of an implementation guide into a logical whole and to publish a computable definition of all the parts.</td></tr><tr><td style="white-space:nowrap">Library<a name="resource-types-dk-supplement-Library"> </a></td><td>Library</td><td>The Library resource is a general-purpose container for knowledge asset definitions. It can be used to describe and expose existing knowledge assets such as logic libraries and information model descriptions, as well as to describe a collection of knowledge assets.</td></tr><tr><td style="white-space:nowrap">Linkage<a name="resource-types-dk-supplement-Linkage"> </a></td><td>Linkage</td><td>Identifies two or more records (resource instances) that are referring to the same real-world &quot;occurrence&quot;.</td></tr><tr><td style="white-space:nowrap">List<a name="resource-types-dk-supplement-List"> </a></td><td>List</td><td>A set of information summarized from a list of other resources.</td></tr><tr><td style="white-space:nowrap">Location<a name="resource-types-dk-supplement-Location"> </a></td><td>Location</td><td>Details and position information for a physical place where services are provided  and resources and participants may be stored, found, contained or accommodated.</td></tr><tr><td style="white-space:nowrap">Measure<a name="resource-types-dk-supplement-Measure"> </a></td><td>Measure</td><td>The Measure resource provides the definition of a quality measure.</td></tr><tr><td style="white-space:nowrap">MeasureReport<a name="resource-types-dk-supplement-MeasureReport"> </a></td><td>MeasureReport</td><td>The MeasureReport resource contains the results of evaluating a measure.</td></tr><tr><td style="white-space:nowrap">Media<a name="resource-types-dk-supplement-Media"> </a></td><td>Media</td><td>A photo, video, or audio recording acquired or used in healthcare. The actual content may be inline or provided by direct reference.</td></tr><tr><td style="white-space:nowrap">Medication<a name="resource-types-dk-supplement-Medication"> </a></td><td>Medication</td><td>This resource is primarily used for the identification and definition of a medication. It covers the ingredients and the packaging for a medication.</td></tr><tr><td style="white-space:nowrap">MedicationAdministration<a name="resource-types-dk-supplement-MedicationAdministration"> </a></td><td>MedicationAdministration</td><td>Describes the event of a patient consuming or otherwise being administered a medication.  This may be as simple as swallowing a tablet or it may be a long running infusion.  Related resources tie this event to the authorizing prescription, and the specific encounter between patient and health care practitioner.</td></tr><tr><td style="white-space:nowrap">MedicationDispense<a name="resource-types-dk-supplement-MedicationDispense"> </a></td><td>MedicationDispense</td><td>Indicates that a medication product is to be or has been dispensed for a named person/patient.  This includes a description of the medication product (supply) provided and the instructions for administering the medication.  The medication dispense is the result of a pharmacy system responding to a medication order.</td></tr><tr><td style="white-space:nowrap">MedicationRequest<a name="resource-types-dk-supplement-MedicationRequest"> </a></td><td>MedicationRequest</td><td>An order or request for both supply of the medication and the instructions for administration of the medication to a patient. The resource is called &quot;MedicationRequest&quot; rather than &quot;MedicationPrescription&quot; or &quot;MedicationOrder&quot; to generalize the use across inpatient and outpatient settings, including care plans, etc., and to harmonize with workflow patterns.</td></tr><tr><td style="white-space:nowrap">MedicationStatement<a name="resource-types-dk-supplement-MedicationStatement"> </a></td><td>MedicationStatement</td><td>A record of a medication that is being consumed by a patient.   A MedicationStatement may indicate that the patient may be taking the medication now, or has taken the medication in the past or will be taking the medication in the future.  The source of this information can be the patient, significant other (such as a family member or spouse), or a clinician.  A common scenario where this information is captured is during the history taking process during a patient visit or stay.   The medication information may come from sources such as the patient's memory, from a prescription bottle,  or from a list of medications the patient, clinician or other party maintains   The primary difference between a medication statement and a medication administration is that the medication administration has complete administration information and is based on actual administration information from the person who administered the medication.  A medication statement is often, if not always, less specific.  There is no required date/time when the medication was administered, in fact we only know that a source has reported the patient is taking this medication, where details such as time, quantity, or rate or even medication product may be incomplete or missing or less precise.  As stated earlier, the medication statement information may come from the patient's memory, from a prescription bottle or from a list of medications the patient, clinician or other party maintains.  Medication administration is more formal and is not missing detailed information.</td></tr><tr><td style="white-space:nowrap">MessageDefinition<a name="resource-types-dk-supplement-MessageDefinition"> </a></td><td>MessageDefinition</td><td>Defines the characteristics of a message that can be shared between systems, including the type of event that initiates the message, the content to be transmitted and what response(s), if any, are permitted.</td></tr><tr><td style="white-space:nowrap">MessageHeader<a name="resource-types-dk-supplement-MessageHeader"> </a></td><td>MessageHeader</td><td>The header for a message exchange that is either requesting or responding to an action.  The reference(s) that are the subject of the action as well as other information related to the action are typically transmitted in a bundle in which the MessageHeader resource instance is the first resource in the bundle.</td></tr><tr><td style="white-space:nowrap">NamingSystem<a name="resource-types-dk-supplement-NamingSystem"> </a></td><td>NamingSystem</td><td>A curated namespace that issues unique symbols within that namespace for the identification of concepts, people, devices, etc.  Represents a &quot;System&quot; used within the Identifier and Coding data types.</td></tr><tr><td style="white-space:nowrap">NutritionOrder<a name="resource-types-dk-supplement-NutritionOrder"> </a></td><td>NutritionOrder</td><td>A request to supply a diet, formula feeding (enteral) or oral nutritional supplement to a patient/resident.</td></tr><tr><td style="white-space:nowrap">Observation<a name="resource-types-dk-supplement-Observation"> </a></td><td>Observation</td><td>Measurements and simple assertions made about a patient, device or other subject.</td></tr><tr><td style="white-space:nowrap">OperationDefinition<a name="resource-types-dk-supplement-OperationDefinition"> </a></td><td>OperationDefinition</td><td>A formal computable definition of an operation (on the RESTful interface) or a named query (using the search interaction).</td></tr><tr><td style="white-space:nowrap">OperationOutcome<a name="resource-types-dk-supplement-OperationOutcome"> </a></td><td>OperationOutcome</td><td>A collection of error, warning or information messages that result from a system action.</td></tr><tr><td style="white-space:nowrap">Organization<a name="resource-types-dk-supplement-Organization"> </a></td><td>Organization</td><td>A formally or informally recognized grouping of people or organizations formed for the purpose of achieving some form of collective action.  Includes companies, institutions, corporations, departments, community groups, healthcare practice groups, etc.</td></tr><tr><td style="white-space:nowrap">Parameters<a name="resource-types-dk-supplement-Parameters"> </a></td><td>Parameters</td><td>This special resource type is used to represent an operation request and response (operations.html). It has no other use, and there is no RESTful endpoint associated with it.</td></tr><tr><td style="white-space:nowrap">Patient<a name="resource-types-dk-supplement-Patient"> </a></td><td>Patient</td><td>Demographics and other administrative information about an individual or animal receiving care or other health-related services.</td></tr><tr><td style="white-space:nowrap">PaymentNotice<a name="resource-types-dk-supplement-PaymentNotice"> </a></td><td>PaymentNotice</td><td>This resource provides the status of the payment for goods and services rendered, and the request and response resource references.</td></tr><tr><td style="white-space:nowrap">PaymentReconciliation<a name="resource-types-dk-supplement-PaymentReconciliation"> </a></td><td>PaymentReconciliation</td><td>This resource provides payment details and claim references supporting a bulk payment.</td></tr><tr><td style="white-space:nowrap">Person<a name="resource-types-dk-supplement-Person"> </a></td><td>Person</td><td>Demographics and administrative information about a person independent of a specific health-related context.</td></tr><tr><td style="white-space:nowrap">PlanDefinition<a name="resource-types-dk-supplement-PlanDefinition"> </a></td><td>PlanDefinition</td><td>This resource allows for the definition of various types of plans as a sharable, consumable, and executable artifact. The resource is general enough to support the description of a broad range of clinical artifacts such as clinical decision support rules, order sets and protocols.</td></tr><tr><td style="white-space:nowrap">Practitioner<a name="resource-types-dk-supplement-Practitioner"> </a></td><td>Practitioner</td><td>A person who is directly or indirectly involved in the provisioning of healthcare.</td></tr><tr><td style="white-space:nowrap">PractitionerRole<a name="resource-types-dk-supplement-PractitionerRole"> </a></td><td>PractitionerRole</td><td>A specific set of Roles/Locations/specialties/services that a practitioner may perform at an organization for a period of time.</td></tr><tr><td style="white-space:nowrap">Procedure<a name="resource-types-dk-supplement-Procedure"> </a></td><td>Procedure</td><td>An action that is or was performed on a patient. This can be a physical intervention like an operation, or less invasive like counseling or hypnotherapy.</td></tr><tr><td style="white-space:nowrap">ServiceRequest<a name="resource-types-dk-supplement-ServiceRequest"> </a></td><td>ServiceRequest</td><td>A record of a request for service such as diagnostic investigations, treatments, or operations to be performed.</td></tr><tr><td style="white-space:nowrap">Provenance<a name="resource-types-dk-supplement-Provenance"> </a></td><td>Provenance</td><td>Provenance of a resource is a record that describes entities and processes involved in producing and delivering or otherwise influencing that resource. Provenance provides a critical foundation for assessing authenticity, enabling trust, and allowing reproducibility. Provenance assertions are a form of contextual metadata and can themselves become important records with their own provenance. Provenance statement indicates clinical significance in terms of confidence in authenticity, reliability, and trustworthiness, integrity, and stage in lifecycle (e.g. Document Completion - has the artifact been legally authenticated), all of which may impact security, privacy, and trust policies.</td></tr><tr><td style="white-space:nowrap">Questionnaire<a name="resource-types-dk-supplement-Questionnaire"> </a></td><td>Questionnaire</td><td>A structured set of questions intended to guide the collection of answers from end-users. Questionnaires provide detailed control over order, presentation, phraseology and grouping to allow coherent, consistent data collection.</td></tr><tr><td style="white-space:nowrap">QuestionnaireResponse<a name="resource-types-dk-supplement-QuestionnaireResponse"> </a></td><td>QuestionnaireResponse</td><td>A structured set of questions and their answers. The questions are ordered and grouped into coherent subsets, corresponding to the structure of the grouping of the questionnaire being responded to.</td></tr><tr><td style="white-space:nowrap">RelatedPerson<a name="resource-types-dk-supplement-RelatedPerson"> </a></td><td>RelatedPerson</td><td>Information about a person that is involved in the care for a patient, but who is not the target of healthcare, nor has a formal responsibility in the care process.</td></tr><tr><td style="white-space:nowrap">RequestGroup<a name="resource-types-dk-supplement-RequestGroup"> </a></td><td>RequestGroup</td><td>A group of related requests that can be used to capture intended activities that have inter-dependencies such as &quot;give this medication after that one&quot;.</td></tr><tr><td style="white-space:nowrap">ResearchStudy<a name="resource-types-dk-supplement-ResearchStudy"> </a></td><td>ResearchStudy</td><td>A process where a researcher or organization plans and then executes a series of steps intended to increase the field of healthcare-related knowledge.  This includes studies of safety, efficacy, comparative effectiveness and other information about medications, devices, therapies and other interventional and investigative techniques.  A ResearchStudy involves the gathering of information about human or animal subjects.</td></tr><tr><td style="white-space:nowrap">ResearchSubject<a name="resource-types-dk-supplement-ResearchSubject"> </a></td><td>ResearchSubject</td><td>A process where a researcher or organization plans and then executes a series of steps intended to increase the field of healthcare-related knowledge.  This includes studies of safety, efficacy, comparative effectiveness and other information about medications, devices, therapies and other interventional and investigative techniques.  A ResearchStudy involves the gathering of information about human or animal subjects.</td></tr><tr><td style="white-space:nowrap">Resource<a name="resource-types-dk-supplement-Resource"> </a></td><td>Resource</td><td>This is the base resource type for everything.</td></tr><tr><td style="white-space:nowrap">RiskAssessment<a name="resource-types-dk-supplement-RiskAssessment"> </a></td><td>RiskAssessment</td><td>An assessment of the likely outcome(s) for a patient or other subject as well as the likelihood of each outcome.</td></tr><tr><td style="white-space:nowrap">Schedule<a name="resource-types-dk-supplement-Schedule"> </a></td><td>Schedule</td><td>A container for slots of time that may be available for booking appointments.</td></tr><tr><td style="white-space:nowrap">SearchParameter<a name="resource-types-dk-supplement-SearchParameter"> </a></td><td>SearchParameter</td><td>A search parameter that defines a named search item that can be used to search/filter on a resource.</td></tr><tr><td style="white-space:nowrap">MolecularSequence<a name="resource-types-dk-supplement-MolecularSequence"> </a></td><td>MolecularSequence</td><td>Raw data describing a biological sequence.</td></tr><tr><td style="white-space:nowrap">Slot<a name="resource-types-dk-supplement-Slot"> </a></td><td>Slot</td><td>A slot of time on a schedule that may be available for booking appointments.</td></tr><tr><td style="white-space:nowrap">Specimen<a name="resource-types-dk-supplement-Specimen"> </a></td><td>Specimen</td><td>A sample to be used for analysis.</td></tr><tr><td style="white-space:nowrap">StructureDefinition<a name="resource-types-dk-supplement-StructureDefinition"> </a></td><td>StructureDefinition</td><td>A definition of a FHIR structure. This resource is used to describe the underlying resources, data types defined in FHIR, and also for describing extensions and constraints on resources and data types.</td></tr><tr><td style="white-space:nowrap">StructureMap<a name="resource-types-dk-supplement-StructureMap"> </a></td><td>StructureMap</td><td>A Map of relationships between 2 structures that can be used to transform data.</td></tr><tr><td style="white-space:nowrap">Subscription<a name="resource-types-dk-supplement-Subscription"> </a></td><td>Subscription</td><td>The subscription resource is used to define a push based subscription from a server to another system. Once a subscription is registered with the server, the server checks every resource that is created or updated, and if the resource matches the given criteria, it sends a message on the defined &quot;channel&quot; so that another system is able to take an appropriate action.</td></tr><tr><td style="white-space:nowrap">Substance<a name="resource-types-dk-supplement-Substance"> </a></td><td>Substance</td><td>A homogeneous material with a definite composition.</td></tr><tr><td style="white-space:nowrap">SupplyDelivery<a name="resource-types-dk-supplement-SupplyDelivery"> </a></td><td>SupplyDelivery</td><td>Record of delivery of what is supplied.</td></tr><tr><td style="white-space:nowrap">SupplyRequest<a name="resource-types-dk-supplement-SupplyRequest"> </a></td><td>SupplyRequest</td><td>A record of a request for a medication, substance or device used in the healthcare setting.</td></tr><tr><td style="white-space:nowrap">Task<a name="resource-types-dk-supplement-Task"> </a></td><td>Task</td><td>A task to be performed.</td></tr><tr><td style="white-space:nowrap">TestReport<a name="resource-types-dk-supplement-TestReport"> </a></td><td>TestReport</td><td>A summary of information based on the results of executing a TestScript.</td></tr><tr><td style="white-space:nowrap">TestScript<a name="resource-types-dk-supplement-TestScript"> </a></td><td>TestScript</td><td>A structured set of tests against a FHIR server implementation to determine compliance against the FHIR specification.</td></tr><tr><td style="white-space:nowrap">ValueSet<a name="resource-types-dk-supplement-ValueSet"> </a></td><td>ValueSet</td><td>A value set specifies a set of codes drawn from one or more code systems.</td></tr><tr><td style="white-space:nowrap">VisionPrescription<a name="resource-types-dk-supplement-VisionPrescription"> </a></td><td>VisionPrescription</td><td>An authorization for the supply of glasses and/or contact lenses to a patient.</td></tr></table><p><b>Additional Language Displays</b></p><table class="codes"><tr><td><b>Code</b></td><td><b>Dansk (Danish, da)</b></td></tr><tr><td>Account</td><td>Konto</td></tr><tr><td>ActivityDefinition</td><td>Aktivitetsdefinition</td></tr><tr><td>AdverseEvent</td><td>Bivirkning</td></tr><tr><td>AllergyIntolerance</td><td>Allergi / intolerance</td></tr><tr><td>Appointment</td><td>Aftale</td></tr><tr><td>AppointmentResponse</td><td>Aftalesvar</td></tr><tr><td>AuditEvent</td><td>Kontrolrapportering</td></tr><tr><td>Basic</td><td>Grundlæggende</td></tr><tr><td>Binary</td><td>Binær</td></tr><tr><td>BodyStructure</td><td>Kropspunkt</td></tr><tr><td>Bundle</td><td>Bundt</td></tr><tr><td>CapabilityStatement</td><td>Kapabilitetserklæring</td></tr><tr><td>CarePlan</td><td>Behandlingsplan</td></tr><tr><td>CareTeam</td><td>Behandlingsteam</td></tr><tr><td>ChargeItem</td><td>Postering</td></tr><tr><td>Claim</td><td>Krav</td></tr><tr><td>ClaimResponse</td><td>Kravssvar</td></tr><tr><td>ClinicalImpression</td><td>Klinisk vurdering</td></tr><tr><td>CodeSystem</td><td>Kodesystem</td></tr><tr><td>Communication</td><td>Meddelelse</td></tr><tr><td>CommunicationRequest</td><td>Kommunikationsanmodning</td></tr><tr><td>CompartmentDefinition</td><td>Rumdefinition</td></tr><tr><td>Composition</td><td>Sammensætning</td></tr><tr><td>ConceptMap</td><td>Konceptkortlægning</td></tr><tr><td>Condition</td><td>Tilstand</td></tr><tr><td>Consent</td><td>Samtykke</td></tr><tr><td>Contract</td><td>Kontrakt</td></tr><tr><td>Coverage</td><td>Dækning</td></tr><tr><td>DetectedIssue</td><td>Registreret problem</td></tr><tr><td>Device</td><td>Enhed</td></tr><tr><td>DeviceDefinition</td><td>Enhedskomponent</td></tr><tr><td>DeviceMetric</td><td>Enhedsfunktion</td></tr><tr><td>DeviceRequest</td><td>Enhedsbrugsanmodning</td></tr><tr><td>DeviceUseStatement</td><td>Enhedsbrugsrapport</td></tr><tr><td>DiagnosticReport</td><td>Diagnosticeringsrapport</td></tr><tr><td>DocumentManifest</td><td>Dokumentsamling</td></tr><tr><td>DocumentReference</td><td>Dokumentsreference</td></tr><tr><td>DomainResource</td><td>Domæneressource</td></tr><tr><td>CoverageEligibilityRequest</td><td>Gyldighedsanmodning</td></tr><tr><td>CoverageEligibilityResponse</td><td>Gyldighedssvar</td></tr><tr><td>Encounter</td><td>Kontakt</td></tr><tr><td>Endpoint</td><td>Endepunkt</td></tr><tr><td>EnrollmentRequest</td><td>Tilmeldingsanmodning</td></tr><tr><td>EnrollmentResponse</td><td>Tilmeldingssvar</td></tr><tr><td>EpisodeOfCare</td><td>Forløb</td></tr><tr><td>ExplanationOfBenefit</td><td>Kravsudfald</td></tr><tr><td>FamilyMemberHistory</td><td>Familiemedlemshelbredshistorik</td></tr><tr><td>Flag</td><td>Flag</td></tr><tr><td>Goal</td><td>Mål</td></tr><tr><td>GraphDefinition</td><td>Grafdefinition</td></tr><tr><td>Group</td><td>Gruppe</td></tr><tr><td>GuidanceResponse</td><td>Vejledningssvar</td></tr><tr><td>HealthcareService</td><td>Sundhedsservice</td></tr><tr><td>Immunization</td><td>Immunisering</td></tr><tr><td>ImmunizationRecommendation</td><td>Immuniseringsanbefaling</td></tr><tr><td>ImplementationGuide</td><td>Implementationsguide</td></tr><tr><td>Library</td><td>Bibliotek</td></tr><tr><td>Linkage</td><td>Sammenkobling</td></tr><tr><td>List</td><td>Liste</td></tr><tr><td>Location</td><td>Lokation</td></tr><tr><td>Measure</td><td>Måling</td></tr><tr><td>MeasureReport</td><td>Målingsundersøgelse</td></tr><tr><td>Media</td><td>Medie</td></tr><tr><td>Medication</td><td>Medicin</td></tr><tr><td>MedicationAdministration</td><td>Medicinering</td></tr><tr><td>MedicationDispense</td><td>Dispensering</td></tr><tr><td>MedicationRequest</td><td>Medicineringsanmodning</td></tr><tr><td>MedicationStatement</td><td>Medicinerklæring</td></tr><tr><td>MessageDefinition</td><td>Beskeddefinition</td></tr><tr><td>MessageHeader</td><td>Brevhoved</td></tr><tr><td>NamingSystem</td><td>Navngivningssystem</td></tr><tr><td>NutritionOrder</td><td>Ernæringsbestilling</td></tr><tr><td>Observation</td><td>Observation</td></tr><tr><td>OperationDefinition</td><td>Operationsdefinition</td></tr><tr><td>OperationOutcome</td><td>Operationsudfald</td></tr><tr><td>Organization</td><td>Organisation</td></tr><tr><td>Parameters</td><td>Parametre</td></tr><tr><td>Patient</td><td>Patient</td></tr><tr><td>PaymentNotice</td><td>Betalingsstatus</td></tr><tr><td>PaymentReconciliation</td><td>Betalingsafstemning</td></tr><tr><td>Person</td><td>Person</td></tr><tr><td>PlanDefinition</td><td>Plandefinition</td></tr><tr><td>Practitioner</td><td>Sundhedsperson</td></tr><tr><td>PractitionerRole</td><td>Sundhedsrolle</td></tr><tr><td>Procedure</td><td>Procedure</td></tr><tr><td>ServiceRequest</td><td>Procedureanmodning</td></tr><tr><td>Provenance</td><td>Oprindelse</td></tr><tr><td>Questionnaire</td><td>Spørgeskema</td></tr><tr><td>QuestionnaireResponse</td><td>Spørgeskemasvar</td></tr><tr><td>RelatedPerson</td><td>Pårørende</td></tr><tr><td>RequestGroup</td><td>Anmodningsgruppe</td></tr><tr><td>ResearchStudy</td><td>Forskningsundersøgelse</td></tr><tr><td>ResearchSubject</td><td>Forskningsemne</td></tr><tr><td>Resource</td><td>Ressource</td></tr><tr><td>RiskAssessment</td><td>Risikovurdering</td></tr><tr><td>Schedule</td><td>Tidsplan</td></tr><tr><td>SearchParameter</td><td>Søgeparameter</td></tr><tr><td>MolecularSequence</td><td>Sekvens</td></tr><tr><td>Slot</td><td>Tidsvindue</td></tr><tr><td>Specimen</td><td>Prøve</td></tr><tr><td>StructureDefinition</td><td>Strukturdefinition</td></tr><tr><td>StructureMap</td><td>Strukturkortlægning</td></tr><tr><td>Subscription</td><td>Abonnement</td></tr><tr><td>Substance</td><td>Stof</td></tr><tr><td>SupplyDelivery</td><td>Forsyningslevering</td></tr><tr><td>SupplyRequest</td><td>Forsyningsanmodning</td></tr><tr><td>Task</td><td>Opgave</td></tr><tr><td>TestReport</td><td>Testrapport</td></tr><tr><td>TestScript</td><td>Testscript</td></tr><tr><td>ValueSet</td><td>Værdisæt</td></tr><tr><td>VisionPrescription</td><td>Synsrecept</td></tr></table></div></text><url value="http://hl7.org/fhir/resource-types"/><version value="3.3.0"/><name value="ResourceType"/><title value="Resource Type"/><status value="active"/><experimental value="false"/><date value="2021-10-27T13:27:27+00:00"/><publisher value="Den telemedicinske infrastruktur (eHealth Infrastructure)"/><contact><name value="Den telemedicinske infrastruktur (eHealth Infrastructure)"/><telecom><system value="url"/><value value="http://ehealth.sundhed.dk"/></telecom></contact><description value="One of the resource types defined as part of FHIR."/><jurisdiction><coding><system value="urn:iso:std:iso:3166"/><code value="DK"/><display value="Denmark"/></coding></jurisdiction><content value="supplement"/><supplements value="http://hl7.org/fhir/resource-types"/><concept><code value="Account"/><display value="Account"/><definition value="A financial tool for tracking value accrued for a particular purpose.  In the healthcare field, used to track charges for a patient, cost centers, etc."/><designation><language value="da"/><use><system value="http://snomed.info/sct"/><code value="900000000000013009"/></use><value value="Konto"/></designation></concept><concept><code value="ActivityDefinition"/><display value="ActivityDefinition"/><definition value="This resource allows for the definition of some activity to be performed, independent of a particular patient, practitioner, or other performance context."/><designation><language value="da"/><use><system value="http://snomed.info/sct"/><code value="900000000000013009"/></use><value value="Aktivitetsdefinition"/></designation></concept><concept><code value="AdverseEvent"/><display value="AdverseEvent"/><definition value="Actual or  potential/avoided event causing unintended physical injury resulting from or contributed to by medical care, a research study or other healthcare setting factors that requires additional monitoring, treatment, or hospitalization, or that results in death."/><designation><language value="da"/><use><system value="http://snomed.info/sct"/><code value="900000000000013009"/></use><value value="Bivirkning"/></designation></concept><concept><code value="AllergyIntolerance"/><display value="AllergyIntolerance"/><definition value="Risk of harmful or undesirable, physiological response which is unique to an individual and associated with exposure to a substance."/><designation><language value="da"/><use><system value="http://snomed.info/sct"/><code value="900000000000013009"/></use><value value="Allergi / intolerance"/></designation></concept><concept><code value="Appointment"/><display value="Appointment"/><definition value="A booking of a healthcare event among patient(s), practitioner(s), related person(s) and/or device(s) for a specific date/time. This may result in one or more Encounter(s)."/><designation><language value="da"/><use><system value="http://snomed.info/sct"/><code value="900000000000013009"/></use><value value="Aftale"/></designation></concept><concept><code value="AppointmentResponse"/><display value="AppointmentResponse"/><definition value="A reply to an appointment request for a patient and/or practitioner(s), such as a confirmation or rejection."/><designation><language value="da"/><use><system value="http://snomed.info/sct"/><code value="900000000000013009"/></use><value value="Aftalesvar"/></designation></concept><concept><code value="AuditEvent"/><display value="AuditEvent"/><definition value="A record of an event made for purposes of maintaining a security log. Typical uses include detection of intrusion attempts and monitoring for inappropriate usage."/><designation><language value="da"/><use><system value="http://snomed.info/sct"/><code value="900000000000013009"/></use><value value="Kontrolrapportering"/></designation></concept><concept><code value="Basic"/><display value="Basic"/><definition value="Basic is used for handling concepts not yet defined in FHIR, narrative-only resources that don't map to an existing resource, and custom resources not appropriate for inclusion in the FHIR specification."/><designation><language value="da"/><use><system value="http://snomed.info/sct"/><code value="900000000000013009"/></use><value value="Grundlæggende"/></designation></concept><concept><code value="Binary"/><display value="Binary"/><definition value="A binary resource can contain any content, whether text, image, pdf, zip archive, etc."/><designation><language value="da"/><use><system value="http://snomed.info/sct"/><code value="900000000000013009"/></use><value value="Binær"/></designation></concept><concept><code value="BodyStructure"/><display value="BodyStructure"/><definition value="Record details about the anatomical location of a specimen or body part.  This resource may be used when a coded concept does not provide the necessary detail needed for the use case."/><designation><language value="da"/><use><system value="http://snomed.info/sct"/><code value="900000000000013009"/></use><value value="Kropspunkt"/></designation></concept><concept><code value="Bundle"/><display value="Bundle"/><definition value="A container for a collection of resources."/><designation><language value="da"/><use><system value="http://snomed.info/sct"/><code value="900000000000013009"/></use><value value="Bundt"/></designation></concept><concept><code value="CapabilityStatement"/><display value="CapabilityStatement"/><definition value="A Capability Statement documents a set of capabilities (behaviors) of a FHIR Server that may be used as a statement of actual server functionality or a statement of required or desired server implementation."/><designation><language value="da"/><use><system value="http://snomed.info/sct"/><code value="900000000000013009"/></use><value value="Kapabilitetserklæring"/></designation></concept><concept><code value="CarePlan"/><display value="CarePlan"/><definition value="Describes the intention of how one or more practitioners intend to deliver care for a particular patient, group or community for a period of time, possibly limited to care for a specific condition or set of conditions."/><designation><language value="da"/><use><system value="http://snomed.info/sct"/><code value="900000000000013009"/></use><value value="Behandlingsplan"/></designation></concept><concept><code value="CareTeam"/><display value="CareTeam"/><definition value="The Care Team includes all the people and organizations who plan to participate in the coordination and delivery of care for a patient."/><designation><language value="da"/><use><system value="http://snomed.info/sct"/><code value="900000000000013009"/></use><value value="Behandlingsteam"/></designation></concept><concept><code value="ChargeItem"/><display value="ChargeItem"/><definition value="The resource ChargeItem describes the provision of healthcare provider products for a certain patient, therefore referring not only to the product, but containing in addition details of the provision, like date, time, amounts and participating organizations and persons. Main Usage of the ChargeItem is to enable the billing process and internal cost allocation."/><designation><language value="da"/><use><system value="http://snomed.info/sct"/><code value="900000000000013009"/></use><value value="Postering"/></designation></concept><concept><code value="Claim"/><display value="Claim"/><definition value="A provider issued list of services and products provided, or to be provided, to a patient which is provided to an insurer for payment recovery."/><designation><language value="da"/><use><system value="http://snomed.info/sct"/><code value="900000000000013009"/></use><value value="Krav"/></designation></concept><concept><code value="ClaimResponse"/><display value="ClaimResponse"/><definition value="This resource provides the adjudication details from the processing of a Claim resource."/><designation><language value="da"/><use><system value="http://snomed.info/sct"/><code value="900000000000013009"/></use><value value="Kravssvar"/></designation></concept><concept><code value="ClinicalImpression"/><display value="ClinicalImpression"/><definition value="A record of a clinical assessment performed to determine what problem(s) may affect the patient and before planning the treatments or management strategies that are best to manage a patient's condition. Assessments are often 1:1 with a clinical consultation / encounter,  but this varies greatly depending on the clinical workflow. This resource is called &quot;ClinicalImpression&quot; rather than &quot;ClinicalAssessment&quot; to avoid confusion with the recording of assessment tools such as Apgar score."/><designation><language value="da"/><use><system value="http://snomed.info/sct"/><code value="900000000000013009"/></use><value value="Klinisk vurdering"/></designation></concept><concept><code value="CodeSystem"/><display value="CodeSystem"/><definition value="A code system resource specifies a set of codes drawn from one or more code systems."/><designation><language value="da"/><use><system value="http://snomed.info/sct"/><code value="900000000000013009"/></use><value value="Kodesystem"/></designation></concept><concept><code value="Communication"/><display value="Communication"/><definition value="An occurrence of information being transmitted; e.g. an alert that was sent to a responsible provider, a public health agency was notified about a reportable condition."/><designation><language value="da"/><use><system value="http://snomed.info/sct"/><code value="900000000000013009"/></use><value value="Meddelelse"/></designation></concept><concept><code value="CommunicationRequest"/><display value="CommunicationRequest"/><definition value="A request to convey information; e.g. the CDS system proposes that an alert be sent to a responsible provider, the CDS system proposes that the public health agency be notified about a reportable condition."/><designation><language value="da"/><use><system value="http://snomed.info/sct"/><code value="900000000000013009"/></use><value value="Kommunikationsanmodning"/></designation></concept><concept><code value="CompartmentDefinition"/><display value="CompartmentDefinition"/><definition value="A compartment definition that defines how resources are accessed on a server."/><designation><language value="da"/><use><system value="http://snomed.info/sct"/><code value="900000000000013009"/></use><value value="Rumdefinition"/></designation></concept><concept><code value="Composition"/><display value="Composition"/><definition value="A set of healthcare-related information that is assembled together into a single logical document that provides a single coherent statement of meaning, establishes its own context and that has clinical attestation with regard to who is making the statement. While a Composition defines the structure, it does not actually contain the content: rather the full content of a document is contained in a Bundle, of which the Composition is the first resource contained."/><designation><language value="da"/><use><system value="http://snomed.info/sct"/><code value="900000000000013009"/></use><value value="Sammensætning"/></designation></concept><concept><code value="ConceptMap"/><display value="ConceptMap"/><definition value="A statement of relationships from one set of concepts to one or more other concepts - either code systems or data elements, or classes in class models."/><designation><language value="da"/><use><system value="http://snomed.info/sct"/><code value="900000000000013009"/></use><value value="Konceptkortlægning"/></designation></concept><concept><code value="Condition"/><display value="Condition"/><definition value="A clinical condition, problem, diagnosis, or other event, situation, issue, or clinical concept that has risen to a level of concern."/><designation><language value="da"/><use><system value="http://snomed.info/sct"/><code value="900000000000013009"/></use><value value="Tilstand"/></designation></concept><concept><code value="Consent"/><display value="Consent"/><definition value="A record of a healthcare consumer’s policy choices, which permits or denies identified recipient(s) or recipient role(s) to perform one or more actions within a given policy context, for specific purposes and periods of time."/><designation><language value="da"/><use><system value="http://snomed.info/sct"/><code value="900000000000013009"/></use><value value="Samtykke"/></designation></concept><concept><code value="Contract"/><display value="Contract"/><definition value="A formal agreement between parties regarding the conduct of business, exchange of information or other matters."/><designation><language value="da"/><use><system value="http://snomed.info/sct"/><code value="900000000000013009"/></use><value value="Kontrakt"/></designation></concept><concept><code value="Coverage"/><display value="Coverage"/><definition value="Financial instrument which may be used to reimburse or pay for health care products and services."/><designation><language value="da"/><use><system value="http://snomed.info/sct"/><code value="900000000000013009"/></use><value value="Dækning"/></designation></concept><concept><code value="DetectedIssue"/><display value="DetectedIssue"/><definition value="Indicates an actual or potential clinical issue with or between one or more active or proposed clinical actions for a patient; e.g. Drug-drug interaction, Ineffective treatment frequency, Procedure-condition conflict, etc."/><designation><language value="da"/><use><system value="http://snomed.info/sct"/><code value="900000000000013009"/></use><value value="Registreret problem"/></designation></concept><concept><code value="Device"/><display value="Device"/><definition value="This resource identifies an instance or a type of a manufactured item that is used in the provision of healthcare without being substantially changed through that activity. The device may be a medical or non-medical device.  Medical devices include durable (reusable) medical equipment, implantable devices, as well as disposable equipment used for diagnostic, treatment, and research for healthcare and public health.  Non-medical devices may include items such as a machine, cellphone, computer, application, etc."/><designation><language value="da"/><use><system value="http://snomed.info/sct"/><code value="900000000000013009"/></use><value value="Enhed"/></designation></concept><concept><code value="DeviceDefinition"/><display value="DeviceDefinition"/><definition value="The characteristics, operational status and capabilities of a medical-related component of a medical device."/><designation><language value="da"/><use><system value="http://snomed.info/sct"/><code value="900000000000013009"/></use><value value="Enhedskomponent"/></designation></concept><concept><code value="DeviceMetric"/><display value="DeviceMetric"/><definition value="Describes a measurement, calculation or setting capability of a medical device."/><designation><language value="da"/><use><system value="http://snomed.info/sct"/><code value="900000000000013009"/></use><value value="Enhedsfunktion"/></designation></concept><concept><code value="DeviceRequest"/><display value="DeviceRequest"/><definition value="Represents a request for a patient to employ a medical device. The device may be an implantable device, or an external assistive device, such as a walker."/><designation><language value="da"/><use><system value="http://snomed.info/sct"/><code value="900000000000013009"/></use><value value="Enhedsbrugsanmodning"/></designation></concept><concept><code value="DeviceUseStatement"/><display value="DeviceUseStatement"/><definition value="A record of a device being used by a patient where the record is the result of a report from the patient or another clinician."/><designation><language value="da"/><use><system value="http://snomed.info/sct"/><code value="900000000000013009"/></use><value value="Enhedsbrugsrapport"/></designation></concept><concept><code value="DiagnosticReport"/><display value="DiagnosticReport"/><definition value="The findings and interpretation of diagnostic  tests performed on patients, groups of patients, devices, and locations, and/or specimens derived from these. The report includes clinical context such as requesting and provider information, and some mix of atomic results, images, textual and coded interpretations, and formatted representation of diagnostic reports."/><designation><language value="da"/><use><system value="http://snomed.info/sct"/><code value="900000000000013009"/></use><value value="Diagnosticeringsrapport"/></designation></concept><concept><code value="DocumentManifest"/><display value="DocumentManifest"/><definition value="A collection of documents compiled for a purpose together with metadata that applies to the collection."/><designation><language value="da"/><use><system value="http://snomed.info/sct"/><code value="900000000000013009"/></use><value value="Dokumentsamling"/></designation></concept><concept><code value="DocumentReference"/><display value="DocumentReference"/><definition value="A reference to a document."/><designation><language value="da"/><use><system value="http://snomed.info/sct"/><code value="900000000000013009"/></use><value value="Dokumentsreference"/></designation></concept><concept><code value="DomainResource"/><display value="DomainResource"/><definition value="A resource that includes narrative, extensions, and contained resources."/><designation><language value="da"/><use><system value="http://snomed.info/sct"/><code value="900000000000013009"/></use><value value="Domæneressource"/></designation></concept><concept><code value="CoverageEligibilityRequest"/><display value="CoverageEligibilityRequest"/><definition value="The CoverageEligibilityRequest provides patient and insurance coverage information to an insurer for them to respond, in the form of an CoverageEligibilityResponse, with information regarding whether the stated coverage is valid and in-force and optionally to provide the insurance details of the policy."/><designation><language value="da"/><use><system value="http://snomed.info/sct"/><code value="900000000000013009"/></use><value value="Gyldighedsanmodning"/></designation></concept><concept><code value="CoverageEligibilityResponse"/><display value="CoverageEligibilityResponse"/><definition value="This resource provides eligibility and plan details from the processing of an CoverageEligibilityRequest resource."/><designation><language value="da"/><use><system value="http://snomed.info/sct"/><code value="900000000000013009"/></use><value value="Gyldighedssvar"/></designation></concept><concept><code value="Encounter"/><display value="Encounter"/><definition value="An interaction between a patient and healthcare provider(s) for the purpose of providing healthcare service(s) or assessing the health status of a patient."/><designation><language value="da"/><use><system value="http://snomed.info/sct"/><code value="900000000000013009"/></use><value value="Kontakt"/></designation></concept><concept><code value="Endpoint"/><display value="Endpoint"/><definition value="The technical details of an endpoint that can be used for electronic services, such as for web services providing XDS.b or a REST endpoint for another FHIR server. This may include any security context information."/><designation><language value="da"/><use><system value="http://snomed.info/sct"/><code value="900000000000013009"/></use><value value="Endepunkt"/></designation></concept><concept><code value="EnrollmentRequest"/><display value="EnrollmentRequest"/><definition value="This resource provides the insurance enrollment details to the insurer regarding a specified coverage."/><designation><language value="da"/><use><system value="http://snomed.info/sct"/><code value="900000000000013009"/></use><value value="Tilmeldingsanmodning"/></designation></concept><concept><code value="EnrollmentResponse"/><display value="EnrollmentResponse"/><definition value="This resource provides enrollment and plan details from the processing of an Enrollment resource."/><designation><language value="da"/><use><system value="http://snomed.info/sct"/><code value="900000000000013009"/></use><value value="Tilmeldingssvar"/></designation></concept><concept><code value="EpisodeOfCare"/><display value="EpisodeOfCare"/><definition value="An association between a patient and an organization / healthcare provider(s) during which time encounters may occur. The managing organization assumes a level of responsibility for the patient during this time."/><designation><language value="da"/><use><system value="http://snomed.info/sct"/><code value="900000000000013009"/></use><value value="Forløb"/></designation></concept><concept><code value="ExplanationOfBenefit"/><display value="ExplanationOfBenefit"/><definition value="This resource provides: the claim details; adjudication details from the processing of a Claim; and optionally account balance information, for informing the subscriber of the benefits provided."/><designation><language value="da"/><use><system value="http://snomed.info/sct"/><code value="900000000000013009"/></use><value value="Kravsudfald"/></designation></concept><concept><code value="FamilyMemberHistory"/><display value="FamilyMemberHistory"/><definition value="Significant health events and conditions for a person related to the patient relevant in the context of care for the patient."/><designation><language value="da"/><use><system value="http://snomed.info/sct"/><code value="900000000000013009"/></use><value value="Familiemedlemshelbredshistorik"/></designation></concept><concept><code value="Flag"/><display value="Flag"/><definition value="Prospective warnings of potential issues when providing care to the patient."/><designation><language value="da"/><use><system value="http://snomed.info/sct"/><code value="900000000000013009"/></use><value value="Flag"/></designation></concept><concept><code value="Goal"/><display value="Goal"/><definition value="Describes the intended objective(s) for a patient, group or organization care, for example, weight loss, restoring an activity of daily living, obtaining herd immunity via immunization, meeting a process improvement objective, etc."/><designation><language value="da"/><use><system value="http://snomed.info/sct"/><code value="900000000000013009"/></use><value value="Mål"/></designation></concept><concept><code value="GraphDefinition"/><display value="GraphDefinition"/><definition value="A formal computable definition of a graph of resources - that is, a coherent set of resources that form a graph by following references. The Graph Definition resource defines a set and makes rules about the set."/><designation><language value="da"/><use><system value="http://snomed.info/sct"/><code value="900000000000013009"/></use><value value="Grafdefinition"/></designation></concept><concept><code value="Group"/><display value="Group"/><definition value="Represents a defined collection of entities that may be discussed or acted upon collectively but which are not expected to act collectively and are not formally or legally recognized; i.e. a collection of entities that isn't an Organization."/><designation><language value="da"/><use><system value="http://snomed.info/sct"/><code value="900000000000013009"/></use><value value="Gruppe"/></designation></concept><concept><code value="GuidanceResponse"/><display value="GuidanceResponse"/><definition value="A guidance response is the formal response to a guidance request, including any output parameters returned by the evaluation, as well as the description of any proposed actions to be taken."/><designation><language value="da"/><use><system value="http://snomed.info/sct"/><code value="900000000000013009"/></use><value value="Vejledningssvar"/></designation></concept><concept><code value="HealthcareService"/><display value="HealthcareService"/><definition value="The details of a healthcare service available at a location."/><designation><language value="da"/><use><system value="http://snomed.info/sct"/><code value="900000000000013009"/></use><value value="Sundhedsservice"/></designation></concept><concept><code value="Immunization"/><display value="Immunization"/><definition value="Describes the event of a patient being administered a vaccination or a record of a vaccination as reported by a patient, a clinician or another party and may include vaccine reaction information and what vaccination protocol was followed."/><designation><language value="da"/><use><system value="http://snomed.info/sct"/><code value="900000000000013009"/></use><value value="Immunisering"/></designation></concept><concept><code value="ImmunizationRecommendation"/><display value="ImmunizationRecommendation"/><definition value="A patient's point-in-time immunization and recommendation (i.e. forecasting a patient's immunization eligibility according to a published schedule) with optional supporting justification."/><designation><language value="da"/><use><system value="http://snomed.info/sct"/><code value="900000000000013009"/></use><value value="Immuniseringsanbefaling"/></designation></concept><concept><code value="ImplementationGuide"/><display value="ImplementationGuide"/><definition value="A set of rules of how FHIR is used to solve a particular problem. This resource is used to gather all the parts of an implementation guide into a logical whole and to publish a computable definition of all the parts."/><designation><language value="da"/><use><system value="http://snomed.info/sct"/><code value="900000000000013009"/></use><value value="Implementationsguide"/></designation></concept><concept><code value="Library"/><display value="Library"/><definition value="The Library resource is a general-purpose container for knowledge asset definitions. It can be used to describe and expose existing knowledge assets such as logic libraries and information model descriptions, as well as to describe a collection of knowledge assets."/><designation><language value="da"/><use><system value="http://snomed.info/sct"/><code value="900000000000013009"/></use><value value="Bibliotek"/></designation></concept><concept><code value="Linkage"/><display value="Linkage"/><definition value="Identifies two or more records (resource instances) that are referring to the same real-world &quot;occurrence&quot;."/><designation><language value="da"/><use><system value="http://snomed.info/sct"/><code value="900000000000013009"/></use><value value="Sammenkobling"/></designation></concept><concept><code value="List"/><display value="List"/><definition value="A set of information summarized from a list of other resources."/><designation><language value="da"/><use><system value="http://snomed.info/sct"/><code value="900000000000013009"/></use><value value="Liste"/></designation></concept><concept><code value="Location"/><display value="Location"/><definition value="Details and position information for a physical place where services are provided  and resources and participants may be stored, found, contained or accommodated."/><designation><language value="da"/><use><system value="http://snomed.info/sct"/><code value="900000000000013009"/></use><value value="Lokation"/></designation></concept><concept><code value="Measure"/><display value="Measure"/><definition value="The Measure resource provides the definition of a quality measure."/><designation><language value="da"/><use><system value="http://snomed.info/sct"/><code value="900000000000013009"/></use><value value="Måling"/></designation></concept><concept><code value="MeasureReport"/><display value="MeasureReport"/><definition value="The MeasureReport resource contains the results of evaluating a measure."/><designation><language value="da"/><use><system value="http://snomed.info/sct"/><code value="900000000000013009"/></use><value value="Målingsundersøgelse"/></designation></concept><concept><code value="Media"/><display value="Media"/><definition value="A photo, video, or audio recording acquired or used in healthcare. The actual content may be inline or provided by direct reference."/><designation><language value="da"/><use><system value="http://snomed.info/sct"/><code value="900000000000013009"/></use><value value="Medie"/></designation></concept><concept><code value="Medication"/><display value="Medication"/><definition value="This resource is primarily used for the identification and definition of a medication. It covers the ingredients and the packaging for a medication."/><designation><language value="da"/><use><system value="http://snomed.info/sct"/><code value="900000000000013009"/></use><value value="Medicin"/></designation></concept><concept><code value="MedicationAdministration"/><display value="MedicationAdministration"/><definition value="Describes the event of a patient consuming or otherwise being administered a medication.  This may be as simple as swallowing a tablet or it may be a long running infusion.  Related resources tie this event to the authorizing prescription, and the specific encounter between patient and health care practitioner."/><designation><language value="da"/><use><system value="http://snomed.info/sct"/><code value="900000000000013009"/></use><value value="Medicinering"/></designation></concept><concept><code value="MedicationDispense"/><display value="MedicationDispense"/><definition value="Indicates that a medication product is to be or has been dispensed for a named person/patient.  This includes a description of the medication product (supply) provided and the instructions for administering the medication.  The medication dispense is the result of a pharmacy system responding to a medication order."/><designation><language value="da"/><use><system value="http://snomed.info/sct"/><code value="900000000000013009"/></use><value value="Dispensering"/></designation></concept><concept><code value="MedicationRequest"/><display value="MedicationRequest"/><definition value="An order or request for both supply of the medication and the instructions for administration of the medication to a patient. The resource is called &quot;MedicationRequest&quot; rather than &quot;MedicationPrescription&quot; or &quot;MedicationOrder&quot; to generalize the use across inpatient and outpatient settings, including care plans, etc., and to harmonize with workflow patterns."/><designation><language value="da"/><use><system value="http://snomed.info/sct"/><code value="900000000000013009"/></use><value value="Medicineringsanmodning"/></designation></concept><concept><code value="MedicationStatement"/><display value="MedicationStatement"/><definition value="A record of a medication that is being consumed by a patient.   A MedicationStatement may indicate that the patient may be taking the medication now, or has taken the medication in the past or will be taking the medication in the future.  The source of this information can be the patient, significant other (such as a family member or spouse), or a clinician.  A common scenario where this information is captured is during the history taking process during a patient visit or stay.   The medication information may come from sources such as the patient's memory, from a prescription bottle,  or from a list of medications the patient, clinician or other party maintains   The primary difference between a medication statement and a medication administration is that the medication administration has complete administration information and is based on actual administration information from the person who administered the medication.  A medication statement is often, if not always, less specific.  There is no required date/time when the medication was administered, in fact we only know that a source has reported the patient is taking this medication, where details such as time, quantity, or rate or even medication product may be incomplete or missing or less precise.  As stated earlier, the medication statement information may come from the patient's memory, from a prescription bottle or from a list of medications the patient, clinician or other party maintains.  Medication administration is more formal and is not missing detailed information."/><designation><language value="da"/><use><system value="http://snomed.info/sct"/><code value="900000000000013009"/></use><value value="Medicinerklæring"/></designation></concept><concept><code value="MessageDefinition"/><display value="MessageDefinition"/><definition value="Defines the characteristics of a message that can be shared between systems, including the type of event that initiates the message, the content to be transmitted and what response(s), if any, are permitted."/><designation><language value="da"/><use><system value="http://snomed.info/sct"/><code value="900000000000013009"/></use><value value="Beskeddefinition"/></designation></concept><concept><code value="MessageHeader"/><display value="MessageHeader"/><definition value="The header for a message exchange that is either requesting or responding to an action.  The reference(s) that are the subject of the action as well as other information related to the action are typically transmitted in a bundle in which the MessageHeader resource instance is the first resource in the bundle."/><designation><language value="da"/><use><system value="http://snomed.info/sct"/><code value="900000000000013009"/></use><value value="Brevhoved"/></designation></concept><concept><code value="NamingSystem"/><display value="NamingSystem"/><definition value="A curated namespace that issues unique symbols within that namespace for the identification of concepts, people, devices, etc.  Represents a &quot;System&quot; used within the Identifier and Coding data types."/><designation><language value="da"/><use><system value="http://snomed.info/sct"/><code value="900000000000013009"/></use><value value="Navngivningssystem"/></designation></concept><concept><code value="NutritionOrder"/><display value="NutritionOrder"/><definition value="A request to supply a diet, formula feeding (enteral) or oral nutritional supplement to a patient/resident."/><designation><language value="da"/><use><system value="http://snomed.info/sct"/><code value="900000000000013009"/></use><value value="Ernæringsbestilling"/></designation></concept><concept><code value="Observation"/><display value="Observation"/><definition value="Measurements and simple assertions made about a patient, device or other subject."/><designation><language value="da"/><use><system value="http://snomed.info/sct"/><code value="900000000000013009"/></use><value value="Observation"/></designation></concept><concept><code value="OperationDefinition"/><display value="OperationDefinition"/><definition value="A formal computable definition of an operation (on the RESTful interface) or a named query (using the search interaction)."/><designation><language value="da"/><use><system value="http://snomed.info/sct"/><code value="900000000000013009"/></use><value value="Operationsdefinition"/></designation></concept><concept><code value="OperationOutcome"/><display value="OperationOutcome"/><definition value="A collection of error, warning or information messages that result from a system action."/><designation><language value="da"/><use><system value="http://snomed.info/sct"/><code value="900000000000013009"/></use><value value="Operationsudfald"/></designation></concept><concept><code value="Organization"/><display value="Organization"/><definition value="A formally or informally recognized grouping of people or organizations formed for the purpose of achieving some form of collective action.  Includes companies, institutions, corporations, departments, community groups, healthcare practice groups, etc."/><designation><language value="da"/><use><system value="http://snomed.info/sct"/><code value="900000000000013009"/></use><value value="Organisation"/></designation></concept><concept><code value="Parameters"/><display value="Parameters"/><definition value="This special resource type is used to represent an operation request and response (operations.html). It has no other use, and there is no RESTful endpoint associated with it."/><designation><language value="da"/><use><system value="http://snomed.info/sct"/><code value="900000000000013009"/></use><value value="Parametre"/></designation></concept><concept><code value="Patient"/><display value="Patient"/><definition value="Demographics and other administrative information about an individual or animal receiving care or other health-related services."/><designation><language value="da"/><use><system value="http://snomed.info/sct"/><code value="900000000000013009"/></use><value value="Patient"/></designation></concept><concept><code value="PaymentNotice"/><display value="PaymentNotice"/><definition value="This resource provides the status of the payment for goods and services rendered, and the request and response resource references."/><designation><language value="da"/><use><system value="http://snomed.info/sct"/><code value="900000000000013009"/></use><value value="Betalingsstatus"/></designation></concept><concept><code value="PaymentReconciliation"/><display value="PaymentReconciliation"/><definition value="This resource provides payment details and claim references supporting a bulk payment."/><designation><language value="da"/><use><system value="http://snomed.info/sct"/><code value="900000000000013009"/></use><value value="Betalingsafstemning"/></designation></concept><concept><code value="Person"/><display value="Person"/><definition value="Demographics and administrative information about a person independent of a specific health-related context."/><designation><language value="da"/><use><system value="http://snomed.info/sct"/><code value="900000000000013009"/></use><value value="Person"/></designation></concept><concept><code value="PlanDefinition"/><display value="PlanDefinition"/><definition value="This resource allows for the definition of various types of plans as a sharable, consumable, and executable artifact. The resource is general enough to support the description of a broad range of clinical artifacts such as clinical decision support rules, order sets and protocols."/><designation><language value="da"/><use><system value="http://snomed.info/sct"/><code value="900000000000013009"/></use><value value="Plandefinition"/></designation></concept><concept><code value="Practitioner"/><display value="Practitioner"/><definition value="A person who is directly or indirectly involved in the provisioning of healthcare."/><designation><language value="da"/><use><system value="http://snomed.info/sct"/><code value="900000000000013009"/></use><value value="Sundhedsperson"/></designation></concept><concept><code value="PractitionerRole"/><display value="PractitionerRole"/><definition value="A specific set of Roles/Locations/specialties/services that a practitioner may perform at an organization for a period of time."/><designation><language value="da"/><use><system value="http://snomed.info/sct"/><code value="900000000000013009"/></use><value value="Sundhedsrolle"/></designation></concept><concept><code value="Procedure"/><display value="Procedure"/><definition value="An action that is or was performed on a patient. This can be a physical intervention like an operation, or less invasive like counseling or hypnotherapy."/><designation><language value="da"/><use><system value="http://snomed.info/sct"/><code value="900000000000013009"/></use><value value="Procedure"/></designation></concept><concept><code value="ServiceRequest"/><display value="ServiceRequest"/><definition value="A record of a request for service such as diagnostic investigations, treatments, or operations to be performed."/><designation><language value="da"/><use><system value="http://snomed.info/sct"/><code value="900000000000013009"/></use><value value="Procedureanmodning"/></designation></concept><concept><code value="Provenance"/><display value="Provenance"/><definition value="Provenance of a resource is a record that describes entities and processes involved in producing and delivering or otherwise influencing that resource. Provenance provides a critical foundation for assessing authenticity, enabling trust, and allowing reproducibility. Provenance assertions are a form of contextual metadata and can themselves become important records with their own provenance. Provenance statement indicates clinical significance in terms of confidence in authenticity, reliability, and trustworthiness, integrity, and stage in lifecycle (e.g. Document Completion - has the artifact been legally authenticated), all of which may impact security, privacy, and trust policies."/><designation><language value="da"/><use><system value="http://snomed.info/sct"/><code value="900000000000013009"/></use><value value="Oprindelse"/></designation></concept><concept><code value="Questionnaire"/><display value="Questionnaire"/><definition value="A structured set of questions intended to guide the collection of answers from end-users. Questionnaires provide detailed control over order, presentation, phraseology and grouping to allow coherent, consistent data collection."/><designation><language value="da"/><use><system value="http://snomed.info/sct"/><code value="900000000000013009"/></use><value value="Spørgeskema"/></designation></concept><concept><code value="QuestionnaireResponse"/><display value="QuestionnaireResponse"/><definition value="A structured set of questions and their answers. The questions are ordered and grouped into coherent subsets, corresponding to the structure of the grouping of the questionnaire being responded to."/><designation><language value="da"/><use><system value="http://snomed.info/sct"/><code value="900000000000013009"/></use><value value="Spørgeskemasvar"/></designation></concept><concept><code value="RelatedPerson"/><display value="RelatedPerson"/><definition value="Information about a person that is involved in the care for a patient, but who is not the target of healthcare, nor has a formal responsibility in the care process."/><designation><language value="da"/><use><system value="http://snomed.info/sct"/><code value="900000000000013009"/></use><value value="Pårørende"/></designation></concept><concept><code value="RequestGroup"/><display value="RequestGroup"/><definition value="A group of related requests that can be used to capture intended activities that have inter-dependencies such as &quot;give this medication after that one&quot;."/><designation><language value="da"/><use><system value="http://snomed.info/sct"/><code value="900000000000013009"/></use><value value="Anmodningsgruppe"/></designation></concept><concept><code value="ResearchStudy"/><display value="ResearchStudy"/><definition value="A process where a researcher or organization plans and then executes a series of steps intended to increase the field of healthcare-related knowledge.  This includes studies of safety, efficacy, comparative effectiveness and other information about medications, devices, therapies and other interventional and investigative techniques.  A ResearchStudy involves the gathering of information about human or animal subjects."/><designation><language value="da"/><use><system value="http://snomed.info/sct"/><code value="900000000000013009"/></use><value value="Forskningsundersøgelse"/></designation></concept><concept><code value="ResearchSubject"/><display value="ResearchSubject"/><definition value="A process where a researcher or organization plans and then executes a series of steps intended to increase the field of healthcare-related knowledge.  This includes studies of safety, efficacy, comparative effectiveness and other information about medications, devices, therapies and other interventional and investigative techniques.  A ResearchStudy involves the gathering of information about human or animal subjects."/><designation><language value="da"/><use><system value="http://snomed.info/sct"/><code value="900000000000013009"/></use><value value="Forskningsemne"/></designation></concept><concept><code value="Resource"/><display value="Resource"/><definition value="This is the base resource type for everything."/><designation><language value="da"/><use><system value="http://snomed.info/sct"/><code value="900000000000013009"/></use><value value="Ressource"/></designation></concept><concept><code value="RiskAssessment"/><display value="RiskAssessment"/><definition value="An assessment of the likely outcome(s) for a patient or other subject as well as the likelihood of each outcome."/><designation><language value="da"/><use><system value="http://snomed.info/sct"/><code value="900000000000013009"/></use><value value="Risikovurdering"/></designation></concept><concept><code value="Schedule"/><display value="Schedule"/><definition value="A container for slots of time that may be available for booking appointments."/><designation><language value="da"/><use><system value="http://snomed.info/sct"/><code value="900000000000013009"/></use><value value="Tidsplan"/></designation></concept><concept><code value="SearchParameter"/><display value="SearchParameter"/><definition value="A search parameter that defines a named search item that can be used to search/filter on a resource."/><designation><language value="da"/><use><system value="http://snomed.info/sct"/><code value="900000000000013009"/></use><value value="Søgeparameter"/></designation></concept><concept><code value="MolecularSequence"/><display value="MolecularSequence"/><definition value="Raw data describing a biological sequence."/><designation><language value="da"/><use><system value="http://snomed.info/sct"/><code value="900000000000013009"/></use><value value="Sekvens"/></designation></concept><concept><code value="Slot"/><display value="Slot"/><definition value="A slot of time on a schedule that may be available for booking appointments."/><designation><language value="da"/><use><system value="http://snomed.info/sct"/><code value="900000000000013009"/></use><value value="Tidsvindue"/></designation></concept><concept><code value="Specimen"/><display value="Specimen"/><definition value="A sample to be used for analysis."/><designation><language value="da"/><use><system value="http://snomed.info/sct"/><code value="900000000000013009"/></use><value value="Prøve"/></designation></concept><concept><code value="StructureDefinition"/><display value="StructureDefinition"/><definition value="A definition of a FHIR structure. This resource is used to describe the underlying resources, data types defined in FHIR, and also for describing extensions and constraints on resources and data types."/><designation><language value="da"/><use><system value="http://snomed.info/sct"/><code value="900000000000013009"/></use><value value="Strukturdefinition"/></designation></concept><concept><code value="StructureMap"/><display value="StructureMap"/><definition value="A Map of relationships between 2 structures that can be used to transform data."/><designation><language value="da"/><use><system value="http://snomed.info/sct"/><code value="900000000000013009"/></use><value value="Strukturkortlægning"/></designation></concept><concept><code value="Subscription"/><display value="Subscription"/><definition value="The subscription resource is used to define a push based subscription from a server to another system. Once a subscription is registered with the server, the server checks every resource that is created or updated, and if the resource matches the given criteria, it sends a message on the defined &quot;channel&quot; so that another system is able to take an appropriate action."/><designation><language value="da"/><use><system value="http://snomed.info/sct"/><code value="900000000000013009"/></use><value value="Abonnement"/></designation></concept><concept><code value="Substance"/><display value="Substance"/><definition value="A homogeneous material with a definite composition."/><designation><language value="da"/><use><system value="http://snomed.info/sct"/><code value="900000000000013009"/></use><value value="Stof"/></designation></concept><concept><code value="SupplyDelivery"/><display value="SupplyDelivery"/><definition value="Record of delivery of what is supplied."/><designation><language value="da"/><use><system value="http://snomed.info/sct"/><code value="900000000000013009"/></use><value value="Forsyningslevering"/></designation></concept><concept><code value="SupplyRequest"/><display value="SupplyRequest"/><definition value="A record of a request for a medication, substance or device used in the healthcare setting."/><designation><language value="da"/><use><system value="http://snomed.info/sct"/><code value="900000000000013009"/></use><value value="Forsyningsanmodning"/></designation></concept><concept><code value="Task"/><display value="Task"/><definition value="A task to be performed."/><designation><language value="da"/><use><system value="http://snomed.info/sct"/><code value="900000000000013009"/></use><value value="Opgave"/></designation></concept><concept><code value="TestReport"/><display value="TestReport"/><definition value="A summary of information based on the results of executing a TestScript."/><designation><language value="da"/><use><system value="http://snomed.info/sct"/><code value="900000000000013009"/></use><value value="Testrapport"/></designation></concept><concept><code value="TestScript"/><display value="TestScript"/><definition value="A structured set of tests against a FHIR server implementation to determine compliance against the FHIR specification."/><designation><language value="da"/><use><system value="http://snomed.info/sct"/><code value="900000000000013009"/></use><value value="Testscript"/></designation></concept><concept><code value="ValueSet"/><display value="ValueSet"/><definition value="A value set specifies a set of codes drawn from one or more code systems."/><designation><language value="da"/><use><system value="http://snomed.info/sct"/><code value="900000000000013009"/></use><value value="Værdisæt"/></designation></concept><concept><code value="VisionPrescription"/><display value="VisionPrescription"/><definition value="An authorization for the supply of glasses and/or contact lenses to a patient."/><designation><language value="da"/><use><system value="http://snomed.info/sct"/><code value="900000000000013009"/></use><value value="Synsrecept"/></designation></concept></CodeSystem>