<?xml version="1.0" encoding="UTF-8"?><OperationDefinition xmlns="http://hl7.org/fhir"><id value="-s-fetch-practitioner-stats"/><text><status value="generated"/><div xmlns="http://www.w3.org/1999/xhtml"><p class="res-header-id"><b>Generated Narrative: OperationDefinition -s-fetch-practitioner-stats</b></p><a name="-s-fetch-practitioner-stats"> </a><a name="hc-s-fetch-practitioner-stats"> </a><a name="-s-fetch-practitioner-stats-da-DK"> </a><p>URL: [base]/$fetch-practitioner-stats</p><h3>Parameters</h3><table class="grid"><tr><td><b>Use</b></td><td><b>Name</b></td><td><b>Scope</b></td><td><b>Cardinality</b></td><td><b>Type</b></td><td><b>Binding</b></td><td><b>Documentation</b></td></tr><tr><td>IN</td><td>anonymization</td><td/><td>1..1</td><td><a href="http://hl7.org/fhir/R4/datatypes.html#string">string</a></td><td/><td/></tr><tr><td>IN</td><td>organization</td><td/><td>0..1</td><td><a href="http://hl7.org/fhir/R4/references.html#Reference">Reference</a></td><td/><td/></tr><tr><td>IN</td><td>period</td><td/><td>0..1</td><td><a href="http://hl7.org/fhir/R4/datatypes.html#Period">Period</a></td><td/><td/></tr><tr><td>OUT</td><td>return</td><td/><td>0..1</td><td><a href="http://hl7.org/fhir/R4/binary.html">Binary</a></td><td/><td/></tr></table></div></text><url value="https://reporting.devtest.systematic-ehealth.com/fhir/OperationDefinition/-s-fetch-practitioner-stats"/><version value="3.3.0"/><name value="fetch-practitioner-stats"/><title value="Fetch practitioner stats"/><status value="active"/><kind value="operation"/><date value="2024-11-05T10:04:41+00:00"/><publisher value="Den telemedicinske infrastruktur (eHealth Infrastructure)"/><contact><name value="Den telemedicinske infrastruktur (eHealth Infrastructure)"/><telecom><system value="url"/><value value="http://ehealth.sundhed.dk"/></telecom></contact><description value="### Report Contents&#xA;This report contains counts of practitioners associated with Organizations and CareTeams&#xA;- List of Organization and associated practitonerCount&#xA;- List of CareTeam and associated practitionerCount&#xA;### Grouping &#xA;None. The report is returned in a single JSon file.&#xA;### Parameters&#xA;- organization: &#xA;    - CareTeam: Filter on CareTeam.ManagingOrganization match&#xA;    - PractitionerRole: Filter on PractitionerRole.Organization match&#xA;- period&#xA;    - CareTeam: Filter on CareTeam.participant.period overlap&#xA;    - PractitionerRole: Filter on PractitionerRole.perid overlap&#xA;### Output&#xA;Output can be found in Binary.content. This is a Base64 encoded .zip file containing JSon files corresponding to the report groups.&#xA;### Example output&#xA;Organization and CareTeam are Fhir resources. See the implementation guide for details&#xA;&#xA;    {&#xA;        'PractitionerSummary': {&#xA;            'organizationPractitionerStatistics': [{&#xA;                    'organization': {&#xA;                        'resourceType': 'Organization',&#xA;                        'id': '69075',&#xA;                        'meta': {&#xA;                            'profile': ['http://ehealth.sundhed.dk/fhir/StructureDefinition/ehealth-organization']&#xA;                        },&#xA;                        'extension': [{&#xA;                                'url': 'http://ehealth.sundhed.dk/fhir/StructureDefinition/ehealth-organization-source',&#xA;                                'valueCodeableConcept': {&#xA;                                    'coding': [{&#xA;                                            'system': 'http://ehealth.sundhed.dk/cs/organization-source',&#xA;                                            'code': 'manual'&#xA;                                        }&#xA;                                    ]&#xA;                                }&#xA;                            }, {&#xA;                                'url': 'http://ehealth.sundhed.dk/fhir/StructureDefinition/ehealth-organization-synchronizationStatus',&#xA;                                'valueCodeableConcept': {&#xA;                                    'coding': [{&#xA;                                            'system': 'http://ehealth.sundhed.dk/cs/organization-synchronization-status',&#xA;                                            'code': 'NotSynchronized'&#xA;                                        }&#xA;                                    ]&#xA;                                }&#xA;                            }&#xA;                        ],&#xA;                        'name': 'e7c2b264-b2d9-4a6d-aba9-f23be1017d39'&#xA;                    },&#xA;                    'practitionerCount': 1&#xA;                }&#xA;            ],&#xA;            'careTeamPractitionerStatistics': [{&#xA;                    'careTeam': {&#xA;                        'resourceType': 'CareTeam',&#xA;                        'id': '44267',&#xA;                        'meta': {&#xA;                            'versionId': '1',&#xA;                            'profile': ['http://ehealth.sundhed.dk/fhir/StructureDefinition/ehealth-careteam']&#xA;                        },&#xA;                        'identifier': [{&#xA;                                'id': '7ced02e2-3082-4e02-86cc-030e8df8906d',&#xA;                                'system': 'urn:ietf:rfc:3986'&#xA;                            }&#xA;                        ],&#xA;                        'status': 'active',&#xA;                        'name': 'd1e7d427-1565-42f6-951d-5508d494d4c8',&#xA;                        'reasonCode': [{&#xA;                                'coding': [{&#xA;                                        'system': 'http://ehealth.sundhed.dk/cs/conditions',&#xA;                                        'code': 'TBD'&#xA;                                    }&#xA;                                ]&#xA;                            }&#xA;                        ],&#xA;                        'managingOrganization': [{&#xA;                                'reference': 'https://organization.local.ehealth.sundhed.dk/fhir/Organization/69075'&#xA;                            }&#xA;                        ]&#xA;                    },&#xA;                    'practitionerCount': 0&#xA;                }, {&#xA;                    'careTeam': {&#xA;                        'resourceType': 'CareTeam',&#xA;                        'id': '40831',&#xA;                        'meta': {&#xA;                            'versionId': '1',&#xA;                            'profile': ['http://ehealth.sundhed.dk/fhir/StructureDefinition/ehealth-careteam']&#xA;                        },&#xA;                        'identifier': [{&#xA;                                'id': 'f12b2b87-95d9-487c-b088-457acfa1693f',&#xA;                                'system': 'urn:ietf:rfc:3986'&#xA;                            }&#xA;                        ],&#xA;                        'status': 'active',&#xA;                        'name': 'c572c5ac-bac3-4f9e-b948-795db7563145',&#xA;                        'reasonCode': [{&#xA;                                'coding': [{&#xA;                                        'system': 'http://ehealth.sundhed.dk/cs/conditions',&#xA;                                        'code': 'TBD'&#xA;                                    }&#xA;                                ]&#xA;                            }&#xA;                        ],&#xA;                        'managingOrganization': [{&#xA;                                'reference': 'https://organization.local.ehealth.sundhed.dk/fhir/Organization/69075'&#xA;                            }&#xA;                        ]&#xA;                    },&#xA;                    'practitionerCount': 0&#xA;                }, {&#xA;                    'careTeam': {&#xA;                        'resourceType': 'CareTeam',&#xA;                        'id': '78765',&#xA;                        'meta': {&#xA;                            'versionId': '1',&#xA;                            'profile': ['http://ehealth.sundhed.dk/fhir/StructureDefinition/ehealth-careteam']&#xA;                        },&#xA;                        'identifier': [{&#xA;                                'id': '7378e850-aff6-430d-9e86-cca801bf2375',&#xA;                                'system': 'urn:ietf:rfc:3986'&#xA;                            }&#xA;                        ],&#xA;                        'status': 'active',&#xA;                        'name': '3e038dd3-9e80-41e4-9932-8597f8706da4',&#xA;                        'reasonCode': [{&#xA;                                'coding': [{&#xA;                                        'system': 'http://ehealth.sundhed.dk/cs/conditions',&#xA;                                        'code': 'TBD'&#xA;                                    }&#xA;                                ]&#xA;                            }&#xA;                        ],&#xA;                        'managingOrganization': [{&#xA;                                'reference': 'https://organization.local.ehealth.sundhed.dk/fhir/Organization/69075'&#xA;                            }&#xA;                        ]&#xA;                    },&#xA;                    'practitionerCount': 0&#xA;                }, {&#xA;                    'careTeam': {&#xA;                        'resourceType': 'CareTeam',&#xA;                        'id': '46096',&#xA;                        'meta': {&#xA;                            'versionId': '1',&#xA;                            'profile': ['http://ehealth.sundhed.dk/fhir/StructureDefinition/ehealth-careteam']&#xA;                        },&#xA;                        'identifier': [{&#xA;                                'id': '37a66140-dc7e-4ea4-9ec7-d0dd91adf7c8',&#xA;                                'system': 'urn:ietf:rfc:3986'&#xA;                            }&#xA;                        ],&#xA;                        'status': 'active',&#xA;                        'name': '311ebab3-d310-44bb-b72b-65bdf74b3729',&#xA;                        'reasonCode': [{&#xA;                                'coding': [{&#xA;                                        'system': 'http://ehealth.sundhed.dk/cs/conditions',&#xA;                                        'code': 'TBD'&#xA;                                    }&#xA;                                ]&#xA;                            }&#xA;                        ],&#xA;                        'managingOrganization': [{&#xA;                                'reference': 'https://organization.local.ehealth.sundhed.dk/fhir/Organization/69075'&#xA;                            }&#xA;                        ]&#xA;                    },&#xA;                    'practitionerCount': 0&#xA;                }, {&#xA;                    'careTeam': {&#xA;                        'resourceType': 'CareTeam',&#xA;                        'id': '32543',&#xA;                        'meta': {&#xA;                            'versionId': '1',&#xA;                            'profile': ['http://ehealth.sundhed.dk/fhir/StructureDefinition/ehealth-careteam']&#xA;                        },&#xA;                        'identifier': [{&#xA;                                'id': '3671c951-d20e-4d5c-82ec-fae5ee03821e',&#xA;                                'system': 'urn:ietf:rfc:3986'&#xA;                            }&#xA;                        ],&#xA;                        'status': 'active',&#xA;                        'name': '1f74a06c-8ae1-4b5c-b5ee-49abfd2d28e1',&#xA;                        'reasonCode': [{&#xA;                                'coding': [{&#xA;                                        'system': 'http://ehealth.sundhed.dk/cs/conditions',&#xA;                                        'code': 'TBD'&#xA;                                    }&#xA;                                ]&#xA;                            }&#xA;                        ],&#xA;                        'managingOrganization': [{&#xA;                                'reference': 'https://organization.local.ehealth.sundhed.dk/fhir/Organization/69075'&#xA;                            }&#xA;                        ]&#xA;                    },&#xA;                    'practitionerCount': 0&#xA;                }&#xA;            ]&#xA;        }&#xA;    }&#xA;"/><jurisdiction><coding><system value="urn:iso:std:iso:3166"/><code value="DK"/><display value="Denmark"/></coding></jurisdiction><affectsState value="true"/><code value="fetch-practitioner-stats"/><system value="true"/><type value="false"/><instance value="false"/><parameter><name value="anonymization"/><use value="in"/><min value="1"/><max value="1"/><type value="string"/></parameter><parameter><name value="organization"/><use value="in"/><min value="0"/><max value="1"/><type value="Reference"/></parameter><parameter><name value="period"/><use value="in"/><min value="0"/><max value="1"/><type value="Period"/></parameter><parameter><name value="return"/><use value="out"/><min value="0"/><max value="1"/><type value="Binary"/></parameter></OperationDefinition>