<?xml version="1.0" encoding="UTF-8"?><SearchParameter xmlns="http://hl7.org/fhir"><id value="ehealth-patient-search-cpridentifier"/><text><status value="generated"/><div xmlns="http://www.w3.org/1999/xhtml"><p class="res-header-id"><b>Generated Narrative: SearchParameter ehealth-patient-search-cpridentifier</b></p><a name="ehealth-patient-search-cpridentifier"> </a><a name="hcehealth-patient-search-cpridentifier"> </a><a name="ehealth-patient-search-cpridentifier-da-DK"> </a><h2>patientCPRIdentifier</h2><p>Parameter <code>patientCPRIdentifier</code>:<code>token</code></p><div><p>Search parameter for Patient DK-Core CPR identifier</p>
</div><table class="grid"><tr><td>Resource</td><td><a href="http://hl7.org/fhir/R4/patient.html">Patient</a></td></tr><tr><td>Expression</td><td><code>Patient.identifier.where(system = 'urn:oid:1.2.208.176.1.2').value</code></td></tr><tr><td>Processing Mode</td><td>Normal</td></tr><tr><td>Multiples</td><td><ul><li>multipleAnd: It's up to the server whether the parameter may repeat in order to specify multiple values that must all be true</li><li>multipleOr: It's up to the server whether the parameter can have multiple values (separated by comma) where at least one must be true</li></ul></td></tr></table></div></text><url value="http://ehealth.sundhed.dk/fhir/SearchParameter/Patient/cprIdentifier"/><version value="3.3.0"/><name value="patientCPRIdentifier"/><status value="active"/><date value="2022-11-15T08:31:20+00:00"/><publisher value="Den telemedicinske infrastruktur (eHealth Infrastructure)"/><contact><name value="Den telemedicinske infrastruktur (eHealth Infrastructure)"/><telecom><system value="url"/><value value="http://ehealth.sundhed.dk"/></telecom></contact><description value="Search parameter for Patient DK-Core CPR identifier"/><jurisdiction><coding><system value="urn:iso:std:iso:3166"/><code value="DK"/><display value="Denmark"/></coding></jurisdiction><code value="patientCPRIdentifier"/><base value="Patient"/><type value="token"/><expression value="Patient.identifier.where(system = 'urn:oid:1.2.208.176.1.2').value"/><xpathUsage value="normal"/></SearchParameter>