<?xml version="1.0" encoding="UTF-8"?><ValueSet xmlns="http://hl7.org/fhir"><id value="ehealth-provenance-policies"/><text><status value="generated"/><div xmlns="http://www.w3.org/1999/xhtml"><p class="res-header-id"><b>Generated Narrative: ValueSet ehealth-provenance-policies</b></p><a name="ehealth-provenance-policies"> </a><a name="hcehealth-provenance-policies"> </a><a name="ehealth-provenance-policies-da-DK"> </a><ul><li>Include all codes defined in <a href="CodeSystem-ehealth-provenance-policies.html"><code>http://ehealth.sundhed.dk/cs/ehealth-provenance-policies</code></a></li></ul></div></text><url value="http://ehealth.sundhed.dk/vs/ehealth-provenance-policies"/><version value="3.3.0"/><name value="Policies for provenances"/><title value="Policies for provenances"/><status value="active"/><experimental value="false"/><date value="2019-02-02T00:00:00+00:00"/><publisher value="Den telemedicinske infrastruktur (eHealth Infrastructure)"/><contact><name value="Den telemedicinske infrastruktur (eHealth Infrastructure)"/><telecom><system value="url"/><value value="http://ehealth.sundhed.dk"/></telecom></contact><description value="Policies under which data can be provided"/><jurisdiction><coding><system value="urn:iso:std:iso:3166"/><code value="DK"/><display value="Denmark"/></coding></jurisdiction><compose><include><system value="http://ehealth.sundhed.dk/cs/ehealth-provenance-policies"/></include></compose></ValueSet>