<?xml version="1.0" encoding="UTF-8"?><ValueSet xmlns="http://hl7.org/fhir"><id value="ehealth-devicemetric-quality-types"/><text><status value="generated"/><div xmlns="http://www.w3.org/1999/xhtml"><p class="res-header-id"><b>Generated Narrative: ValueSet ehealth-devicemetric-quality-types</b></p><a name="ehealth-devicemetric-quality-types"> </a><a name="hcehealth-devicemetric-quality-types"> </a><a name="ehealth-devicemetric-quality-types-da-DK"> </a><ul><li>Include all codes defined in <a href="CodeSystem-ehealth-devicemetric-quality-types.html"><code>http://ehealth.sundhed.dk/cs/devicemetric-quality-types</code></a></li></ul></div></text><url value="http://ehealth.sundhed.dk/vs/devicemetric-quality-types"/><version value="3.3.0"/><name value="DeviceMetricQualityTypes"/><title value="DeviceMetric Quality Types"/><status value="active"/><experimental value="true"/><date value="2019-02-08T00:00:00+00:00"/><publisher value="Den telemedicinske infrastruktur (eHealth Infrastructure)"/><contact><name value="Den telemedicinske infrastruktur (eHealth Infrastructure)"/><telecom><system value="url"/><value value="http://ehealth.sundhed.dk"/></telecom></contact><description value="Device Metric Quality Types value set."/><jurisdiction><coding><system value="urn:iso:std:iso:3166"/><code value="DK"/><display value="Denmark"/></coding></jurisdiction><compose><include><system value="http://ehealth.sundhed.dk/cs/devicemetric-quality-types"/></include></compose></ValueSet>