<?xml version="1.0" encoding="UTF-8"?><ValueSet xmlns="http://hl7.org/fhir"><id value="ehealth-questionnaire-item-image-format"/><text><status value="generated"/><div xmlns="http://www.w3.org/1999/xhtml"><p class="res-header-id"><b>Generated Narrative: ValueSet ehealth-questionnaire-item-image-format</b></p><a name="ehealth-questionnaire-item-image-format"> </a><a name="hcehealth-questionnaire-item-image-format"> </a><a name="ehealth-questionnaire-item-image-format-da-DK"> </a><ul><li>Include these codes as defined in <code>urn:ietf:bcp:13</code><table class="none"><tr><td style="white-space:nowrap"><b>Code</b></td><td><b>Display</b></td><td><b>Dansk (Danish, da)</b></td></tr><tr><td>image/png</td><td>PNG image format</td><td>PNG billedformat</td></tr><tr><td>image/jpeg</td><td>JPEG image format</td><td>JPEG billedformat</td></tr><tr><td>image/svg+xml</td><td>SVG og XML format</td><td>SVG og XML format</td></tr></table></li></ul></div></text><url value="http://ehealth.sundhed.dk/vs/questionnaire-item-image-format"/><version value="3.3.0"/><name value="QuestionnaireItemImageFormat"/><title value="Questionnaire Item Image Format"/><status value="active"/><experimental value="true"/><date value="2021-09-16"/><publisher value="Den telemedicinske infrastruktur (eHealth Infrastructure)"/><contact><name value="Den telemedicinske infrastruktur (eHealth Infrastructure)"/><telecom><system value="url"/><value value="http://ehealth.sundhed.dk"/></telecom></contact><description value="Questionnaire item image format value set."/><jurisdiction><coding><system value="urn:iso:std:iso:3166"/><code value="DK"/><display value="Denmark"/></coding></jurisdiction><compose><include><system value="urn:ietf:bcp:13"/><concept><code value="image/png"/><display value="PNG image format"/><designation><language value="da"/><value value="PNG billedformat"/></designation></concept><concept><code value="image/jpeg"/><display value="JPEG image format"/><designation><language value="da"/><value value="JPEG billedformat"/></designation></concept><concept><code value="image/svg+xml"/><display value="SVG og XML format"/><designation><language value="da"/><value value="SVG og XML format"/></designation></concept></include></compose></ValueSet>