<?xml version="1.0" encoding="UTF-8"?><ValueSet xmlns="http://hl7.org/fhir"><id value="ehealth-unit"/><text><status value="generated"/><div xmlns="http://www.w3.org/1999/xhtml"><p>This value set includes codes based on the following rules:</p><ul><li>Include all codes defined in <code>http://ehealth.sundhed.dk/vs/ehealth-unit-code</code></li><li>Include all codes defined in <code>http://hl7.org/fhir/ValueSet/ucum-common</code></li></ul></div></text><url value="http://ehealth.sundhed.dk/vs/ehealth-unit"/><version value="3.3.0"/><name value="eHealthUnit"/><title value="eHealthUnit"/><status value="active"/><experimental value="false"/><date value="2020-10-19T08:00:00+00:00"/><publisher value="Den telemedicinske infrastruktur (eHealth Infrastructure)"/><contact><name value="Den telemedicinske infrastruktur (eHealth Infrastructure)"/><telecom><system value="url"/><value value="http://ehealth.sundhed.dk"/></telecom></contact><description value="Value set of Unit Codes and Ucum common"/><jurisdiction><coding><system value="urn:iso:std:iso:3166"/><code value="DK"/><display value="Denmark"/></coding></jurisdiction><compose><include><valueSet value="http://ehealth.sundhed.dk/vs/ehealth-unit-code"/></include><include><valueSet value="http://hl7.org/fhir/ValueSet/ucum-common"/></include></compose></ValueSet>