<?xml version="1.0" encoding="UTF-8"?><CodeSystem xmlns="http://hl7.org/fhir"><id value="ehealth-message-medium"/><text><status value="generated"/><div xmlns="http://www.w3.org/1999/xhtml"><p class="res-header-id"><b>Generated Narrative: CodeSystem ehealth-message-medium</b></p><a name="ehealth-message-medium"> </a><a name="hcehealth-message-medium"> </a><a name="ehealth-message-medium-da-DK"> </a><p>This case-sensitive code system <code>http://ehealth.sundhed.dk/cs/message-medium</code> defines the following codes:</p><table class="codes"><tr><td style="white-space:nowrap"><b>Code</b></td><td><b>Display</b></td><td><b>Dansk (Danish, da)</b></td></tr><tr><td style="white-space:nowrap">nemsms<a name="ehealth-message-medium-nemsms"> </a></td><td>NemSMS</td><td>NemSMS</td></tr><tr><td style="white-space:nowrap">eboks<a name="ehealth-message-medium-eboks"> </a></td><td>eBoks</td><td>eBoks</td></tr></table></div></text><url value="http://ehealth.sundhed.dk/cs/message-medium"/><version value="3.5.1"/><name value="MessageMedium"/><title value="Message Medium"/><status value="active"/><experimental value="false"/><date value="2019-01-29T00:00:00+00:00"/><publisher value="Den telemedicinske infrastruktur (eHealth Infrastructure)"/><contact><name value="Den telemedicinske infrastruktur (eHealth Infrastructure)"/><telecom><system value="url"/><value value="http://ehealth.sundhed.dk"/></telecom></contact><description value="Message medium types"/><jurisdiction><coding><system value="urn:iso:std:iso:3166"/><code value="DK"/><display value="Denmark"/></coding></jurisdiction><caseSensitive value="true"/><content value="complete"/><concept><code value="nemsms"/><display value="NemSMS"/><designation><language value="da"/><value value="NemSMS"/></designation></concept><concept><code value="eboks"/><display value="eBoks"/><designation><language value="da"/><value value="eBoks"/></designation></concept></CodeSystem>