<?xml version="1.0" encoding="UTF-8"?><ValueSet xmlns="http://hl7.org/fhir"><id value="ehealth-action-guidance-types"/><text><status value="generated"/><div xmlns="http://www.w3.org/1999/xhtml"><p class="res-header-id"><b>Generated Narrative: ValueSet ehealth-action-guidance-types</b></p><a name="ehealth-action-guidance-types"> </a><a name="hcehealth-action-guidance-types"> </a><a name="ehealth-action-guidance-types-da-DK"> </a><ul><li>Include all codes defined in <a href="CodeSystem-ehealth-action-guidance-types.html"><code>http://ehealth.sundhed.dk/cs/action-guidance-types</code></a></li></ul></div></text><url value="http://ehealth.sundhed.dk/vs/action-guidance-types"/><version value="3.5.1"/><name value="ActionGuidanceTypes"/><title value="Action guidance types"/><status value="active"/><experimental value="true"/><date value="2021-10-14T00:00:00+00:00"/><publisher value="Den telemedicinske infrastruktur (eHealth Infrastructure)"/><contact><name value="Den telemedicinske infrastruktur (eHealth Infrastructure)"/><telecom><system value="url"/><value value="http://ehealth.sundhed.dk"/></telecom></contact><description value="Action guidance types"/><jurisdiction><coding><system value="urn:iso:std:iso:3166"/><code value="DK"/><display value="Denmark"/></coding></jurisdiction><compose><include><system value="http://ehealth.sundhed.dk/cs/action-guidance-types"/></include></compose></ValueSet>