<?xml version="1.0" encoding="UTF-8"?><ValueSet xmlns="http://hl7.org/fhir"><id value="ehealth-basic-resource-type"/><text><status value="generated"/><div xmlns="http://www.w3.org/1999/xhtml"><p class="res-header-id"><b>Generated Narrative: ValueSet ehealth-basic-resource-type</b></p><a name="ehealth-basic-resource-type"> </a><a name="hcehealth-basic-resource-type"> </a><a name="ehealth-basic-resource-type-da-DK"> </a><ul><li>Include all codes defined in <a href="CodeSystem-ehealth-basic-resource-type.html"><code>http://ehealth.sundhed.dk/cs/basic-resource-type</code></a></li></ul></div></text><url value="http://ehealth.sundhed.dk/vs/basic-resource-type"/><version value="3.5.1"/><name value="BasicResourceType"/><title value="Basic resource type"/><status value="active"/><experimental value="true"/><date value="2021-10-20T00:00:00+00:00"/><publisher value="Den telemedicinske infrastruktur (eHealth Infrastructure)"/><contact><name value="Den telemedicinske infrastruktur (eHealth Infrastructure)"/><telecom><system value="url"/><value value="http://ehealth.sundhed.dk"/></telecom></contact><description value="Basic resource type"/><jurisdiction><coding><system value="urn:iso:std:iso:3166"/><code value="DK"/><display value="Denmark"/></coding></jurisdiction><compose><include><system value="http://ehealth.sundhed.dk/cs/basic-resource-type"/></include></compose></ValueSet>