<?xml version="1.0" encoding="UTF-8"?><ValueSet xmlns="http://hl7.org/fhir"><id value="ehealth-device-safety"/><text><status value="generated"/><div xmlns="http://www.w3.org/1999/xhtml"><p class="res-header-id"><b>Generated Narrative: ValueSet ehealth-device-safety</b></p><a name="ehealth-device-safety"> </a><a name="hcehealth-device-safety"> </a><a name="ehealth-device-safety-da-DK"> </a><ul><li>Include all codes defined in <a href="CodeSystem-ehealth-device-safety.html"><code>http://ehealth.sundhed.dk/cs/device-safety</code></a></li></ul></div></text><url value="http://ehealth.sundhed.dk/vs/device-safety"/><version value="3.5.1"/><name value="DeviceSafety"/><title value="Device Safety"/><status value="active"/><experimental value="true"/><date value="2019-09-16T00:00:00+00:00"/><publisher value="Den telemedicinske infrastruktur (eHealth Infrastructure)"/><contact><name value="Den telemedicinske infrastruktur (eHealth Infrastructure)"/><telecom><system value="url"/><value value="http://ehealth.sundhed.dk"/></telecom></contact><description value="Device safety value set."/><jurisdiction><coding><system value="urn:iso:std:iso:3166"/><code value="DK"/><display value="Denmark"/></coding></jurisdiction><compose><include><system value="http://ehealth.sundhed.dk/cs/device-safety"/></include></compose></ValueSet>