<?xml version="1.0" encoding="UTF-8"?><ValueSet xmlns="http://hl7.org/fhir"><id value="ehealth-jurisdiction"/><text><status value="generated"/><div xmlns="http://www.w3.org/1999/xhtml"><p class="res-header-id"><b>Generated Narrative: ValueSet ehealth-jurisdiction</b></p><a name="ehealth-jurisdiction"> </a><a name="hcehealth-jurisdiction"> </a><a name="ehealth-jurisdiction-da-DK"> </a><ul><li>Include all codes defined in <a href="CodeSystem-ehealth-jurisdiction.html"><code>http://ehealth.sundhed.dk/cs/jurisdiction</code></a></li></ul></div></text><url value="http://ehealth.sundhed.dk/vs/jurisdiction"/><version value="3.5.1"/><name value="Jurisdiction"/><title value="Jurisdiction"/><status value="active"/><experimental value="true"/><date value="2019-12-16T00:00:00+00:00"/><publisher value="Den telemedicinske infrastruktur (eHealth Infrastructure)"/><contact><name value="Den telemedicinske infrastruktur (eHealth Infrastructure)"/><telecom><system value="url"/><value value="http://ehealth.sundhed.dk"/></telecom></contact><description value="Jurisdiction value set"/><jurisdiction><coding><system value="urn:iso:std:iso:3166"/><code value="DK"/><display value="Denmark"/></coding></jurisdiction><compose><include><system value="http://ehealth.sundhed.dk/cs/jurisdiction"/></include></compose></ValueSet>