URL,Version,Status,OIDs,Name,Title,Descriptino,Uses,Used,Sources
http://ehealth.sundhed.dk/vs/action,4.0.0,active,,Action,Action,"action status.","StructureDefinition/ehealth-actionTrigger","Internal"
http://ehealth.sundhed.dk/vs/action-guidance-for-types,4.0.0,active,,ActionGuidanceForTypes,Action guidance For Types,"Action guidance for types","StructureDefinition/ehealth-actionguidance-for","hl7.fhir.r4.core"
http://ehealth.sundhed.dk/vs/action-guidance-types,4.0.0,active,,ActionGuidanceTypes,Action guidance types,"Action guidance types","StructureDefinition/ehealth-actionguidance-type","Internal"
http://ehealth.sundhed.dk/vs/activitydefinition-code,4.0.0,active,,ActivityDefinitionCode,Activity Definition Code,"Activity Definition Code.","ConceptMap/activitydefinition-code-to-do-missing-measurement,ConceptMap/activitydefinition-code-to-measurement-resource-type,ConceptMap/activitydefinition-code-to-observation-code,StructureDefinition/ehealth-servicerequest,ConceptMap/activitydefinition-code-to-do-reminder,ConceptMap/activitydefinition-code-to-perform-sharing,StructureDefinition/ehealth-activitydefinition","SCT,Internal"
http://ehealth.sundhed.dk/vs/administrative-status,4.0.0,active,,AdministrativeStatus,Administrative Status,"Administrative status","StructureDefinition/ehealth-administrative-status","Internal"
http://ehealth.sundhed.dk/vs/appointment-reason,4.0.0,active,,AppointmentReason,Appointment Reason,"Appointment reason","StructureDefinition/ehealth-group-videoappointment,StructureDefinition/ehealth-appointment,StructureDefinition/ehealth-videoappointment,StructureDefinition/ehealth-group-appointment","Internal"
http://ehealth.sundhed.dk/vs/appointment-servicetype,4.0.0,active,,AppointmentServiceType,Appointment Service Type,"Appointment service type","StructureDefinition/ehealth-group-videoappointment,StructureDefinition/ehealth-appointment,StructureDefinition/ehealth-videoappointment,StructureDefinition/ehealth-group-appointment","Internal"
http://ehealth.sundhed.dk/vs/appointmenttype-codes,4.0.0,active,,AppointmentTypeCodes,Appointment Type Codes,"Appointment type codes used by the system","StructureDefinition/ehealth-group-videoappointment,StructureDefinition/ehealth-appointment,StructureDefinition/ehealth-videoappointment,StructureDefinition/ehealth-group-appointment","Internal"
http://ehealth.sundhed.dk/vs/audit-restriction-levels,4.0.0,active,,auditRestrictionLevels,Audit Restriction Levels,"","StructureDefinition/ehealth-auditevent","Internal"
http://ehealth.sundhed.dk/vs/basic-resource-type,4.0.0,active,,BasicResourceType,Basic resource type,"Basic resource type","StructureDefinition/ehealth-actionguidance,StructureDefinition/ehealth-view","Internal"
http://ehealth.sundhed.dk/vs/body-site,4.0.0,active,,BodySite,Body site,"Body site","StructureDefinition/ehealth-media",
http://ehealth.sundhed.dk/vs/careplan-category,4.0.0,active,,CareplanCategory,Careplan Category,"Careplan Category.","StructureDefinition/ehealth-careplan","Internal"
http://ehealth.sundhed.dk/vs/careteam-category,4.0.0,active,,CareTeamCategory,CareTeam Category,"http://hl7.org/fhir/ValueSet/careteam-category + ssl | SSL | Service Support and Logistics Employee.","StructureDefinition/ehealth-careteam","Internal"
http://ehealth.sundhed.dk/vs/careteam-participant-role,4.0.0,active,,CareTeamParticipantRole,CareTeam Participant Role,"Care Team Participant Role.","ConceptMap/oio-bpp-roles-to-careteam-participant-roles,StructureDefinition/ehealth-careteam,StructureDefinition/ehealth-practitionerrole","Internal"
http://ehealth.sundhed.dk/vs/clinicalimpression-codes,4.0.0,active,,ClinicalImpressionCodes,Clinical Impression Codes,"Value set of clinical impression codes.","StructureDefinition/ehealth-clinicalimpression","Internal"
http://ehealth.sundhed.dk/vs/clinicalimpression-decision-codes,4.0.0,active,,ClinicalImpressionDecisionCodes,ClinicalImpression Decision Codes,"Value set of clinical impression decision codes.","StructureDefinition/ehealth-clinicalimpression-decision","Internal"
http://ehealth.sundhed.dk/vs/clinicalimpression-finding-codes,4.0.0,active,,ClinicalImpressionFindingCodes,ClinicalImpression Finding Codes,"Value set of clinical impression finding codes.","StructureDefinition/ehealth-clinicalimpression,StructureDefinition/ehealth-questionnaireresponse-finding-basis","SCT,Internal"
http://ehealth.sundhed.dk/vs/clinicalimpression-investigation-item-codes,4.0.0,active,,ClinicalImpressionInvestigationItemCodes,ClinicalImpression Investigation Item Codes,"Value set of clinical impression investigation item codes.","StructureDefinition/ehealth-clinicalimpression","SCT,Internal"
http://ehealth.sundhed.dk/vs/communication-category,4.0.0,active,,CommunicationCategory,Communication Category,"Communication Category.","StructureDefinition/ehealth-communication","Internal"
http://ehealth.sundhed.dk/vs/condition-conditions,4.0.0,active,,Condition_Conditions,Tilstandskoder,"Condition Codes",,
http://ehealth.sundhed.dk/vs/conditions,4.0.0,active,,Conditions,Conditions,"Conditions.","StructureDefinition/ehealth-careteam,StructureDefinition/ehealth-condition","Internal"
http://ehealth.sundhed.dk/vs/consent-category,4.0.0,active,,ConsentCategory,Consent Category,"Value set of kinds of consents.","StructureDefinition/ehealth-consent","Internal"
http://ehealth.sundhed.dk/vs/contactpoint-custodian,4.0.0,active,,ContactPointCustodian,ContactPoint Custodian,"Contact point custodians.","StructureDefinition/ehealth-organization-telecomCustodian","Internal"
http://ehealth.sundhed.dk/vs/contactpoint-system,4.0.0,active,,ContactPointSystem,ContactPoint System,"Contact point systems.","StructureDefinition/ehealth-organization-telecomSystem","Internal"
http://ehealth.sundhed.dk/vs/data-absent-reason,4.0.0,active,,DataAbsentReason,Data Absent Reason,"Used to specify why the normally expected content of the data element is missing.","StructureDefinition/ehealth-observation-wound-dimensions,StructureDefinition/ehealth-observation","THO"
http://ehealth.sundhed.dk/vs/device-calibration-actor,4.0.0,active,,DeviceCalibrationActor,Device Calibration Actor,"Device calibration actor.",,"Internal"
http://ehealth.sundhed.dk/vs/device-calibration-period,4.0.0,active,,DeviceCalibrationPeriod,Device Calibration Period,"Device calibration period.",,"Internal"
http://ehealth.sundhed.dk/vs/device-calibration-type,4.0.0,active,,DeviceCalibrationType,Device Calibration Type,"Device calibration type",,"hl7.fhir.r4.core"
http://ehealth.sundhed.dk/vs/device-measurement-unit,4.0.0,active,,DeviceMeasurementUnit,Device Measurement Unit,"Device measurement unit","StructureDefinition/ehealth-devicemetric","Internal"
http://ehealth.sundhed.dk/vs/device-measuring-quality,4.0.0,active,,DeviceMeasuringQuality,Device Measuring Quality,"Device Measuring Quality value set.",,"Internal"
http://ehealth.sundhed.dk/vs/device-safety,4.0.0,active,,DeviceSafety,Device Safety,"Device safety value set.",,"Internal"
http://ehealth.sundhed.dk/vs/device-service-types,4.0.0,active,,SSLServiceTypes,SSL Service Types,"SSL service types",,"Internal"
http://ehealth.sundhed.dk/vs/device-supplier-roles,4.0.0,active,,DeviceSupplierRoles,Device Supplier Roles,"Device Supplier Roles value set.","StructureDefinition/ehealth-device-suppliers","Internal"
http://ehealth.sundhed.dk/vs/device-types,4.0.0,active,,DeviceTypes,Device Types,"Device Types value set.","StructureDefinition/ehealth-device,StructureDefinition/ehealth-itcompetencelevel","SCT"
http://ehealth.sundhed.dk/vs/device-use-reason,4.0.0,active,,DeviceUseReason,Device Use Reason,"Device Use Reason value set.",,"Internal"
http://ehealth.sundhed.dk/vs/devicemetric-property-types,4.0.0,active,,DeviceMetricPropertyTypes,DeviceMetricPropertyTypes,"Device Metric Property Types value set.","StructureDefinition/ehealth-devicemetric-properties","Internal"
http://ehealth.sundhed.dk/vs/devicemetric-quality-types,4.0.0,active,,DeviceMetricQualityTypes,DeviceMetric Quality Types,"Device Metric Quality Types value set.","StructureDefinition/ehealth-devicemetric-qualityHistory,StructureDefinition/ehealth-devicemetric-templateQualities,StructureDefinition/ehealth-devicemetric-qualities","Internal"
http://ehealth.sundhed.dk/vs/document-class,4.0.0,active,,DocumentClass,Document Class,"Document Class value set.","StructureDefinition/ehealth-documentreference,StructureDefinition/ehealth-composition,StructureDefinition/ehealth-transformation-documentreference","SCT"
http://ehealth.sundhed.dk/vs/document-sharing-state,4.0.0,active,,DocumentSharingState,Document Sharing State,"Document Sharing State","StructureDefinition/ehealth-document-sharing-state","Internal"
http://ehealth.sundhed.dk/vs/document-type,4.0.0,active,,DocumentType,Document Type,"Document Type value set.","StructureDefinition/ehealth-documentreference,StructureDefinition/ehealth-composition,StructureDefinition/ehealth-transformation-documentreference","LOINC"
http://ehealth.sundhed.dk/vs/ehealth-designation-use,4.0.0,active,,eHealthDesignationUse,eHealth Designation Use,"Details of how a designation would be used.",,"Internal"
http://ehealth.sundhed.dk/vs/ehealth-program,4.0.0,active,,eHealthProgram,eHealth Program,"Programs or projects using the eHealth Infrastructure and wanting to mark various resources as intended for their non-exclusive use.",,"Internal"
http://ehealth.sundhed.dk/vs/ehealth-property,4.0.0,active,,eHealthProperty,eHealth Property,"Used to distinguish/extract specific properties of a code.",,"Internal"
http://ehealth.sundhed.dk/vs/ehealth-provenance-policies,4.0.0,active,,Policies for provenances,Policies for provenances,"Policies under which data can be provided","StructureDefinition/ehealth-provenance","Internal"
http://ehealth.sundhed.dk/vs/ehealth-ucum-printsymbol-supplement,4.0.0,active,,UCUMPrintSymbolSupplement,UCUM printSymbol supplement,"UCUM printSymbol supplement","ConceptMap/conceptmap-ucum-to-printsymbol","Internal"
http://ehealth.sundhed.dk/vs/ehealth-unit,4.0.0,active,,eHealthUnit,eHealthUnit,"Value set of Unit Codes and Ucum common","ConceptMap/conceptmap-ucum-to-printsymbol",
http://ehealth.sundhed.dk/vs/ehealth-unit-code,4.0.0,active,,eHealthUnitCodes,eHealthUnitCodes,"Value set of Unit Codes","ValueSet/ehealth-unit","Internal"
http://ehealth.sundhed.dk/vs/ehealth-usage-context-type,4.0.0,active,,eHealthUsageContextType,eHealth Usage Context Type,"The following table supersedes the expansion table below for the following codes:  | Code                | System                                                                                     | Display           | Definition                                                                                                                                                                                   | |---------------------|--------------------------------------------------------------------------------------------|-------------------|----------------------------------------------------------------------------------------------------------------------------------------------------------------------------------------------| | focus               | http://terminology.hl7.org/CodeSystem/usage-context-type                                    | Clinical Focus    | The clinical concept(s) addressed by the artifact/element. For example, disease, diagnostic test interpretation, medication ordering as in http://ehealth.sundhed.dk/vs/conditions                                                | | program             | http://terminology.hl7.org/CodeSystem/usage-context-type                                    | Program           | A program/project of work for which this artifact/element is applicable. http://ehealth.sundhed.dk/vs/ehealth-program                                                                                                         | | activity            | http://ehealth.sundhed.dk/cs/ehealth-usage-context-type                                    | Activity Type     | The type of activity in which it is relevant to use a module/element having this use context (see http://hl7.org/fhir/metadatatypes.html#UsageContext). For this context type, the value should be a code taken from the http://ehealth.sundhed.dk/vs/activitydefinition-code value set. | | supports            | http://ehealth.sundhed.dk/cs/ehealth-usage-context-type                                    | Supports          | The type of activity supported by a module/element having this use context (see http://hl7.org/fhir/metadatatypes.html#UsageContext). For this context type, the value should be a code taken from the http://ehealth.sundhed.dk/vs/activitydefinition-code value set. | | range               | http://ehealth.sundhed.dk/cs/ehealth-usage-context-type                                    | Range             | The type of reference range with which it is relevant to use a module/element having this use context (see http://hl7.org/fhir/metadatatypes.html#UsageContext). For this context type, the value should be a code taken from the http://ehealth.sundhed.dk/vs/reference-range-type value set. | | questionnaire-related | http://ehealth.sundhed.dk/cs/ehealth-usage-context-type                                    | Questionnaire Related | The type of questionnaire element with which it is relevant to use a coded values/id registries having this use context (see http://hl7.org/fhir/metadatatypes.html#UsageContext). For this context type, the value should be a code taken from the http://ehealth.sundhed.dk/vs/questionnaire-elements value set. | ","StructureDefinition/ehealth-library","Internal,THO"
http://ehealth.sundhed.dk/vs/event-type-codes,4.0.0,active,,EventTypeCodes,Event Type Codes,"Event type codes value set.","StructureDefinition/ehealth-documentreference,StructureDefinition/ehealth-composition,StructureDefinition/ehealth-transformation-documentreference",
http://ehealth.sundhed.dk/vs/facility-type-codes,4.0.0,active,,FacilityTypeCodes,Facility Type Codes,"Allowed value set for healthcare facility type code represents the type of organizational setting of the clinical encounter during which the documented act occurred.","StructureDefinition/ehealth-documentreference,StructureDefinition/ehealth-transformation-documentreference","SCT,Internal"
http://ehealth.sundhed.dk/vs/format-codes,4.0.0,active,,FormatCodes,FormatCodes,"Format Codes value set.","StructureDefinition/ehealth-documentreference,StructureDefinition/ehealth-transformation-documentreference",
http://ehealth.sundhed.dk/vs/fs3-health,4.0.0,active,,FS III, helbredstilstande,,"FS III, helbredstilstande","StructureDefinition/ehealth-general-health-condition","Internal"
http://ehealth.sundhed.dk/vs/goal-description,4.0.0,active,,GoalDescription,Goal Description,"Value set for goal description.","StructureDefinition/ehealth-goal","Internal"
http://ehealth.sundhed.dk/vs/goal-target-measure,4.0.0,active,,GoalTargetMeasure,Goal Target Measure,"Value set for goal target measure.","StructureDefinition/ehealth-goal",
http://ehealth.sundhed.dk/vs/health-conditions,4.0.0,active,,Health_conditions,Sygdoms- og diagnosekoder,"Health Condition Codes",,"Internal"
http://ehealth.sundhed.dk/vs/itcompetencelevel-codes,4.0.0,active,,IT Competence Level codes,,"The set of possible message types","StructureDefinition/ehealth-itcompetencelevel","Internal"
http://ehealth.sundhed.dk/vs/jurisdiction,4.0.0,active,,Jurisdiction,Jurisdiction,"Jurisdiction value set","StructureDefinition/ehealth-questionnaire-advanced,StructureDefinition/ehealth-legalBasis,StructureDefinition/ehealth-questionnaire,StructureDefinition/ehealth-activitydefinition,StructureDefinition/ehealth-library,StructureDefinition/ehealth-plandefinition","Internal"
http://ehealth.sundhed.dk/vs/library-type,4.0.0,active,,LibraryType,Library Type,"http://terminology.hl7.org/CodeSystem/library-type + automated-processing","StructureDefinition/ehealth-library","Internal,THO"
http://ehealth.sundhed.dk/vs/measurement-sharing-approval-policies,4.0.0,active,,SharingApprovalPolicies,Sharing Approval Policies,"Policies of approval for sharing measurement submissions with national registers such as KIH.","StructureDefinition/ehealth-sharingApprovalPolicy","Internal"
http://ehealth.sundhed.dk/vs/measurement-sharing-policies,4.0.0,active,,MeasurementSharingPolicies,Measurement Sharing Policies,"Policies of sharing submissions with national registers such as KIH.","StructureDefinition/ehealth-sharingPolicy","Internal"
http://ehealth.sundhed.dk/vs/media-codes,4.0.0,active,,MediaCodes,Media Codes,"Media codes value set","ValueSet/ehealth-activitydefinition-code","SCT,Internal"
http://ehealth.sundhed.dk/vs/media-modality,4.0.0,active,,MediaModality,Media modality,"Media modality","StructureDefinition/ehealth-media",
http://ehealth.sundhed.dk/vs/media-usage-mode,4.0.0,active,,MediaUsageMode,Media Usage Mode,"Media Usage Mode","StructureDefinition/ehealth-media-usage-mode","Internal"
http://ehealth.sundhed.dk/vs/media-view,4.0.0,active,,MediaView,Media view,"Media view","StructureDefinition/ehealth-media",
http://ehealth.sundhed.dk/vs/message-category,4.0.0,active,,MessageCategory,,"The set of possible message types","StructureDefinition/ehealth-communication-request,StructureDefinition/ehealth-message","Internal"
http://ehealth.sundhed.dk/vs/message-medium,4.0.0,active,,MessageMedium,,"The set of possible message types","StructureDefinition/ehealth-communication-request,StructureDefinition/ehealth-message","Internal"
http://ehealth.sundhed.dk/vs/message-reasonCode,4.0.0,active,,eHealth Message Reason Code,,"eHealth Message Reason Code","StructureDefinition/ehealth-message","Internal"
http://ehealth.sundhed.dk/vs/modifier-role,4.0.0,active,,ModifierRole,Modifier Role,"Value set of plan definition modifier role codes.","StructureDefinition/ehealth-modifier-role","Internal"
http://ehealth.sundhed.dk/vs/observation-codes,4.0.0,active,,ObservationCodes,Observation Codes,"Observation codes value set.","ConceptMap/conceptmap-obs-code-to-value-type,StructureDefinition/ehealth-observation-wound-dimensions,ValueSet/ehealth-clinicalimpression-finding-codes,ConceptMap/activitydefinition-code-to-observation-code,StructureDefinition/ehealth-observation,ValueSet/ehealth-reference-range-type,ValueSet/ehealth-activitydefinition-code,ValueSet/goal-target-measure,ConceptMap/conceptmap-obs-code-to-ucum","Internal,LOINC"
http://ehealth.sundhed.dk/vs/observation-method,4.0.0,active,,ObservationMethod,Observation Method,"Identifies how an observation is acquired.","StructureDefinition/ehealth-observation-method","Internal"
http://ehealth.sundhed.dk/vs/oio-bpp-roles,4.0.0,active,,OIOBPPRoles,OIO BPP Roles,"OIO BPP roles.","ConceptMap/oio-bpp-roles-to-careteam-participant-roles","Internal"
http://ehealth.sundhed.dk/vs/oio-organization-type,4.0.0,active,,OIOOrganizationType,OIO Organization Type,"Value set used for indicating the organization type for organizations from OIO / STS-ORG","ValueSet/ehealth-organization-type","Internal"
http://ehealth.sundhed.dk/vs/organization-relation-type,4.0.0,active,,OrganizationRelationType,Organization Relation Type,"How Organizations are related.","StructureDefinition/ehealth-organization-relatedTo","Internal"
http://ehealth.sundhed.dk/vs/organization-source,4.0.0,active,,OrganizationSource,Organization Source,"Value set used for indicating the organization source","StructureDefinition/ehealth-organization-source","Internal"
http://ehealth.sundhed.dk/vs/organization-specialty,4.0.0,active,,OrganizationSpecialty,Organization Specialty,"Value set used for indicating the specialty for organizations.","StructureDefinition/ehealth-organization-specialty",
http://ehealth.sundhed.dk/vs/organization-synchronization-status,4.0.0,active,,OrganizationSynchronizationStatus,Organization Synchronization Status,"Value set used for indicating the organization synchronization status","StructureDefinition/ehealth-organization-synchronizationStatus","Internal"
http://ehealth.sundhed.dk/vs/organization-type,4.0.0,active,,OrganizationType,Organization Type,"Value set used for indicating the organization type","StructureDefinition/ehealth-organization",
http://ehealth.sundhed.dk/vs/overviewUsageMode,4.0.0,active,,OverviewUsageMode,Overview Usage Mode,"Whether the element should appear in overview modes of operation.","StructureDefinition/ehealth-overviewUsageMode","Internal"
http://ehealth.sundhed.dk/vs/participant-function,4.0.0,active,,ParticipantFunction,Participant Function,"The function of the participant (primay / secondary contact).","StructureDefinition/ehealth-participant","Internal"
http://ehealth.sundhed.dk/vs/plandefinition-recommendation,4.0.0,active,,PlanDefinitionRecommendation,PlanDefinition Recommendation,"Value set of plan definition recommendation codes.","StructureDefinition/ehealth-recommendation","Internal"
http://ehealth.sundhed.dk/vs/practice-setting-codes,4.0.0,active,,PracticeSettingCodes,Practice Setting Codes,"Value set used for indicating the specialty for organizations.","StructureDefinition/ehealth-documentreference,StructureDefinition/ehealth-transformation-documentreference",
http://ehealth.sundhed.dk/vs/priority,4.0.0,active,,Priority,Priority,"Practitioner roles","StructureDefinition/ehealth-priority","Internal"
http://ehealth.sundhed.dk/vs/quality-types,4.0.0,active,,QualityTypes,Quality Types,"Types of quality; e.g. situation quality, usability quality, device quality.","StructureDefinition/ehealth-quality","Internal"
http://ehealth.sundhed.dk/vs/questionnaire-elements,4.0.0,active,,Questionnaire_Elements,Questionnaire Elements,"Types of questionnaire elements; e.g. group, question, answer.",,"Internal"
http://ehealth.sundhed.dk/vs/questionnaire-item-control,4.0.0,active,,QuestionnaireItemControl,Questionnaire Item Control,"Questionnaire Item Control value set.","StructureDefinition/ehealth-questionnaire-advanced,StructureDefinition/ehealth-questionnaire","hl7.fhir.uv.extensions.r4"
http://ehealth.sundhed.dk/vs/questionnaire-item-image-format,4.0.0,active,,QuestionnaireItemImageFormat,Questionnaire Item Image Format,"Questionnaire item image format value set.",,"Other"
http://ehealth.sundhed.dk/vs/questionnaire-item-significance-indicator,4.0.0,active,,QuestionnaireItemSignificanceIndicator,Questionnaire Item Significance Indicator,"Questionnaire Significance Item Indicator value set.","StructureDefinition/ehealth-questionnaire-answerSignificance","Internal"
http://ehealth.sundhed.dk/vs/questionnaire-recommendation,4.0.0,active,,QuestionnaireRecommendation,QuestionnaireRecommendation,"Value set of questionnaire recommendation codes.","StructureDefinition/ehealth-questionnaire-recommendation","Internal"
http://ehealth.sundhed.dk/vs/questionnaire-types,4.0.0,active,,QuestionnaireTypes,Questionnaire Types,"Questionnaire type value set.","StructureDefinition/ehealth-questionnaire-type","SCT,Internal"
http://ehealth.sundhed.dk/vs/reference-range-type,4.0.0,active,,ReferenceRangeType,Reference Range Type,"Reference Range type value set.","StructureDefinition/ehealth-observation-wound-dimensions,StructureDefinition/ehealth-referenceRange,StructureDefinition/ehealth-observation","Internal,THO"
http://ehealth.sundhed.dk/vs/regional-subdivision-codes,4.0.0,active,,RegionalSubdivisionCodes,,"Subdivision codes (Regional codes) used in Denmark",,"Internal"
http://ehealth.sundhed.dk/vs/relatedperson-relationshiptype,4.0.0,active,,RelationshipTypes,,"A set of codes that can be used to indicate the relationship between a Patient and a Related Person used in Denmark","StructureDefinition/ehealth-relatedperson","THO (V3)"
http://ehealth.sundhed.dk/vs/resolved-timing-type,4.0.0,active,,ResolvedTimingType,Resolved Timing Type,"Value set for resolved timing type.","StructureDefinition/ehealth-resolved-timing","Internal"
http://ehealth.sundhed.dk/vs/restriction-category,4.0.0,active,,RestrictionCategory,Restriction Category,"Value set for restriction category.","StructureDefinition/ehealth-restriction-category","Internal"
http://ehealth.sundhed.dk/vs/situation-quality,4.0.0,active,,SituationQuality,Situation Quality,"Value set of hierarchical codes stating the quality of a measurement situation.",,"Internal"
http://ehealth.sundhed.dk/vs/sor-organization-specialty,4.0.0,active,,SorOrganizationSpecialty,SorOrganizationSpecialty,"Value set used for indicating the specialty for organizations from Sor","ValueSet/ehealth-organization-specialty,ValueSet/ehealth-practice-setting-codes","SCT,Internal"
http://ehealth.sundhed.dk/vs/sor-organization-type,4.0.0,active,,SorOrganizationType,SorOrganizationType,"Value set used for indicating the organization type for organizations from Sor","ValueSet/ehealth-organization-type","SCT,Internal"
http://ehealth.sundhed.dk/vs/task-category,4.0.0,active,,TaskCategory,Task Category,"Value set for task category.","StructureDefinition/ehealth-task-category","Internal"
http://ehealth.sundhed.dk/vs/thumbnail-size-category,4.0.0,active,,ThumbnailSizeCategory,Thumbnail Size Category,"Thumbnail size is a value set with the available sizes of low resolution media representations.","StructureDefinition/ehealth-media-thumbnail","Internal"
http://ehealth.sundhed.dk/vs/thumbnail-status,4.0.0,active,,ThumbnailStatus,Thumbnail Status,"Thumbnail status is a value set for the status of low resolution media representations.","StructureDefinition/ehealth-media-thumbnail","Internal"
http://ehealth.sundhed.dk/vs/topic-type,4.0.0,active,,TopicType,Topic Type,"Topic types.","StructureDefinition/ehealth-activitydefinition,StructureDefinition/ehealth-plandefinition","Internal,THO"
http://ehealth.sundhed.dk/vs/trigger-behavior,4.0.0,active,,TriggerBehavior,Trigger Behavior,"Trigger behavior","StructureDefinition/ehealth-actionTrigger","hl7.fhir.r4.core"
http://ehealth.sundhed.dk/vs/trigger-enablement-code,4.0.0,active,,triggerEnablementCode,Trigger Enablement Code,"ServiceRequest trigger enablement value set.","StructureDefinition/ehealth-trigger-enablement-code","Internal"
http://ehealth.sundhed.dk/vs/usage-quality,4.0.0,active,,UsageQuality,Usage Quality,"Value set of hierarchical codes stating the quality of the user's operation of a device/ability to qualify questionnaire answers.",,"Internal"
http://ehealth.sundhed.dk/vs/view-for-type,4.0.0,active,,ViewType,View For Type,"View for types","StructureDefinition/ehealth-view-for","hl7.fhir.r4.core"
http://ehealth.sundhed.dk/vs/view-type,4.0.0,active,,ViewType,View Type,"View types","StructureDefinition/ehealth-view-type","Internal"
http://hl7.dk/fhir/core/ValueSet/DkCoreProfessionGroupValueSet,1.1.0,active,,DkCoreProfessionGroupValueSet,dk-profession-group-valueset,"DK Profession Group codes","StructureDefinition/ehealth-practitioner","hl7.fhir.dk.core"
http://hl7.dk/fhir/core/ValueSet/dk-marital-status,1.1.0,active,,DK Marital Status Codes,DK MaritalStatus,"This value set defines the set of codes that can be used to indicate the marital status of a person in Denmark.","StructureDefinition/ehealth-patient","hl7.fhir.dk.core"
http://hl7.org/fhir/ValueSet/FHIR-version,4.0.1,active,"2.16.840.1.113883.4.642.3.1309",FHIRVersion,FHIRVersion,"All published FHIR Versions.","StructureDefinition/ehealth-definedquestion","hl7.fhir.r4.core"
http://hl7.org/fhir/ValueSet/action-cardinality-behavior,4.0.1,draft,"2.16.840.1.113883.4.642.3.807",ActionCardinalityBehavior,ActionCardinalityBehavior,"Defines behavior for an action or a group for how many times that item may be repeated.","StructureDefinition/ehealth-plandefinition","hl7.fhir.r4.core"
http://hl7.org/fhir/ValueSet/action-condition-kind,4.0.1,draft,"2.16.840.1.113883.4.642.3.815",ActionConditionKind,ActionConditionKind,"Defines the kinds of conditions that can appear on actions.","StructureDefinition/ehealth-plandefinition","hl7.fhir.r4.core"
http://hl7.org/fhir/ValueSet/action-grouping-behavior,4.0.1,draft,"2.16.840.1.113883.4.642.3.799",ActionGroupingBehavior,ActionGroupingBehavior,"Defines organization behavior of a group.","StructureDefinition/ehealth-plandefinition","hl7.fhir.r4.core"
http://hl7.org/fhir/ValueSet/action-participant-role,4.0.1,draft,"2.16.840.1.113883.4.642.3.796",ActionParticipantRole,Action participant role,"Either a practitioner role or a relationship type.","StructureDefinition/ehealth-activitydefinition,StructureDefinition/ehealth-plandefinition",
http://hl7.org/fhir/ValueSet/action-participant-type,4.0.1,draft,"2.16.840.1.113883.4.642.3.811",ActionParticipantType,ActionParticipantType,"The type of participant for the action.","StructureDefinition/ehealth-activitydefinition,StructureDefinition/ehealth-plandefinition","hl7.fhir.r4.core"
http://hl7.org/fhir/ValueSet/action-precheck-behavior,4.0.1,draft,"2.16.840.1.113883.4.642.3.805",ActionPrecheckBehavior,ActionPrecheckBehavior,"Defines selection frequency behavior for an action or group.","StructureDefinition/ehealth-plandefinition","hl7.fhir.r4.core"
http://hl7.org/fhir/ValueSet/action-relationship-type,4.0.1,draft,"2.16.840.1.113883.4.642.3.813",ActionRelationshipType,ActionRelationshipType,"Defines the types of relationships between actions.","StructureDefinition/ehealth-plandefinition","hl7.fhir.r4.core"
http://hl7.org/fhir/ValueSet/action-required-behavior,4.0.1,draft,"2.16.840.1.113883.4.642.3.803",ActionRequiredBehavior,ActionRequiredBehavior,"Defines expectations around whether an action or action group is required.","StructureDefinition/ehealth-plandefinition","hl7.fhir.r4.core"
http://hl7.org/fhir/ValueSet/action-selection-behavior,4.0.1,draft,"2.16.840.1.113883.4.642.3.801",ActionSelectionBehavior,ActionSelectionBehavior,"Defines selection behavior of a group.","StructureDefinition/ehealth-plandefinition","hl7.fhir.r4.core"
http://hl7.org/fhir/ValueSet/action-type,4.0.1,draft,"2.16.840.1.113883.4.642.3.809",ActionType,ActionType,"The type of action to be performed.","StructureDefinition/ehealth-plandefinition","THO"
http://hl7.org/fhir/ValueSet/address-type,4.0.1,active,"2.16.840.1.113883.4.642.3.69",AddressType,AddressType,"The type of an address (physical / postal).","StructureDefinition/ehealth-patient,StructureDefinition/ehealth-skrs-patient","hl7.fhir.r4.core"
http://hl7.org/fhir/ValueSet/address-use,4.0.1,active,"2.16.840.1.113883.4.642.3.67",AddressUse,AddressUse,"The use of an address.","StructureDefinition/ehealth-patient,StructureDefinition/ehealth-skrs-patient","hl7.fhir.r4.core"
http://hl7.org/fhir/ValueSet/administrative-gender,4.0.1,active,"2.16.840.1.113883.4.642.3.1",AdministrativeGender,AdministrativeGender,"The gender of a person used for administrative purposes.","StructureDefinition/ehealth-patient,StructureDefinition/ehealth-skrs-patient,StructureDefinition/ehealth-relatedperson,StructureDefinition/ehealth-practitioner","hl7.fhir.r4.core"
http://hl7.org/fhir/ValueSet/appointment-cancellation-reason,4.0.1,draft,"2.16.840.1.113883.4.642.3.1381",AppointmentCancellationReason,Appointment cancellation reason,"This example value set defines a set of reasons for the cancellation of an appointment.","StructureDefinition/ehealth-group-videoappointment,StructureDefinition/ehealth-appointment,StructureDefinition/ehealth-videoappointment,StructureDefinition/ehealth-group-appointment","THO"
http://hl7.org/fhir/ValueSet/appointmentstatus,4.0.1,draft,"2.16.840.1.113883.4.642.3.484",AppointmentStatus,AppointmentStatus,"The free/busy status of an appointment.","StructureDefinition/ehealth-group-videoappointment,StructureDefinition/ehealth-appointment,StructureDefinition/ehealth-videoappointment,StructureDefinition/ehealth-group-appointment","hl7.fhir.r4.core"
http://hl7.org/fhir/ValueSet/audit-entity-type,4.0.1,draft,"2.16.840.1.113883.4.642.3.458",AuditEventEntityType,Audit event entity type,"Code for the entity type involved in the audit event.","StructureDefinition/ehealth-auditevent","THO,hl7.fhir.r4.core"
http://hl7.org/fhir/ValueSet/audit-event-action,4.0.1,draft,"2.16.840.1.113883.4.642.3.452",AuditEventAction,AuditEventAction,"Indicator for type of action performed during the event that generated the event.","StructureDefinition/ehealth-auditevent","hl7.fhir.r4.core"
http://hl7.org/fhir/ValueSet/audit-event-outcome,4.0.1,draft,"2.16.840.1.113883.4.642.3.454",AuditEventOutcome,AuditEventOutcome,"Indicates whether the event succeeded or failed.","StructureDefinition/ehealth-auditevent","hl7.fhir.r4.core"
http://hl7.org/fhir/ValueSet/audit-event-sub-type,4.0.1,active,"2.16.840.1.113883.4.642.3.464",AuditEventSub-Type,Audit Event Sub-Type,"More detailed code concerning the type of the audit event - defined by DICOM with some FHIR specific additions.","StructureDefinition/ehealth-auditevent","DICOM,hl7.fhir.r4.core"
http://hl7.org/fhir/ValueSet/audit-event-type,4.0.1,active,"2.16.840.1.113883.4.642.3.462",AuditEventID,Audit Event ID,"Event Types for Audit Events - defined by DICOM with some FHIR specific additions.","StructureDefinition/ehealth-auditevent","THO,DICOM"
http://hl7.org/fhir/ValueSet/audit-source-type,4.0.1,active,"2.16.840.1.113883.4.642.3.466",AuditEventSourceType,Audit Event Source Type,"The type of process where the audit event originated from.","StructureDefinition/ehealth-auditevent","THO"
http://hl7.org/fhir/ValueSet/body-site,4.0.1,draft,"2.16.840.1.113883.4.642.3.141",SNOMEDCTBodyStructures,SNOMED CT Body Structures,"This value set includes all codes from [SNOMED CT](http://snomed.info/sct) where concept is-a 442083009 (Anatomical or acquired body site (body structure)).","StructureDefinition/ehealth-deviceusestatement,ValueSet/ehealth-body-site,StructureDefinition/ehealth-observation-wound-dimensions,StructureDefinition/ehealth-servicerequest,StructureDefinition/ehealth-observation,StructureDefinition/ehealth-condition,StructureDefinition/ehealth-activitydefinition","SCT"
http://hl7.org/fhir/ValueSet/c80-practice-codes,4.0.1,active,"2.16.840.1.113883.3.88.12.80.72",PracticeSettingCodeValueSet,Practice Setting Code Value Set,"This is the code representing the clinical specialty of the clinician or provider who interacted with, treated, or provided a service to/for the patient. The value set used for clinical specialty has been limited by HITSP to the value set reproduced from HITSP C80 Table 2-149 Clinical Specialty Value Set Definition.","StructureDefinition/ehealth-group-videoappointment,StructureDefinition/ehealth-appointment,StructureDefinition/ehealth-videoappointment,StructureDefinition/ehealth-group-appointment,StructureDefinition/ehealth-practitionerrole","SCT"
http://hl7.org/fhir/ValueSet/care-plan-activity-kind,4.0.1,draft,"2.16.840.1.113883.4.642.3.145",CarePlanActivityKind,Care Plan Activity Kind,"Resource types defined as part of FHIR that can be represented as in-line definitions of a care plan activity.","StructureDefinition/ehealth-careplan","hl7.fhir.r4.core"
http://hl7.org/fhir/ValueSet/care-plan-activity-outcome,4.0.1,draft,"2.16.840.1.113883.4.642.3.149",CarePlanActivityOutcome,Care Plan Activity Outcome,"Example codes indicating the outcome of a care plan activity. Note that these are in no way complete and might not even be appropriate for some uses.","StructureDefinition/ehealth-careplan","SCT"
http://hl7.org/fhir/ValueSet/care-plan-activity-status,4.0.1,draft,"2.16.840.1.113883.4.642.3.146",CarePlanActivityStatus,CarePlanActivityStatus,"Codes that reflect the current state of a care plan activity within its overall life cycle.","StructureDefinition/ehealth-careplan","hl7.fhir.r4.core"
http://hl7.org/fhir/ValueSet/care-plan-intent,4.0.1,draft,"2.16.840.1.113883.4.642.3.150",CarePlanIntent,Care Plan Intent,"Codes indicating the degree of authority/intentionality associated with a care plan.","StructureDefinition/ehealth-careplan","hl7.fhir.r4.core"
http://hl7.org/fhir/ValueSet/care-team-status,4.0.1,draft,"2.16.840.1.113883.4.642.3.153",CareTeamStatus,CareTeamStatus,"Indicates the status of the care team.","StructureDefinition/ehealth-careteam","hl7.fhir.r4.core"
http://hl7.org/fhir/ValueSet/clinical-findings,4.0.1,draft,"2.16.840.1.113883.4.642.3.232",SNOMEDCTClinicalFindings,SNOMED CT Clinical Findings,"This value set includes all the ""Clinical finding"" [SNOMED CT](http://snomed.info/sct) codes - concepts where concept is-a 404684003 (Clinical finding (finding)).","StructureDefinition/ehealth-goal,StructureDefinition/ehealth-careplan,StructureDefinition/ehealth-communication,StructureDefinition/ehealth-plandefinition","SCT"
http://hl7.org/fhir/ValueSet/clinicalimpression-prognosis,4.0.1,draft,"2.16.840.1.113883.4.642.3.160",ClinicalImpressionPrognosis,Clinical Impression Prognosis,"Example value set for clinical impression prognosis.","StructureDefinition/ehealth-clinicalimpression","SCT"
http://hl7.org/fhir/ValueSet/clinicalimpression-status,4.0.1,draft,"2.16.840.1.113883.4.642.3.1046",ClinicalImpressionStatus,Clinical Impression Status,"Codes that reflect the current state of a clinical impression within its overall lifecycle.","StructureDefinition/ehealth-clinicalimpression","hl7.fhir.r4.core"
http://hl7.org/fhir/ValueSet/communication-category,4.0.1,draft,"2.16.840.1.113883.4.642.3.172",CommunicationCategory,CommunicationCategory,"Codes for general categories of communications such as alerts, instructions, etc.","StructureDefinition/ehealth-message","THO"
http://hl7.org/fhir/ValueSet/communication-not-done-reason,4.0.1,draft,"2.16.840.1.113883.4.642.3.174",CommunicationNotDoneReason,CommunicationNotDoneReason,"Codes for the reason why a communication did not happen.","StructureDefinition/ehealth-message,StructureDefinition/ehealth-communication","THO"
http://hl7.org/fhir/ValueSet/communication-topic,4.0.1,draft,"2.16.840.1.113883.4.642.3.983",CommunicationTopic,CommunicationTopic,"Codes describing the purpose or content of the communication.","StructureDefinition/ehealth-message,StructureDefinition/ehealth-communication","THO"
http://hl7.org/fhir/ValueSet/composition-attestation-mode,4.0.1,draft,"2.16.840.1.113883.4.642.3.238",CompositionAttestationMode,CompositionAttestationMode,"The way in which a person authenticated a composition.","StructureDefinition/ehealth-composition","hl7.fhir.r4.core"
http://hl7.org/fhir/ValueSet/composition-status,4.0.1,draft,"2.16.840.1.113883.4.642.3.241",CompositionStatus,CompositionStatus,"The workflow/clinical status of the composition.","StructureDefinition/ehealth-documentreference,StructureDefinition/ehealth-composition,StructureDefinition/ehealth-transformation-documentreference","hl7.fhir.r4.core"
http://hl7.org/fhir/ValueSet/condition-category,4.0.1,draft,"2.16.840.1.113883.4.642.3.162",ConditionCategoryCodes,Condition Category Codes,"Preferred value set for Condition Categories.","StructureDefinition/ehealth-condition","THO"
http://hl7.org/fhir/ValueSet/condition-clinical,4.0.1,draft,"2.16.840.1.113883.4.642.3.164",ConditionClinicalStatusCodes,Condition Clinical Status Codes,"Preferred value set for Condition Clinical Status.","StructureDefinition/ehealth-condition","THO"
http://hl7.org/fhir/ValueSet/condition-code,4.0.1,draft,"2.16.840.1.113883.4.642.3.161",Condition/Problem/DiagnosisCodes,Condition/Problem/Diagnosis Codes,"Example value set for Condition/Problem/Diagnosis codes.","StructureDefinition/ehealth-plandefinition","SCT"
http://hl7.org/fhir/ValueSet/condition-severity,4.0.1,draft,"2.16.840.1.113883.4.642.3.168",Condition/DiagnosisSeverity,Condition/Diagnosis Severity,"Preferred value set for Condition/Diagnosis severity grading.","StructureDefinition/ehealth-condition","SCT"
http://hl7.org/fhir/ValueSet/condition-stage,4.0.1,draft,"2.16.840.1.113883.4.642.3.170",ConditionStage,Condition Stage,"Example value set for stages of cancer and other conditions.","StructureDefinition/ehealth-condition","SCT"
http://hl7.org/fhir/ValueSet/condition-stage-type,4.0.1,draft,"2.16.840.1.113883.4.642.3.171",ConditionStageType,Condition Stage Type,"Example value set for the type of stages of cancer and other conditions","StructureDefinition/ehealth-condition","SCT"
http://hl7.org/fhir/ValueSet/condition-ver-status,4.0.1,draft,"2.16.840.1.113883.4.642.3.166",ConditionVerificationStatus,ConditionVerificationStatus,"The verification status to support or decline the clinical status of the condition or diagnosis.","StructureDefinition/ehealth-condition","THO"
http://hl7.org/fhir/ValueSet/consent-action,4.0.1,draft,"2.16.840.1.113883.4.642.3.753",ConsentActionCodes,Consent Action Codes,"This value set includes sample Consent Action codes.","StructureDefinition/ehealth-consent","THO"
http://hl7.org/fhir/ValueSet/consent-content-class,4.0.1,draft,"2.16.840.1.113883.4.642.3.747",ConsentContentClass,Consent Content Class,"This value set includes the FHIR resource types, along with some other important content class codes","StructureDefinition/ehealth-consent","hl7.fhir.r4.core,Other"
http://hl7.org/fhir/ValueSet/consent-content-code,4.0.1,draft,"2.16.840.1.113883.4.642.3.748",ConsentContentCodes,Consent Content Codes,"This example value set contains all LOINC code","StructureDefinition/ehealth-consent","LOINC"
http://hl7.org/fhir/ValueSet/consent-data-meaning,4.0.1,draft,"2.16.840.1.113883.4.642.3.759",ConsentDataMeaning,ConsentDataMeaning,"How a resource reference is interpreted when testing consent restrictions.","StructureDefinition/ehealth-consent","hl7.fhir.r4.core"
http://hl7.org/fhir/ValueSet/consent-policy,4.0.1,draft,"2.16.840.1.113883.4.642.3.1014",ConsentPolicyRuleCodes,Consent PolicyRule Codes,"This value set includes sample Regulatory consent policy types from the US and other regions.","StructureDefinition/ehealth-consent","THO"
http://hl7.org/fhir/ValueSet/consent-provision-type,4.0.1,draft,"2.16.840.1.113883.4.642.3.757",ConsentProvisionType,ConsentProvisionType,"How a rule statement is applied, such as adding additional consent or removing consent.","StructureDefinition/ehealth-consent","hl7.fhir.r4.core"
http://hl7.org/fhir/ValueSet/consent-scope,4.0.1,draft,"2.16.840.1.113883.4.642.3.761",ConsentScopeCodes,Consent Scope Codes,"This value set includes the four Consent scope codes.","StructureDefinition/ehealth-consent","THO"
http://hl7.org/fhir/ValueSet/consent-state-codes,4.0.1,draft,"2.16.840.1.113883.4.642.3.755",ConsentState,ConsentState,"Indicates the state of the consent.","StructureDefinition/ehealth-consent","hl7.fhir.r4.core"
http://hl7.org/fhir/ValueSet/contact-point-system,4.0.1,active,"2.16.840.1.113883.4.642.3.71",ContactPointSystem,ContactPointSystem,"Telecommunications form for contact point.","ValueSet/ehealth-contactpoint-system,StructureDefinition/ehealth-patient,StructureDefinition/ehealth-careteam,StructureDefinition/ehealth-organization","hl7.fhir.r4.core"
http://hl7.org/fhir/ValueSet/contact-point-use,4.0.1,active,"2.16.840.1.113883.4.642.3.73",ContactPointUse,ContactPointUse,"Use of contact point.","StructureDefinition/ehealth-patient,StructureDefinition/ehealth-careteam,StructureDefinition/ehealth-organization","hl7.fhir.r4.core"
http://hl7.org/fhir/ValueSet/contactentity-type,4.0.1,draft,"2.16.840.1.113883.4.642.3.416",ContactEntityType,Contact entity type,"This example value set defines a set of codes that can be used to indicate the purpose for which you would contact a contact party.","StructureDefinition/ehealth-organization","THO"
http://hl7.org/fhir/ValueSet/data-absent-reason,4.0.1,active,"2.16.840.1.113883.4.642.3.5",DataAbsentReason,DataAbsentReason,"Used to specify why the normally expected content of the data element is missing.","StructureDefinition/ehealth-observation-wound-dimensions,StructureDefinition/ehealth-observation","THO"
http://hl7.org/fhir/ValueSet/data-types,4.0.1,active,"2.16.840.1.113883.4.642.3.22",DataType,DataType,"A version specific list of the data types defined by the FHIR specification for use as an element  type (any of the FHIR defined data types).","ConceptMap/conceptmap-obs-code-to-value-type","hl7.fhir.r4.core"
http://hl7.org/fhir/ValueSet/days-of-week,4.0.1,active,"2.16.840.1.113883.4.642.3.512",DaysOfWeek,DaysOfWeek,"The days of the week.","StructureDefinition/ehealth-practitionerrole","hl7.fhir.r4.core"
http://hl7.org/fhir/ValueSet/defined-types,4.0.1,active,"2.16.840.1.113883.4.642.3.24",FHIRDefinedType,FHIRDefinedType,"A list of all the concrete types defined in this version of the FHIR specification - Data Types and Resource Types.","StructureDefinition/ehealth-definedquestion","hl7.fhir.r4.core"
http://hl7.org/fhir/ValueSet/definition-topic,4.0.1,draft,"2.16.840.1.113883.4.642.3.794",DefinitionTopic,DefinitionTopic,"High-level categorization of the definition, used for searching, sorting, and filtering.","StructureDefinition/ehealth-library","THO"
http://hl7.org/fhir/ValueSet/definition-use,4.0.1,active,"2.16.840.1.113883.4.642.3.1190",DefinitionUseCodes,Structure Definition Use Codes / Keywords,"Structure Definition Use Codes / Keywords","StructureDefinition/ehealth-definedquestion","THO"
http://hl7.org/fhir/ValueSet/device-nametype,4.0.1,draft,"2.16.840.1.113883.4.642.3.1083",DeviceNameType,DeviceNameType,"The type of name the device is referred by.","StructureDefinition/ehealth-device","hl7.fhir.r4.core"
http://hl7.org/fhir/ValueSet/device-statement-status,4.0.1,draft,"2.16.840.1.113883.4.642.3.214",DeviceUseStatementStatus,DeviceUseStatementStatus,"A coded concept indicating the current status of the Device Usage.","StructureDefinition/ehealth-deviceusestatement","hl7.fhir.r4.core"
http://hl7.org/fhir/ValueSet/device-status,4.0.1,draft,"2.16.840.1.113883.4.642.3.209",FHIRDeviceStatus,FHIRDeviceStatus,"The availability status of the device.","StructureDefinition/ehealth-device","hl7.fhir.r4.core"
http://hl7.org/fhir/ValueSet/device-status-reason,4.0.1,draft,"2.16.840.1.113883.4.642.3.1081",FHIRDeviceStatusReason,FHIRDeviceStatusReason,"The availability status reason of the device.","StructureDefinition/ehealth-device","THO"
http://hl7.org/fhir/ValueSet/diagnosis-role,4.0.1,draft,"2.16.840.1.113883.4.642.3.49",DiagnosisRole,DiagnosisRole,"This value set defines a set of codes that can be used to express the role of a diagnosis on the Encounter or EpisodeOfCare record.","StructureDefinition/ehealth-episodeofcare","THO"
http://hl7.org/fhir/ValueSet/dicm-405-mediatype,4.0.1,active,"1.2.840.10008.6.​1.​908",MediaTypeCode,Media Type Code,"Media Type Code","StructureDefinition/ehealth-auditevent","DICOM"
http://hl7.org/fhir/ValueSet/doc-section-codes,4.0.1,draft,"2.16.840.1.113883.4.642.3.237",DocumentSectionCodes,Document Section Codes,"Document section codes (LOINC codes used in CCDA sections).","StructureDefinition/ehealth-composition","LOINC"
http://hl7.org/fhir/ValueSet/document-reference-status,4.0.1,draft,"2.16.840.1.113883.4.642.3.7",DocumentReferenceStatus,DocumentReferenceStatus,"The status of the document reference.","StructureDefinition/ehealth-documentreference,StructureDefinition/ehealth-transformation-documentreference","hl7.fhir.r4.core"
http://hl7.org/fhir/ValueSet/document-relationship-type,4.0.1,draft,"2.16.840.1.113883.4.642.3.244",DocumentRelationshipType,DocumentRelationshipType,"The type of relationship between documents.","StructureDefinition/ehealth-documentreference,StructureDefinition/ehealth-composition,StructureDefinition/ehealth-transformation-documentreference","hl7.fhir.r4.core"
http://hl7.org/fhir/ValueSet/encounter-participant-type,4.0.1,draft,"2.16.840.1.113883.4.642.3.250",ParticipantType,Participant type,"This value set defines a set of codes that can be used to indicate how an individual participates in an encounter.","StructureDefinition/ehealth-group-videoappointment,StructureDefinition/ehealth-appointment,StructureDefinition/ehealth-videoappointment,StructureDefinition/ehealth-group-appointment","THO (V3),THO"
http://hl7.org/fhir/ValueSet/episode-of-care-status,4.0.1,draft,"2.16.840.1.113883.4.642.3.664",EpisodeOfCareStatus,EpisodeOfCareStatus,"The status of the episode of care.","StructureDefinition/ehealth-episodeofcare-statusschedule,StructureDefinition/ehealth-episodeofcare","hl7.fhir.r4.core"
http://hl7.org/fhir/ValueSet/episodeofcare-type,4.0.1,draft,"2.16.840.1.113883.4.642.3.666",EpisodeOfCareType,Episode of care type,"This example value set defines a set of codes that can be used to express the usage type of an EpisodeOfCare record.","StructureDefinition/ehealth-episodeofcare","THO"
http://hl7.org/fhir/ValueSet/event-status,4.0.1,draft,"2.16.840.1.113883.4.642.3.109",EventStatus,EventStatus,"Codes identifying the lifecycle stage of an event.","StructureDefinition/ehealth-media,StructureDefinition/ehealth-message,StructureDefinition/ehealth-communication","hl7.fhir.r4.core"
http://hl7.org/fhir/ValueSet/extension-context-type,4.0.1,active,"2.16.840.1.113883.4.642.3.1012",ExtensionContextType,ExtensionContextType,"How an extension context is interpreted.","StructureDefinition/ehealth-definedquestion","hl7.fhir.r4.core"
http://hl7.org/fhir/ValueSet/goal-achievement,4.0.1,draft,"2.16.840.1.113883.4.642.3.1374",GoalAchievementStatus,Goal achievement status,"Describes the progression, or lack thereof, towards the goal against the target.","StructureDefinition/ehealth-goal","THO"
http://hl7.org/fhir/ValueSet/goal-category,4.0.1,draft,"2.16.840.1.113883.4.642.3.275",GoalCategory,Goal category,"Example codes for grouping goals to use for filtering or presentation.","StructureDefinition/ehealth-goal,StructureDefinition/ehealth-plandefinition","THO"
http://hl7.org/fhir/ValueSet/goal-priority,4.0.1,draft,"2.16.840.1.113883.4.642.3.273",GoalPriority,Goal priority,"Indicates the level of importance associated with reaching or sustaining a goal.","StructureDefinition/ehealth-goal,StructureDefinition/ehealth-plandefinition","THO"
http://hl7.org/fhir/ValueSet/goal-start-event,4.0.1,draft,"2.16.840.1.113883.4.642.3.279",GoalStartEvent,Goal start event,"Identifies types of events that might trigger the start of a goal.","StructureDefinition/ehealth-goal,StructureDefinition/ehealth-plandefinition","SCT"
http://hl7.org/fhir/ValueSet/goal-status,4.0.1,draft,"2.16.840.1.113883.4.642.3.271",GoalLifecycleStatus,GoalLifecycleStatus,"Codes that reflect the current state of a goal and whether the goal is still being targeted.","StructureDefinition/ehealth-goal","hl7.fhir.r4.core"
http://hl7.org/fhir/ValueSet/guidance-response-status,4.0.1,draft,"2.16.840.1.113883.4.642.3.817",GuidanceResponseStatus,GuidanceResponseStatus,"The status of a guidance response.","StructureDefinition/ehealth-guidanceresponse","hl7.fhir.r4.core"
http://hl7.org/fhir/ValueSet/identifier-type,4.0.1,active,"2.16.840.1.113883.4.642.3.45",Identifier Type Codes,IdentifierType,"A coded type for an identifier that can be used to determine which identifier to use for a specific purpose.","StructureDefinition/ehealth-predecessor,StructureDefinition/ehealth-base-environment,StructureDefinition/ehealth-videoappointment,StructureDefinition/ehealth-base,StructureDefinition/ehealth-task","THO (V2)"
http://hl7.org/fhir/ValueSet/identifier-use,4.0.1,active,"2.16.840.1.113883.4.642.3.57",IdentifierUse,IdentifierUse,"Identifies the purpose for this identifier, if known .","StructureDefinition/ehealth-predecessor,StructureDefinition/ehealth-base-environment,StructureDefinition/ehealth-videoappointment,StructureDefinition/ehealth-base,StructureDefinition/ehealth-task","hl7.fhir.r4.core"
http://hl7.org/fhir/ValueSet/item-type,4.0.1,draft,"2.16.840.1.113883.4.642.3.444",QuestionnaireItemType,QuestionnaireItemType,"Distinguishes groups from questions and display text and indicates data type for questions.","StructureDefinition/ehealth-questionnaire-advanced,StructureDefinition/ehealth-questionnaire","hl7.fhir.r4.core"
http://hl7.org/fhir/ValueSet/jurisdiction,4.0.1,active,"2.16.840.1.113883.4.642.3.48",Jurisdiction ValueSet,Jurisdiction,"This value set defines a base set of codes for country, country subdivision and region    for indicating where a resource is intended to be used.             Note: The codes for countries and country subdivisions are taken from    [ISO 3166](https://www.iso.org/iso-3166-country-codes.html)    while the codes for ""supra-national"" regions are from    [UN Standard country or area codes for statistical use (M49)](http://unstats.un.org/unsd/methods/m49/m49.htm).","StructureDefinition/ehealth-definedquestion","hl7.terminology.r4,Other"
http://hl7.org/fhir/ValueSet/languages,4.0.1,draft,"2.16.840.1.113883.4.642.3.20",CommonLanguages,Common Languages,"This value set includes common codes from BCP-47 (http://tools.ietf.org/html/bcp47)","StructureDefinition/ehealth-group-videoappointment,StructureDefinition/ehealth-actionguidance,StructureDefinition/ehealth-patient,StructureDefinition/ehealth-group-appointment,StructureDefinition/ehealth-servicerequest,StructureDefinition/ehealth-questionnaire,StructureDefinition/ehealth-episodeofcare,StructureDefinition/ehealth-activitydefinition,StructureDefinition/ehealth-plandefinition,StructureDefinition/ehealth-observation-wound-dimensions,StructureDefinition/ehealth-deviceusestatement,StructureDefinition/ehealth-clinicalimpression,StructureDefinition/ehealth-skrs-patient,StructureDefinition/ehealth-careteam,StructureDefinition/ehealth-consent,StructureDefinition/ehealth-careplan,StructureDefinition/ehealth-transformation-documentreference,StructureDefinition/ehealth-practitioner,StructureDefinition/ehealth-view,StructureDefinition/ehealth-documentreference,StructureDefinition/ehealth-questionnaire-advanced,StructureDefinition/ehealth-relatedperson,StructureDefinition/ehealth-questionnaireresponse,StructureDefinition/ehealth-device,StructureDefinition/ehealth-media,StructureDefinition/ehealth-practitionerrole,StructureDefinition/ehealth-communication,StructureDefinition/ehealth-library,StructureDefinition/ehealth-definedquestion,StructureDefinition/ehealth-appointment,StructureDefinition/ehealth-goal,StructureDefinition/ehealth-videoappointment,StructureDefinition/ehealth-devicemetric,StructureDefinition/ehealth-composition,StructureDefinition/ehealth-observation,StructureDefinition/ehealth-auditevent,StructureDefinition/ehealth-condition,StructureDefinition/ehealth-communication-request,StructureDefinition/ehealth-guidanceresponse,StructureDefinition/ehealth-message,StructureDefinition/ehealth-task,StructureDefinition/ehealth-organization,StructureDefinition/ehealth-provenance","Internal"
http://hl7.org/fhir/ValueSet/link-type,4.0.1,active,"2.16.840.1.113883.4.642.3.423",LinkType,LinkType,"The type of link between this patient resource and another patient resource.","StructureDefinition/ehealth-patient,StructureDefinition/ehealth-skrs-patient","hl7.fhir.r4.core"
http://hl7.org/fhir/ValueSet/list-empty-reason,4.0.1,draft,"2.16.840.1.113883.4.642.3.322",ListEmptyReasons,List Empty Reasons,"General reasons for a list to be empty. Reasons are either related to a summary list (i.e. problem or medication list) or to a workflow related list (i.e. consultation list).","StructureDefinition/ehealth-composition","THO"
http://hl7.org/fhir/ValueSet/list-mode,4.0.1,draft,"2.16.840.1.113883.4.642.3.318",ListMode,ListMode,"The processing mode that applies to this list.","StructureDefinition/ehealth-composition","hl7.fhir.r4.core"
http://hl7.org/fhir/ValueSet/list-order,4.0.1,draft,"2.16.840.1.113883.4.642.3.324",ListOrderCodes,List Order Codes,"Base values for the order of the items in a list resource.","StructureDefinition/ehealth-composition","THO"
http://hl7.org/fhir/ValueSet/manifestation-or-symptom,4.0.1,draft,"2.16.840.1.113883.4.642.3.169",ManifestationAndSymptomCodes,Manifestation and Symptom Codes,"Example value set for Manifestation and Symptom codes.","StructureDefinition/ehealth-condition","SCT"
http://hl7.org/fhir/ValueSet/marital-status,4.0.1,active,"2.16.840.1.113883.4.642.3.29",Marital Status Codes,MaritalStatus,"This value set defines the set of codes that can be used to indicate the marital status of a person.","StructureDefinition/ehealth-skrs-patient","THO (V3)"
http://hl7.org/fhir/ValueSet/media-modality,4.0.1,draft,"2.16.840.1.113883.4.642.3.1001",MediaModality,Media Modality,"Detailed information about the type of the image - its kind, purpose, or the kind of equipment used to generate it.","ValueSet/ehealth-media-modality","THO"
http://hl7.org/fhir/ValueSet/media-type,4.0.1,draft,"2.16.840.1.113883.4.642.3.1000",MediaType,Media Type,"Codes for high level media categories.","StructureDefinition/ehealth-media","THO"
http://hl7.org/fhir/ValueSet/media-view,4.0.1,draft,"2.16.840.1.113883.4.642.3.337",MediaCollectionView/Projection,Media Collection View/Projection,"Codes defined in SNOMED CT that can be used to record Media Recording views.","ValueSet/ehealth-media-view","SCT"
http://hl7.org/fhir/ValueSet/medication-as-needed-reason,4.0.1,draft,"2.16.840.1.113883.4.642.3.96",SNOMEDCTMedicationAsNeededReasonCodes,SNOMED CT Medication As Needed Reason Codes,"This value set includes all clinical findings from SNOMED CT - provided as an exemplar value set.","StructureDefinition/ehealth-servicerequest","SCT"
http://hl7.org/fhir/ValueSet/medication-codes,4.0.1,draft,"2.16.840.1.113883.4.642.3.375",SNOMEDCTMedicationCodes,SNOMED CT Medication Codes,"This value set includes all drug or medicament substance codes and all pharmaceutical/biologic products from SNOMED CT - provided as an exemplar value set.","StructureDefinition/ehealth-careplan,StructureDefinition/ehealth-activitydefinition","SCT"
http://hl7.org/fhir/ValueSet/metric-calibration-state,4.0.1,draft,"2.16.840.1.113883.4.642.3.652",DeviceMetricCalibrationState,DeviceMetricCalibrationState,"Describes the state of a metric calibration.","StructureDefinition/ehealth-devicemetric","hl7.fhir.r4.core"
http://hl7.org/fhir/ValueSet/metric-calibration-type,4.0.1,draft,"2.16.840.1.113883.4.642.3.650",DeviceMetricCalibrationType,DeviceMetricCalibrationType,"Describes the type of a metric calibration.","StructureDefinition/ehealth-devicemetric","hl7.fhir.r4.core"
http://hl7.org/fhir/ValueSet/metric-category,4.0.1,draft,"2.16.840.1.113883.4.642.3.648",DeviceMetricCategory,DeviceMetricCategory,"Describes the category of the metric.","StructureDefinition/ehealth-devicemetric","hl7.fhir.r4.core"
http://hl7.org/fhir/ValueSet/metric-color,4.0.1,draft,"2.16.840.1.113883.4.642.3.654",DeviceMetricColor,DeviceMetricColor,"Describes the typical color of representation.","StructureDefinition/ehealth-devicemetric","hl7.fhir.r4.core"
http://hl7.org/fhir/ValueSet/metric-operational-status,4.0.1,draft,"2.16.840.1.113883.4.642.3.646",DeviceMetricOperationalStatus,DeviceMetricOperationalStatus,"Describes the operational status of the DeviceMetric.","StructureDefinition/ehealth-devicemetric","hl7.fhir.r4.core"
http://hl7.org/fhir/ValueSet/name-use,4.0.1,active,"2.16.840.1.113883.4.642.3.65",NameUse,NameUse,"The use of a human name.","StructureDefinition/ehealth-patient","hl7.fhir.r4.core"
http://hl7.org/fhir/ValueSet/network-type,4.0.1,draft,"2.16.840.1.113883.4.642.3.456",AuditEventAgentNetworkType,AuditEventAgentNetworkType,"The type of network access point of this agent in the audit event.","StructureDefinition/ehealth-auditevent","hl7.fhir.r4.core"
http://hl7.org/fhir/ValueSet/object-lifecycle-events,5.2.0,active,"2.16.840.1.113883.4.642.3.3009",ObjectLifecycleEvents,ObjectLifecycleEvents,"This FHIR value set is comprised of lifecycle event codes. The FHIR Actor value set is based on    DICOM Audit Message, ParticipantObjectDataLifeCycle;   ISO Standard, TS 21089-2017;  ","StructureDefinition/ehealth-auditevent","THO"
http://hl7.org/fhir/ValueSet/object-role,4.0.1,draft,"2.16.840.1.113883.4.642.3.460",AuditEventEntityRole,AuditEventEntityRole,"Code representing the role the entity played in the audit event.","StructureDefinition/ehealth-auditevent","THO"
http://hl7.org/fhir/ValueSet/observation-category,4.0.1,draft,"2.16.840.1.113883.4.642.3.403",ObservationCategoryCodes,Observation Category Codes,"Observation Category codes.","StructureDefinition/ehealth-observation-wound-dimensions,StructureDefinition/ehealth-observation","THO"
http://hl7.org/fhir/ValueSet/observation-codes,4.0.1,draft,"2.16.840.1.113883.4.642.3.396",LOINCCodes,LOINC Codes,"This value set includes all LOINC codes","StructureDefinition/ehealth-plandefinition","LOINC"
http://hl7.org/fhir/ValueSet/observation-interpretation,4.0.1,active,"2.16.840.1.113883.4.642.3.399",ObservationInterpretationCodes,Observation Interpretation Codes,"A categorical assessment, providing a rough qualitative interpretation of the observation value,    such as “normal”/ “abnormal”,”low” / “high”, “better” / “worse”, “susceptible” / “resistant”, “expected”/ “not expected”.    The value set is intended to be for ANY use where coded representation of an interpretation is needed.             Notes:          This is being communicated in v2.x in OBX-8 (Observation Interpretation), in v3 in ObservationInterpretation (CWE) in R1 (Representative Realm) and in FHIR in    Observation.interpretation. Historically these values come from the laboratory domain, and these codes are extensively    used. The value set binding is extensible, so codes outside the value set that are needed for interpretation concepts    (i.e. particular meanings) that are not included in the value set can be used, and these new codes may also be added to    the value set and published in a future version.","StructureDefinition/ehealth-observation-wound-dimensions,StructureDefinition/ehealth-observation","THO (V3)"
http://hl7.org/fhir/ValueSet/observation-methods,4.0.1,draft,"2.16.840.1.113883.4.642.3.395",ObservationMethods,Observation Methods,"Observation Method codes from [SNOMED CT](http://snomed.info/sct) where concept is-a 272394005 (Technique (qualifier value)) or is-a 129264002 (Action (qualifier value)) or is-a 386053000 (Evaluation procedure(procedure))","StructureDefinition/ehealth-observation-wound-dimensions,StructureDefinition/ehealth-observation","SCT"
http://hl7.org/fhir/ValueSet/observation-status,4.0.1,active,"2.16.840.1.113883.4.642.3.400",ObservationStatus,ObservationStatus,"Codes providing the status of an observation.","StructureDefinition/ehealth-observation-wound-dimensions,StructureDefinition/ehealth-observation","hl7.fhir.r4.core"
http://hl7.org/fhir/ValueSet/participant-role,4.0.1,draft,"2.16.840.1.113883.4.642.3.152",ParticipantRoles,Participant Roles,"Roles of participants that may be included in a care team.  Defined as: Is a Person, Healthcare professional (occupation) or Healthcare related organization (qualifier value).","StructureDefinition/ehealth-servicerequest","SCT"
http://hl7.org/fhir/ValueSet/participantrequired,4.0.1,draft,"2.16.840.1.113883.4.642.3.488",ParticipantRequired,ParticipantRequired,"Is the Participant required to attend the appointment.","StructureDefinition/ehealth-group-videoappointment,StructureDefinition/ehealth-appointment,StructureDefinition/ehealth-videoappointment,StructureDefinition/ehealth-group-appointment","hl7.fhir.r4.core"
http://hl7.org/fhir/ValueSet/participation-role-type,4.0.1,draft,"2.16.840.1.113883.4.642.3.54",ParticipationRoleType,ParticipationRoleType,"This FHIR value set is comprised of Actor participation Type codes, which can be used to value FHIR agents, actors, and other role         elements. The FHIR Actor participation type value set is based on    DICOM Audit Message, C402;   ASTM Standard, E1762-95 [2013]; selected codes and          derived actor roles from HL7 RoleClass OID 2.16.840.1.113883.5.110;    HL7 Role Code 2.16.840.1.113883.5.111, including AgentRoleType;          HL7 ParticipationType OID: 2.16.840.1.113883.5.90; and    HL7 ParticipationFunction codes OID: 2.16.840.1.113883.5.88.           This value set includes, by reference, role codes from external code systems: NUCC Health Care Provider Taxonomy OID: 2.16.840.1.113883.6.101;          North American Industry Classification System [NAICS]OID: 2.16.840.1.113883.6.85; IndustryClassificationSystem 2.16.840.1.113883.1.11.16039;          and US Census Occupation Code OID: 2.16.840.1.113883.6.243 for relevant recipient or custodian codes not included in this value set.            If no source is indicated in the definition comments, then these are example FHIR codes.","StructureDefinition/ehealth-auditevent","THO (V3),THO,DICOM"
http://hl7.org/fhir/ValueSet/participationstatus,4.0.1,draft,"2.16.840.1.113883.4.642.3.486",ParticipationStatus,ParticipationStatus,"The Participation status of an appointment.","StructureDefinition/ehealth-group-videoappointment,StructureDefinition/ehealth-appointment,StructureDefinition/ehealth-videoappointment,StructureDefinition/ehealth-group-appointment","hl7.fhir.r4.core"
http://hl7.org/fhir/ValueSet/patient-contactrelationship,4.0.1,active,"2.16.840.1.113883.4.642.3.1130",PatientContactRelationship,Patient Contact Relationship ,"The nature of the relationship between the patient and the contact person.","StructureDefinition/ehealth-patient,StructureDefinition/ehealth-skrs-patient","THO (V2)"
http://hl7.org/fhir/ValueSet/performer-role,4.0.1,draft,"2.16.840.1.113883.4.642.3.433",ProcedurePerformerRoleCodes,Procedure Performer Role Codes,"This example value set defines the set of codes that can be used to indicate a role of a procedure performer.","StructureDefinition/ehealth-task","SCT"
http://hl7.org/fhir/ValueSet/plan-definition-type,4.0.1,draft,"2.16.840.1.113883.4.642.3.797",PlanDefinitionType,PlanDefinitionType,"The type of PlanDefinition.","StructureDefinition/ehealth-plandefinition","THO"
http://hl7.org/fhir/ValueSet/procedure-code,4.0.1,draft,"2.16.840.1.113883.4.642.3.427",ProcedureCodes(SNOMEDCT),Procedure Codes (SNOMED CT),"Procedure Code: All SNOMED CT procedure codes.","StructureDefinition/ehealth-careplan","SCT"
http://hl7.org/fhir/ValueSet/procedure-reason,4.0.1,draft,"2.16.840.1.113883.4.642.3.432",ProcedureReasonCodes,Procedure Reason Codes,"This example value set defines the set of codes that can be used to indicate a reason for a procedure.","StructureDefinition/ehealth-media,StructureDefinition/ehealth-servicerequest","SCT"
http://hl7.org/fhir/ValueSet/provenance-activity-type,4.0.1,draft,"2.16.840.1.113883.4.642.3.438",ProvenanceActivityType,Provenance activity type,"This value set contains representative Activity Type codes, which includes codes from the HL7 DocumentCompletion, ActStatus, and DataOperations code system, W3C PROV-DM and PROV-N concepts and display names, several HL7 Lifecycle Event codes for which there are agreed upon definitions, and non-duplicated codes from the HL7 Security and Privacy Ontology Operations codes.","StructureDefinition/ehealth-provenance","THO (V3)"
http://hl7.org/fhir/ValueSet/provenance-agent-type,4.0.1,draft,"2.16.840.1.113883.4.642.3.1003",ProvenanceParticipantType,Provenance participant type,"The type of participation a provenance participant.","StructureDefinition/ehealth-provenance","THO"
http://hl7.org/fhir/ValueSet/provenance-entity-role,4.0.1,draft,"2.16.840.1.113883.4.642.3.436",ProvenanceEntityRole,ProvenanceEntityRole,"How an entity was used in an activity.","StructureDefinition/ehealth-provenance","hl7.fhir.r4.core"
http://hl7.org/fhir/ValueSet/publication-status,4.0.1,active,"2.16.840.1.113883.4.642.3.3",PublicationStatus,PublicationStatus,"The lifecycle status of an artifact.","StructureDefinition/ehealth-definedquestion,StructureDefinition/ehealth-questionnaire-advanced,StructureDefinition/ehealth-status,StructureDefinition/ehealth-questionnaire,StructureDefinition/ehealth-activitydefinition,StructureDefinition/ehealth-library,StructureDefinition/ehealth-plandefinition","hl7.fhir.r4.core"
http://hl7.org/fhir/ValueSet/questionnaire-answers,4.0.1,draft,"2.16.840.1.113883.4.642.3.446",QuestionnaireAnswerCodes,Questionnaire Answer Codes,"Example list of codes for answers to questions. (Not complete or necessarily appropriate.)","StructureDefinition/ehealth-questionnaire-advanced,StructureDefinition/ehealth-questionnaireresponse,StructureDefinition/ehealth-questionnaire","SCT"
http://hl7.org/fhir/ValueSet/questionnaire-answers-status,4.0.1,draft,"required",QuestionnaireResponseStatus,QuestionnaireResponseStatus,"Lifecycle status of the questionnaire response.","StructureDefinition/ehealth-questionnaireresponse","hl7.fhir.r4.core"
http://hl7.org/fhir/ValueSet/questionnaire-enable-behavior,4.0.1,draft,"2.16.840.1.113883.4.642.3.1007",EnableWhenBehavior,EnableWhenBehavior,"Controls how multiple enableWhen values are interpreted -  whether all or any must be true.","StructureDefinition/ehealth-questionnaire-advanced,StructureDefinition/ehealth-questionnaire","hl7.fhir.r4.core"
http://hl7.org/fhir/ValueSet/questionnaire-enable-operator,4.0.1,draft,"2.16.840.1.113883.4.642.3.1005",QuestionnaireItemOperator,QuestionnaireItemOperator,"The criteria by which a question is enabled.","StructureDefinition/ehealth-questionnaire-advanced,StructureDefinition/ehealth-answer-Condition,StructureDefinition/ehealth-questionnaire","hl7.fhir.r4.core"
http://hl7.org/fhir/ValueSet/questionnaire-questions,4.0.1,draft,"2.16.840.1.113883.4.642.3.443",QuestionnaireQuestionCodes,Questionnaire Question Codes,"Example list of codes for questions and groups of questions. (Not necessarily complete or appropriate.)","StructureDefinition/ehealth-questionnaire-advanced,StructureDefinition/ehealth-questionnaire","LOINC"
http://hl7.org/fhir/ValueSet/referencerange-appliesto,4.0.1,draft,"2.16.840.1.113883.4.642.3.407",ObservationReferenceRangeAppliesToCodes,Observation Reference Range Applies To Codes,"This value set defines a set of codes that can be used to indicate the particular target population the reference range applies to.","StructureDefinition/ehealth-observation-wound-dimensions,StructureDefinition/ehealth-observation","SCT"
http://hl7.org/fhir/ValueSet/relatedperson-relationshiptype,4.0.1,draft,"2.16.840.1.113883.4.642.3.449",PatientRelationshipType,Patient relationship type,"A set of codes that can be used to indicate the relationship between a Patient and a Related Person.","StructureDefinition/ehealth-relatedperson","THO (V3),THO (V2)"
http://hl7.org/fhir/ValueSet/request-intent,4.0.1,draft,"2.16.840.1.113883.4.642.3.113",RequestIntent,RequestIntent,"Codes indicating the degree of authority/intentionality associated with a request.","StructureDefinition/ehealth-servicerequest,StructureDefinition/ehealth-activitydefinition","hl7.fhir.r4.core"
http://hl7.org/fhir/ValueSet/request-priority,4.0.1,draft,"2.16.840.1.113883.4.642.3.115",RequestPriority,Request priority,"The clinical priority of a diagnostic order.","StructureDefinition/ehealth-servicerequest,StructureDefinition/ehealth-communication-request,StructureDefinition/ehealth-activitydefinition,StructureDefinition/ehealth-task,StructureDefinition/ehealth-message,StructureDefinition/ehealth-communication,StructureDefinition/ehealth-plandefinition","hl7.fhir.r4.core"
http://hl7.org/fhir/ValueSet/request-resource-types,4.0.1,draft,"2.16.840.1.113883.4.642.3.1058",RequestResourceType,RequestResourceType,"A list of all the request resource types defined in this version of the FHIR specification.","StructureDefinition/ehealth-activitydefinition","hl7.fhir.r4.core"
http://hl7.org/fhir/ValueSet/request-status,4.0.1,draft,"2.16.840.1.113883.4.642.3.111",RequestStatus,RequestStatus,"Codes identifying the lifecycle stage of a request.","StructureDefinition/ehealth-servicerequest-statusSchedule,StructureDefinition/ehealth-careplan-statusschedule,StructureDefinition/ehealth-servicerequest,StructureDefinition/ehealth-communication-request,StructureDefinition/ehealth-careplan","hl7.fhir.r4.core"
http://hl7.org/fhir/ValueSet/resource-types,4.0.1,active,"2.16.840.1.113883.4.642.3.27",ResourceType,ResourceType,"One of the resource types defined as part of this version of FHIR.","StructureDefinition/ehealth-patient,StructureDefinition/ehealth-questionnaire-advanced,StructureDefinition/ehealth-media,StructureDefinition/ehealth-questionnaire","hl7.fhir.r4.core"
http://hl7.org/fhir/ValueSet/security-labels,4.0.1,active,"2.16.840.1.113883.4.642.3.47",All Security Labels,SecurityLabels,"A single value set for all security labels defined by FHIR.","StructureDefinition/ehealth-documentreference,ValueSet/ehealth-audit-restriction-levels,StructureDefinition/ehealth-consent,StructureDefinition/ehealth-transformation-documentreference",
http://hl7.org/fhir/ValueSet/security-role-type,4.0.1,draft,"2.16.840.1.113883.4.642.3.978",SecurityRoleType,SecurityRoleType,"This example FHIR value set is comprised of example Actor Type codes, which can be used to value FHIR agents, actors, and other role         elements such as those specified in financial transactions. The FHIR Actor value set is based on    DICOM Audit Message, C402;   ASTM Standard, E1762-95 [2013]; selected codes and          derived actor roles from HL7 RoleClass OID 2.16.840.1.113883.5.110;    HL7 Role Code 2.16.840.1.113883.5.111, including AgentRoleType;          HL7 ParticipationType OID: 2.16.840.1.113883.5.90; and    HL7 ParticipationFunction codes OID: 2.16.840.1.113883.5.88.           This value set includes, by reference, role codes from external code systems: NUCC Health Care Provider Taxonomy OID: 2.16.840.1.113883.6.101;          North American Industry Classification System [NAICS]OID: 2.16.840.1.113883.6.85; IndustryClassificationSystem 2.16.840.1.113883.1.11.16039;          and US Census Occupation Code OID: 2.16.840.1.113883.6.243 for relevant recipient or custodian codes not included in this value set.            If no source is indicated in the definition comments, then these are example FHIR codes.          It can be extended with appropriate roles described by SNOMED as well as those described in the HL7 Role Based Access Control Catalog and the          HL7 Healthcare (Security and Privacy) Access Control Catalog.            In Role-Based Access Control (RBAC), permissions are operations on an object that a user wishes to access. Permissions are grouped into roles.          A role characterizes the functions a user is allowed to perform. Roles are assigned to users. If the user's role has the appropriate permissions          to access an object, then that user is granted access to the object. FHIR readily enables RBAC, as FHIR Resources are object types and the CRUDE          events (the FHIR equivalent to permissions in the RBAC scheme) are operations on those objects.          In Attribute-Based Access Control (ABAC), a user requests to perform operations on objects. That user's access request is granted or denied          based on a set of access control policies that are specified in terms of attributes and conditions. FHIR readily enables ABAC, as instances of          a Resource in FHIR (again, Resources are object types) can have attributes associated with them. These attributes include security tags,          environment conditions, and a host of user and object characteristics, which are the same attributes as those used in ABAC. Attributes help          define the access control policies that determine the operations a user may perform on a Resource (in FHIR) or object (in ABAC). For example,          a tag (or attribute) may specify that the identified Resource (object) is not to be further disclosed without explicit consent from the patient.","StructureDefinition/ehealth-auditevent,StructureDefinition/ehealth-consent,StructureDefinition/ehealth-provenance","THO (V3),THO,DICOM"
http://hl7.org/fhir/ValueSet/service-category,4.0.1,draft,"2.16.840.1.113883.4.642.3.516",ServiceCategory,Service category,"This value set defines an example set of codes that can be used to classify groupings of service-types/specialties.","StructureDefinition/ehealth-group-videoappointment,StructureDefinition/ehealth-appointment,StructureDefinition/ehealth-videoappointment,StructureDefinition/ehealth-group-appointment","THO"
http://hl7.org/fhir/ValueSet/service-type,4.0.1,draft,"2.16.840.1.113883.4.642.3.518",ServiceType,Service type,"This value set defines an example set of codes of service-types.","StructureDefinition/ehealth-group-videoappointment,StructureDefinition/ehealth-appointment,StructureDefinition/ehealth-videoappointment,StructureDefinition/ehealth-group-appointment","THO"
http://hl7.org/fhir/ValueSet/servicerequest-category,4.0.1,draft,"2.16.840.1.113883.4.642.3.434",ServiceRequestCategoryCodes,Service Request Category Codes,"An example value set of SNOMED CT concepts that can classify a requested service","StructureDefinition/ehealth-servicerequest","SCT"
http://hl7.org/fhir/ValueSet/servicerequest-orderdetail,4.0.1,draft,"2.16.840.1.113883.4.642.3.435",ServiceRequestOrderDetailsCodes,Service Request Order Details Codes,"An example value set of Codified order entry details concepts.  These concepts only make sense in the context of what is being ordered.  This example is for a patient ventilation order","StructureDefinition/ehealth-servicerequest","SCT"
http://hl7.org/fhir/ValueSet/structure-definition-kind,4.0.1,active,"2.16.840.1.113883.4.642.3.668",StructureDefinitionKind,StructureDefinitionKind,"Defines the type of structure that a definition is describing.","StructureDefinition/ehealth-definedquestion","hl7.fhir.r4.core"
http://hl7.org/fhir/ValueSet/subject-type,4.0.1,draft,"2.16.840.1.113883.4.642.3.775",SubjectType,Subject type,"Possible types of subjects.","StructureDefinition/ehealth-activitydefinition,StructureDefinition/ehealth-library,StructureDefinition/ehealth-plandefinition","hl7.fhir.r4.core"
http://hl7.org/fhir/ValueSet/task-code,4.0.1,active,"2.16.840.1.113883.4.642.3.1396",TaskCode,Task Codes,"Codes indicating the type of action that is expected to be performed","StructureDefinition/ehealth-task","hl7.fhir.r4.core"
http://hl7.org/fhir/ValueSet/task-intent,4.0.1,draft,"2.16.840.1.113883.4.642.3.1240",TaskIntent,TaskIntent,"Distinguishes whether the task is a proposal, plan or full order.","StructureDefinition/ehealth-task","hl7.fhir.r4.core"
http://hl7.org/fhir/ValueSet/task-status,4.0.1,draft,"2.16.840.1.113883.4.642.3.790",TaskStatus,TaskStatus,"The current status of the task.","StructureDefinition/ehealth-task","hl7.fhir.r4.core"
http://hl7.org/fhir/ValueSet/type-derivation-rule,4.0.1,active,"2.16.840.1.113883.4.642.3.673",TypeDerivationRule,TypeDerivationRule,"How a type relates to its baseDefinition.","StructureDefinition/ehealth-definedquestion","hl7.fhir.r4.core"
http://hl7.org/fhir/ValueSet/ucum-common,4.0.1,draft,,Common UCUM units,,"Commonly encountered UCUM units (for purposes of helping populate look ups.","ValueSet/ehealth-unit","UCUM"
http://hl7.org/fhir/ValueSet/udi-entry-type,4.0.1,draft,"2.16.840.1.113883.4.642.3.211",UDIEntryType,UDIEntryType,"Codes to identify how UDI data was entered.","StructureDefinition/ehealth-device","hl7.fhir.r4.core"
http://hl7.org/fhir/ValueSet/use-context,4.0.1,draft,"2.16.840.1.113883.4.642.3.28",Context of Use ValueSet,ConformanceUseContext,"This value set defines a base set of codes that can be used to indicate that the content in a resource was developed with a focus and intent of supporting use within particular contexts.","StructureDefinition/ehealth-library","SCT,hl7.terminology.r4,Other"
http://kl.dk/fhir/common/caresocial/ValueSet/KLConditionCodesNursing,4.0.0,active,,KLConditionCodesNursing,KLTilstandeKoderSygepleje,"Danish municipality nursing condition codes","ValueSet/ehealth-condition-conditions","Internal"
http://medcom.dk/terminologi/phmr-observation-vs,4.0.0,active,,MedComPHMRObservationValueSet,MedCom PHMR Observation ValueSet,"Value set used for Danish (DK) HL7 CDA profile PHMR-DK observation codes.",,"Internal"
http://sundhedsdatastyrelsen.dk/terminologi/dk-ihe-classcode-vs,4.0.0,active,,DK_IHE_ClassCode_VS,DK_IHE_ClassCode_VS,"Value set for the classCode attribute.","ValueSet/ehealth-document-class","Internal"
http://sundhedsdatastyrelsen.dk/terminologi/dk-ihe-eventcodelists-vs,4.0.0,active,,DK_IHE_EventCodeLists_VS,DK_IHE_EventCodeLists_VS,"Event codes used in DK IHE Document sharing. The codes shall be NPU or procedure codes used in the Danish health care systems.","ValueSet/ehealth-event-type-codes","Internal"
http://sundhedsdatastyrelsen.dk/terminologi/dk-ihe-formatcode-vs,4.0.0,active,,DK_IHE_FormatCode_VS,DK_IHE_FormatCode_VS,"Value set for document format code used in national Document sharing.","ValueSet/ehealth-format-codes","Internal"
http://sundhedsdatastyrelsen.dk/terminologi/dk-ihe-healthcarefacilitytypecode-vs,4.0.0,active,,DK_IHE_HealthcareFacilityTypeCode_VS,DK_IHE_HealthcareFacilityTypeCode_VS,"Allowed value set for healthcare facility type code represents the type of organizational setting of the clinical encounter during which the documented act occurred.",,"SCT"
http://sundhedsdatastyrelsen.dk/terminologi/dk-ihe-practicesettingcode-vs,4.0.0,active,,DK_IHE_practiceSettingCode_VS,DK_IHE_practiceSettingCode_VS,"Values used for the document metadata attribute practiceSettingCode, which is an attribute specifying the clinical specialty where the act that resulted in the document was performed (e.g., Family Practice, Laboratory, Radiology). The value set is based on a subset of the code list from the SOR lookup table 'SOR-Enhedstyper' (http://sor.sundhedsstyrelsen.dsdn.dk/lookupdata/#EntityTypes, accessable on Sundhedsdatanettet (SDN)), which is based on SNOMED codes.",,"SCT"
http://sundhedsdatastyrelsen.dk/terminologi/dk-ihe-typecode-vs,4.0.0,active,,DK_IHE_TypeCode_VS,DK_IHE_TypeCode_VS,"Value set for the typeCode attribute. The typeCode specifies the precise type of document from the user perspective. The granularity of typeCode is finer grained than its superior classCode.","ValueSet/ehealth-document-type","Internal,LOINC"
http://terminology.hl7.org/ValueSet/v2-0136,2.0.0,active,"2.16.840.1.113883.21.72",Hl7VSYesNoIndicator,hl7VS-yes-no-Indicator,"Codes specifying either Yes or No used in fields containing binary answers generally user-specified.","ConceptMap/activitydefinition-code-to-do-missing-measurement,ConceptMap/activitydefinition-code-to-do-reminder,ConceptMap/activitydefinition-code-to-perform-sharing","THO (V2)"
http://terminology.hl7.org/ValueSet/v2-2.7-0360,0360,active,,v2.0360.2.7,v2 table 0360, Version 2.7,"FHIR Value set/code system definition for HL7 v2 table 0360 ver 2.9 ( Degree/License/Certificate)","StructureDefinition/ehealth-practitioner","THO (V2)"
http://terminology.hl7.org/ValueSet/v3-ActReason,3.0.0,active,,ActReason,v3 Code System ActReason," A set of codes specifying the motivation, cause, or rationale of an Act, when such rationale is not reasonably represented as an ActRelationship of type ""has reason"" linking to another Act.  Examples:  Example reasons that might qualify for being coded in this field might be: ""routine requirement"", ""infectious disease reporting requirement"", ""on patient request"", ""required by law"".","StructureDefinition/ehealth-communication-request","THO (V3)"
http://terminology.hl7.org/ValueSet/v3-ConfidentialityClassification,2014-03-26,active,"2.16.840.1.113883.1.11.10228",v3.ConfidentialityClassification,V3 Value SetConfidentialityClassification," Set of codes used to value Act.Confidentiality and Role.Confidentiality attribute in accordance with the definition for concept domain ""Confidentiality"".","StructureDefinition/ehealth-composition","THO (V3)"
http://terminology.hl7.org/ValueSet/v3-ParticipationMode,3.0.0,active,"2.16.840.1.113883.1.11.16543",ParticipationMode,ParticipationMode,"Identifies the primary means by which an Entity participates in an Act.","StructureDefinition/ehealth-message,StructureDefinition/ehealth-communication","THO (V3)"
http://terminology.hl7.org/ValueSet/v3-PurposeOfUse,3.1.0,active,"2.16.840.1.113883.1.11.20448",PurposeOfUse,PurposeOfUse,"Supports communication of purpose of use at a general level.","StructureDefinition/ehealth-auditevent,StructureDefinition/ehealth-consent,StructureDefinition/ehealth-provenance","THO (V3)"
http://terminology.hl7.org/ValueSet/v3-ServiceDeliveryLocationRoleType,3.0.0,active,"2.16.840.1.113883.1.11.17660",ServiceDeliveryLocationRoleType,ServiceDeliveryLocationRoleType,"A role of a place that further classifies the setting (e.g., accident site, road side, work site, community location) in which services are delivered.","StructureDefinition/ehealth-servicerequest","THO (V3)"
