{"resourceType":"CapabilityStatement","id":"terminology","text":{"status":"extensions","div":"<div xmlns=\"http://www.w3.org/1999/xhtml\"><p class=\"res-header-id\"><b>Generated Narrative: CapabilityStatement terminology</b></p><a name=\"terminology\"> </a><a name=\"hcterminology\"> </a><h2 id=\"title\"/><ul><li>Implementation Guide Version: 6.0.2 </li><li>FHIR Version: 4.0.1 </li><li>Supported Formats: <code>application/fhir+xml</code>, <code>xml</code>, <code>application/fhir+json</code>, <code>json</code>, <code>application/x-turtle</code>, <code>ttl</code>, <code>html/json</code>, <code>html/xml</code>, <code>html/turtle</code></li><li>Published on: 2025-10-21 10:45:23+0000 </li><li>Published by: Den telemedicinske infrastruktur (eHealth Infrastructure) </li></ul><blockquote class=\"impl-note\"><p><strong>Note to Implementers: FHIR Capabilities</strong></p><p>Any FHIR capability may be 'allowed' by the system unless explicitly marked as 'SHALL NOT'. A few items are marked as MAY in the Implementation Guide to highlight their potential relevance to the use case.</p></blockquote><h2 id=\"rest\">FHIR RESTful Capabilities</h2><div class=\"panel panel-default\"><div class=\"panel-heading\"><h3 id=\"mode1\" class=\"panel-title\">Mode: <code>server</code></h3></div><div class=\"panel-body\"><div class=\"row\"><div class=\"col-12\"><span class=\"lead\">Summary of System-wide Operations</span><table class=\"table table-condensed table-hover\"><thead><tr><th>Conformance</th><th>Operation</th><th>Documentation</th></tr></thead><tbody><tr><td><b>SHALL</b></td><td>$import</td><td><div><p>Import terminology resources</p>\n</div></td></tr><tr><td><b>SHALL</b></td><td>$reindex-terminology</td><td><div/></td></tr><tr><td><b>SHALL</b></td><td>$meta</td><td><div/></td></tr><tr><td><b>SHALL</b></td><td>$get-resource-counts</td><td><div><p>Provides the number of resources currently stored on the server, broken down by resource type</p>\n</div></td></tr></tbody></table></div></div></div></div><h3 id=\"resourcesCap1\">Capabilities by Resource/Profile</h3><h4 id=\"resourcesSummary1\">Summary</h4><p>The summary table lists the resources that are part of this configuration, and for each resource it lists:</p><ul><li>The relevant profiles (if any)</li><li>The interactions supported by each resource (<b><span class=\"bg-info\">R</span></b>ead, <b><span class=\"bg-info\">S</span></b>earch, <b><span class=\"bg-info\">U</span></b>pdate, and <b><span class=\"bg-info\">C</span></b>reate, are always shown, while <b><span class=\"bg-info\">VR</span></b>ead, <b><span class=\"bg-info\">P</span></b>atch, <b><span class=\"bg-info\">D</span></b>elete, <b><span class=\"bg-info\">H</span></b>istory on <b><span class=\"bg-info\">I</span></b>nstance, or <b><span class=\"bg-info\">H</span></b>istory on <b><span class=\"bg-info\">T</span></b>ype are only present if at least one of the resources has support for them.</li><li><span>The required, recommended, and some optional search parameters (if any). </span></li><li>The linked resources enabled for <code>_include</code></li><li>The other resources enabled for <code>_revinclude</code></li><li>The operations on the resource (if any)</li></ul><div class=\"table-responsive\"><table class=\"table table-condensed table-hover\"><thead><tr><th><b>Resource Type</b></th><th><b>Profile</b></th><th class=\"text-center\"><b title=\"GET a resource (read interaction)\">R</b></th><th class=\"text-center\"><b title=\"GET past versions of resources (vread interaction)\">V-R</b></th><th class=\"text-center\"><b title=\"GET all set of resources of the type (search interaction)\">S</b></th><th class=\"text-center\"><b title=\"PUT a new resource version (update interaction)\">U</b></th><th class=\"text-center\"><b title=\"PATCH a new resource version (patch interaction)\">P</b></th><th class=\"text-center\"><b title=\"POST a new resource (create interaction)\">C</b></th><th class=\"text-center\"><b title=\"DELETE a resource (delete interaction)\">D</b></th><th class=\"text-center\"><b title=\"GET changes to a resource (history interaction on instance)\">H-I</b></th><th class=\"text-center\"><b title=\"GET changes for all resources of the type (history interaction on type)\">H-T</b></th><th><b title=\"Required and recommended search parameters\">Searches</b></th><th><code><b>_include</b></code></th><th><code><b>_revinclude</b></code></th><th><b>Operations</b></th></tr></thead><tbody><tr><td><a href=\"#CodeSystem1-1\">CodeSystem</a></td><td><a href=\"http://hl7.org/fhir/R4/codesystem.html\">http://hl7.org/fhir/StructureDefinition/CodeSystem</a></td><td class=\"text-center\">y</td><td class=\"text-center\">y</td><td class=\"text-center\">y</td><td class=\"text-center\">y</td><td class=\"text-center\">y</td><td class=\"text-center\">y</td><td class=\"text-center\">y</td><td class=\"text-center\">y</td><td class=\"text-center\">y</td><td>_content, _filter, _has, _id, _language, _lastUpdated, _list, _profile, _security, _source, _tag, _text, code, content-mode, context, context-quantity, context-type, context-type-quantity, context-type-value, date, description, identifier, jurisdiction, language, name, publisher, status, supplements, system, title, url, version</td><td><code>*</code>, <code>CodeSystem:supplements</code></td><td><code>CodeSystem:supplements</code>, <code>ConceptMap:other</code>, <code>ConceptMap:source</code>, <code>ConceptMap:source-uri</code>, <code>ConceptMap:target</code>, <code>ConceptMap:target-uri</code>, <code>Group:managing-entity</code>, <code>Group:member</code></td><td><code>$upload-external-code-system</code>, <code>$apply-codesystem-delta-remove</code>, <code>$apply-codesystem-delta-add</code>, <code>$validate</code>, <code>$meta-delete</code>, <code>$meta-add</code>, <code>$meta</code>, <code>$expunge</code>, <code>$validate-code</code>, <code>$subsumes</code>, <code>$lookup</code></td></tr><tr><td><a href=\"#ConceptMap1-2\">ConceptMap</a></td><td><a href=\"http://hl7.org/fhir/R4/conceptmap.html\">http://hl7.org/fhir/StructureDefinition/ConceptMap</a></td><td class=\"text-center\">y</td><td class=\"text-center\">y</td><td class=\"text-center\">y</td><td class=\"text-center\">y</td><td class=\"text-center\">y</td><td class=\"text-center\">y</td><td class=\"text-center\">y</td><td class=\"text-center\">y</td><td class=\"text-center\">y</td><td>_content, _filter, _has, _id, _language, _lastUpdated, _list, _profile, _security, _source, _tag, _text, context, context-quantity, context-type, context-type-quantity, context-type-value, date, dependson, description, identifier, jurisdiction, name, other, product, publisher, source, source-code, source-system, source-uri, status, target, target-code, target-system, target-uri, title, url, version</td><td><code>*</code>, <code>ConceptMap:other</code>, <code>ConceptMap:source</code>, <code>ConceptMap:source-uri</code>, <code>ConceptMap:target</code>, <code>ConceptMap:target-uri</code></td><td><code>CodeSystem:supplements</code>, <code>ConceptMap:other</code>, <code>ConceptMap:source</code>, <code>ConceptMap:source-uri</code>, <code>ConceptMap:target</code>, <code>ConceptMap:target-uri</code>, <code>Group:managing-entity</code>, <code>Group:member</code></td><td><code>$validate</code>, <code>$meta-delete</code>, <code>$meta-add</code>, <code>$meta</code>, <code>$expunge</code>, <code>$translate</code></td></tr><tr><td><a href=\"#Group1-3\">Group</a></td><td><a href=\"http://hl7.org/fhir/R4/group.html\">http://hl7.org/fhir/StructureDefinition/Group</a></td><td class=\"text-center\">y</td><td class=\"text-center\">y</td><td class=\"text-center\">y</td><td class=\"text-center\">y</td><td class=\"text-center\">y</td><td class=\"text-center\">y</td><td class=\"text-center\">y</td><td class=\"text-center\">y</td><td class=\"text-center\">y</td><td>_content, _filter, _has, _id, _language, _lastUpdated, _list, _profile, _security, _source, _tag, _text, actual, characteristic, characteristic-value, code, exclude, identifier, managing-entity, member, type, value</td><td><code>*</code>, <code>Group:managing-entity</code>, <code>Group:member</code></td><td><code>CodeSystem:supplements</code>, <code>ConceptMap:other</code>, <code>ConceptMap:source</code>, <code>ConceptMap:source-uri</code>, <code>ConceptMap:target</code>, <code>ConceptMap:target-uri</code>, <code>Group:managing-entity</code>, <code>Group:member</code></td><td><code>$validate</code>, <code>$meta-delete</code>, <code>$meta-add</code>, <code>$meta</code>, <code>$expunge</code></td></tr><tr><td><a href=\"#NamingSystem1-4\">NamingSystem</a></td><td><a href=\"http://hl7.org/fhir/R4/namingsystem.html\">http://hl7.org/fhir/StructureDefinition/NamingSystem</a></td><td class=\"text-center\">y</td><td class=\"text-center\">y</td><td class=\"text-center\">y</td><td class=\"text-center\">y</td><td class=\"text-center\">y</td><td class=\"text-center\">y</td><td class=\"text-center\">y</td><td class=\"text-center\">y</td><td class=\"text-center\">y</td><td>_content, _filter, _has, _id, _language, _lastUpdated, _list, _profile, _security, _source, _tag, _text, contact, context, context-quantity, context-type, context-type-quantity, context-type-value, date, description, id-type, jurisdiction, kind, name, period, publisher, responsible, status, telecom, type, value</td><td><code>*</code></td><td><code>CodeSystem:supplements</code>, <code>ConceptMap:other</code>, <code>ConceptMap:source</code>, <code>ConceptMap:source-uri</code>, <code>ConceptMap:target</code>, <code>ConceptMap:target-uri</code>, <code>Group:managing-entity</code>, <code>Group:member</code></td><td><code>$validate</code>, <code>$meta-delete</code>, <code>$meta-add</code>, <code>$meta</code>, <code>$expunge</code></td></tr><tr><td><a href=\"#OperationDefinition1-5\">OperationDefinition</a></td><td><a href=\"http://hl7.org/fhir/R4/operationdefinition.html\">http://hl7.org/fhir/StructureDefinition/OperationDefinition</a></td><td class=\"text-center\">y</td><td class=\"text-center\"/><td class=\"text-center\"/><td class=\"text-center\"/><td class=\"text-center\"/><td class=\"text-center\"/><td class=\"text-center\"/><td class=\"text-center\"/><td class=\"text-center\"/><td></td><td><code>*</code></td><td><code>CodeSystem:supplements</code>, <code>ConceptMap:other</code>, <code>ConceptMap:source</code>, <code>ConceptMap:source-uri</code>, <code>ConceptMap:target</code>, <code>ConceptMap:target-uri</code>, <code>Group:managing-entity</code>, <code>Group:member</code></td><td/></tr><tr><td><a href=\"#Practitioner1-6\">Practitioner</a></td><td><a href=\"http://hl7.org/fhir/R4/practitioner.html\">http://hl7.org/fhir/StructureDefinition/Practitioner</a></td><td class=\"text-center\">y</td><td class=\"text-center\">y</td><td class=\"text-center\">y</td><td class=\"text-center\">y</td><td class=\"text-center\">y</td><td class=\"text-center\">y</td><td class=\"text-center\">y</td><td class=\"text-center\">y</td><td class=\"text-center\">y</td><td>_content, _filter, _has, _id, _language, _lastUpdated, _list, _profile, _security, _source, _tag, _text, active, address, address-city, address-country, address-postalcode, address-state, address-use, communication, email, family, gender, given, identifier, name, phone, phonetic, telecom</td><td><code>*</code></td><td><code>CodeSystem:supplements</code>, <code>ConceptMap:other</code>, <code>ConceptMap:source</code>, <code>ConceptMap:source-uri</code>, <code>ConceptMap:target</code>, <code>ConceptMap:target-uri</code>, <code>Group:managing-entity</code>, <code>Group:member</code></td><td><code>$validate</code>, <code>$meta-delete</code>, <code>$meta-add</code>, <code>$meta</code>, <code>$expunge</code></td></tr><tr><td><a href=\"#StructureDefinition1-7\">StructureDefinition</a></td><td><a href=\"http://hl7.org/fhir/R4/structuredefinition.html\">http://hl7.org/fhir/StructureDefinition/StructureDefinition</a></td><td class=\"text-center\">y</td><td class=\"text-center\"/><td class=\"text-center\">y</td><td class=\"text-center\"/><td class=\"text-center\"/><td class=\"text-center\"/><td class=\"text-center\"/><td class=\"text-center\"/><td class=\"text-center\"/><td>type</td><td><code>*</code></td><td><code>CodeSystem:supplements</code>, <code>ConceptMap:other</code>, <code>ConceptMap:source</code>, <code>ConceptMap:source-uri</code>, <code>ConceptMap:target</code>, <code>ConceptMap:target-uri</code>, <code>Group:managing-entity</code>, <code>Group:member</code></td><td/></tr><tr><td><a href=\"#ValueSet1-8\">ValueSet</a></td><td><a href=\"http://hl7.org/fhir/R4/valueset.html\">http://hl7.org/fhir/StructureDefinition/ValueSet</a></td><td class=\"text-center\">y</td><td class=\"text-center\">y</td><td class=\"text-center\">y</td><td class=\"text-center\">y</td><td class=\"text-center\">y</td><td class=\"text-center\">y</td><td class=\"text-center\">y</td><td class=\"text-center\">y</td><td class=\"text-center\">y</td><td>_content, _filter, _has, _id, _language, _lastUpdated, _list, _profile, _security, _source, _tag, _text, code, context, context-quantity, context-type, context-type-quantity, context-type-value, date, description, expansion, identifier, jurisdiction, name, publisher, reference, status, title, url, version</td><td><code>*</code></td><td><code>CodeSystem:supplements</code>, <code>ConceptMap:other</code>, <code>ConceptMap:source</code>, <code>ConceptMap:source-uri</code>, <code>ConceptMap:target</code>, <code>ConceptMap:target-uri</code>, <code>Group:managing-entity</code>, <code>Group:member</code></td><td><code>$validate-code</code>, <code>$invalidate-expansion</code>, <code>$expand</code>, <code>$validate</code>, <code>$meta-delete</code>, <code>$meta-add</code>, <code>$meta</code>, <code>$expunge</code></td></tr></tbody></table></div><hr/><div class=\"panel panel-default\"><div class=\"panel-heading\"><h4 id=\"CodeSystem1-1\" class=\"panel-title\"><span style=\"float: right;\">Resource Conformance: supported </span>CodeSystem</h4></div><div class=\"panel-body\"><div class=\"container\"><div class=\"row\"><div class=\"col-lg-6\"><span class=\"lead\">Base System Profile</span><br/><a href=\"http://hl7.org/fhir/R4/codesystem.html\">CodeSystem</a></div><div class=\"col-lg-3\"><span class=\"lead\">Profile Conformance</span><br/><b>SHALL</b></div><div class=\"col-lg-3\"><span class=\"lead\">Reference Policy</span><br/></div></div><p/><div class=\"row\"><div class=\"col-lg-6\"><span class=\"lead\">Interaction summary</span><br/><ul><li>Supports <code>update</code>, <code>vread</code>, <code>read</code>, <code>patch</code>, <code>history-type</code>, <code>history-instance</code>, <code>delete</code>, <code>create</code>, <code>search-type</code>.</li></ul></div></div><p/><div class=\"row\"><div class=\"col-lg-7\"><span class=\"lead\">Search Parameters</span><table class=\"table table-condensed table-hover\"><thead><tr><th>Conformance</th><th>Parameter</th><th>Type</th><th>Documentation</th></tr></thead><tbody><tr><td><b>SHALL</b></td><td>_content</td><td><code>string</code></td><td><div><p>Search the contents of the resource's data using a fulltext search</p>\n</div></td></tr><tr><td><b>SHALL</b></td><td>_filter</td><td><code>string</code></td><td><div><p>Search the contents of the resource's data using a filter</p>\n</div></td></tr><tr><td><b>SHALL</b></td><td>_has</td><td><code>string</code></td><td><div><p>Return resources linked to by the given target</p>\n</div></td></tr><tr><td><b>SHALL</b></td><td>_id</td><td><code>token</code></td><td><div><p>The ID of the resource</p>\n</div></td></tr><tr><td><b>SHALL</b></td><td>_language</td><td><code>token</code></td><td><div><p>The language of the resource</p>\n</div></td></tr><tr><td><b>SHALL</b></td><td>_lastUpdated</td><td><code>date</code></td><td><div><p>Only return resources which were last updated as specified by the given range</p>\n</div></td></tr><tr><td><b>SHALL</b></td><td>_list</td><td><code>string</code></td><td><div><p>Search the contents of the resource's data using a list</p>\n</div></td></tr><tr><td><b>SHALL</b></td><td>_profile</td><td><code>uri</code></td><td><div><p>Search for resources which have the given profile</p>\n</div></td></tr><tr><td><b>SHALL</b></td><td>_security</td><td><code>token</code></td><td><div><p>Search for resources which have the given security labels</p>\n</div></td></tr><tr><td><b>SHALL</b></td><td>_source</td><td><code>uri</code></td><td><div><p>Search for resources which have the given source value (Resource.meta.source)</p>\n</div></td></tr><tr><td><b>SHALL</b></td><td>_tag</td><td><code>token</code></td><td><div><p>Search for resources which have the given tag</p>\n</div></td></tr><tr><td><b>SHALL</b></td><td>_text</td><td><code>string</code></td><td><div><p>Search the contents of the resource's narrative using a fulltext search</p>\n</div></td></tr><tr><td><b>SHALL</b></td><td>code</td><td><code>token</code></td><td><div><p>A code defined in the code system</p>\n</div></td></tr><tr><td><b>SHALL</b></td><td>content-mode</td><td><code>token</code></td><td><div><p>not-present | example | fragment | complete | supplement</p>\n</div></td></tr><tr><td><b>SHALL</b></td><td>context</td><td><code>token</code></td><td><div><p>A use context assigned to the code system</p>\n</div></td></tr><tr><td><b>SHALL</b></td><td>context-quantity</td><td><code>quantity</code></td><td><div><p>A quantity- or range-valued use context assigned to the code system</p>\n</div></td></tr><tr><td><b>SHALL</b></td><td>context-type</td><td><code>token</code></td><td><div><p>A type of use context assigned to the code system</p>\n</div></td></tr><tr><td><b>SHALL</b></td><td>context-type-quantity</td><td><code>composite</code></td><td><div><p>A use context type and quantity- or range-based value assigned to the code system</p>\n</div></td></tr><tr><td><b>SHALL</b></td><td>context-type-value</td><td><code>composite</code></td><td><div><p>A use context type and value assigned to the code system</p>\n</div></td></tr><tr><td><b>SHALL</b></td><td>date</td><td><code>date</code></td><td><div><p>The code system publication date</p>\n</div></td></tr><tr><td><b>SHALL</b></td><td>description</td><td><code>string</code></td><td><div><p>The description of the code system</p>\n</div></td></tr><tr><td><b>SHALL</b></td><td>identifier</td><td><code>token</code></td><td><div><p>External identifier for the code system</p>\n</div></td></tr><tr><td><b>SHALL</b></td><td>jurisdiction</td><td><code>token</code></td><td><div><p>Intended jurisdiction for the code system</p>\n</div></td></tr><tr><td><b>SHALL</b></td><td>language</td><td><code>token</code></td><td><div><p>A language in which a designation is provided</p>\n</div></td></tr><tr><td><b>SHALL</b></td><td>name</td><td><code>string</code></td><td><div><p>Computationally friendly name of the code system</p>\n</div></td></tr><tr><td><b>SHALL</b></td><td>publisher</td><td><code>string</code></td><td><div><p>Name of the publisher of the code system</p>\n</div></td></tr><tr><td><b>SHALL</b></td><td>status</td><td><code>token</code></td><td><div><p>The current status of the code system</p>\n</div></td></tr><tr><td><b>SHALL</b></td><td>supplements</td><td><code>reference</code></td><td><div><p>Find code system supplements for the referenced code system</p>\n</div></td></tr><tr><td><b>SHALL</b></td><td>system</td><td><code>uri</code></td><td><div><p>The system for any codes defined by this code system (same as 'url')</p>\n</div></td></tr><tr><td><b>SHALL</b></td><td>title</td><td><code>string</code></td><td><div><p>The human-friendly name of the code system</p>\n</div></td></tr><tr><td><b>SHALL</b></td><td>url</td><td><code>uri</code></td><td><div><p>The uri that identifies the code system</p>\n</div></td></tr><tr><td><b>SHALL</b></td><td>version</td><td><code>token</code></td><td><div><p>The business version of the code system</p>\n</div></td></tr></tbody></table></div><div class=\"col-lg-5\">\u00a0</div></div><div class=\"row\"><div class=\"col-12\"><span class=\"lead\">Extended Operations</span><table class=\"table table-condensed table-hover\"><thead><tr><th>Conformance</th><th>Operation</th><th>Documentation</th></tr></thead><tbody><tr><td><b>SHALL</b></td><td>$upload-external-code-system</td><td><div/></td></tr><tr><td><b>SHALL</b></td><td>$apply-codesystem-delta-remove</td><td><div/></td></tr><tr><td><b>SHALL</b></td><td>$apply-codesystem-delta-add</td><td><div/></td></tr><tr><td><b>SHALL</b></td><td>$validate</td><td><div/></td></tr><tr><td><b>SHALL</b></td><td>$meta-delete</td><td><div><p>Delete tags, profiles, and/or security labels from a resource</p>\n</div></td></tr><tr><td><b>SHALL</b></td><td>$meta-add</td><td><div><p>Add tags, profiles, and/or security labels to a resource</p>\n</div></td></tr><tr><td><b>SHALL</b></td><td>$meta</td><td><div><p>Request a list of tags, profiles, and security labels for a specfic resource instance</p>\n</div></td></tr><tr><td><b>SHALL</b></td><td>$expunge</td><td><div/></td></tr><tr><td><b>SHALL</b></td><td>$validate-code</td><td><div/></td></tr><tr><td><b>SHALL</b></td><td>$subsumes</td><td><div/></td></tr><tr><td><b>SHALL</b></td><td>$lookup</td><td><div/></td></tr></tbody></table></div></div></div></div></div><div class=\"panel panel-default\"><div class=\"panel-heading\"><h4 id=\"ConceptMap1-2\" class=\"panel-title\"><span style=\"float: right;\">Resource Conformance: supported </span>ConceptMap</h4></div><div class=\"panel-body\"><div class=\"container\"><div class=\"row\"><div class=\"col-lg-6\"><span class=\"lead\">Base System Profile</span><br/><a href=\"http://hl7.org/fhir/R4/conceptmap.html\">ConceptMap</a></div><div class=\"col-lg-3\"><span class=\"lead\">Profile Conformance</span><br/><b>SHALL</b></div><div class=\"col-lg-3\"><span class=\"lead\">Reference Policy</span><br/></div></div><p/><div class=\"row\"><div class=\"col-lg-6\"><span class=\"lead\">Interaction summary</span><br/><ul><li>Supports <code>update</code>, <code>vread</code>, <code>read</code>, <code>patch</code>, <code>history-type</code>, <code>history-instance</code>, <code>delete</code>, <code>create</code>, <code>search-type</code>.</li></ul></div></div><p/><div class=\"row\"><div class=\"col-lg-7\"><span class=\"lead\">Search Parameters</span><table class=\"table table-condensed table-hover\"><thead><tr><th>Conformance</th><th>Parameter</th><th>Type</th><th>Documentation</th></tr></thead><tbody><tr><td><b>SHALL</b></td><td>_content</td><td><code>string</code></td><td><div><p>Search the contents of the resource's data using a fulltext search</p>\n</div></td></tr><tr><td><b>SHALL</b></td><td>_filter</td><td><code>string</code></td><td><div><p>Search the contents of the resource's data using a filter</p>\n</div></td></tr><tr><td><b>SHALL</b></td><td>_has</td><td><code>string</code></td><td><div><p>Return resources linked to by the given target</p>\n</div></td></tr><tr><td><b>SHALL</b></td><td>_id</td><td><code>token</code></td><td><div><p>The ID of the resource</p>\n</div></td></tr><tr><td><b>SHALL</b></td><td>_language</td><td><code>token</code></td><td><div><p>The language of the resource</p>\n</div></td></tr><tr><td><b>SHALL</b></td><td>_lastUpdated</td><td><code>date</code></td><td><div><p>Only return resources which were last updated as specified by the given range</p>\n</div></td></tr><tr><td><b>SHALL</b></td><td>_list</td><td><code>string</code></td><td><div><p>Search the contents of the resource's data using a list</p>\n</div></td></tr><tr><td><b>SHALL</b></td><td>_profile</td><td><code>uri</code></td><td><div><p>Search for resources which have the given profile</p>\n</div></td></tr><tr><td><b>SHALL</b></td><td>_security</td><td><code>token</code></td><td><div><p>Search for resources which have the given security labels</p>\n</div></td></tr><tr><td><b>SHALL</b></td><td>_source</td><td><code>uri</code></td><td><div><p>Search for resources which have the given source value (Resource.meta.source)</p>\n</div></td></tr><tr><td><b>SHALL</b></td><td>_tag</td><td><code>token</code></td><td><div><p>Search for resources which have the given tag</p>\n</div></td></tr><tr><td><b>SHALL</b></td><td>_text</td><td><code>string</code></td><td><div><p>Search the contents of the resource's narrative using a fulltext search</p>\n</div></td></tr><tr><td><b>SHALL</b></td><td>context</td><td><code>token</code></td><td><div><p>A use context assigned to the concept map</p>\n</div></td></tr><tr><td><b>SHALL</b></td><td>context-quantity</td><td><code>quantity</code></td><td><div><p>A quantity- or range-valued use context assigned to the concept map</p>\n</div></td></tr><tr><td><b>SHALL</b></td><td>context-type</td><td><code>token</code></td><td><div><p>A type of use context assigned to the concept map</p>\n</div></td></tr><tr><td><b>SHALL</b></td><td>context-type-quantity</td><td><code>composite</code></td><td><div><p>A use context type and quantity- or range-based value assigned to the concept map</p>\n</div></td></tr><tr><td><b>SHALL</b></td><td>context-type-value</td><td><code>composite</code></td><td><div><p>A use context type and value assigned to the concept map</p>\n</div></td></tr><tr><td><b>SHALL</b></td><td>date</td><td><code>date</code></td><td><div><p>The concept map publication date</p>\n</div></td></tr><tr><td><b>SHALL</b></td><td>dependson</td><td><code>uri</code></td><td><div><p>Reference to property mapping depends on</p>\n</div></td></tr><tr><td><b>SHALL</b></td><td>description</td><td><code>string</code></td><td><div><p>The description of the concept map</p>\n</div></td></tr><tr><td><b>SHALL</b></td><td>identifier</td><td><code>token</code></td><td><div><p>External identifier for the concept map</p>\n</div></td></tr><tr><td><b>SHALL</b></td><td>jurisdiction</td><td><code>token</code></td><td><div><p>Intended jurisdiction for the concept map</p>\n</div></td></tr><tr><td><b>SHALL</b></td><td>name</td><td><code>string</code></td><td><div><p>Computationally friendly name of the concept map</p>\n</div></td></tr><tr><td><b>SHALL</b></td><td>other</td><td><code>reference</code></td><td><div><p>canonical reference to an additional ConceptMap to use for mapping if the source concept is unmapped</p>\n</div></td></tr><tr><td><b>SHALL</b></td><td>product</td><td><code>uri</code></td><td><div><p>Reference to property mapping depends on</p>\n</div></td></tr><tr><td><b>SHALL</b></td><td>publisher</td><td><code>string</code></td><td><div><p>Name of the publisher of the concept map</p>\n</div></td></tr><tr><td><b>SHALL</b></td><td>source</td><td><code>reference</code></td><td><div><p>The source value set that contains the concepts that are being mapped</p>\n</div></td></tr><tr><td><b>SHALL</b></td><td>source-code</td><td><code>token</code></td><td><div><p>Identifies element being mapped</p>\n</div></td></tr><tr><td><b>SHALL</b></td><td>source-system</td><td><code>uri</code></td><td><div><p>Source system where concepts to be mapped are defined</p>\n</div></td></tr><tr><td><b>SHALL</b></td><td>source-uri</td><td><code>reference</code></td><td><div><p>The source value set that contains the concepts that are being mapped</p>\n</div></td></tr><tr><td><b>SHALL</b></td><td>status</td><td><code>token</code></td><td><div><p>The current status of the concept map</p>\n</div></td></tr><tr><td><b>SHALL</b></td><td>target</td><td><code>reference</code></td><td><div><p>The target value set which provides context for the mappings</p>\n</div></td></tr><tr><td><b>SHALL</b></td><td>target-code</td><td><code>token</code></td><td><div><p>Code that identifies the target element</p>\n</div></td></tr><tr><td><b>SHALL</b></td><td>target-system</td><td><code>uri</code></td><td><div><p>Target system that the concepts are to be mapped to</p>\n</div></td></tr><tr><td><b>SHALL</b></td><td>target-uri</td><td><code>reference</code></td><td><div><p>The target value set which provides context for the mappings</p>\n</div></td></tr><tr><td><b>SHALL</b></td><td>title</td><td><code>string</code></td><td><div><p>The human-friendly name of the concept map</p>\n</div></td></tr><tr><td><b>SHALL</b></td><td>url</td><td><code>uri</code></td><td><div><p>The uri that identifies the concept map</p>\n</div></td></tr><tr><td><b>SHALL</b></td><td>version</td><td><code>token</code></td><td><div><p>The business version of the concept map</p>\n</div></td></tr></tbody></table></div><div class=\"col-lg-5\">\u00a0</div></div><div class=\"row\"><div class=\"col-12\"><span class=\"lead\">Extended Operations</span><table class=\"table table-condensed table-hover\"><thead><tr><th>Conformance</th><th>Operation</th><th>Documentation</th></tr></thead><tbody><tr><td><b>SHALL</b></td><td>$validate</td><td><div/></td></tr><tr><td><b>SHALL</b></td><td>$meta-delete</td><td><div><p>Delete tags, profiles, and/or security labels from a resource</p>\n</div></td></tr><tr><td><b>SHALL</b></td><td>$meta-add</td><td><div><p>Add tags, profiles, and/or security labels to a resource</p>\n</div></td></tr><tr><td><b>SHALL</b></td><td>$meta</td><td><div><p>Request a list of tags, profiles, and security labels for a specfic resource instance</p>\n</div></td></tr><tr><td><b>SHALL</b></td><td>$expunge</td><td><div/></td></tr><tr><td><b>SHALL</b></td><td>$translate</td><td><div/></td></tr></tbody></table></div></div></div></div></div><div class=\"panel panel-default\"><div class=\"panel-heading\"><h4 id=\"Group1-3\" class=\"panel-title\"><span style=\"float: right;\">Resource Conformance: supported </span>Group</h4></div><div class=\"panel-body\"><div class=\"container\"><div class=\"row\"><div class=\"col-lg-6\"><span class=\"lead\">Base System Profile</span><br/><a href=\"http://hl7.org/fhir/R4/group.html\">Group</a></div><div class=\"col-lg-3\"><span class=\"lead\">Profile Conformance</span><br/><b>SHALL</b></div><div class=\"col-lg-3\"><span class=\"lead\">Reference Policy</span><br/></div></div><p/><div class=\"row\"><div class=\"col-lg-6\"><span class=\"lead\">Interaction summary</span><br/><ul><li>Supports <code>search-type</code>, <code>update</code>, <code>vread</code>, <code>read</code>, <code>patch</code>, <code>history-type</code>, <code>history-instance</code>, <code>delete</code>, <code>create</code>.</li></ul></div></div><p/><div class=\"row\"><div class=\"col-lg-7\"><span class=\"lead\">Search Parameters</span><table class=\"table table-condensed table-hover\"><thead><tr><th>Conformance</th><th>Parameter</th><th>Type</th><th>Documentation</th></tr></thead><tbody><tr><td><b>SHALL</b></td><td>_content</td><td><code>string</code></td><td><div><p>Search the contents of the resource's data using a fulltext search</p>\n</div></td></tr><tr><td><b>SHALL</b></td><td>_filter</td><td><code>string</code></td><td><div><p>Search the contents of the resource's data using a filter</p>\n</div></td></tr><tr><td><b>SHALL</b></td><td>_has</td><td><code>string</code></td><td><div><p>Return resources linked to by the given target</p>\n</div></td></tr><tr><td><b>SHALL</b></td><td>_id</td><td><code>token</code></td><td><div><p>The ID of the resource</p>\n</div></td></tr><tr><td><b>SHALL</b></td><td>_language</td><td><code>token</code></td><td><div><p>The language of the resource</p>\n</div></td></tr><tr><td><b>SHALL</b></td><td>_lastUpdated</td><td><code>date</code></td><td><div><p>Only return resources which were last updated as specified by the given range</p>\n</div></td></tr><tr><td><b>SHALL</b></td><td>_list</td><td><code>string</code></td><td><div><p>Search the contents of the resource's data using a list</p>\n</div></td></tr><tr><td><b>SHALL</b></td><td>_profile</td><td><code>uri</code></td><td><div><p>Search for resources which have the given profile</p>\n</div></td></tr><tr><td><b>SHALL</b></td><td>_security</td><td><code>token</code></td><td><div><p>Search for resources which have the given security labels</p>\n</div></td></tr><tr><td><b>SHALL</b></td><td>_source</td><td><code>uri</code></td><td><div><p>Search for resources which have the given source value (Resource.meta.source)</p>\n</div></td></tr><tr><td><b>SHALL</b></td><td>_tag</td><td><code>token</code></td><td><div><p>Search for resources which have the given tag</p>\n</div></td></tr><tr><td><b>SHALL</b></td><td>_text</td><td><code>string</code></td><td><div><p>Search the contents of the resource's narrative using a fulltext search</p>\n</div></td></tr><tr><td><b>SHALL</b></td><td>actual</td><td><code>token</code></td><td><div><p>Descriptive or actual</p>\n</div></td></tr><tr><td><b>SHALL</b></td><td>characteristic</td><td><code>token</code></td><td><div><p>Kind of characteristic</p>\n</div></td></tr><tr><td><b>SHALL</b></td><td>characteristic-value</td><td><code>composite</code></td><td><div><p>A composite of both characteristic and value</p>\n</div></td></tr><tr><td><b>SHALL</b></td><td>code</td><td><code>token</code></td><td><div><p>The kind of resources contained</p>\n</div></td></tr><tr><td><b>SHALL</b></td><td>exclude</td><td><code>token</code></td><td><div><p>Group includes or excludes</p>\n</div></td></tr><tr><td><b>SHALL</b></td><td>identifier</td><td><code>token</code></td><td><div><p>Unique id</p>\n</div></td></tr><tr><td><b>SHALL</b></td><td>managing-entity</td><td><code>reference</code></td><td><div><p>Entity that is the custodian of the Group's definition</p>\n</div></td></tr><tr><td><b>SHALL</b></td><td>member</td><td><code>reference</code></td><td><div><p>Reference to the group member</p>\n</div></td></tr><tr><td><b>SHALL</b></td><td>type</td><td><code>token</code></td><td><div><p>The type of resources the group contains</p>\n</div></td></tr><tr><td><b>SHALL</b></td><td>value</td><td><code>token</code></td><td><div><p>Value held by characteristic</p>\n</div></td></tr></tbody></table></div><div class=\"col-lg-5\">\u00a0</div></div><div class=\"row\"><div class=\"col-12\"><span class=\"lead\">Extended Operations</span><table class=\"table table-condensed table-hover\"><thead><tr><th>Conformance</th><th>Operation</th><th>Documentation</th></tr></thead><tbody><tr><td><b>SHALL</b></td><td>$validate</td><td><div/></td></tr><tr><td><b>SHALL</b></td><td>$meta-delete</td><td><div><p>Delete tags, profiles, and/or security labels from a resource</p>\n</div></td></tr><tr><td><b>SHALL</b></td><td>$meta-add</td><td><div><p>Add tags, profiles, and/or security labels to a resource</p>\n</div></td></tr><tr><td><b>SHALL</b></td><td>$meta</td><td><div><p>Request a list of tags, profiles, and security labels for a specfic resource instance</p>\n</div></td></tr><tr><td><b>SHALL</b></td><td>$expunge</td><td><div/></td></tr></tbody></table></div></div></div></div></div><div class=\"panel panel-default\"><div class=\"panel-heading\"><h4 id=\"NamingSystem1-4\" class=\"panel-title\"><span style=\"float: right;\">Resource Conformance: supported </span>NamingSystem</h4></div><div class=\"panel-body\"><div class=\"container\"><div class=\"row\"><div class=\"col-lg-6\"><span class=\"lead\">Base System Profile</span><br/><a href=\"http://hl7.org/fhir/R4/namingsystem.html\">NamingSystem</a></div><div class=\"col-lg-3\"><span class=\"lead\">Profile Conformance</span><br/><b>SHALL</b></div><div class=\"col-lg-3\"><span class=\"lead\">Reference Policy</span><br/></div></div><p/><div class=\"row\"><div class=\"col-lg-6\"><span class=\"lead\">Interaction summary</span><br/><ul><li>Supports <code>update</code>, <code>vread</code>, <code>read</code>, <code>patch</code>, <code>history-type</code>, <code>history-instance</code>, <code>delete</code>, <code>create</code>, <code>search-type</code>.</li></ul></div></div><p/><div class=\"row\"><div class=\"col-lg-7\"><span class=\"lead\">Search Parameters</span><table class=\"table table-condensed table-hover\"><thead><tr><th>Conformance</th><th>Parameter</th><th>Type</th><th>Documentation</th></tr></thead><tbody><tr><td><b>SHALL</b></td><td>_content</td><td><code>string</code></td><td><div><p>Search the contents of the resource's data using a fulltext search</p>\n</div></td></tr><tr><td><b>SHALL</b></td><td>_filter</td><td><code>string</code></td><td><div><p>Search the contents of the resource's data using a filter</p>\n</div></td></tr><tr><td><b>SHALL</b></td><td>_has</td><td><code>string</code></td><td><div><p>Return resources linked to by the given target</p>\n</div></td></tr><tr><td><b>SHALL</b></td><td>_id</td><td><code>token</code></td><td><div><p>The ID of the resource</p>\n</div></td></tr><tr><td><b>SHALL</b></td><td>_language</td><td><code>token</code></td><td><div><p>The language of the resource</p>\n</div></td></tr><tr><td><b>SHALL</b></td><td>_lastUpdated</td><td><code>date</code></td><td><div><p>Only return resources which were last updated as specified by the given range</p>\n</div></td></tr><tr><td><b>SHALL</b></td><td>_list</td><td><code>string</code></td><td><div><p>Search the contents of the resource's data using a list</p>\n</div></td></tr><tr><td><b>SHALL</b></td><td>_profile</td><td><code>uri</code></td><td><div><p>Search for resources which have the given profile</p>\n</div></td></tr><tr><td><b>SHALL</b></td><td>_security</td><td><code>token</code></td><td><div><p>Search for resources which have the given security labels</p>\n</div></td></tr><tr><td><b>SHALL</b></td><td>_source</td><td><code>uri</code></td><td><div><p>Search for resources which have the given source value (Resource.meta.source)</p>\n</div></td></tr><tr><td><b>SHALL</b></td><td>_tag</td><td><code>token</code></td><td><div><p>Search for resources which have the given tag</p>\n</div></td></tr><tr><td><b>SHALL</b></td><td>_text</td><td><code>string</code></td><td><div><p>Search the contents of the resource's narrative using a fulltext search</p>\n</div></td></tr><tr><td><b>SHALL</b></td><td>contact</td><td><code>string</code></td><td><div><p>Name of an individual to contact</p>\n</div></td></tr><tr><td><b>SHALL</b></td><td>context</td><td><code>token</code></td><td><div><p>A use context assigned to the naming system</p>\n</div></td></tr><tr><td><b>SHALL</b></td><td>context-quantity</td><td><code>quantity</code></td><td><div><p>A quantity- or range-valued use context assigned to the naming system</p>\n</div></td></tr><tr><td><b>SHALL</b></td><td>context-type</td><td><code>token</code></td><td><div><p>A type of use context assigned to the naming system</p>\n</div></td></tr><tr><td><b>SHALL</b></td><td>context-type-quantity</td><td><code>composite</code></td><td><div><p>A use context type and quantity- or range-based value assigned to the naming system</p>\n</div></td></tr><tr><td><b>SHALL</b></td><td>context-type-value</td><td><code>composite</code></td><td><div><p>A use context type and value assigned to the naming system</p>\n</div></td></tr><tr><td><b>SHALL</b></td><td>date</td><td><code>date</code></td><td><div><p>The naming system publication date</p>\n</div></td></tr><tr><td><b>SHALL</b></td><td>description</td><td><code>string</code></td><td><div><p>The description of the naming system</p>\n</div></td></tr><tr><td><b>SHALL</b></td><td>id-type</td><td><code>token</code></td><td><div><p>oid | uuid | uri | other</p>\n</div></td></tr><tr><td><b>SHALL</b></td><td>jurisdiction</td><td><code>token</code></td><td><div><p>Intended jurisdiction for the naming system</p>\n</div></td></tr><tr><td><b>SHALL</b></td><td>kind</td><td><code>token</code></td><td><div><p>codesystem | identifier | root</p>\n</div></td></tr><tr><td><b>SHALL</b></td><td>name</td><td><code>string</code></td><td><div><p>Computationally friendly name of the naming system</p>\n</div></td></tr><tr><td><b>SHALL</b></td><td>period</td><td><code>date</code></td><td><div><p>When is identifier valid?</p>\n</div></td></tr><tr><td><b>SHALL</b></td><td>publisher</td><td><code>string</code></td><td><div><p>Name of the publisher of the naming system</p>\n</div></td></tr><tr><td><b>SHALL</b></td><td>responsible</td><td><code>string</code></td><td><div><p>Who maintains system namespace?</p>\n</div></td></tr><tr><td><b>SHALL</b></td><td>status</td><td><code>token</code></td><td><div><p>The current status of the naming system</p>\n</div></td></tr><tr><td><b>SHALL</b></td><td>telecom</td><td><code>token</code></td><td><div><p>Contact details for individual or organization</p>\n</div></td></tr><tr><td><b>SHALL</b></td><td>type</td><td><code>token</code></td><td><div><p>e.g. driver,  provider,  patient, bank etc.</p>\n</div></td></tr><tr><td><b>SHALL</b></td><td>value</td><td><code>string</code></td><td><div><p>The unique identifier</p>\n</div></td></tr></tbody></table></div><div class=\"col-lg-5\">\u00a0</div></div><div class=\"row\"><div class=\"col-12\"><span class=\"lead\">Extended Operations</span><table class=\"table table-condensed table-hover\"><thead><tr><th>Conformance</th><th>Operation</th><th>Documentation</th></tr></thead><tbody><tr><td><b>SHALL</b></td><td>$validate</td><td><div/></td></tr><tr><td><b>SHALL</b></td><td>$meta-delete</td><td><div><p>Delete tags, profiles, and/or security labels from a resource</p>\n</div></td></tr><tr><td><b>SHALL</b></td><td>$meta-add</td><td><div><p>Add tags, profiles, and/or security labels to a resource</p>\n</div></td></tr><tr><td><b>SHALL</b></td><td>$meta</td><td><div><p>Request a list of tags, profiles, and security labels for a specfic resource instance</p>\n</div></td></tr><tr><td><b>SHALL</b></td><td>$expunge</td><td><div/></td></tr></tbody></table></div></div></div></div></div><div class=\"panel panel-default\"><div class=\"panel-heading\"><h4 id=\"OperationDefinition1-5\" class=\"panel-title\"><span style=\"float: right;\">Resource Conformance: supported </span>OperationDefinition</h4></div><div class=\"panel-body\"><div class=\"container\"><div class=\"row\"><div class=\"col-lg-6\"><span class=\"lead\">Base System Profile</span><br/><a href=\"http://hl7.org/fhir/R4/operationdefinition.html\">OperationDefinition</a></div><div class=\"col-lg-3\"><span class=\"lead\">Profile Conformance</span><br/><b>SHALL</b></div><div class=\"col-lg-3\"><span class=\"lead\">Reference Policy</span><br/></div></div><p/><div class=\"row\"><div class=\"col-lg-6\"><span class=\"lead\">Interaction summary</span><br/><ul><li>Supports <code>read</code>.</li></ul></div></div><p/></div></div></div><div class=\"panel panel-default\"><div class=\"panel-heading\"><h4 id=\"Practitioner1-6\" class=\"panel-title\"><span style=\"float: right;\">Resource Conformance: supported </span>Practitioner</h4></div><div class=\"panel-body\"><div class=\"container\"><div class=\"row\"><div class=\"col-lg-6\"><span class=\"lead\">Base System Profile</span><br/><a href=\"http://hl7.org/fhir/R4/practitioner.html\">Practitioner</a></div><div class=\"col-lg-3\"><span class=\"lead\">Profile Conformance</span><br/><b>SHALL</b></div><div class=\"col-lg-3\"><span class=\"lead\">Reference Policy</span><br/></div></div><p/><div class=\"row\"><div class=\"col-lg-6\"><span class=\"lead\">Interaction summary</span><br/><ul><li>Supports <code>search-type</code>, <code>update</code>, <code>vread</code>, <code>read</code>, <code>patch</code>, <code>history-type</code>, <code>history-instance</code>, <code>delete</code>, <code>create</code>.</li></ul></div></div><p/><div class=\"row\"><div class=\"col-lg-7\"><span class=\"lead\">Search Parameters</span><table class=\"table table-condensed table-hover\"><thead><tr><th>Conformance</th><th>Parameter</th><th>Type</th><th>Documentation</th></tr></thead><tbody><tr><td><b>SHALL</b></td><td>_content</td><td><code>string</code></td><td><div><p>Search the contents of the resource's data using a fulltext search</p>\n</div></td></tr><tr><td><b>SHALL</b></td><td>_filter</td><td><code>string</code></td><td><div><p>Search the contents of the resource's data using a filter</p>\n</div></td></tr><tr><td><b>SHALL</b></td><td>_has</td><td><code>string</code></td><td><div><p>Return resources linked to by the given target</p>\n</div></td></tr><tr><td><b>SHALL</b></td><td>_id</td><td><code>token</code></td><td><div><p>The ID of the resource</p>\n</div></td></tr><tr><td><b>SHALL</b></td><td>_language</td><td><code>token</code></td><td><div><p>The language of the resource</p>\n</div></td></tr><tr><td><b>SHALL</b></td><td>_lastUpdated</td><td><code>date</code></td><td><div><p>Only return resources which were last updated as specified by the given range</p>\n</div></td></tr><tr><td><b>SHALL</b></td><td>_list</td><td><code>string</code></td><td><div><p>Search the contents of the resource's data using a list</p>\n</div></td></tr><tr><td><b>SHALL</b></td><td>_profile</td><td><code>uri</code></td><td><div><p>Search for resources which have the given profile</p>\n</div></td></tr><tr><td><b>SHALL</b></td><td>_security</td><td><code>token</code></td><td><div><p>Search for resources which have the given security labels</p>\n</div></td></tr><tr><td><b>SHALL</b></td><td>_source</td><td><code>uri</code></td><td><div><p>Search for resources which have the given source value (Resource.meta.source)</p>\n</div></td></tr><tr><td><b>SHALL</b></td><td>_tag</td><td><code>token</code></td><td><div><p>Search for resources which have the given tag</p>\n</div></td></tr><tr><td><b>SHALL</b></td><td>_text</td><td><code>string</code></td><td><div><p>Search the contents of the resource's narrative using a fulltext search</p>\n</div></td></tr><tr><td><b>SHALL</b></td><td>active</td><td><code>token</code></td><td><div><p>Whether the practitioner record is active</p>\n</div></td></tr><tr><td><b>SHALL</b></td><td>address</td><td><code>string</code></td><td><div><p>A server defined search that may match any of the string fields in the Address, including line, city, district, state, country, postalCode, and/or text</p>\n</div></td></tr><tr><td><b>SHALL</b></td><td>address-city</td><td><code>string</code></td><td><div><p>A city specified in an address</p>\n</div></td></tr><tr><td><b>SHALL</b></td><td>address-country</td><td><code>string</code></td><td><div><p>A country specified in an address</p>\n</div></td></tr><tr><td><b>SHALL</b></td><td>address-postalcode</td><td><code>string</code></td><td><div><p>A postalCode specified in an address</p>\n</div></td></tr><tr><td><b>SHALL</b></td><td>address-state</td><td><code>string</code></td><td><div><p>A state specified in an address</p>\n</div></td></tr><tr><td><b>SHALL</b></td><td>address-use</td><td><code>token</code></td><td><div><p>A use code specified in an address</p>\n</div></td></tr><tr><td><b>SHALL</b></td><td>communication</td><td><code>token</code></td><td><div><p>One of the languages that the practitioner can communicate with</p>\n</div></td></tr><tr><td><b>SHALL</b></td><td>email</td><td><code>token</code></td><td><div><p>A value in an email contact</p>\n</div></td></tr><tr><td><b>SHALL</b></td><td>family</td><td><code>string</code></td><td><div><p>A portion of the family name</p>\n</div></td></tr><tr><td><b>SHALL</b></td><td>gender</td><td><code>token</code></td><td><div><p>Gender of the practitioner</p>\n</div></td></tr><tr><td><b>SHALL</b></td><td>given</td><td><code>string</code></td><td><div><p>A portion of the given name</p>\n</div></td></tr><tr><td><b>SHALL</b></td><td>identifier</td><td><code>token</code></td><td><div><p>A practitioner's Identifier</p>\n</div></td></tr><tr><td><b>SHALL</b></td><td>name</td><td><code>string</code></td><td><div><p>A server defined search that may match any of the string fields in the HumanName, including family, give, prefix, suffix, suffix, and/or text</p>\n</div></td></tr><tr><td><b>SHALL</b></td><td>phone</td><td><code>token</code></td><td><div><p>A value in a phone contact</p>\n</div></td></tr><tr><td><b>SHALL</b></td><td>phonetic</td><td><code>string</code></td><td><div><p>A portion of either family or given name using some kind of phonetic matching algorithm</p>\n</div></td></tr><tr><td><b>SHALL</b></td><td>telecom</td><td><code>token</code></td><td><div><p>The value in any kind of contact</p>\n</div></td></tr></tbody></table></div><div class=\"col-lg-5\">\u00a0</div></div><div class=\"row\"><div class=\"col-12\"><span class=\"lead\">Extended Operations</span><table class=\"table table-condensed table-hover\"><thead><tr><th>Conformance</th><th>Operation</th><th>Documentation</th></tr></thead><tbody><tr><td><b>SHALL</b></td><td>$validate</td><td><div/></td></tr><tr><td><b>SHALL</b></td><td>$meta-delete</td><td><div><p>Delete tags, profiles, and/or security labels from a resource</p>\n</div></td></tr><tr><td><b>SHALL</b></td><td>$meta-add</td><td><div><p>Add tags, profiles, and/or security labels to a resource</p>\n</div></td></tr><tr><td><b>SHALL</b></td><td>$meta</td><td><div><p>Request a list of tags, profiles, and security labels for a specfic resource instance</p>\n</div></td></tr><tr><td><b>SHALL</b></td><td>$expunge</td><td><div/></td></tr></tbody></table></div></div></div></div></div><div class=\"panel panel-default\"><div class=\"panel-heading\"><h4 id=\"StructureDefinition1-7\" class=\"panel-title\"><span style=\"float: right;\">Resource Conformance: supported </span>StructureDefinition</h4></div><div class=\"panel-body\"><div class=\"container\"><div class=\"row\"><div class=\"col-lg-6\"><span class=\"lead\">Base System Profile</span><br/><a href=\"http://hl7.org/fhir/R4/structuredefinition.html\">StructureDefinition</a></div><div class=\"col-lg-3\"><span class=\"lead\">Profile Conformance</span><br/><b>SHALL</b></div><div class=\"col-lg-3\"><span class=\"lead\">Reference Policy</span><br/></div></div><p/><div class=\"row\"><div class=\"col-lg-6\"><span class=\"lead\">Interaction summary</span><br/><ul><li>Supports <code>search-type</code>, <code>read</code>.</li></ul></div></div><p/><div class=\"row\"><div class=\"col-lg-7\"><span class=\"lead\">Search Parameters</span><table class=\"table table-condensed table-hover\"><thead><tr><th>Conformance</th><th>Parameter</th><th>Type</th><th>Documentation</th></tr></thead><tbody><tr><td><b>SHALL</b></td><td>type</td><td><code>token</code></td><td><div><p>Type defined or constrained by this structure</p>\n</div></td></tr></tbody></table></div><div class=\"col-lg-5\">\u00a0</div></div></div></div></div><div class=\"panel panel-default\"><div class=\"panel-heading\"><h4 id=\"ValueSet1-8\" class=\"panel-title\"><span style=\"float: right;\">Resource Conformance: supported </span>ValueSet</h4></div><div class=\"panel-body\"><div class=\"container\"><div class=\"row\"><div class=\"col-lg-6\"><span class=\"lead\">Base System Profile</span><br/><a href=\"http://hl7.org/fhir/R4/valueset.html\">ValueSet</a></div><div class=\"col-lg-3\"><span class=\"lead\">Profile Conformance</span><br/><b>SHALL</b></div><div class=\"col-lg-3\"><span class=\"lead\">Reference Policy</span><br/></div></div><p/><div class=\"row\"><div class=\"col-lg-6\"><span class=\"lead\">Interaction summary</span><br/><ul><li>Supports <code>update</code>, <code>vread</code>, <code>read</code>, <code>patch</code>, <code>history-type</code>, <code>history-instance</code>, <code>delete</code>, <code>create</code>, <code>search-type</code>.</li></ul></div></div><p/><div class=\"row\"><div class=\"col-lg-7\"><span class=\"lead\">Search Parameters</span><table class=\"table table-condensed table-hover\"><thead><tr><th>Conformance</th><th>Parameter</th><th>Type</th><th>Documentation</th></tr></thead><tbody><tr><td><b>SHALL</b></td><td>_content</td><td><code>string</code></td><td><div><p>Search the contents of the resource's data using a fulltext search</p>\n</div></td></tr><tr><td><b>SHALL</b></td><td>_filter</td><td><code>string</code></td><td><div><p>Search the contents of the resource's data using a filter</p>\n</div></td></tr><tr><td><b>SHALL</b></td><td>_has</td><td><code>string</code></td><td><div><p>Return resources linked to by the given target</p>\n</div></td></tr><tr><td><b>SHALL</b></td><td>_id</td><td><code>token</code></td><td><div><p>The ID of the resource</p>\n</div></td></tr><tr><td><b>SHALL</b></td><td>_language</td><td><code>token</code></td><td><div><p>The language of the resource</p>\n</div></td></tr><tr><td><b>SHALL</b></td><td>_lastUpdated</td><td><code>date</code></td><td><div><p>Only return resources which were last updated as specified by the given range</p>\n</div></td></tr><tr><td><b>SHALL</b></td><td>_list</td><td><code>string</code></td><td><div><p>Search the contents of the resource's data using a list</p>\n</div></td></tr><tr><td><b>SHALL</b></td><td>_profile</td><td><code>uri</code></td><td><div><p>Search for resources which have the given profile</p>\n</div></td></tr><tr><td><b>SHALL</b></td><td>_security</td><td><code>token</code></td><td><div><p>Search for resources which have the given security labels</p>\n</div></td></tr><tr><td><b>SHALL</b></td><td>_source</td><td><code>uri</code></td><td><div><p>Search for resources which have the given source value (Resource.meta.source)</p>\n</div></td></tr><tr><td><b>SHALL</b></td><td>_tag</td><td><code>token</code></td><td><div><p>Search for resources which have the given tag</p>\n</div></td></tr><tr><td><b>SHALL</b></td><td>_text</td><td><code>string</code></td><td><div><p>Search the contents of the resource's narrative using a fulltext search</p>\n</div></td></tr><tr><td><b>SHALL</b></td><td>code</td><td><code>token</code></td><td><div><p>This special parameter searches for codes in the value set. See additional notes on the ValueSet resource</p>\n</div></td></tr><tr><td><b>SHALL</b></td><td>context</td><td><code>token</code></td><td><div><p>A use context assigned to the value set</p>\n</div></td></tr><tr><td><b>SHALL</b></td><td>context-quantity</td><td><code>quantity</code></td><td><div><p>A quantity- or range-valued use context assigned to the value set</p>\n</div></td></tr><tr><td><b>SHALL</b></td><td>context-type</td><td><code>token</code></td><td><div><p>A type of use context assigned to the value set</p>\n</div></td></tr><tr><td><b>SHALL</b></td><td>context-type-quantity</td><td><code>composite</code></td><td><div><p>A use context type and quantity- or range-based value assigned to the value set</p>\n</div></td></tr><tr><td><b>SHALL</b></td><td>context-type-value</td><td><code>composite</code></td><td><div><p>A use context type and value assigned to the value set</p>\n</div></td></tr><tr><td><b>SHALL</b></td><td>date</td><td><code>date</code></td><td><div><p>The value set publication date</p>\n</div></td></tr><tr><td><b>SHALL</b></td><td>description</td><td><code>string</code></td><td><div><p>The description of the value set</p>\n</div></td></tr><tr><td><b>SHALL</b></td><td>expansion</td><td><code>uri</code></td><td><div><p>Identifies the value set expansion (business identifier)</p>\n</div></td></tr><tr><td><b>SHALL</b></td><td>identifier</td><td><code>token</code></td><td><div><p>External identifier for the value set</p>\n</div></td></tr><tr><td><b>SHALL</b></td><td>jurisdiction</td><td><code>token</code></td><td><div><p>Intended jurisdiction for the value set</p>\n</div></td></tr><tr><td><b>SHALL</b></td><td>name</td><td><code>string</code></td><td><div><p>Computationally friendly name of the value set</p>\n</div></td></tr><tr><td><b>SHALL</b></td><td>publisher</td><td><code>string</code></td><td><div><p>Name of the publisher of the value set</p>\n</div></td></tr><tr><td><b>SHALL</b></td><td>reference</td><td><code>uri</code></td><td><div><p>A code system included or excluded in the value set or an imported value set</p>\n</div></td></tr><tr><td><b>SHALL</b></td><td>status</td><td><code>token</code></td><td><div><p>The current status of the value set</p>\n</div></td></tr><tr><td><b>SHALL</b></td><td>title</td><td><code>string</code></td><td><div><p>The human-friendly name of the value set</p>\n</div></td></tr><tr><td><b>SHALL</b></td><td>url</td><td><code>uri</code></td><td><div><p>The uri that identifies the value set</p>\n</div></td></tr><tr><td><b>SHALL</b></td><td>version</td><td><code>token</code></td><td><div><p>The business version of the value set</p>\n</div></td></tr></tbody></table></div><div class=\"col-lg-5\">\u00a0</div></div><div class=\"row\"><div class=\"col-12\"><span class=\"lead\">Extended Operations</span><table class=\"table table-condensed table-hover\"><thead><tr><th>Conformance</th><th>Operation</th><th>Documentation</th></tr></thead><tbody><tr><td><b>SHALL</b></td><td>$validate-code</td><td><div/></td></tr><tr><td><b>SHALL</b></td><td>$invalidate-expansion</td><td><div/></td></tr><tr><td><b>SHALL</b></td><td>$expand</td><td><div/></td></tr><tr><td><b>SHALL</b></td><td>$validate</td><td><div/></td></tr><tr><td><b>SHALL</b></td><td>$meta-delete</td><td><div><p>Delete tags, profiles, and/or security labels from a resource</p>\n</div></td></tr><tr><td><b>SHALL</b></td><td>$meta-add</td><td><div><p>Add tags, profiles, and/or security labels to a resource</p>\n</div></td></tr><tr><td><b>SHALL</b></td><td>$meta</td><td><div><p>Request a list of tags, profiles, and security labels for a specfic resource instance</p>\n</div></td></tr><tr><td><b>SHALL</b></td><td>$expunge</td><td><div/></td></tr></tbody></table></div></div></div></div></div></div>"},"url":"http://ehealth.sundhed.dk/fhir/CapabilityStatement/terminology","version":"6.0.2","name":"terminology","status":"active","date":"2025-10-21T10:45:23.154+00:00","publisher":"Den telemedicinske infrastruktur (eHealth Infrastructure)","contact":[{"name":"Den telemedicinske infrastruktur (eHealth Infrastructure)","telecom":[{"system":"url","value":"http://ehealth.sundhed.dk"}]}],"jurisdiction":[{"coding":[{"system":"urn:iso:std:iso:3166","code":"DK","display":"Denmark"}]}],"kind":"instance","software":{"name":"terminology","version":"1.21.0"},"implementation":{"description":"eHealth terminology service","url":"https://terminology.devtest.systematic-ehealth.com/fhir"},"fhirVersion":"4.0.1","format":["application/fhir+xml","xml","application/fhir+json","json","application/x-turtle","ttl","html/json","html/xml","html/turtle"],"rest":[{"mode":"server","resource":[{"type":"CodeSystem","profile":"http://hl7.org/fhir/StructureDefinition/CodeSystem","interaction":[{"code":"update"},{"code":"vread"},{"code":"read"},{"code":"patch"},{"code":"history-type"},{"code":"history-instance"},{"code":"delete"},{"code":"create"},{"code":"search-type"}],"conditionalCreate":true,"conditionalUpdate":true,"conditionalDelete":"multiple","searchInclude":["*","CodeSystem:supplements"],"searchRevInclude":["CodeSystem:supplements","ConceptMap:other","ConceptMap:source","ConceptMap:source-uri","ConceptMap:target","ConceptMap:target-uri","Group:managing-entity","Group:member"],"searchParam":[{"name":"_content","type":"string","documentation":"Search the contents of the resource's data using a fulltext search"},{"name":"_filter","type":"string","documentation":"Search the contents of the resource's data using a filter"},{"name":"_has","type":"string","documentation":"Return resources linked to by the given target"},{"name":"_id","type":"token","documentation":"The ID of the resource"},{"name":"_language","type":"token","documentation":"The language of the resource"},{"name":"_lastUpdated","type":"date","documentation":"Only return resources which were last updated as specified by the given range"},{"name":"_list","type":"string","documentation":"Search the contents of the resource's data using a list"},{"name":"_profile","type":"uri","documentation":"Search for resources which have the given profile"},{"name":"_security","type":"token","documentation":"Search for resources which have the given security labels"},{"name":"_source","type":"uri","documentation":"Search for resources which have the given source value (Resource.meta.source)"},{"name":"_tag","type":"token","documentation":"Search for resources which have the given tag"},{"name":"_text","type":"string","documentation":"Search the contents of the resource's narrative using a fulltext search"},{"name":"code","type":"token","documentation":"A code defined in the code system"},{"name":"content-mode","type":"token","documentation":"not-present | example | fragment | complete | supplement"},{"name":"context","type":"token","documentation":"A use context assigned to the code system"},{"name":"context-quantity","type":"quantity","documentation":"A quantity- or range-valued use context assigned to the code system"},{"name":"context-type","type":"token","documentation":"A type of use context assigned to the code system"},{"name":"context-type-quantity","type":"composite","documentation":"A use context type and quantity- or range-based value assigned to the code system"},{"name":"context-type-value","type":"composite","documentation":"A use context type and value assigned to the code system"},{"name":"date","type":"date","documentation":"The code system publication date"},{"name":"description","type":"string","documentation":"The description of the code system"},{"name":"identifier","type":"token","documentation":"External identifier for the code system"},{"name":"jurisdiction","type":"token","documentation":"Intended jurisdiction for the code system"},{"name":"language","type":"token","documentation":"A language in which a designation is provided"},{"name":"name","type":"string","documentation":"Computationally friendly name of the code system"},{"name":"publisher","type":"string","documentation":"Name of the publisher of the code system"},{"name":"status","type":"token","documentation":"The current status of the code system"},{"name":"supplements","type":"reference","documentation":"Find code system supplements for the referenced code system"},{"name":"system","type":"uri","documentation":"The system for any codes defined by this code system (same as 'url')"},{"name":"title","type":"string","documentation":"The human-friendly name of the code system"},{"name":"url","type":"uri","documentation":"The uri that identifies the code system"},{"name":"version","type":"token","documentation":"The business version of the code system"}],"operation":[{"name":"upload-external-code-system","definition":"https://terminology.devtest.systematic-ehealth.com/fhir/OperationDefinition/CodeSystem-t-upload-external-code-system"},{"name":"apply-codesystem-delta-remove","definition":"https://terminology.devtest.systematic-ehealth.com/fhir/OperationDefinition/CodeSystem-t-apply-codesystem-delta-remove"},{"name":"apply-codesystem-delta-add","definition":"https://terminology.devtest.systematic-ehealth.com/fhir/OperationDefinition/CodeSystem-t-apply-codesystem-delta-add"},{"name":"validate","definition":"https://terminology.devtest.systematic-ehealth.com/fhir/OperationDefinition/Multi-it-validate"},{"name":"meta-delete","definition":"https://terminology.devtest.systematic-ehealth.com/fhir/OperationDefinition/Multi-i-meta-delete","documentation":"Delete tags, profiles, and/or security labels from a resource"},{"name":"meta-add","definition":"https://terminology.devtest.systematic-ehealth.com/fhir/OperationDefinition/Multi-i-meta-add","documentation":"Add tags, profiles, and/or security labels to a resource"},{"name":"meta","definition":"https://terminology.devtest.systematic-ehealth.com/fhir/OperationDefinition/Multi-its-meta","documentation":"Request a list of tags, profiles, and security labels for a specfic resource instance"},{"name":"expunge","definition":"https://terminology.devtest.systematic-ehealth.com/fhir/OperationDefinition/Multi-its-expunge"},{"name":"validate-code","definition":"https://terminology.devtest.systematic-ehealth.com/fhir/OperationDefinition/CodeSystemValueSet-it-validate-code"},{"name":"subsumes","definition":"https://terminology.devtest.systematic-ehealth.com/fhir/OperationDefinition/CodeSystem-t-subsumes"},{"name":"lookup","definition":"https://terminology.devtest.systematic-ehealth.com/fhir/OperationDefinition/CodeSystem-t-lookup"}]},{"type":"ConceptMap","profile":"http://hl7.org/fhir/StructureDefinition/ConceptMap","interaction":[{"code":"update"},{"code":"vread"},{"code":"read"},{"code":"patch"},{"code":"history-type"},{"code":"history-instance"},{"code":"delete"},{"code":"create"},{"code":"search-type"}],"conditionalCreate":true,"conditionalUpdate":true,"conditionalDelete":"multiple","searchInclude":["*","ConceptMap:other","ConceptMap:source","ConceptMap:source-uri","ConceptMap:target","ConceptMap:target-uri"],"searchRevInclude":["CodeSystem:supplements","ConceptMap:other","ConceptMap:source","ConceptMap:source-uri","ConceptMap:target","ConceptMap:target-uri","Group:managing-entity","Group:member"],"searchParam":[{"name":"_content","type":"string","documentation":"Search the contents of the resource's data using a fulltext search"},{"name":"_filter","type":"string","documentation":"Search the contents of the resource's data using a filter"},{"name":"_has","type":"string","documentation":"Return resources linked to by the given target"},{"name":"_id","type":"token","documentation":"The ID of the resource"},{"name":"_language","type":"token","documentation":"The language of the resource"},{"name":"_lastUpdated","type":"date","documentation":"Only return resources which were last updated as specified by the given range"},{"name":"_list","type":"string","documentation":"Search the contents of the resource's data using a list"},{"name":"_profile","type":"uri","documentation":"Search for resources which have the given profile"},{"name":"_security","type":"token","documentation":"Search for resources which have the given security labels"},{"name":"_source","type":"uri","documentation":"Search for resources which have the given source value (Resource.meta.source)"},{"name":"_tag","type":"token","documentation":"Search for resources which have the given tag"},{"name":"_text","type":"string","documentation":"Search the contents of the resource's narrative using a fulltext search"},{"name":"context","type":"token","documentation":"A use context assigned to the concept map"},{"name":"context-quantity","type":"quantity","documentation":"A quantity- or range-valued use context assigned to the concept map"},{"name":"context-type","type":"token","documentation":"A type of use context assigned to the concept map"},{"name":"context-type-quantity","type":"composite","documentation":"A use context type and quantity- or range-based value assigned to the concept map"},{"name":"context-type-value","type":"composite","documentation":"A use context type and value assigned to the concept map"},{"name":"date","type":"date","documentation":"The concept map publication date"},{"name":"dependson","type":"uri","documentation":"Reference to property mapping depends on"},{"name":"description","type":"string","documentation":"The description of the concept map"},{"name":"identifier","type":"token","documentation":"External identifier for the concept map"},{"name":"jurisdiction","type":"token","documentation":"Intended jurisdiction for the concept map"},{"name":"name","type":"string","documentation":"Computationally friendly name of the concept map"},{"name":"other","type":"reference","documentation":"canonical reference to an additional ConceptMap to use for mapping if the source concept is unmapped"},{"name":"product","type":"uri","documentation":"Reference to property mapping depends on"},{"name":"publisher","type":"string","documentation":"Name of the publisher of the concept map"},{"name":"source","type":"reference","documentation":"The source value set that contains the concepts that are being mapped"},{"name":"source-code","type":"token","documentation":"Identifies element being mapped"},{"name":"source-system","type":"uri","documentation":"Source system where concepts to be mapped are defined"},{"name":"source-uri","type":"reference","documentation":"The source value set that contains the concepts that are being mapped"},{"name":"status","type":"token","documentation":"The current status of the concept map"},{"name":"target","type":"reference","documentation":"The target value set which provides context for the mappings"},{"name":"target-code","type":"token","documentation":"Code that identifies the target element"},{"name":"target-system","type":"uri","documentation":"Target system that the concepts are to be mapped to"},{"name":"target-uri","type":"reference","documentation":"The target value set which provides context for the mappings"},{"name":"title","type":"string","documentation":"The human-friendly name of the concept map"},{"name":"url","type":"uri","documentation":"The uri that identifies the concept map"},{"name":"version","type":"token","documentation":"The business version of the concept map"}],"operation":[{"name":"validate","definition":"https://terminology.devtest.systematic-ehealth.com/fhir/OperationDefinition/Multi-it-validate"},{"name":"meta-delete","definition":"https://terminology.devtest.systematic-ehealth.com/fhir/OperationDefinition/Multi-i-meta-delete","documentation":"Delete tags, profiles, and/or security labels from a resource"},{"name":"meta-add","definition":"https://terminology.devtest.systematic-ehealth.com/fhir/OperationDefinition/Multi-i-meta-add","documentation":"Add tags, profiles, and/or security labels to a resource"},{"name":"meta","definition":"https://terminology.devtest.systematic-ehealth.com/fhir/OperationDefinition/Multi-its-meta","documentation":"Request a list of tags, profiles, and security labels for a specfic resource instance"},{"name":"expunge","definition":"https://terminology.devtest.systematic-ehealth.com/fhir/OperationDefinition/Multi-its-expunge"},{"name":"translate","definition":"https://terminology.devtest.systematic-ehealth.com/fhir/OperationDefinition/ConceptMap-it-translate"}]},{"type":"Group","profile":"http://hl7.org/fhir/StructureDefinition/Group","interaction":[{"code":"search-type"},{"code":"update"},{"code":"vread"},{"code":"read"},{"code":"patch"},{"code":"history-type"},{"code":"history-instance"},{"code":"delete"},{"code":"create"}],"conditionalCreate":true,"conditionalUpdate":true,"conditionalDelete":"multiple","searchInclude":["*","Group:managing-entity","Group:member"],"searchRevInclude":["CodeSystem:supplements","ConceptMap:other","ConceptMap:source","ConceptMap:source-uri","ConceptMap:target","ConceptMap:target-uri","Group:managing-entity","Group:member"],"searchParam":[{"name":"_content","type":"string","documentation":"Search the contents of the resource's data using a fulltext search"},{"name":"_filter","type":"string","documentation":"Search the contents of the resource's data using a filter"},{"name":"_has","type":"string","documentation":"Return resources linked to by the given target"},{"name":"_id","type":"token","documentation":"The ID of the resource"},{"name":"_language","type":"token","documentation":"The language of the resource"},{"name":"_lastUpdated","type":"date","documentation":"Only return resources which were last updated as specified by the given range"},{"name":"_list","type":"string","documentation":"Search the contents of the resource's data using a list"},{"name":"_profile","type":"uri","documentation":"Search for resources which have the given profile"},{"name":"_security","type":"token","documentation":"Search for resources which have the given security labels"},{"name":"_source","type":"uri","documentation":"Search for resources which have the given source value (Resource.meta.source)"},{"name":"_tag","type":"token","documentation":"Search for resources which have the given tag"},{"name":"_text","type":"string","documentation":"Search the contents of the resource's narrative using a fulltext search"},{"name":"actual","type":"token","documentation":"Descriptive or actual"},{"name":"characteristic","type":"token","documentation":"Kind of characteristic"},{"name":"characteristic-value","type":"composite","documentation":"A composite of both characteristic and value"},{"name":"code","type":"token","documentation":"The kind of resources contained"},{"name":"exclude","type":"token","documentation":"Group includes or excludes"},{"name":"identifier","type":"token","documentation":"Unique id"},{"name":"managing-entity","type":"reference","documentation":"Entity that is the custodian of the Group's definition"},{"name":"member","type":"reference","documentation":"Reference to the group member"},{"name":"type","type":"token","documentation":"The type of resources the group contains"},{"name":"value","type":"token","documentation":"Value held by characteristic"}],"operation":[{"name":"validate","definition":"https://terminology.devtest.systematic-ehealth.com/fhir/OperationDefinition/Multi-it-validate"},{"name":"meta-delete","definition":"https://terminology.devtest.systematic-ehealth.com/fhir/OperationDefinition/Multi-i-meta-delete","documentation":"Delete tags, profiles, and/or security labels from a resource"},{"name":"meta-add","definition":"https://terminology.devtest.systematic-ehealth.com/fhir/OperationDefinition/Multi-i-meta-add","documentation":"Add tags, profiles, and/or security labels to a resource"},{"name":"meta","definition":"https://terminology.devtest.systematic-ehealth.com/fhir/OperationDefinition/Multi-its-meta","documentation":"Request a list of tags, profiles, and security labels for a specfic resource instance"},{"name":"expunge","definition":"https://terminology.devtest.systematic-ehealth.com/fhir/OperationDefinition/Multi-its-expunge"}]},{"type":"NamingSystem","profile":"http://hl7.org/fhir/StructureDefinition/NamingSystem","interaction":[{"code":"update"},{"code":"vread"},{"code":"read"},{"code":"patch"},{"code":"history-type"},{"code":"history-instance"},{"code":"delete"},{"code":"create"},{"code":"search-type"}],"conditionalCreate":true,"conditionalUpdate":true,"conditionalDelete":"multiple","searchInclude":["*"],"searchRevInclude":["CodeSystem:supplements","ConceptMap:other","ConceptMap:source","ConceptMap:source-uri","ConceptMap:target","ConceptMap:target-uri","Group:managing-entity","Group:member"],"searchParam":[{"name":"_content","type":"string","documentation":"Search the contents of the resource's data using a fulltext search"},{"name":"_filter","type":"string","documentation":"Search the contents of the resource's data using a filter"},{"name":"_has","type":"string","documentation":"Return resources linked to by the given target"},{"name":"_id","type":"token","documentation":"The ID of the resource"},{"name":"_language","type":"token","documentation":"The language of the resource"},{"name":"_lastUpdated","type":"date","documentation":"Only return resources which were last updated as specified by the given range"},{"name":"_list","type":"string","documentation":"Search the contents of the resource's data using a list"},{"name":"_profile","type":"uri","documentation":"Search for resources which have the given profile"},{"name":"_security","type":"token","documentation":"Search for resources which have the given security labels"},{"name":"_source","type":"uri","documentation":"Search for resources which have the given source value (Resource.meta.source)"},{"name":"_tag","type":"token","documentation":"Search for resources which have the given tag"},{"name":"_text","type":"string","documentation":"Search the contents of the resource's narrative using a fulltext search"},{"name":"contact","type":"string","documentation":"Name of an individual to contact"},{"name":"context","type":"token","documentation":"A use context assigned to the naming system"},{"name":"context-quantity","type":"quantity","documentation":"A quantity- or range-valued use context assigned to the naming system"},{"name":"context-type","type":"token","documentation":"A type of use context assigned to the naming system"},{"name":"context-type-quantity","type":"composite","documentation":"A use context type and quantity- or range-based value assigned to the naming system"},{"name":"context-type-value","type":"composite","documentation":"A use context type and value assigned to the naming system"},{"name":"date","type":"date","documentation":"The naming system publication date"},{"name":"description","type":"string","documentation":"The description of the naming system"},{"name":"id-type","type":"token","documentation":"oid | uuid | uri | other"},{"name":"jurisdiction","type":"token","documentation":"Intended jurisdiction for the naming system"},{"name":"kind","type":"token","documentation":"codesystem | identifier | root"},{"name":"name","type":"string","documentation":"Computationally friendly name of the naming system"},{"name":"period","type":"date","documentation":"When is identifier valid?"},{"name":"publisher","type":"string","documentation":"Name of the publisher of the naming system"},{"name":"responsible","type":"string","documentation":"Who maintains system namespace?"},{"name":"status","type":"token","documentation":"The current status of the naming system"},{"name":"telecom","type":"token","documentation":"Contact details for individual or organization"},{"name":"type","type":"token","documentation":"e.g. driver,  provider,  patient, bank etc."},{"name":"value","type":"string","documentation":"The unique identifier"}],"operation":[{"name":"validate","definition":"https://terminology.devtest.systematic-ehealth.com/fhir/OperationDefinition/Multi-it-validate"},{"name":"meta-delete","definition":"https://terminology.devtest.systematic-ehealth.com/fhir/OperationDefinition/Multi-i-meta-delete","documentation":"Delete tags, profiles, and/or security labels from a resource"},{"name":"meta-add","definition":"https://terminology.devtest.systematic-ehealth.com/fhir/OperationDefinition/Multi-i-meta-add","documentation":"Add tags, profiles, and/or security labels to a resource"},{"name":"meta","definition":"https://terminology.devtest.systematic-ehealth.com/fhir/OperationDefinition/Multi-its-meta","documentation":"Request a list of tags, profiles, and security labels for a specfic resource instance"},{"name":"expunge","definition":"https://terminology.devtest.systematic-ehealth.com/fhir/OperationDefinition/Multi-its-expunge"}]},{"type":"OperationDefinition","profile":"http://hl7.org/fhir/StructureDefinition/OperationDefinition","interaction":[{"code":"read"}],"searchInclude":["*"],"searchRevInclude":["CodeSystem:supplements","ConceptMap:other","ConceptMap:source","ConceptMap:source-uri","ConceptMap:target","ConceptMap:target-uri","Group:managing-entity","Group:member"]},{"type":"Practitioner","profile":"http://hl7.org/fhir/StructureDefinition/Practitioner","interaction":[{"code":"search-type"},{"code":"update"},{"code":"vread"},{"code":"read"},{"code":"patch"},{"code":"history-type"},{"code":"history-instance"},{"code":"delete"},{"code":"create"}],"conditionalCreate":true,"conditionalUpdate":true,"conditionalDelete":"multiple","searchInclude":["*"],"searchRevInclude":["CodeSystem:supplements","ConceptMap:other","ConceptMap:source","ConceptMap:source-uri","ConceptMap:target","ConceptMap:target-uri","Group:managing-entity","Group:member"],"searchParam":[{"name":"_content","type":"string","documentation":"Search the contents of the resource's data using a fulltext search"},{"name":"_filter","type":"string","documentation":"Search the contents of the resource's data using a filter"},{"name":"_has","type":"string","documentation":"Return resources linked to by the given target"},{"name":"_id","type":"token","documentation":"The ID of the resource"},{"name":"_language","type":"token","documentation":"The language of the resource"},{"name":"_lastUpdated","type":"date","documentation":"Only return resources which were last updated as specified by the given range"},{"name":"_list","type":"string","documentation":"Search the contents of the resource's data using a list"},{"name":"_profile","type":"uri","documentation":"Search for resources which have the given profile"},{"name":"_security","type":"token","documentation":"Search for resources which have the given security labels"},{"name":"_source","type":"uri","documentation":"Search for resources which have the given source value (Resource.meta.source)"},{"name":"_tag","type":"token","documentation":"Search for resources which have the given tag"},{"name":"_text","type":"string","documentation":"Search the contents of the resource's narrative using a fulltext search"},{"name":"active","type":"token","documentation":"Whether the practitioner record is active"},{"name":"address","type":"string","documentation":"A server defined search that may match any of the string fields in the Address, including line, city, district, state, country, postalCode, and/or text"},{"name":"address-city","type":"string","documentation":"A city specified in an address"},{"name":"address-country","type":"string","documentation":"A country specified in an address"},{"name":"address-postalcode","type":"string","documentation":"A postalCode specified in an address"},{"name":"address-state","type":"string","documentation":"A state specified in an address"},{"name":"address-use","type":"token","documentation":"A use code specified in an address"},{"name":"communication","type":"token","documentation":"One of the languages that the practitioner can communicate with"},{"name":"email","type":"token","documentation":"A value in an email contact"},{"name":"family","type":"string","documentation":"A portion of the family name"},{"name":"gender","type":"token","documentation":"Gender of the practitioner"},{"name":"given","type":"string","documentation":"A portion of the given name"},{"name":"identifier","type":"token","documentation":"A practitioner's Identifier"},{"name":"name","type":"string","documentation":"A server defined search that may match any of the string fields in the HumanName, including family, give, prefix, suffix, suffix, and/or text"},{"name":"phone","type":"token","documentation":"A value in a phone contact"},{"name":"phonetic","type":"string","documentation":"A portion of either family or given name using some kind of phonetic matching algorithm"},{"name":"telecom","type":"token","documentation":"The value in any kind of contact"}],"operation":[{"name":"validate","definition":"https://terminology.devtest.systematic-ehealth.com/fhir/OperationDefinition/Multi-it-validate"},{"name":"meta-delete","definition":"https://terminology.devtest.systematic-ehealth.com/fhir/OperationDefinition/Multi-i-meta-delete","documentation":"Delete tags, profiles, and/or security labels from a resource"},{"name":"meta-add","definition":"https://terminology.devtest.systematic-ehealth.com/fhir/OperationDefinition/Multi-i-meta-add","documentation":"Add tags, profiles, and/or security labels to a resource"},{"name":"meta","definition":"https://terminology.devtest.systematic-ehealth.com/fhir/OperationDefinition/Multi-its-meta","documentation":"Request a list of tags, profiles, and security labels for a specfic resource instance"},{"name":"expunge","definition":"https://terminology.devtest.systematic-ehealth.com/fhir/OperationDefinition/Multi-its-expunge"}]},{"type":"StructureDefinition","profile":"http://hl7.org/fhir/StructureDefinition/StructureDefinition","interaction":[{"code":"search-type"},{"code":"read"}],"searchInclude":["*"],"searchRevInclude":["CodeSystem:supplements","ConceptMap:other","ConceptMap:source","ConceptMap:source-uri","ConceptMap:target","ConceptMap:target-uri","Group:managing-entity","Group:member"],"searchParam":[{"name":"type","type":"token","documentation":"Type defined or constrained by this structure"}]},{"type":"ValueSet","profile":"http://hl7.org/fhir/StructureDefinition/ValueSet","interaction":[{"code":"update"},{"code":"vread"},{"code":"read"},{"code":"patch"},{"code":"history-type"},{"code":"history-instance"},{"code":"delete"},{"code":"create"},{"code":"search-type"}],"conditionalCreate":true,"conditionalUpdate":true,"conditionalDelete":"multiple","searchInclude":["*"],"searchRevInclude":["CodeSystem:supplements","ConceptMap:other","ConceptMap:source","ConceptMap:source-uri","ConceptMap:target","ConceptMap:target-uri","Group:managing-entity","Group:member"],"searchParam":[{"name":"_content","type":"string","documentation":"Search the contents of the resource's data using a fulltext search"},{"name":"_filter","type":"string","documentation":"Search the contents of the resource's data using a filter"},{"name":"_has","type":"string","documentation":"Return resources linked to by the given target"},{"name":"_id","type":"token","documentation":"The ID of the resource"},{"name":"_language","type":"token","documentation":"The language of the resource"},{"name":"_lastUpdated","type":"date","documentation":"Only return resources which were last updated as specified by the given range"},{"name":"_list","type":"string","documentation":"Search the contents of the resource's data using a list"},{"name":"_profile","type":"uri","documentation":"Search for resources which have the given profile"},{"name":"_security","type":"token","documentation":"Search for resources which have the given security labels"},{"name":"_source","type":"uri","documentation":"Search for resources which have the given source value (Resource.meta.source)"},{"name":"_tag","type":"token","documentation":"Search for resources which have the given tag"},{"name":"_text","type":"string","documentation":"Search the contents of the resource's narrative using a fulltext search"},{"name":"code","type":"token","documentation":"This special parameter searches for codes in the value set. See additional notes on the ValueSet resource"},{"name":"context","type":"token","documentation":"A use context assigned to the value set"},{"name":"context-quantity","type":"quantity","documentation":"A quantity- or range-valued use context assigned to the value set"},{"name":"context-type","type":"token","documentation":"A type of use context assigned to the value set"},{"name":"context-type-quantity","type":"composite","documentation":"A use context type and quantity- or range-based value assigned to the value set"},{"name":"context-type-value","type":"composite","documentation":"A use context type and value assigned to the value set"},{"name":"date","type":"date","documentation":"The value set publication date"},{"name":"description","type":"string","documentation":"The description of the value set"},{"name":"expansion","type":"uri","documentation":"Identifies the value set expansion (business identifier)"},{"name":"identifier","type":"token","documentation":"External identifier for the value set"},{"name":"jurisdiction","type":"token","documentation":"Intended jurisdiction for the value set"},{"name":"name","type":"string","documentation":"Computationally friendly name of the value set"},{"name":"publisher","type":"string","documentation":"Name of the publisher of the value set"},{"name":"reference","type":"uri","documentation":"A code system included or excluded in the value set or an imported value set"},{"name":"status","type":"token","documentation":"The current status of the value set"},{"name":"title","type":"string","documentation":"The human-friendly name of the value set"},{"name":"url","type":"uri","documentation":"The uri that identifies the value set"},{"name":"version","type":"token","documentation":"The business version of the value set"}],"operation":[{"name":"validate-code","definition":"https://terminology.devtest.systematic-ehealth.com/fhir/OperationDefinition/CodeSystemValueSet-it-validate-code"},{"name":"invalidate-expansion","definition":"https://terminology.devtest.systematic-ehealth.com/fhir/OperationDefinition/ValueSet-i-invalidate-expansion"},{"name":"expand","definition":"https://terminology.devtest.systematic-ehealth.com/fhir/OperationDefinition/ValueSet-it-expand"},{"name":"validate","definition":"https://terminology.devtest.systematic-ehealth.com/fhir/OperationDefinition/Multi-it-validate"},{"name":"meta-delete","definition":"https://terminology.devtest.systematic-ehealth.com/fhir/OperationDefinition/Multi-i-meta-delete","documentation":"Delete tags, profiles, and/or security labels from a resource"},{"name":"meta-add","definition":"https://terminology.devtest.systematic-ehealth.com/fhir/OperationDefinition/Multi-i-meta-add","documentation":"Add tags, profiles, and/or security labels to a resource"},{"name":"meta","definition":"https://terminology.devtest.systematic-ehealth.com/fhir/OperationDefinition/Multi-its-meta","documentation":"Request a list of tags, profiles, and security labels for a specfic resource instance"},{"name":"expunge","definition":"https://terminology.devtest.systematic-ehealth.com/fhir/OperationDefinition/Multi-its-expunge"}]}],"operation":[{"name":"import","definition":"https://terminology.devtest.systematic-ehealth.com/fhir/OperationDefinition/-s-import","documentation":"Import terminology resources"},{"name":"reindex-terminology","definition":"https://terminology.devtest.systematic-ehealth.com/fhir/OperationDefinition/-s-reindex-terminology"},{"name":"meta","definition":"https://terminology.devtest.systematic-ehealth.com/fhir/OperationDefinition/Multi-its-meta"},{"name":"get-resource-counts","definition":"https://terminology.devtest.systematic-ehealth.com/fhir/OperationDefinition/-s-get-resource-counts","documentation":"Provides the number of resources currently stored on the server, broken down by resource type"}]}]}