{"resourceType":"CodeSystem","id":"ehealth-program","text":{"status":"generated","div":"<div xmlns=\"http://www.w3.org/1999/xhtml\"><p class=\"res-header-id\"><b>Generated Narrative: CodeSystem ehealth-program</b></p><a name=\"ehealth-program\"> </a><a name=\"hcehealth-program\"> </a><p>This case-sensitive code system <code>http://ehealth.sundhed.dk/cs/ehealth-program</code> defines the following codes:</p><table class=\"codes\"><tr><td style=\"white-space:nowrap\"><b>Code</b></td><td><b>Display</b></td><td><b>Definition</b></td></tr><tr><td style=\"white-space:nowrap\">kpro<a name=\"ehealth-program-kpro\"> </a></td><td>Kommunal PRO</td><td>Kommunal patientrapporterede oplysninger</td></tr><tr><td style=\"white-space:nowrap\">telma<a name=\"ehealth-program-telma\"> </a></td><td>Telma</td><td>Telemedicinsk monitoreringsapplikation</td></tr><tr><td style=\"white-space:nowrap\">telma-support-team<a name=\"ehealth-program-telma-support-team\"> </a></td><td>Telma Supportteam</td><td>Supportteam for Telemedicinsk monitoreringsapplikation</td></tr></table></div>"},"url":"http://ehealth.sundhed.dk/cs/ehealth-program","version":"6.0.2","name":"eHealthProgram","title":"eHealth Program","status":"active","experimental":false,"date":"2024-11-28T09:00:00+00:00","publisher":"Den telemedicinske infrastruktur (eHealth Infrastructure)","contact":[{"name":"Den telemedicinske infrastruktur (eHealth Infrastructure)","telecom":[{"system":"url","value":"http://ehealth.sundhed.dk"}]}],"description":"Codes for programs or projects using the eHealth Infrastructure and wanting to mark various resources as intended for their non-exclusive use.","jurisdiction":[{"coding":[{"system":"urn:iso:std:iso:3166","code":"DK","display":"Denmark"}]}],"caseSensitive":true,"content":"complete","concept":[{"code":"kpro","display":"Kommunal PRO","definition":"Kommunal patientrapporterede oplysninger"},{"code":"telma","display":"Telma","definition":"Telemedicinsk monitoreringsapplikation"},{"code":"telma-support-team","display":"Telma Supportteam","definition":"Supportteam for Telemedicinsk monitoreringsapplikation"}]}