{"resourceType":"CodeSystem","id":"ehealth-view-type","text":{"status":"generated","div":"<div xmlns=\"http://www.w3.org/1999/xhtml\"><p class=\"res-header-id\"><b>Generated Narrative: CodeSystem ehealth-view-type</b></p><a name=\"ehealth-view-type\"> </a><a name=\"hcehealth-view-type\"> </a><p>This case-sensitive code system <code>http://ehealth.sundhed.dk/cs/view-type</code> defines the following code:</p><table class=\"codes\"><tr><td style=\"white-space:nowrap\"><b>Code</b></td><td><b>Display</b></td><td><b>Definition</b></td><td><b>Dansk (Danish, da)</b></td></tr><tr><td style=\"white-space:nowrap\">interpretedview<a name=\"ehealth-view-type-interpretedview\"> </a></td><td>Interpreted view</td><td>interpretedView</td><td>Fortolket visning</td></tr></table></div>"},"url":"http://ehealth.sundhed.dk/cs/view-type","version":"6.0.2","name":"ViewType","title":"View types","status":"active","experimental":false,"date":"2021-10-15T00:00:00+00:00","publisher":"Den telemedicinske infrastruktur (eHealth Infrastructure)","contact":[{"name":"Den telemedicinske infrastruktur (eHealth Infrastructure)","telecom":[{"system":"url","value":"http://ehealth.sundhed.dk"}]}],"description":"View types","jurisdiction":[{"coding":[{"system":"urn:iso:std:iso:3166","code":"DK","display":"Denmark"}]}],"caseSensitive":true,"content":"complete","concept":[{"code":"interpretedview","display":"Interpreted view","definition":"interpretedView","designation":[{"language":"da","value":"Fortolket visning"}]}]}