{"resourceType":"CodeSystem","id":"ehealth-activitydefinition-code","text":{"status":"generated","div":"<div xmlns=\"http://www.w3.org/1999/xhtml\"><p class=\"res-header-id\"><b>Generated Narrative: CodeSystem ehealth-activitydefinition-code</b></p><a name=\"ehealth-activitydefinition-code\"> </a><a name=\"hcehealth-activitydefinition-code\"> </a><p><b>Properties</b></p><p><b>This code system defines the following properties for its concepts</b></p><table class=\"grid\"><tr><td><b>Name</b></td><td><b>Code</b></td><td><b>URI</b></td><td><b>Type</b></td><td><b>Description</b></td></tr><tr><td>Deprecated</td><td>deprecated</td><td>http://hl7.org/fhir/concept-properties#deprecated</td><td>dateTime</td><td>Indicates that the concept is deprecated and should not be used</td></tr></table><p><b>Concepts</b></p><p>This case-sensitive code system <code>http://ehealth.sundhed.dk/cs/activitydefinition-code</code> defines the following codes:</p><table class=\"codes\"><tr><td style=\"white-space:nowrap\"><b>Code</b></td><td><b>Display</b></td><td><b>Definition</b></td><td><b>Deprecated</b></td><td><b>Dansk (Danish, da)</b></td></tr><tr><td style=\"white-space:nowrap\">TBD<a name=\"ehealth-activitydefinition-code-TBD\"> </a></td><td>Example value - Under construction</td><td>Example value - Under construction</td><td>2020-02-03</td><td/></tr><tr><td style=\"white-space:nowrap\">229057006<a name=\"ehealth-activitydefinition-code-229057006\"> </a></td><td>Møder</td><td>Meetings(procedure)</td><td>2020-03-24</td><td/></tr><tr><td style=\"white-space:nowrap\">229058001<a name=\"ehealth-activitydefinition-code-229058001\"> </a></td><td>Sagskonferencer</td><td>Case-conference</td><td>2020-03-24</td><td/></tr><tr><td style=\"white-space:nowrap\">409073007<a name=\"ehealth-activitydefinition-code-409073007\"> </a></td><td>Instruktion</td><td>Instruction</td><td>2020-03-24</td><td/></tr><tr><td style=\"white-space:nowrap\">273586006<a name=\"ehealth-activitydefinition-code-273586006\"> </a></td><td>Master Questionnaire</td><td>Master-questionnaire(DK)</td><td>2020-03-24</td><td/></tr><tr><td style=\"white-space:nowrap\">HA<a name=\"ehealth-activitydefinition-code-HA\"> </a></td><td>Head activity</td><td>Head activity</td><td/><td>Hovedaktivitet</td></tr><tr><td style=\"white-space:nowrap\">SQ<a name=\"ehealth-activitydefinition-code-SQ\"> </a></td><td>Situation quality assessment</td><td>Assessment of situation quality</td><td/><td>Bestemmelse af situationskvalitet</td></tr><tr><td style=\"white-space:nowrap\">QR<a name=\"ehealth-activitydefinition-code-QR\"> </a></td><td>Usage quality assessment</td><td>Assessment of usage quality</td><td/><td>Bestemmelse af betjeningskvalitet</td></tr><tr><td style=\"white-space:nowrap\">SDG<a name=\"ehealth-activitydefinition-code-SDG\"> </a></td><td>Same device group</td><td>Same device group</td><td/><td>Samme udstyrsgruppe</td></tr></table></div>"},"url":"http://ehealth.sundhed.dk/cs/activitydefinition-code","version":"6.0.2","name":"ActivityDefinitionCodes","title":"Activity Definition Codes","status":"active","experimental":false,"date":"2019-01-29T00:00:00+00:00","publisher":"Den telemedicinske infrastruktur (eHealth Infrastructure)","contact":[{"name":"Den telemedicinske infrastruktur (eHealth Infrastructure)","telecom":[{"system":"url","value":"http://ehealth.sundhed.dk"}]}],"description":"Kinds of activities","jurisdiction":[{"coding":[{"system":"urn:iso:std:iso:3166","code":"DK","display":"Denmark"}]}],"caseSensitive":true,"content":"complete","property":[{"code":"deprecated","uri":"http://hl7.org/fhir/concept-properties#deprecated","description":"Indicates that the concept is deprecated and should not be used","type":"dateTime"}],"concept":[{"code":"TBD","display":"Example value - Under construction","definition":"Example value - Under construction","property":[{"code":"deprecated","valueDateTime":"2020-02-03"}]},{"code":"229057006","display":"Møder","definition":"Meetings(procedure)","property":[{"code":"deprecated","valueDateTime":"2020-03-24"}]},{"code":"229058001","display":"Sagskonferencer","definition":"Case-conference","property":[{"code":"deprecated","valueDateTime":"2020-03-24"}]},{"code":"409073007","display":"Instruktion","definition":"Instruction","property":[{"code":"deprecated","valueDateTime":"2020-03-24"}]},{"code":"273586006","display":"Master Questionnaire","definition":"Master-questionnaire(DK)","property":[{"code":"deprecated","valueDateTime":"2020-03-24"}]},{"code":"HA","display":"Head activity","definition":"Head activity","designation":[{"language":"da","value":"Hovedaktivitet"}]},{"code":"SQ","display":"Situation quality assessment","definition":"Assessment of situation quality","designation":[{"language":"da","value":"Bestemmelse af situationskvalitet"}]},{"code":"QR","display":"Usage quality assessment","definition":"Assessment of usage quality","designation":[{"language":"da","value":"Bestemmelse af betjeningskvalitet"}]},{"code":"SDG","display":"Same device group","definition":"Same device group","designation":[{"language":"da","value":"Samme udstyrsgruppe"}]}]}