{"resourceType":"CodeSystem","id":"fs3-health-psychosocial-conditions","text":{"status":"generated","div":"<div xmlns=\"http://www.w3.org/1999/xhtml\"><p class=\"res-header-id\"><b>Generated Narrative: CodeSystem fs3-health-psychosocial-conditions</b></p><a name=\"fs3-health-psychosocial-conditions\"> </a><a name=\"hcfs3-health-psychosocial-conditions\"> </a><p>This  code system <code>http://ehealth.sundhed.dk/cs/fs3-health-psychosocial-conditions</code> defines the following codes:</p><table class=\"codes\"><tr><td style=\"white-space:nowrap\"><b>Code</b></td><td><b>Display</b></td><td><b>Dansk (Danish, da)</b></td></tr><tr><td style=\"white-space:nowrap\">SOCIALIZATION<a name=\"fs3-health-psychosocial-conditions-SOCIALIZATION\"> </a></td><td>Problemer med socialt samvær</td><td>Problemer med socialt samvær</td></tr><tr><td style=\"white-space:nowrap\">EMOTIONAL<a name=\"fs3-health-psychosocial-conditions-EMOTIONAL\"> </a></td><td>Emotionelle problemer</td><td>Emotionelle problemer</td></tr><tr><td style=\"white-space:nowrap\">ABUSE<a name=\"fs3-health-psychosocial-conditions-ABUSE\"> </a></td><td>Problemer med misbrug</td><td>Problemer med misbrug</td></tr><tr><td style=\"white-space:nowrap\">MENTAL<a name=\"fs3-health-psychosocial-conditions-MENTAL\"> </a></td><td>Mentale problemer</td><td>Mentale problemer</td></tr></table></div>"},"url":"http://ehealth.sundhed.dk/cs/fs3-health-psychosocial-conditions","version":"6.0.2","name":"FS III, Psykosociale forhold","title":"FS III, Psykosociale forhold","status":"active","experimental":true,"date":"2019-02-02T00:00:00+00:00","publisher":"Den telemedicinske infrastruktur (eHealth Infrastructure)","contact":[{"name":"Den telemedicinske infrastruktur (eHealth Infrastructure)","telecom":[{"system":"url","value":"http://ehealth.sundhed.dk"}]}],"description":"FS III, Psykosociale forhold","jurisdiction":[{"coding":[{"system":"urn:iso:std:iso:3166","code":"DK","display":"Denmark"}]}],"content":"complete","concept":[{"code":"SOCIALIZATION","display":"Problemer med socialt samvær","designation":[{"language":"da","value":"Problemer med socialt samvær"}]},{"code":"EMOTIONAL","display":"Emotionelle problemer","designation":[{"language":"da","value":"Emotionelle problemer"}]},{"code":"ABUSE","display":"Problemer med misbrug","designation":[{"language":"da","value":"Problemer med misbrug"}]},{"code":"MENTAL","display":"Mentale problemer","designation":[{"language":"da","value":"Mentale problemer"}]}]}