{"resourceType":"SearchParameter","id":"ehealth-patient-search-cpridentifier","text":{"status":"generated","div":"<div xmlns=\"http://www.w3.org/1999/xhtml\"><p class=\"res-header-id\"><b>Generated Narrative: SearchParameter ehealth-patient-search-cpridentifier</b></p><a name=\"ehealth-patient-search-cpridentifier\"> </a><a name=\"hcehealth-patient-search-cpridentifier\"> </a><h2>patientCPRIdentifier</h2><p>Parameter <code>patientCPRIdentifier</code>:<code>token</code></p><div><p>Search parameter for Patient DK-Core CPR identifier</p>\n</div><table class=\"grid\"><tr><td>Resource</td><td><a href=\"http://hl7.org/fhir/R4/patient.html\">Patient</a></td></tr><tr><td>Expression</td><td><code>Patient.identifier.where(system = 'urn:oid:1.2.208.176.1.2').value</code></td></tr><tr><td>Processing Mode</td><td>Normal</td></tr><tr><td>Multiples</td><td><ul><li>multipleAnd: It's up to the server whether the parameter may repeat in order to specify multiple values that must all be true</li><li>multipleOr: It's up to the server whether the parameter can have multiple values (separated by comma) where at least one must be true</li></ul></td></tr></table></div>"},"url":"http://ehealth.sundhed.dk/fhir/SearchParameter/Patient/cprIdentifier","version":"6.0.2","name":"patientCPRIdentifier","status":"active","date":"2022-11-15T08:31:20+00:00","publisher":"Den telemedicinske infrastruktur (eHealth Infrastructure)","contact":[{"name":"Den telemedicinske infrastruktur (eHealth Infrastructure)","telecom":[{"system":"url","value":"http://ehealth.sundhed.dk"}]}],"description":"Search parameter for Patient DK-Core CPR identifier","jurisdiction":[{"coding":[{"system":"urn:iso:std:iso:3166","code":"DK","display":"Denmark"}]}],"code":"patientCPRIdentifier","base":["Patient"],"type":"token","expression":"Patient.identifier.where(system = 'urn:oid:1.2.208.176.1.2').value","xpathUsage":"normal"}