{"resourceType":"ValueSet","id":"ehealth-communication-category","text":{"status":"generated","div":"<div xmlns=\"http://www.w3.org/1999/xhtml\"><p class=\"res-header-id\"><b>Generated Narrative: ValueSet ehealth-communication-category</b></p><a name=\"ehealth-communication-category\"> </a><a name=\"hcehealth-communication-category\"> </a><ul><li>Include all codes defined in <a href=\"CodeSystem-ehealth-communication-category.html\"><code>http://ehealth.sundhed.dk/cs/communication-category</code></a></li></ul></div>"},"url":"http://ehealth.sundhed.dk/vs/communication-category","version":"6.0.2","name":"CommunicationCategory","title":"Communication Category","status":"active","experimental":true,"date":"2019-09-27T00:00:00+00:00","publisher":"Den telemedicinske infrastruktur (eHealth Infrastructure)","contact":[{"name":"Den telemedicinske infrastruktur (eHealth Infrastructure)","telecom":[{"system":"url","value":"http://ehealth.sundhed.dk"}]}],"description":"Communication Category.","jurisdiction":[{"coding":[{"system":"urn:iso:std:iso:3166","code":"DK","display":"Denmark"}]}],"compose":{"include":[{"system":"http://ehealth.sundhed.dk/cs/communication-category"}]}}