{"resourceType":"ValueSet","id":"regional-subdivision-codes","text":{"status":"generated","div":"<div xmlns=\"http://www.w3.org/1999/xhtml\"><p class=\"res-header-id\"><b>Generated Narrative: ValueSet regional-subdivision-codes</b></p><a name=\"regional-subdivision-codes\"> </a><a name=\"hcregional-subdivision-codes\"> </a><ul><li>Include all codes defined in <a href=\"CodeSystem-iso-reg-subdiv-codes.html\"><code>https://www.iso.org/obp/ui/#iso:code:3166:DK</code></a></li></ul></div>"},"url":"http://ehealth.sundhed.dk/vs/regional-subdivision-codes","version":"6.0.2","name":"RegionalSubdivisionCodes","status":"active","experimental":true,"date":"2019-02-02T00:00:00+00:00","publisher":"Den telemedicinske infrastruktur (eHealth Infrastructure)","contact":[{"name":"Den telemedicinske infrastruktur (eHealth Infrastructure)","telecom":[{"system":"url","value":"http://ehealth.sundhed.dk"}]}],"description":"Subdivision codes (Regional codes) used in Denmark","jurisdiction":[{"coding":[{"system":"urn:iso:std:iso:3166","code":"DK","display":"Denmark"}]}],"compose":{"include":[{"system":"https://www.iso.org/obp/ui/#iso:code:3166:DK"}]}}