{"resourceType":"ValueSet","id":"ehealth-clinicalimpression-codes","text":{"status":"generated","div":"<div xmlns=\"http://www.w3.org/1999/xhtml\"><p class=\"res-header-id\"><b>Generated Narrative: ValueSet ehealth-clinicalimpression-codes</b></p><a name=\"ehealth-clinicalimpression-codes\"> </a><a name=\"hcehealth-clinicalimpression-codes\"> </a><ul><li>Include all codes defined in <a href=\"CodeSystem-ehealth-clinicalimpression-codes.html\"><code>http://ehealth.sundhed.dk/cs/clinicalimpression-codes</code></a></li></ul></div>"},"url":"http://ehealth.sundhed.dk/vs/clinicalimpression-codes","version":"6.0.2","name":"ClinicalImpressionCodes","title":"Clinical Impression Codes","status":"active","experimental":true,"date":"2019-02-08T00:00:00+00:00","publisher":"Den telemedicinske infrastruktur (eHealth Infrastructure)","contact":[{"name":"Den telemedicinske infrastruktur (eHealth Infrastructure)","telecom":[{"system":"url","value":"http://ehealth.sundhed.dk"}]}],"description":"Value set of clinical impression codes.","jurisdiction":[{"coding":[{"system":"urn:iso:std:iso:3166","code":"DK","display":"Denmark"}]}],"compose":{"include":[{"system":"http://ehealth.sundhed.dk/cs/clinicalimpression-codes"}]}}