{"resourceType":"ValueSet","id":"ehealth-thumbnail-status","text":{"status":"generated","div":"<div xmlns=\"http://www.w3.org/1999/xhtml\"><p class=\"res-header-id\"><b>Generated Narrative: ValueSet ehealth-thumbnail-status</b></p><a name=\"ehealth-thumbnail-status\"> </a><a name=\"hcehealth-thumbnail-status\"> </a><ul><li>Include all codes defined in <a href=\"CodeSystem-ehealth-thumbnail-status.html\"><code>http://ehealth.sundhed.dk/cs/thumbnail-status</code></a></li></ul></div>"},"url":"http://ehealth.sundhed.dk/vs/thumbnail-status","version":"6.0.2","name":"ThumbnailStatus","title":"Thumbnail Status","status":"active","experimental":false,"date":"2024-10-28T10:02:00+02:00","publisher":"Den telemedicinske infrastruktur (eHealth Infrastructure)","contact":[{"name":"Den telemedicinske infrastruktur (eHealth Infrastructure)","telecom":[{"system":"url","value":"http://ehealth.sundhed.dk"}]}],"description":"Thumbnail status is a value set for the status of low resolution media representations.","jurisdiction":[{"coding":[{"system":"urn:iso:std:iso:3166","code":"DK","display":"Denmark"}]}],"compose":{"include":[{"system":"http://ehealth.sundhed.dk/cs/thumbnail-status"}]}}