{"resourceType":"ValueSet","id":"ehealth-document-reference-type","text":{"status":"generated","div":"<div xmlns=\"http://www.w3.org/1999/xhtml\"><p class=\"res-header-id\"><b>Generated Narrative: ValueSet ehealth-document-reference-type</b></p><a name=\"ehealth-document-reference-type\"> </a><a name=\"hcehealth-document-reference-type\"> </a><p>This value set includes codes based on the following rules:</p><ul><li>Include all codes defined in <a href=\"CodeSystem-ehealth-document-reference-type.html\"><code>http://ehealth.sundhed.dk/cs/ehealth-document-reference-type</code></a></li><li>Include these codes as defined in <a href=\"http://loinc.org\"><code>http://loinc.org</code></a><table class=\"none\"><tr><td style=\"white-space:nowrap\"><b>Code</b></td><td><b>Display</b></td><td><b>Dansk (Danish, da)</b></td></tr><tr><td><a href=\"https://loinc.org/69730-0/\">69730-0</a></td><td>Instructions</td><td>Instruktioner</td></tr></table></li></ul></div>"},"url":"http://ehealth.sundhed.dk/vs/ehealth-document-reference-type","version":"6.0.2","name":"EHealthDocumentReferenceType","title":"EHealthDocumentReference Type","status":"active","experimental":false,"date":"2025-09-02T00:00:00+00:00","publisher":"Den telemedicinske infrastruktur (eHealth Infrastructure)","contact":[{"name":"Den telemedicinske infrastruktur (eHealth Infrastructure)","telecom":[{"system":"url","value":"http://ehealth.sundhed.dk"}]}],"description":"EHealthDocumentReference Type ValueSet","jurisdiction":[{"coding":[{"system":"urn:iso:std:iso:3166","code":"DK","display":"Denmark"}]}],"compose":{"include":[{"system":"http://ehealth.sundhed.dk/cs/ehealth-document-reference-type"},{"system":"http://loinc.org","concept":[{"code":"69730-0","display":"Instructions","designation":[{"language":"da","value":"Instruktioner"}]}]}]}}