{"resourceType":"CodeSystem","id":"snomed-20150731","text":{"status":"generated","div":"<div xmlns=\"http://www.w3.org/1999/xhtml\"><p class=\"res-header-id\"><b>Generated Narrative: CodeSystem snomed-20150731</b></p><a name=\"snomed-20150731\"> </a><a name=\"hcsnomed-20150731\"> </a><a name=\"snomed-20150731-da-DK\"> </a><p>This case-sensitive code system <code>http://snomed.info/sct/554471000005108/version/20150731</code> defines the following codes:</p><table class=\"codes\"><tr><td style=\"white-space:nowrap\"><b>Code</b></td><td><b>Display</b></td><td><b>Definition</b></td><td><b>Dansk (Danish, da)</b></td></tr><tr><td style=\"white-space:nowrap\">551411000005104<a name=\"snomed-20150731-551411000005104\"> </a></td><td>surgical gastroenterology</td><td>surgical gastroenterology</td><td>kirurgisk gastroenterologi</td></tr><tr><td style=\"white-space:nowrap\">554011000005107<a name=\"snomed-20150731-554011000005107\"> </a></td><td>forensic medicine</td><td>forensic medicine</td><td>retsmedicin</td></tr><tr><td style=\"white-space:nowrap\">394812008<a name=\"snomed-20150731-394812008\"> </a></td><td>dental medicine specialities</td><td>dental medicine specialities</td><td>odontologiske specialer</td></tr><tr><td style=\"white-space:nowrap\">554221000005108<a name=\"snomed-20150731-554221000005108\"> </a></td><td>dwilling place</td><td>dwilling place</td><td>bosted</td></tr><tr><td style=\"white-space:nowrap\">554031000005103<a name=\"snomed-20150731-554031000005103\"> </a></td><td>dietician clinic</td><td>dietician clinic</td><td>diætistklinik</td></tr><tr><td style=\"white-space:nowrap\">546821000005103<a name=\"snomed-20150731-546821000005103\"> </a></td><td>occupational therapy clinic</td><td>occupational therapy clinic</td><td>ergoterapiklinik</td></tr><tr><td style=\"white-space:nowrap\">547011000005103<a name=\"snomed-20150731-547011000005103\"> </a></td><td>fysiotherapy clinic</td><td>fysiotherapy clinic</td><td>fysioterapiklinik</td></tr><tr><td style=\"white-space:nowrap\">546811000005109<a name=\"snomed-20150731-546811000005109\"> </a></td><td>rehabilitation center</td><td>rehabilitation center</td><td>genoptræningscenter</td></tr><tr><td style=\"white-space:nowrap\">550621000005101<a name=\"snomed-20150731-550621000005101\"> </a></td><td>district nursing</td><td>district nursing</td><td>hjemmesygepleje</td></tr><tr><td style=\"white-space:nowrap\">550631000005103<a name=\"snomed-20150731-550631000005103\"> </a></td><td>midwife clinic</td><td>midwife clinic</td><td>jordemoderklinik</td></tr><tr><td style=\"white-space:nowrap\">550641000005106<a name=\"snomed-20150731-550641000005106\"> </a></td><td>chiropractic clinic</td><td>chiropractic clinic</td><td>kiropraktorklinik</td></tr><tr><td style=\"white-space:nowrap\">550651000005108<a name=\"snomed-20150731-550651000005108\"> </a></td><td>medical laboratory</td><td>medical laboratory</td><td>lægelaboratorium</td></tr><tr><td style=\"white-space:nowrap\">550661000005105<a name=\"snomed-20150731-550661000005105\"> </a></td><td>emergency medical service</td><td>emergency medical service</td><td>lægevagt</td></tr><tr><td style=\"white-space:nowrap\">554211000005102<a name=\"snomed-20150731-554211000005102\"> </a></td><td>prehospital unit</td><td>prehospital unit</td><td>præhospitalsenhed</td></tr><tr><td style=\"white-space:nowrap\">550711000005101<a name=\"snomed-20150731-550711000005101\"> </a></td><td>psychology counselling clinic</td><td>psychology counselling clinic</td><td>psykologisk rådgivningsklinik</td></tr><tr><td style=\"white-space:nowrap\">550671000005100<a name=\"snomed-20150731-550671000005100\"> </a></td><td>medical specialist practice site</td><td>medical specialist practice site</td><td>speciallægepraksis</td></tr><tr><td style=\"white-space:nowrap\">554061000005105<a name=\"snomed-20150731-554061000005105\"> </a></td><td>Chiropodist clinic</td><td>Chiropodist clinic</td><td>fodterapeutklinik</td></tr><tr><td style=\"white-space:nowrap\">554041000005106<a name=\"snomed-20150731-554041000005106\"> </a></td><td>health administration</td><td>health administration</td><td>sundhedsforvaltning</td></tr><tr><td style=\"white-space:nowrap\">554021000005101<a name=\"snomed-20150731-554021000005101\"> </a></td><td>health visitors</td><td>health visitors</td><td>sundhedspleje</td></tr><tr><td style=\"white-space:nowrap\">550681000005102<a name=\"snomed-20150731-550681000005102\"> </a></td><td>dental practice</td><td>dental practice</td><td>tandlægepraksis</td></tr><tr><td style=\"white-space:nowrap\">550691000005104<a name=\"snomed-20150731-550691000005104\"> </a></td><td>Dental care clinic</td><td>Dental care clinic</td><td>tandplejeklinik</td></tr><tr><td style=\"white-space:nowrap\">550701000005104<a name=\"snomed-20150731-550701000005104\"> </a></td><td>dental technician clinic</td><td>dental technician clinic</td><td>tandteknisk klinik</td></tr><tr><td style=\"white-space:nowrap\">554231000005106<a name=\"snomed-20150731-554231000005106\"> </a></td><td>vaccination clinic</td><td>vaccination clinic</td><td>vaccinationsklinik</td></tr><tr><td style=\"white-space:nowrap\">554051000005108<a name=\"snomed-20150731-554051000005108\"> </a></td><td>Reflexology clinic</td><td>Reflexology clinic</td><td>zoneterapiklinik</td></tr><tr><td style=\"white-space:nowrap\">550811000005108<a name=\"snomed-20150731-550811000005108\"> </a></td><td>admistrative unit</td><td>admistrative unit</td><td>administrativ enhed</td></tr><tr><td style=\"white-space:nowrap\">547211000005108<a name=\"snomed-20150731-547211000005108\"> </a></td><td>municipality</td><td>municipality</td><td>kommune</td></tr><tr><td style=\"white-space:nowrap\">550891000005100<a name=\"snomed-20150731-550891000005100\"> </a></td><td>private</td><td>private</td><td>privat</td></tr><tr><td style=\"white-space:nowrap\">550881000005103<a name=\"snomed-20150731-550881000005103\"> </a></td><td>region</td><td>region</td><td>region</td></tr><tr><td style=\"white-space:nowrap\">550411000005105<a name=\"snomed-20150731-550411000005105\"> </a></td><td>Other health institution</td><td>Other health institution</td><td>anden sundhedsinstitution</td></tr><tr><td style=\"white-space:nowrap\">554851000005102<a name=\"snomed-20150731-554851000005102\"> </a></td><td>Asylum centre</td><td>Asylum centre</td><td>asylcenter</td></tr><tr><td style=\"white-space:nowrap\">550861000005106<a name=\"snomed-20150731-550861000005106\"> </a></td><td>fysiotherapy and occupational clinic</td><td>fysiotherapy and occupational clinic</td><td>fysioterapi- og ergoterapiklinik</td></tr><tr><td style=\"white-space:nowrap\">554881000005108<a name=\"snomed-20150731-554881000005108\"> </a></td><td>handicap and psychiatry</td><td>handicap and psychiatry</td><td>handicap og psykiatri</td></tr><tr><td style=\"white-space:nowrap\">554861000005100<a name=\"snomed-20150731-554861000005100\"> </a></td><td>handicap</td><td>handicap</td><td>handicap</td></tr><tr><td style=\"white-space:nowrap\">554821000005109<a name=\"snomed-20150731-554821000005109\"> </a></td><td>home care</td><td>home care</td><td>hjemmepleje</td></tr><tr><td style=\"white-space:nowrap\">554411000005101<a name=\"snomed-20150731-554411000005101\"> </a></td><td>employment agency</td><td>employment agency</td><td>jobcenter</td></tr><tr><td style=\"white-space:nowrap\">554871000005105<a name=\"snomed-20150731-554871000005105\"> </a></td><td>psychiatry</td><td>psychiatry</td><td>psykiatri</td></tr><tr><td style=\"white-space:nowrap\">550821000005102<a name=\"snomed-20150731-550821000005102\"> </a></td><td>service unit</td><td>service unit</td><td>serviceenhed</td></tr><tr><td style=\"white-space:nowrap\">550871000005101<a name=\"snomed-20150731-550871000005101\"> </a></td><td>emergency admission unit</td><td>emergency admission unit</td><td>akutmodtageenhed</td></tr><tr><td style=\"white-space:nowrap\">554241000005103<a name=\"snomed-20150731-554241000005103\"> </a></td><td>technical location number</td><td>technical location number</td><td>teknisk lokationsnummer</td></tr><tr><td style=\"white-space:nowrap\">550841000005107<a name=\"snomed-20150731-550841000005107\"> </a></td><td>research unit</td><td>research unit</td><td>forskningsenhed</td></tr><tr><td style=\"white-space:nowrap\">550851000005109<a name=\"snomed-20150731-550851000005109\"> </a></td><td>clinical unit</td><td>clinical unit</td><td>klinisk enhed</td></tr><tr><td style=\"white-space:nowrap\">551611000005102<a name=\"snomed-20150731-551611000005102\"> </a></td><td>surgical ward</td><td>surgical ward</td><td>operationsgang</td></tr><tr><td style=\"white-space:nowrap\">554071000005100<a name=\"snomed-20150731-554071000005100\"> </a></td><td>hospital pharmacy</td><td>hospital pharmacy</td><td>sygehusapotek</td></tr><tr><td style=\"white-space:nowrap\">550831000005104<a name=\"snomed-20150731-550831000005104\"> </a></td><td>education unit</td><td>education unit</td><td>uddannelsesenhed</td></tr></table></div>"},"url":"http://snomed.info/sct/554471000005108/version/20150731","identifier":[{"system":"urn:ietf:rfc:3986","value":"urn:oid:2.16.840.1.113883.6.96"}],"version":"3.4.0","name":"Danish-SNOMED-CT-Extension","title":"Danish SNOMED CT Extension","status":"active","experimental":false,"date":"2019-12-27T00:00:00+00:00","publisher":"Den telemedicinske infrastruktur (eHealth Infrastructure)","contact":[{"name":"Den telemedicinske infrastruktur (eHealth Infrastructure)","telecom":[{"system":"url","value":"http://ehealth.sundhed.dk"}]}],"description":"Danish SNOMED CT Extension","jurisdiction":[{"coding":[{"system":"urn:iso:std:iso:3166","code":"DK","display":"Denmark"}]}],"caseSensitive":true,"content":"complete","concept":[{"code":"551411000005104","display":"surgical gastroenterology","definition":"surgical gastroenterology","designation":[{"language":"da","value":"kirurgisk gastroenterologi"}]},{"code":"554011000005107","display":"forensic medicine","definition":"forensic medicine","designation":[{"language":"da","value":"retsmedicin"}]},{"code":"394812008","display":"dental medicine specialities","definition":"dental medicine specialities","designation":[{"language":"da","value":"odontologiske specialer"}]},{"code":"554221000005108","display":"dwilling place","definition":"dwilling place","designation":[{"language":"da","value":"bosted"}]},{"code":"554031000005103","display":"dietician clinic","definition":"dietician clinic","designation":[{"language":"da","value":"diætistklinik"}]},{"code":"546821000005103","display":"occupational therapy clinic","definition":"occupational therapy clinic","designation":[{"language":"da","value":"ergoterapiklinik"}]},{"code":"547011000005103","display":"fysiotherapy clinic","definition":"fysiotherapy clinic","designation":[{"language":"da","value":"fysioterapiklinik"}]},{"code":"546811000005109","display":"rehabilitation center","definition":"rehabilitation center","designation":[{"language":"da","value":"genoptræningscenter"}]},{"code":"550621000005101","display":"district nursing","definition":"district nursing","designation":[{"language":"da","value":"hjemmesygepleje"}]},{"code":"550631000005103","display":"midwife clinic","definition":"midwife clinic","designation":[{"language":"da","value":"jordemoderklinik"}]},{"code":"550641000005106","display":"chiropractic clinic","definition":"chiropractic clinic","designation":[{"language":"da","value":"kiropraktorklinik"}]},{"code":"550651000005108","display":"medical laboratory","definition":"medical laboratory","designation":[{"language":"da","value":"lægelaboratorium"}]},{"code":"550661000005105","display":"emergency medical service","definition":"emergency medical service","designation":[{"language":"da","value":"lægevagt"}]},{"code":"554211000005102","display":"prehospital unit","definition":"prehospital unit","designation":[{"language":"da","value":"præhospitalsenhed"}]},{"code":"550711000005101","display":"psychology counselling clinic","definition":"psychology counselling clinic","designation":[{"language":"da","value":"psykologisk rådgivningsklinik"}]},{"code":"550671000005100","display":"medical specialist practice site","definition":"medical specialist practice site","designation":[{"language":"da","value":"speciallægepraksis"}]},{"code":"554061000005105","display":"Chiropodist clinic","definition":"Chiropodist clinic","designation":[{"language":"da","value":"fodterapeutklinik"}]},{"code":"554041000005106","display":"health administration","definition":"health administration","designation":[{"language":"da","value":"sundhedsforvaltning"}]},{"code":"554021000005101","display":"health visitors","definition":"health visitors","designation":[{"language":"da","value":"sundhedspleje"}]},{"code":"550681000005102","display":"dental practice","definition":"dental practice","designation":[{"language":"da","value":"tandlægepraksis"}]},{"code":"550691000005104","display":"Dental care clinic","definition":"Dental care clinic","designation":[{"language":"da","value":"tandplejeklinik"}]},{"code":"550701000005104","display":"dental technician clinic","definition":"dental technician clinic","designation":[{"language":"da","value":"tandteknisk klinik"}]},{"code":"554231000005106","display":"vaccination clinic","definition":"vaccination clinic","designation":[{"language":"da","value":"vaccinationsklinik"}]},{"code":"554051000005108","display":"Reflexology clinic","definition":"Reflexology clinic","designation":[{"language":"da","value":"zoneterapiklinik"}]},{"code":"550811000005108","display":"admistrative unit","definition":"admistrative unit","designation":[{"language":"da","value":"administrativ enhed"}]},{"code":"547211000005108","display":"municipality","definition":"municipality","designation":[{"language":"da","value":"kommune"}]},{"code":"550891000005100","display":"private","definition":"private","designation":[{"language":"da","value":"privat"}]},{"code":"550881000005103","display":"region","definition":"region","designation":[{"language":"da","value":"region"}]},{"code":"550411000005105","display":"Other health institution","definition":"Other health institution","designation":[{"language":"da","value":"anden sundhedsinstitution"}]},{"code":"554851000005102","display":"Asylum centre","definition":"Asylum centre","designation":[{"language":"da","value":"asylcenter"}]},{"code":"550861000005106","display":"fysiotherapy and occupational clinic","definition":"fysiotherapy and occupational clinic","designation":[{"language":"da","value":"fysioterapi- og ergoterapiklinik"}]},{"code":"554881000005108","display":"handicap and psychiatry","definition":"handicap and psychiatry","designation":[{"language":"da","value":"handicap og psykiatri"}]},{"code":"554861000005100","display":"handicap","definition":"handicap","designation":[{"language":"da","value":"handicap"}]},{"code":"554821000005109","display":"home care","definition":"home care","designation":[{"language":"da","value":"hjemmepleje"}]},{"code":"554411000005101","display":"employment agency","definition":"employment agency","designation":[{"language":"da","value":"jobcenter"}]},{"code":"554871000005105","display":"psychiatry","definition":"psychiatry","designation":[{"language":"da","value":"psykiatri"}]},{"code":"550821000005102","display":"service unit","definition":"service unit","designation":[{"language":"da","value":"serviceenhed"}]},{"code":"550871000005101","display":"emergency admission unit","definition":"emergency admission unit","designation":[{"language":"da","value":"akutmodtageenhed"}]},{"code":"554241000005103","display":"technical location number","definition":"technical location number","designation":[{"language":"da","value":"teknisk lokationsnummer"}]},{"code":"550841000005107","display":"research unit","definition":"research unit","designation":[{"language":"da","value":"forskningsenhed"}]},{"code":"550851000005109","display":"clinical unit","definition":"clinical unit","designation":[{"language":"da","value":"klinisk enhed"}]},{"code":"551611000005102","display":"surgical ward","definition":"surgical ward","designation":[{"language":"da","value":"operationsgang"}]},{"code":"554071000005100","display":"hospital pharmacy","definition":"hospital pharmacy","designation":[{"language":"da","value":"sygehusapotek"}]},{"code":"550831000005104","display":"education unit","definition":"education unit","designation":[{"language":"da","value":"uddannelsesenhed"}]}]}