{"resourceType":"CodeSystem","id":"ehealth-devicemetric-property-types","text":{"status":"generated","div":"<div xmlns=\"http://www.w3.org/1999/xhtml\"><p class=\"res-header-id\"><b>Generated Narrative: CodeSystem ehealth-devicemetric-property-types</b></p><a name=\"ehealth-devicemetric-property-types\"> </a><a name=\"hcehealth-devicemetric-property-types\"> </a><a name=\"ehealth-devicemetric-property-types-da-DK\"> </a><p>This case-sensitive code system <code>http://ehealth.sundhed.dk/cs/devicemetric-property-types</code> defines the following codes:</p><table class=\"codes\"><tr><td style=\"white-space:nowrap\"><b>Code</b></td><td><b>Display</b></td><td><b>Definition</b></td><td><b>Dansk (Danish, da)</b></td></tr><tr><td style=\"white-space:nowrap\">TBD<a name=\"ehealth-devicemetric-property-types-TBD\"> </a></td><td>Example value - Under construction</td><td>Example value - Under construction</td><td/></tr><tr><td style=\"white-space:nowrap\">buttonSize<a name=\"ehealth-devicemetric-property-types-buttonSize\"> </a></td><td>Size of button on device</td><td>Size of button on device</td><td>Udstyrets knapstørrelse</td></tr></table></div>"},"url":"http://ehealth.sundhed.dk/cs/devicemetric-property-types","version":"3.4.0","name":"DeviceMetricPropertyTypes","title":"DeviceMetric Property Types","status":"active","experimental":false,"date":"2019-01-29T00:00:00+00:00","publisher":"Den telemedicinske infrastruktur (eHealth Infrastructure)","contact":[{"name":"Den telemedicinske infrastruktur (eHealth Infrastructure)","telecom":[{"system":"url","value":"http://ehealth.sundhed.dk"}]}],"description":"Types of properties which can be attributed to a Device.","jurisdiction":[{"coding":[{"system":"urn:iso:std:iso:3166","code":"DK","display":"Denmark"}]}],"caseSensitive":true,"content":"complete","concept":[{"code":"TBD","display":"Example value - Under construction","definition":"Example value - Under construction","designation":[{"use":{"system":"http://terminology.hl7.org/CodeSystem/designation-usage","code":"display"},"value":"Example value - Under construction"}],"property":[{"valueDateTime":"2020-02-03"}]},{"code":"buttonSize","display":"Size of button on device","definition":"Size of button on device","designation":[{"language":"da","value":"Udstyrets knapstørrelse"},{"use":{"system":"http://terminology.hl7.org/CodeSystem/designation-usage","code":"display"},"value":"Size of button on device"}]}]}