{"resourceType":"NamingSystem","id":"ehealth-environment","text":{"status":"generated","div":"<div xmlns=\"http://www.w3.org/1999/xhtml\"><p class=\"res-header-id\"><b>Generated Narrative: NamingSystem ehealth-environment</b></p><a name=\"ehealth-environment\"> </a><a name=\"hcehealth-environment\"> </a><a name=\"ehealth-environment-da-DK\"> </a><h3>Summary</h3><table class=\"grid\"><tr><td>Defining URL</td><td>http://ehealth.sundhed.dk/fhir/NamingSystem/ehealth-environment</td></tr><tr><td>Version</td><td>3.4.0</td></tr><tr><td>Name</td><td>eHealth Environment</td></tr><tr><td>Status</td><td>active</td></tr><tr><td>Definition</td><td><div><p>The eHealth Environment is assigned to PlanDefinition, ActivityDefinition and Questionnaire resources in the eHealth Infrastructure created on the environment</p>\n</div></td></tr><tr><td>Publisher</td><td>Den telemedicinske infrastruktur (eHealth Infrastructure)</td></tr></table><h3>Identifiers</h3><table class=\"grid\"><tr><td><b>Type</b></td><td><b>Value</b></td></tr><tr><td>URI</td><td>http://ehealth.sundhed.dk/id/ehealth-environment</td></tr></table></div>"},"extension":[{"url":"http://hl7.org/fhir/5.0/StructureDefinition/extension-NamingSystem.url","valueUri":"http://ehealth.sundhed.dk/fhir/NamingSystem/ehealth-environment"},{"url":"http://hl7.org/fhir/5.0/StructureDefinition/extension-NamingSystem.version","valueString":"3.4.0"}],"name":"eHealth Environment","status":"active","kind":"identifier","date":"2021-02-23T00:00:00+00:00","publisher":"Den telemedicinske infrastruktur (eHealth Infrastructure)","contact":[{"name":"Den telemedicinske infrastruktur (eHealth Infrastructure)","telecom":[{"system":"url","value":"http://ehealth.sundhed.dk"}]}],"responsible":"ehealth.sundhed.dk","description":"The eHealth Environment is assigned to PlanDefinition, ActivityDefinition and Questionnaire resources in the eHealth Infrastructure created on the environment","jurisdiction":[{"coding":[{"system":"urn:iso:std:iso:3166","code":"DK","display":"Denmark"}]}],"uniqueId":[{"type":"uri","value":"http://ehealth.sundhed.dk/id/ehealth-environment"}]}