{"resourceType":"ValueSet","id":"ehealth-device-safety","text":{"status":"generated","div":"<div xmlns=\"http://www.w3.org/1999/xhtml\"><p class=\"res-header-id\"><b>Generated Narrative: ValueSet ehealth-device-safety</b></p><a name=\"ehealth-device-safety\"> </a><a name=\"hcehealth-device-safety\"> </a><a name=\"ehealth-device-safety-da-DK\"> </a><ul><li>Include all codes defined in <a href=\"CodeSystem-ehealth-device-safety.html\"><code>http://ehealth.sundhed.dk/cs/device-safety</code></a></li></ul></div>"},"url":"http://ehealth.sundhed.dk/vs/device-safety","version":"3.4.0","name":"DeviceSafety","title":"Device Safety","status":"active","experimental":true,"date":"2019-09-16T00:00:00+00:00","publisher":"Den telemedicinske infrastruktur (eHealth Infrastructure)","contact":[{"name":"Den telemedicinske infrastruktur (eHealth Infrastructure)","telecom":[{"system":"url","value":"http://ehealth.sundhed.dk"}]}],"description":"Device safety value set.","jurisdiction":[{"coding":[{"system":"urn:iso:std:iso:3166","code":"DK","display":"Denmark"}]}],"compose":{"include":[{"system":"http://ehealth.sundhed.dk/cs/device-safety"}]}}