{"resourceType":"ValueSet","id":"fs3-health","text":{"status":"generated","div":"<div xmlns=\"http://www.w3.org/1999/xhtml\"><p class=\"res-header-id\"><b>Generated Narrative: ValueSet fs3-health</b></p><a name=\"fs3-health\"> </a><a name=\"hcfs3-health\"> </a><a name=\"fs3-health-da-DK\"> </a><p>This value set includes codes based on the following rules:</p><ul><li>Include all codes defined in <a href=\"CodeSystem-fs3-health-function-level.html\"><code>http://ehealth.sundhed.dk/cs/fs3-health-function-level</code></a></li><li>Include all codes defined in <a href=\"CodeSystem-fs3-health-musculoskeletal.html\"><code>http://ehealth.sundhed.dk/cs/fs3-health-musculoskeletal</code></a></li><li>Include all codes defined in <a href=\"CodeSystem-fs3-health-nutrition.html\"><code>http://ehealth.sundhed.dk/cs/fs3-health-nutrition</code></a></li><li>Include all codes defined in <a href=\"CodeSystem-fs3-health-skin-and-mucous-membranes.html\"><code>http://ehealth.sundhed.dk/cs/fs3-health-skin-and-mucous-membranes</code></a></li><li>Include all codes defined in <a href=\"CodeSystem-fs3-health-communication.html\"><code>http://ehealth.sundhed.dk/cs/fs3-health-communication</code></a></li><li>Include all codes defined in <a href=\"CodeSystem-fs3-health-psychosocial-conditions.html\"><code>http://ehealth.sundhed.dk/cs/fs3-health-psychosocial-conditions</code></a></li><li>Include all codes defined in <a href=\"CodeSystem-fs3-health-respiration-and-circulation.html\"><code>http://ehealth.sundhed.dk/cs/fs3-health-respiration-and-circulation</code></a></li><li>Include all codes defined in <a href=\"CodeSystem-fs3-health-sexuality.html\"><code>http://ehealth.sundhed.dk/cs/fs3-health-sexuality</code></a></li><li>Include all codes defined in <a href=\"CodeSystem-fs3-health-pain-and-sensory-impressions.html\"><code>http://ehealth.sundhed.dk/cs/fs3-health-pain-and-sensory-impressions</code></a></li><li>Include all codes defined in <a href=\"CodeSystem-fs3-health-sleep-and-rest.html\"><code>http://ehealth.sundhed.dk/cs/fs3-health-sleep-and-rest</code></a></li><li>Include all codes defined in <a href=\"CodeSystem-fs3-health-knowledge-and-development.html\"><code>http://ehealth.sundhed.dk/cs/fs3-health-knowledge-and-development</code></a></li><li>Include all codes defined in <a href=\"CodeSystem-fs3-health-excretion-of-waste-materials.html\"><code>http://ehealth.sundhed.dk/cs/fs3-health-excretion-of-waste-materials</code></a></li></ul></div>"},"url":"http://ehealth.sundhed.dk/vs/fs3-health","version":"3.4.0","name":"FS III, helbredstilstande","status":"active","experimental":true,"date":"2019-02-08T00:00:00+00:00","publisher":"Den telemedicinske infrastruktur (eHealth Infrastructure)","contact":[{"name":"Den telemedicinske infrastruktur (eHealth Infrastructure)","telecom":[{"system":"url","value":"http://ehealth.sundhed.dk"}]}],"description":"FS III, helbredstilstande","jurisdiction":[{"coding":[{"system":"urn:iso:std:iso:3166","code":"DK","display":"Denmark"}]}],"compose":{"include":[{"system":"http://ehealth.sundhed.dk/cs/fs3-health-function-level"},{"system":"http://ehealth.sundhed.dk/cs/fs3-health-musculoskeletal"},{"system":"http://ehealth.sundhed.dk/cs/fs3-health-nutrition"},{"system":"http://ehealth.sundhed.dk/cs/fs3-health-skin-and-mucous-membranes"},{"system":"http://ehealth.sundhed.dk/cs/fs3-health-communication"},{"system":"http://ehealth.sundhed.dk/cs/fs3-health-psychosocial-conditions"},{"system":"http://ehealth.sundhed.dk/cs/fs3-health-respiration-and-circulation"},{"system":"http://ehealth.sundhed.dk/cs/fs3-health-sexuality"},{"system":"http://ehealth.sundhed.dk/cs/fs3-health-pain-and-sensory-impressions"},{"system":"http://ehealth.sundhed.dk/cs/fs3-health-sleep-and-rest"},{"system":"http://ehealth.sundhed.dk/cs/fs3-health-knowledge-and-development"},{"system":"http://ehealth.sundhed.dk/cs/fs3-health-excretion-of-waste-materials"}]}}