<?xml version="1.0" encoding="UTF-8"?>

<CodeSystem xmlns="http://hl7.org/fhir">
  <id value="ehealth-questionnaire-elements"/>
  <text>
    <status value="generated"/><div xmlns="http://www.w3.org/1999/xhtml"><p class="res-header-id"><b>Generated Narrative: CodeSystem ehealth-questionnaire-elements</b></p><a name="ehealth-questionnaire-elements"> </a><a name="hcehealth-questionnaire-elements"> </a><a name="ehealth-questionnaire-elements-en-US"> </a><p>This case-sensitive code system <code>http://ehealth.sundhed.dk/cs/questionnaire-elements</code> defines the following codes:</p><table class="codes"><tr><td style="white-space:nowrap"><b>Code</b></td><td><b>Display</b></td><td><b>Definition</b></td><td><b>Dansk (Danish, da)</b></td></tr><tr><td style="white-space:nowrap">questionnaireID<a name="ehealth-questionnaire-elements-questionnaireID"> </a></td><td>Questionnaire ID</td><td>Questionnaire ID</td><td>Spørgeskema ID</td></tr><tr><td style="white-space:nowrap">condition<a name="ehealth-questionnaire-elements-condition"> </a></td><td>Condition</td><td>Condition</td><td>Betingelse</td></tr><tr><td style="white-space:nowrap">group<a name="ehealth-questionnaire-elements-group"> </a></td><td>Questionnaire Group</td><td>Questionnaire Group</td><td>Spørgsmålsgruppe</td></tr><tr><td style="white-space:nowrap">question<a name="ehealth-questionnaire-elements-question"> </a></td><td>Question</td><td>Question</td><td>Spørgsmål</td></tr><tr><td style="white-space:nowrap">answer<a name="ehealth-questionnaire-elements-answer"> </a></td><td>Answer</td><td>Answer</td><td>Svar</td></tr></table></div>
  </text>
  <url value="http://ehealth.sundhed.dk/cs/questionnaire-elements"/>
  <version value="3.2.0"/>
  <name value="Questionnaire_Elements"/>
  <title value="Questionnaire Elements"/>
  <status value="active"/>
  <experimental value="false"/>
  <date value="2023-09-08T00:00:00+00:00"/>
  <publisher value="Den telemedicinske infrastruktur (eHealth Infrastructure)"/>
  <contact>
    <name value="Den telemedicinske infrastruktur (eHealth Infrastructure)"/>
    <telecom>
      <system value="url"/>
      <value value="http://ehealth.sundhed.dk"/>
    </telecom>
  </contact>
  <description value="Questionnaire elements"/>
  <caseSensitive value="true"/>
  <content value="complete"/>
  <concept>
    <code value="questionnaireID"/>
    <display value="Questionnaire ID"/>
    <definition value="Questionnaire ID"/>
    <designation>
      <language value="da"/>
      <value value="Spørgeskema ID"/>
    </designation>
  </concept>
  <concept>
    <code value="condition"/>
    <display value="Condition"/>
    <definition value="Condition"/>
    <designation>
      <language value="da"/>
      <value value="Betingelse"/>
    </designation>
  </concept>
  <concept>
    <code value="group"/>
    <display value="Questionnaire Group"/>
    <definition value="Questionnaire Group"/>
    <designation>
      <language value="da"/>
      <value value="Spørgsmålsgruppe"/>
    </designation>
  </concept>
  <concept>
    <code value="question"/>
    <display value="Question"/>
    <definition value="Question"/>
    <designation>
      <language value="da"/>
      <value value="Spørgsmål"/>
    </designation>
  </concept>
  <concept>
    <code value="answer"/>
    <display value="Answer"/>
    <definition value="Answer"/>
    <designation>
      <language value="da"/>
      <value value="Svar"/>
    </designation>
  </concept>
</CodeSystem>