<?xml version="1.0" encoding="UTF-8"?>

<CodeSystem xmlns="http://hl7.org/fhir">
  <id value="ehealth-action-guidance-types"/>
  <text>
    <status value="generated"/><div xmlns="http://www.w3.org/1999/xhtml"><p class="res-header-id"><b>Generated Narrative: CodeSystem ehealth-action-guidance-types</b></p><a name="ehealth-action-guidance-types"> </a><a name="hcehealth-action-guidance-types"> </a><a name="ehealth-action-guidance-types-en-US"> </a><p>This case-sensitive code system <code>http://ehealth.sundhed.dk/cs/action-guidance-types</code> defines the following code:</p><table class="codes"><tr><td style="white-space:nowrap"><b>Code</b></td><td><b>Display</b></td><td><b>Definition</b></td><td><b>Dansk (Danish, da)</b></td></tr><tr><td style="white-space:nowrap">actionguidance<a name="ehealth-action-guidance-types-actionguidance"> </a></td><td>Action guidance display</td><td>Action guidance</td><td>Handlingsvejledning</td></tr></table></div>
  </text>
  <url value="http://ehealth.sundhed.dk/cs/action-guidance-types"/>
  <version value="3.2.0"/>
  <name value="ActionGuidanceType"/>
  <title value="Action guidance types"/>
  <status value="active"/>
  <experimental value="false"/>
  <date value="2021-10-15T00:00:00+00:00"/>
  <publisher value="Den telemedicinske infrastruktur (eHealth Infrastructure)"/>
  <contact>
    <name value="Den telemedicinske infrastruktur (eHealth Infrastructure)"/>
    <telecom>
      <system value="url"/>
      <value value="http://ehealth.sundhed.dk"/>
    </telecom>
  </contact>
  <description value="Action guidance types"/>
  <caseSensitive value="true"/>
  <content value="complete"/>
  <concept>
    <code value="actionguidance"/>
    <display value="Action guidance display"/>
    <definition value="Action guidance"/>
    <designation>
      <language value="da"/>
      <value value="Handlingsvejledning"/>
    </designation>
  </concept>
</CodeSystem>