<?xml version="1.0" encoding="UTF-8"?>

<CodeSystem xmlns="http://hl7.org/fhir">
  <id value="fs3-scores"/>
  <text>
    <status value="generated"/><div xmlns="http://www.w3.org/1999/xhtml"><p class="res-header-id"><b>Generated Narrative: CodeSystem fs3-scores</b></p><a name="fs3-scores"> </a><a name="hcfs3-scores"> </a><a name="fs3-scores-en-US"> </a><p>This  code system <code>http://ehealth.sundhed.dk/cs/fs3-scores</code> defines the following codes:</p><table class="codes"><tr><td style="white-space:nowrap"><b>Code</b></td><td><b>Display</b></td></tr><tr><td style="white-space:nowrap">0<a name="fs3-scores-0"> </a></td><td>Ingen eller ubetydelige begrænsninger</td></tr><tr><td style="white-space:nowrap">1<a name="fs3-scores-1"> </a></td><td>Lette begrænsninger</td></tr><tr><td style="white-space:nowrap">2<a name="fs3-scores-2"> </a></td><td>Moderate begrænsninger</td></tr><tr><td style="white-space:nowrap">3<a name="fs3-scores-3"> </a></td><td>Svære begrænsninger</td></tr><tr><td style="white-space:nowrap">4<a name="fs3-scores-4"> </a></td><td>Totale begrænsninger</td></tr><tr><td style="white-space:nowrap">9<a name="fs3-scores-9"> </a></td><td>Ikke relevant</td></tr></table><p><b>Additional Language Displays</b></p><table class="codes"><tr><td><b>Code</b></td><td><b>Dansk (Danish, da)</b></td><td><b>English (United States) (English (United States), en)</b></td></tr><tr><td>0</td><td>Ingen eller ubetydelige begrænsninger</td><td></td></tr><tr><td>1</td><td>Lette begrænsninger</td><td>Light restrictions</td></tr><tr><td>2</td><td>Moderate begrænsninger</td><td>Moderate restrictions</td></tr><tr><td>3</td><td>Svære begrænsninger</td><td>Severe restrictions</td></tr><tr><td>4</td><td>Totale begrænsninger</td><td>Total restrictions</td></tr><tr><td>9</td><td>Ikke relevant</td><td>Not relevant</td></tr></table></div>
  </text>
  <url value="http://ehealth.sundhed.dk/cs/fs3-scores"/>
  <version value="3.2.0"/>
  <name value="FS III, niveauer"/>
  <title value="FS III, niveauer"/>
  <status value="active"/>
  <experimental value="true"/>
  <date value="2019-02-02T00:00:00+00:00"/>
  <publisher value="Den telemedicinske infrastruktur (eHealth Infrastructure)"/>
  <contact>
    <name value="Den telemedicinske infrastruktur (eHealth Infrastructure)"/>
    <telecom>
      <system value="url"/>
      <value value="http://ehealth.sundhed.dk"/>
    </telecom>
  </contact>
  <description value="FS III, niveauer"/>
  <content value="complete"/>
  <concept>
    <code value="0"/>
    <display value="Ingen eller ubetydelige begrænsninger"/>
    <designation>
      <language value="da"/>
      <value value="Ingen eller ubetydelige begrænsninger"/>
    </designation>
  </concept>
  <concept>
    <code value="1"/>
    <display value="Lette begrænsninger"/>
    <designation>
      <language value="da"/>
      <value value="Lette begrænsninger"/>
    </designation>
    <designation>
      <language value="en-US"/>
      <value value="Light restrictions"/>
    </designation>
  </concept>
  <concept>
    <code value="2"/>
    <display value="Moderate begrænsninger"/>
    <designation>
      <language value="da"/>
      <value value="Moderate begrænsninger"/>
    </designation>
    <designation>
      <language value="en-US"/>
      <value value="Moderate restrictions"/>
    </designation>
  </concept>
  <concept>
    <code value="3"/>
    <display value="Svære begrænsninger"/>
    <designation>
      <language value="da"/>
      <value value="Svære begrænsninger"/>
    </designation>
    <designation>
      <language value="en-US"/>
      <value value="Severe restrictions"/>
    </designation>
  </concept>
  <concept>
    <code value="4"/>
    <display value="Totale begrænsninger"/>
    <designation>
      <language value="da"/>
      <value value="Totale begrænsninger"/>
    </designation>
    <designation>
      <language value="en-US"/>
      <value value="Total restrictions"/>
    </designation>
  </concept>
  <concept>
    <code value="9"/>
    <display value="Ikke relevant"/>
    <designation>
      <language value="da"/>
      <value value="Ikke relevant"/>
    </designation>
    <designation>
      <language value="en-US"/>
      <value value="Not relevant"/>
    </designation>
  </concept>
</CodeSystem>