<?xml version="1.0" encoding="UTF-8"?>

<OperationDefinition xmlns="http://hl7.org/fhir">
  <id value="Organization-i-traverse-to-sor"/>
  <text>
    <status value="generated"/><div xmlns="http://www.w3.org/1999/xhtml"><p class="res-header-id"><b>Generated Narrative: OperationDefinition Organization-i-traverse-to-sor</b></p><a name="Organization-i-traverse-to-sor"> </a><a name="hcOrganization-i-traverse-to-sor"> </a><a name="Organization-i-traverse-to-sor-en-US"> </a><p>URL: [base]/Organization/[id]/$traverse-to-sor</p><h3>Parameters</h3><table class="grid"><tr><td><b>Use</b></td><td><b>Name</b></td><td><b>Scope</b></td><td><b>Cardinality</b></td><td><b>Type</b></td><td><b>Binding</b></td><td><b>Documentation</b></td></tr><tr><td>OUT</td><td>return</td><td/><td>0..1</td><td><a href="http://hl7.org/fhir/R4/organization.html">Organization</a></td><td/><td/></tr></table></div>
  </text>
  <url value="https://organization.devtest.systematic-ehealth.com/fhir/OperationDefinition/Organization-i-traverse-to-sor"/>
  <version value="3.2.0"/>
  <name value="traverse-to-sor"/>
  <title value="Traverse to SOR"/>
  <status value="active"/>
  <kind value="operation"/>
  <date value="2024-09-02T13:58:07+00:00"/>
  <publisher value="Den telemedicinske infrastruktur (eHealth Infrastructure)"/>
  <contact>
    <name value="Den telemedicinske infrastruktur (eHealth Infrastructure)"/>
    <telecom>
      <system value="url"/>
      <value value="http://ehealth.sundhed.dk"/>
    </telecom>
  </contact>
  <description value="Traverse upforwards to the first SOR organization&#xA;Http response code 404 will be returned if no related SOR organization could be found"/>
  <affectsState value="false"/>
  <code value="traverse-to-sor"/>
  <resource value="Organization"/>
  <system value="false"/>
  <type value="false"/>
  <instance value="true"/>
  <parameter>
    <name value="return"/>
    <use value="out"/>
    <min value="0"/>
    <max value="1"/>
    <type value="Organization"/>
  </parameter>
</OperationDefinition>