{"resourceType":"CodeSystem","id":"hl7.org-fhir-days-of-week","text":{"status":"generated","div":"<div xmlns=\"http://www.w3.org/1999/xhtml\"><p class=\"res-header-id\"><b>Generated Narrative: CodeSystem hl7.org-fhir-days-of-week</b></p><a name=\"hl7.org-fhir-days-of-week\"> </a><a name=\"hchl7.org-fhir-days-of-week\"> </a><p>This code system supplement <code>http://hl7.org/fhir/days-of-week</code> defines displays on the following codes:</p><table class=\"codes\"><tr><td style=\"white-space:nowrap\"><b>Code</b></td><td><b>Display</b></td><td><b>Definition</b></td><td><b>Dansk (Danish, da)</b></td></tr><tr><td><a style=\"white-space:nowrap\" href=\"CodeSystem-hl7.org-fhir-days-of-week.html#hl7.org-fhir-days-of-week-mon\">mon</a><a name=\"hl7.org-fhir-days-of-week-mon\"> </a></td><td>Monday</td><td>Monday</td><td>Mandag</td></tr><tr><td><a style=\"white-space:nowrap\" href=\"CodeSystem-hl7.org-fhir-days-of-week.html#hl7.org-fhir-days-of-week-tue\">tue</a><a name=\"hl7.org-fhir-days-of-week-tue\"> </a></td><td>Tuesday</td><td>Tuesday</td><td>Tirsdag</td></tr><tr><td><a style=\"white-space:nowrap\" href=\"CodeSystem-hl7.org-fhir-days-of-week.html#hl7.org-fhir-days-of-week-wed\">wed</a><a name=\"hl7.org-fhir-days-of-week-wed\"> </a></td><td>Wednesday</td><td>Wednesday</td><td>Onsdag</td></tr><tr><td><a style=\"white-space:nowrap\" href=\"CodeSystem-hl7.org-fhir-days-of-week.html#hl7.org-fhir-days-of-week-thu\">thu</a><a name=\"hl7.org-fhir-days-of-week-thu\"> </a></td><td>Thursday</td><td>Thursday</td><td>Torsdag</td></tr><tr><td><a style=\"white-space:nowrap\" href=\"CodeSystem-hl7.org-fhir-days-of-week.html#hl7.org-fhir-days-of-week-fri\">fri</a><a name=\"hl7.org-fhir-days-of-week-fri\"> </a></td><td>Friday</td><td>Friday</td><td>Fredag</td></tr><tr><td><a style=\"white-space:nowrap\" href=\"CodeSystem-hl7.org-fhir-days-of-week.html#hl7.org-fhir-days-of-week-sat\">sat</a><a name=\"hl7.org-fhir-days-of-week-sat\"> </a></td><td>Saturday</td><td>Saturday</td><td>Lørdag</td></tr><tr><td><a style=\"white-space:nowrap\" href=\"CodeSystem-hl7.org-fhir-days-of-week.html#hl7.org-fhir-days-of-week-sun\">sun</a><a name=\"hl7.org-fhir-days-of-week-sun\"> </a></td><td>Sunday</td><td>Sunday</td><td>Søndag</td></tr></table></div>"},"extension":[{"url":"http://hl7.org/fhir/StructureDefinition/structuredefinition-wg","valueCode":"pa"},{"url":"http://hl7.org/fhir/StructureDefinition/structuredefinition-standards-status","valueCode":"normative"},{"url":"http://hl7.org/fhir/StructureDefinition/structuredefinition-normative-version","valueCode":"4.0.0"},{"url":"http://hl7.org/fhir/StructureDefinition/structuredefinition-fmm","valueInteger":5}],"url":"http://hl7.org/fhir/days-of-week","version":"6.0.1","name":"DaysOfWeek","title":"Days Of Week","status":"active","experimental":false,"date":"2021-10-27T13:27:27+00:00","publisher":"Den telemedicinske infrastruktur (eHealth Infrastructure)","contact":[{"name":"Den telemedicinske infrastruktur (eHealth Infrastructure)","telecom":[{"system":"url","value":"http://ehealth.sundhed.dk"}]}],"description":"The days of the week.","jurisdiction":[{"coding":[{"system":"urn:iso:std:iso:3166","code":"DK","display":"Denmark"}]}],"content":"supplement","supplements":"http://hl7.org/fhir/days-of-week","concept":[{"code":"mon","display":"Monday","definition":"Monday","designation":[{"language":"da","use":{"system":"http://snomed.info/sct","code":"900000000000013009"},"value":"Mandag"}]},{"code":"tue","display":"Tuesday","definition":"Tuesday","designation":[{"language":"da","use":{"system":"http://snomed.info/sct","code":"900000000000013009"},"value":"Tirsdag"}]},{"code":"wed","display":"Wednesday","definition":"Wednesday","designation":[{"language":"da","use":{"system":"http://snomed.info/sct","code":"900000000000013009"},"value":"Onsdag"}]},{"code":"thu","display":"Thursday","definition":"Thursday","designation":[{"language":"da","use":{"system":"http://snomed.info/sct","code":"900000000000013009"},"value":"Torsdag"}]},{"code":"fri","display":"Friday","definition":"Friday","designation":[{"language":"da","use":{"system":"http://snomed.info/sct","code":"900000000000013009"},"value":"Fredag"}]},{"code":"sat","display":"Saturday","definition":"Saturday","designation":[{"language":"da","use":{"system":"http://snomed.info/sct","code":"900000000000013009"},"value":"Lørdag"}]},{"code":"sun","display":"Sunday","definition":"Sunday","designation":[{"language":"da","use":{"system":"http://snomed.info/sct","code":"900000000000013009"},"value":"Søndag"}]}]}