{"resourceType":"CodeSystem","id":"ehealth-thumbnail-status","text":{"status":"generated","div":"<div xmlns=\"http://www.w3.org/1999/xhtml\"><p class=\"res-header-id\"><b>Generated Narrative: CodeSystem ehealth-thumbnail-status</b></p><a name=\"ehealth-thumbnail-status\"> </a><a name=\"hcehealth-thumbnail-status\"> </a><p>This case-sensitive code system <code>http://ehealth.sundhed.dk/cs/thumbnail-status</code> defines the following codes:</p><table class=\"codes\"><tr><td style=\"white-space:nowrap\"><b>Code</b></td><td><b>Display</b></td><td><b>Definition</b></td></tr><tr><td style=\"white-space:nowrap\">ready<a name=\"ehealth-thumbnail-status-ready\"> </a></td><td>Ready</td><td>The thumbnail has been generated and is ready for use</td></tr><tr><td style=\"white-space:nowrap\">requested<a name=\"ehealth-thumbnail-status-requested\"> </a></td><td>Requested</td><td>A thumbnail generation has been requested</td></tr><tr><td style=\"white-space:nowrap\">rejected<a name=\"ehealth-thumbnail-status-rejected\"> </a></td><td>Rejected</td><td>The thumbnail generation has been rejected</td></tr><tr><td style=\"white-space:nowrap\">failed<a name=\"ehealth-thumbnail-status-failed\"> </a></td><td>Failed</td><td>The thumbnail generation has failed</td></tr></table></div>"},"url":"http://ehealth.sundhed.dk/cs/thumbnail-status","version":"6.0.1","name":"ThumbnailStatus","title":"Thumbnail status","status":"active","experimental":false,"date":"2024-10-28T00:00:00+00:00","publisher":"Den telemedicinske infrastruktur (eHealth Infrastructure)","contact":[{"name":"Den telemedicinske infrastruktur (eHealth Infrastructure)","telecom":[{"system":"url","value":"http://ehealth.sundhed.dk"}]}],"description":"Thumbnail status is a code system for the status of low resolution media representations.","jurisdiction":[{"coding":[{"system":"urn:iso:std:iso:3166","code":"DK","display":"Denmark"}]}],"caseSensitive":true,"content":"complete","concept":[{"code":"ready","display":"Ready","definition":"The thumbnail has been generated and is ready for use"},{"code":"requested","display":"Requested","definition":"A thumbnail generation has been requested"},{"code":"rejected","display":"Rejected","definition":"The thumbnail generation has been rejected"},{"code":"failed","display":"Failed","definition":"The thumbnail generation has failed"}]}