{"resourceType":"CodeSystem","id":"hl7.org-fhir-publication-status","text":{"status":"generated","div":"<div xmlns=\"http://www.w3.org/1999/xhtml\"><p class=\"res-header-id\"><b>Generated Narrative: CodeSystem hl7.org-fhir-publication-status</b></p><a name=\"hl7.org-fhir-publication-status\"> </a><a name=\"hchl7.org-fhir-publication-status\"> </a><p>This code system supplement <code>http://hl7.org/fhir/publication-status</code> defines displays on the following codes:</p><table class=\"codes\"><tr><td style=\"white-space:nowrap\"><b>Code</b></td><td><b>Display</b></td><td><b>Definition</b></td></tr><tr><td><a style=\"white-space:nowrap\" href=\"CodeSystem-hl7.org-fhir-publication-status.html#hl7.org-fhir-publication-status-draft\">draft</a><a name=\"hl7.org-fhir-publication-status-draft\"> </a></td><td>Draft</td><td>This resource is still under development and is not yet considered to be ready for normal use.</td></tr><tr><td><a style=\"white-space:nowrap\" href=\"CodeSystem-hl7.org-fhir-publication-status.html#hl7.org-fhir-publication-status-active\">active</a><a name=\"hl7.org-fhir-publication-status-active\"> </a></td><td>Active</td><td>This resource is ready for normal use.</td></tr><tr><td><a style=\"white-space:nowrap\" href=\"CodeSystem-hl7.org-fhir-publication-status.html#hl7.org-fhir-publication-status-retired\">retired</a><a name=\"hl7.org-fhir-publication-status-retired\"> </a></td><td>Retired</td><td>This resource has been withdrawn or superseded and should no longer be used.</td></tr><tr><td><a style=\"white-space:nowrap\" href=\"CodeSystem-hl7.org-fhir-publication-status.html#hl7.org-fhir-publication-status-unknown\">unknown</a><a name=\"hl7.org-fhir-publication-status-unknown\"> </a></td><td>Unknown</td><td>The authoring system does not know which of the status values currently applies for this resource.  Note: This concept is not to be used for &quot;other&quot; - one of the listed statuses is presumed to apply, it's just not known which one.</td></tr></table><p><b>Additional Language Displays</b></p><table class=\"codes\"><tr><td><b>Code</b></td><td><b>Dansk (Danish, da)</b></td><td><b>Nederlands (Dutch, nl)</b></td><td><b>Русский (Russian, ru)</b></td></tr><tr><td>draft</td><td>Udkast</td><td>ontwerp</td><td>черновик</td></tr><tr><td>active</td><td>Aktiv</td><td>actief</td><td>активный</td></tr><tr><td>retired</td><td>Udgået</td><td>verouderd</td><td>удалён</td></tr><tr><td>unknown</td><td>Ukendt</td><td></td><td></td></tr></table></div>"},"extension":[{"url":"http://hl7.org/fhir/StructureDefinition/structuredefinition-wg","valueCode":"cds"},{"url":"http://hl7.org/fhir/StructureDefinition/structuredefinition-standards-status","valueCode":"normative"},{"url":"http://hl7.org/fhir/StructureDefinition/structuredefinition-fmm","valueInteger":5}],"url":"http://hl7.org/fhir/publication-status","version":"6.0.1","name":"PublicationStatus","title":"Publication Status","status":"active","experimental":false,"date":"2021-10-27T13:27:27+00:00","publisher":"Den telemedicinske infrastruktur (eHealth Infrastructure)","contact":[{"name":"Den telemedicinske infrastruktur (eHealth Infrastructure)","telecom":[{"system":"url","value":"http://ehealth.sundhed.dk"}]}],"description":"The lifecycle status of a Value Set or Concept Map.","jurisdiction":[{"coding":[{"system":"urn:iso:std:iso:3166","code":"DK","display":"Denmark"}]}],"content":"supplement","supplements":"http://hl7.org/fhir/publication-status","concept":[{"code":"draft","display":"Draft","definition":"This resource is still under development and is not yet considered to be ready for normal use.","designation":[{"language":"ru","value":"черновик"},{"language":"nl","value":"ontwerp"},{"language":"da","use":{"system":"http://snomed.info/sct","code":"900000000000013009"},"value":"Udkast"}]},{"code":"active","display":"Active","definition":"This resource is ready for normal use.","designation":[{"language":"ru","value":"активный"},{"language":"nl","value":"actief"},{"language":"da","use":{"system":"http://snomed.info/sct","code":"900000000000013009"},"value":"Aktiv"}]},{"code":"retired","display":"Retired","definition":"This resource has been withdrawn or superseded and should no longer be used.","designation":[{"language":"ru","value":"удалён"},{"language":"nl","value":"verouderd"},{"language":"da","use":{"system":"http://snomed.info/sct","code":"900000000000013009"},"value":"Udgået"}]},{"code":"unknown","display":"Unknown","definition":"The authoring system does not know which of the status values currently applies for this resource.  Note: This concept is not to be used for \"other\" - one of the listed statuses is presumed to apply, it's just not known which one.","designation":[{"language":"da","use":{"system":"http://snomed.info/sct","code":"900000000000013009"},"value":"Ukendt"}]}]}