{"resourceType":"ConceptMap","id":"activitydefinition-code-to-do-reminder","text":{"status":"generated","div":"<div xmlns=\"http://www.w3.org/1999/xhtml\"><p class=\"res-header-id\"><b>Generated Narrative: ConceptMap activitydefinition-code-to-do-reminder</b></p><a name=\"activitydefinition-code-to-do-reminder\"> </a><a name=\"hcactivitydefinition-code-to-do-reminder\"> </a><p>Mapping from <a href=\"ValueSet-ehealth-activitydefinition-code.html\">Activity Definition Code</a> to <a href=\"http://terminology.hl7.org/6.5.0/ValueSet-v2-0136.html\">hl7VS-yes-no-Indicator</a></p><br/><p><b>Group 1 </b>Mapping from <a href=\"CodeSystem-ehealth-activitydefinition-code.html\">Activity Definition Codes</a> to <a href=\"http://hl7.org/fhir/R4/v2/0136/index.html\">v2 Y/N Indicator</a></p><table class=\"grid\"><tr><td><b>Source Code</b></td><td><b>Relationship</b></td><td><b>Target Code</b></td></tr><tr><td>TBD (Example value - Under construction)</td><td><a href=\"http://hl7.org/fhir/R5/codesystem-concept-map-relationship.html#relatedto\" title=\"relatedto\">is related to</a></td><td>N (No)</td></tr><tr><td>229057006 (Møder)</td><td><a href=\"http://hl7.org/fhir/R5/codesystem-concept-map-relationship.html#relatedto\" title=\"relatedto\">is related to</a></td><td>N (No)</td></tr><tr><td>229058001 (Sagskonferencer)</td><td><a href=\"http://hl7.org/fhir/R5/codesystem-concept-map-relationship.html#relatedto\" title=\"relatedto\">is related to</a></td><td>N (No)</td></tr><tr><td>409073007 (Instruktion)</td><td><a href=\"http://hl7.org/fhir/R5/codesystem-concept-map-relationship.html#relatedto\" title=\"relatedto\">is related to</a></td><td>N (No)</td></tr><tr><td>273586006 (Master Questionnaire)</td><td><a href=\"http://hl7.org/fhir/R5/codesystem-concept-map-relationship.html#relatedto\" title=\"relatedto\">is related to</a></td><td>Y (Yes)</td></tr><tr><td>HA (Head activity)</td><td><a href=\"http://hl7.org/fhir/R5/codesystem-concept-map-relationship.html#relatedto\" title=\"relatedto\">is related to</a></td><td>N (No)</td></tr><tr><td>SQ (Situation quality assessment)</td><td><a href=\"http://hl7.org/fhir/R5/codesystem-concept-map-relationship.html#relatedto\" title=\"relatedto\">is related to</a></td><td>Y (Yes)</td></tr><tr><td>QR (Usage quality assessment)</td><td><a href=\"http://hl7.org/fhir/R5/codesystem-concept-map-relationship.html#relatedto\" title=\"relatedto\">is related to</a></td><td>Y (Yes)</td></tr><tr><td>SDG (Same device group)</td><td><a href=\"http://hl7.org/fhir/R5/codesystem-concept-map-relationship.html#relatedto\" title=\"relatedto\">is related to</a></td><td>N (No)</td></tr></table><hr/><p><b>Group 2 </b>Mapping from <a href=\"CodeSystem-1.2.208.176.2.1--20190829.html\">NPU DK</a> to <a href=\"http://hl7.org/fhir/R4/v2/0136/index.html\">v2 Y/N Indicator</a></p><table class=\"grid\"><tr><td><b>Source Code</b></td><td><b>Relationship</b></td><td><b>Target Code</b></td></tr><tr><td>DNK05472 (Blodtryk systolisk;Arm)</td><td><a href=\"http://hl7.org/fhir/R5/codesystem-concept-map-relationship.html#relatedto\" title=\"relatedto\">is related to</a></td><td>Y (Yes)</td></tr><tr><td>DNK05473 (Blodtryk diastolisk;Arm)</td><td><a href=\"http://hl7.org/fhir/R5/codesystem-concept-map-relationship.html#relatedto\" title=\"relatedto\">is related to</a></td><td>Y (Yes)</td></tr><tr><td>NPU03011 (Hb(Fe; O2-bind.; aB)—Oxygen(O2); mætn. = ?)</td><td><a href=\"http://hl7.org/fhir/R5/codesystem-concept-map-relationship.html#relatedto\" title=\"relatedto\">is related to</a></td><td>Y (Yes)</td></tr><tr><td>NPU21692 (Hjerte—Systole; frekv. = ? × 1/min)</td><td><a href=\"http://hl7.org/fhir/R5/codesystem-concept-map-relationship.html#relatedto\" title=\"relatedto\">is related to</a></td><td>Y (Yes)</td></tr><tr><td>NPU03804 (Pt—Legeme; masse = ? kg)</td><td><a href=\"http://hl7.org/fhir/R5/codesystem-concept-map-relationship.html#relatedto\" title=\"relatedto\">is related to</a></td><td>Y (Yes)</td></tr><tr><td>NPU27281 (Pt—Legeme; massekoefficient(masse/kvadreret højde) = ? kg/m²)</td><td><a href=\"http://hl7.org/fhir/R5/codesystem-concept-map-relationship.html#relatedto\" title=\"relatedto\">is related to</a></td><td>Y (Yes)</td></tr><tr><td>NPU03794 (Pt—Legeme; højde = ? m)</td><td><a href=\"http://hl7.org/fhir/R5/codesystem-concept-map-relationship.html#relatedto\" title=\"relatedto\">is related to</a></td><td>Y (Yes)</td></tr><tr><td>NPU08676 (Pt—Legeme; temp. = ? °C)</td><td><a href=\"http://hl7.org/fhir/R5/codesystem-concept-map-relationship.html#relatedto\" title=\"relatedto\">is related to</a></td><td>Y (Yes)</td></tr></table><hr/><p><b>Group 3 </b>Mapping from <a href=\"CodeSystem-urn-oid-1.2.208.184.100.8.html\">MedCom Measurement CodeSystem</a> to <a href=\"http://hl7.org/fhir/R4/v2/0136/index.html\">v2 Y/N Indicator</a></p><table class=\"grid\"><tr><td><b>Source Code</b></td><td><b>Relationship</b></td><td><b>Target Code</b></td></tr><tr><td>MCS88015 (FEV1;Lunge)</td><td><a href=\"http://hl7.org/fhir/R5/codesystem-concept-map-relationship.html#relatedto\" title=\"relatedto\">is related to</a></td><td>Y (Yes)</td></tr><tr><td>MCS88016 (FVC;Lunge)</td><td><a href=\"http://hl7.org/fhir/R5/codesystem-concept-map-relationship.html#relatedto\" title=\"relatedto\">is related to</a></td><td>Y (Yes)</td></tr><tr><td>MCS88017 (FEV1/FVC;Lunge)</td><td><a href=\"http://hl7.org/fhir/R5/codesystem-concept-map-relationship.html#relatedto\" title=\"relatedto\">is related to</a></td><td>Y (Yes)</td></tr><tr><td>MCS88021 (MRC skala;Pt(KOL))</td><td><a href=\"http://hl7.org/fhir/R5/codesystem-concept-map-relationship.html#relatedto\" title=\"relatedto\">is related to</a></td><td>Y (Yes)</td></tr><tr><td>MCS88023 (FEV1 af forventet værdi;Pt(KOL))</td><td><a href=\"http://hl7.org/fhir/R5/codesystem-concept-map-relationship.html#relatedto\" title=\"relatedto\">is related to</a></td><td>Y (Yes)</td></tr><tr><td>MCS88050 (Rejse sætte sig testen;Pt)</td><td><a href=\"http://hl7.org/fhir/R5/codesystem-concept-map-relationship.html#relatedto\" title=\"relatedto\">is related to</a></td><td>Y (Yes)</td></tr><tr><td>MCS88137 (CAT score;Pt)</td><td><a href=\"http://hl7.org/fhir/R5/codesystem-concept-map-relationship.html#relatedto\" title=\"relatedto\">is related to</a></td><td>Y (Yes)</td></tr><tr><td>MCS88192 (Skridt per dag;Pt)</td><td><a href=\"http://hl7.org/fhir/R5/codesystem-concept-map-relationship.html#relatedto\" title=\"relatedto\">is related to</a></td><td>Y (Yes)</td></tr><tr><td>MCS88193 (Skridt per uge;Pt)</td><td><a href=\"http://hl7.org/fhir/R5/codesystem-concept-map-relationship.html#relatedto\" title=\"relatedto\">is related to</a></td><td>Y (Yes)</td></tr><tr><td>MCS88194 (Skridt;Pt)</td><td><a href=\"http://hl7.org/fhir/R5/codesystem-concept-map-relationship.html#relatedto\" title=\"relatedto\">is related to</a></td><td>Y (Yes)</td></tr></table><hr/><p><b>Group 4 </b>Mapping from <a href=\"CodeSystem-urn-oid-1.2.208.176.2.4.html\">Sundhedsvæsenets klassifikationssystem (SKS)</a> to <a href=\"http://hl7.org/fhir/R4/v2/0136/index.html\">v2 Y/N Indicator</a></p><table class=\"grid\"><tr><td><b>Source Code</b></td><td><b>Relationship</b></td><td><b>Target Code</b></td></tr><tr><td>ZZ3170 (Hjemmeblodtryksmåling udført af patienten)</td><td><a href=\"http://hl7.org/fhir/R5/codesystem-concept-map-relationship.html#relatedto\" title=\"relatedto\">is related to</a></td><td>Y (Yes)</td></tr></table><hr/><p><b>Group 5 </b>Mapping from <a href=\"http://hl7.org/fhir/R4/codesystem-snomedct.html\">SNOMED CT (all versions)</a> to <a href=\"http://hl7.org/fhir/R4/v2/0136/index.html\">v2 Y/N Indicator</a></p><table class=\"grid\"><tr><td><b>Source Code</b></td><td><b>Relationship</b></td><td><b>Target Code</b></td></tr><tr><td>445988008 (Assessment using health assessment questionnaire (procedure))</td><td><a href=\"http://hl7.org/fhir/R5/codesystem-concept-map-relationship.html#relatedto\" title=\"relatedto\">is related to</a></td><td>Y (Yes)</td></tr><tr><td>229057006 (Meetings (procedure))</td><td><a href=\"http://hl7.org/fhir/R5/codesystem-concept-map-relationship.html#relatedto\" title=\"relatedto\">is related to</a></td><td>N (No)</td></tr><tr><td>273586006 (Master questionnaire)</td><td><a href=\"http://hl7.org/fhir/R5/codesystem-concept-map-relationship.html#relatedto\" title=\"relatedto\">is related to</a></td><td>Y (Yes)</td></tr><tr><td>409073007 (Instruction)</td><td><a href=\"http://hl7.org/fhir/R5/codesystem-concept-map-relationship.html#relatedto\" title=\"relatedto\">is related to</a></td><td>N (No)</td></tr><tr><td>446080005 (Photography of wound)</td><td><a href=\"http://hl7.org/fhir/R5/codesystem-concept-map-relationship.html#relatedto\" title=\"relatedto\">is related to</a></td><td>Y (Yes)</td></tr></table><hr/><p><b>Group 6 </b>Mapping from <a href=\"http://terminology.hl7.org/6.5.0/CodeSystem-v3-loinc.html\">Logical Observation Identifiers, Names and Codes (LOINC)</a> to <a href=\"http://hl7.org/fhir/R4/v2/0136/index.html\">v2 Y/N Indicator</a></p><table class=\"grid\"><tr><td><b>Source Code</b></td><td><b>Relationship</b></td><td><b>Target Code</b></td></tr><tr><td>72287-6 (Wound size panel)</td><td><a href=\"http://hl7.org/fhir/R5/codesystem-concept-map-relationship.html#relatedto\" title=\"relatedto\">is related to</a></td><td>Y (Yes)</td></tr><tr><td>39126-8 (Length of Wound)</td><td><a href=\"http://hl7.org/fhir/R5/codesystem-concept-map-relationship.html#relatedto\" title=\"relatedto\">is related to</a></td><td>Y (Yes)</td></tr><tr><td>39125-0 (Width of Wound)</td><td><a href=\"http://hl7.org/fhir/R5/codesystem-concept-map-relationship.html#relatedto\" title=\"relatedto\">is related to</a></td><td>Y (Yes)</td></tr><tr><td>39127-6 (Depth of Wound)</td><td><a href=\"http://hl7.org/fhir/R5/codesystem-concept-map-relationship.html#relatedto\" title=\"relatedto\">is related to</a></td><td>Y (Yes)</td></tr><tr><td>89260-4 (Area of wound)</td><td><a href=\"http://hl7.org/fhir/R5/codesystem-concept-map-relationship.html#relatedto\" title=\"relatedto\">is related to</a></td><td>Y (Yes)</td></tr><tr><td>94083-3 (Wound volume)</td><td><a href=\"http://hl7.org/fhir/R5/codesystem-concept-map-relationship.html#relatedto\" title=\"relatedto\">is related to</a></td><td>Y (Yes)</td></tr></table><hr/><p><b>Group 7 </b>Mapping from <a href=\"CodeSystem-urn-oid-1.2.208.176.2.4.html\">Sundhedsvæsenets klassifikationssystem (SKS)</a> to <a href=\"http://hl7.org/fhir/R4/v2/0136/index.html\">v2 Y/N Indicator</a></p><table class=\"grid\"><tr><td><b>Source Code</b></td><td><b>Relationship</b></td><td><b>Target Code</b></td></tr><tr><td>ALCA00 (fysisk fremmøde)</td><td><a href=\"http://hl7.org/fhir/R5/codesystem-concept-map-relationship.html#relatedto\" title=\"relatedto\">is related to</a></td><td>N (No)</td></tr><tr><td>ALCA03 (virtuel kontakt)</td><td><a href=\"http://hl7.org/fhir/R5/codesystem-concept-map-relationship.html#relatedto\" title=\"relatedto\">is related to</a></td><td>N (No)</td></tr><tr><td>ZZ7011 (Klinisk foto)</td><td><a href=\"http://hl7.org/fhir/R5/codesystem-concept-map-relationship.html#relatedto\" title=\"relatedto\">is related to</a></td><td>Y (Yes)</td></tr></table></div>"},"url":"http://ehealth.sundhed.dk/ConceptMap/activitydefinition-code-to-do-reminder","version":"6.0.1","name":"activitydefinition-code-to-do-reminder","title":"Activitydefinition-code to do reminder","status":"active","experimental":false,"date":"2023-06-28T00:00:00+00:00","publisher":"Den telemedicinske infrastruktur (eHealth Infrastructure)","contact":[{"name":"Den telemedicinske infrastruktur (eHealth Infrastructure)","telecom":[{"system":"url","value":"http://ehealth.sundhed.dk"}]}],"description":"The map controls whether an activity shall be subjected to producing reminders or not.","jurisdiction":[{"coding":[{"system":"urn:iso:std:iso:3166","code":"DK","display":"Denmark"}]}],"sourceUri":"http://ehealth.sundhed.dk/vs/activitydefinition-code","targetUri":"http://terminology.hl7.org/ValueSet/v2-0136","group":[{"source":"http://ehealth.sundhed.dk/cs/activitydefinition-code","target":"http://terminology.hl7.org/CodeSystem/v2-0136","element":[{"code":"TBD","display":"Example value - Under construction","target":[{"code":"N","display":"No","equivalence":"relatedto"}]},{"code":"229057006","display":"Møder","target":[{"code":"N","display":"No","equivalence":"relatedto"}]},{"code":"229058001","display":"Sagskonferencer","target":[{"code":"N","display":"No","equivalence":"relatedto"}]},{"code":"409073007","display":"Instruktion","target":[{"code":"N","display":"No","equivalence":"relatedto"}]},{"code":"273586006","display":"Master Questionnaire","target":[{"code":"Y","display":"Yes","equivalence":"relatedto"}]},{"code":"HA","display":"Head activity","target":[{"code":"N","display":"No","equivalence":"relatedto"}]},{"code":"SQ","display":"Situation quality assessment","target":[{"code":"Y","display":"Yes","equivalence":"relatedto"}]},{"code":"QR","display":"Usage quality assessment","target":[{"code":"Y","display":"Yes","equivalence":"relatedto"}]},{"code":"SDG","display":"Same device group","target":[{"code":"N","display":"No","equivalence":"relatedto"}]}]},{"source":"urn:oid:1.2.208.176.2.1","target":"http://terminology.hl7.org/CodeSystem/v2-0136","element":[{"code":"DNK05472","display":"Blodtryk systolisk;Arm","target":[{"code":"Y","display":"Yes","equivalence":"relatedto"}]},{"code":"DNK05473","display":"Blodtryk diastolisk;Arm","target":[{"code":"Y","display":"Yes","equivalence":"relatedto"}]},{"code":"NPU03011","display":"Hb(Fe; O2-bind.; aB)—Oxygen(O2); mætn. = ?","target":[{"code":"Y","display":"Yes","equivalence":"relatedto"}]},{"code":"NPU21692","display":"Hjerte—Systole; frekv. = ? × 1/min","target":[{"code":"Y","display":"Yes","equivalence":"relatedto"}]},{"code":"NPU03804","display":"Pt—Legeme; masse = ? kg","target":[{"code":"Y","display":"Yes","equivalence":"relatedto"}]},{"code":"NPU27281","display":"Pt—Legeme; massekoefficient(masse/kvadreret højde) = ? kg/m²","target":[{"code":"Y","display":"Yes","equivalence":"relatedto"}]},{"code":"NPU03794","display":"Pt—Legeme; højde = ? m","target":[{"code":"Y","display":"Yes","equivalence":"relatedto"}]},{"code":"NPU08676","display":"Pt—Legeme; temp. = ? °C","target":[{"code":"Y","display":"Yes","equivalence":"relatedto"}]}]},{"source":"urn:oid:1.2.208.184.100.8","target":"http://terminology.hl7.org/CodeSystem/v2-0136","element":[{"code":"MCS88015","display":"FEV1;Lunge","target":[{"code":"Y","display":"Yes","equivalence":"relatedto"}]},{"code":"MCS88016","display":"FVC;Lunge","target":[{"code":"Y","display":"Yes","equivalence":"relatedto"}]},{"code":"MCS88017","display":"FEV1/FVC;Lunge","target":[{"code":"Y","display":"Yes","equivalence":"relatedto"}]},{"code":"MCS88021","display":"MRC skala;Pt(KOL)","target":[{"code":"Y","display":"Yes","equivalence":"relatedto"}]},{"code":"MCS88023","display":"FEV1 af forventet værdi;Pt(KOL)","target":[{"code":"Y","display":"Yes","equivalence":"relatedto"}]},{"code":"MCS88050","display":"Rejse sætte sig testen;Pt","target":[{"code":"Y","display":"Yes","equivalence":"relatedto"}]},{"code":"MCS88137","display":"CAT score;Pt","target":[{"code":"Y","display":"Yes","equivalence":"relatedto"}]},{"code":"MCS88192","display":"Skridt per dag;Pt","target":[{"code":"Y","display":"Yes","equivalence":"relatedto"}]},{"code":"MCS88193","display":"Skridt per uge;Pt","target":[{"code":"Y","display":"Yes","equivalence":"relatedto"}]},{"code":"MCS88194","display":"Skridt;Pt","target":[{"code":"Y","display":"Yes","equivalence":"relatedto"}]}]},{"source":"urn:oid:1.2.208.176.2.4","target":"http://terminology.hl7.org/CodeSystem/v2-0136","element":[{"code":"ZZ3170","display":"Hjemmeblodtryksmåling udført af patienten","target":[{"code":"Y","display":"Yes","equivalence":"relatedto"}]}]},{"source":"http://snomed.info/sct","target":"http://terminology.hl7.org/CodeSystem/v2-0136","element":[{"code":"445988008","display":"Assessment using health assessment questionnaire (procedure)","target":[{"code":"Y","display":"Yes","equivalence":"relatedto"}]},{"code":"229057006","display":"Meetings (procedure)","target":[{"code":"N","display":"No","equivalence":"relatedto"}]},{"code":"273586006","display":"Master questionnaire","target":[{"code":"Y","display":"Yes","equivalence":"relatedto"}]},{"code":"409073007","display":"Instruction","target":[{"code":"N","display":"No","equivalence":"relatedto"}]},{"code":"446080005","display":"Photography of wound","target":[{"code":"Y","display":"Yes","equivalence":"relatedto"}]}]},{"source":"http://loinc.org","target":"http://terminology.hl7.org/CodeSystem/v2-0136","element":[{"code":"72287-6","display":"Wound size panel","target":[{"code":"Y","display":"Yes","equivalence":"relatedto"}]},{"code":"39126-8","display":"Length of Wound","target":[{"code":"Y","display":"Yes","equivalence":"relatedto"}]},{"code":"39125-0","display":"Width of Wound","target":[{"code":"Y","display":"Yes","equivalence":"relatedto"}]},{"code":"39127-6","display":"Depth of Wound","target":[{"code":"Y","display":"Yes","equivalence":"relatedto"}]},{"code":"89260-4","display":"Area of wound","target":[{"code":"Y","display":"Yes","equivalence":"relatedto"}]},{"code":"94083-3","display":"Wound volume","target":[{"code":"Y","display":"Yes","equivalence":"relatedto"}]}]},{"source":"urn:oid:1.2.208.176.2.4","target":"http://terminology.hl7.org/CodeSystem/v2-0136","element":[{"code":"ALCA00","display":"fysisk fremmøde","target":[{"code":"N","display":"No","equivalence":"relatedto"}]},{"code":"ALCA03","display":"virtuel kontakt","target":[{"code":"N","display":"No","equivalence":"relatedto"}]},{"code":"ZZ7011","display":"Klinisk foto","target":[{"code":"Y","display":"Yes","equivalence":"relatedto"}]}]}]}