{"resourceType":"ConceptMap","id":"activitydefinition-code-to-observation-code","text":{"status":"generated","div":"<div xmlns=\"http://www.w3.org/1999/xhtml\"><p class=\"res-header-id\"><b>Generated Narrative: ConceptMap activitydefinition-code-to-observation-code</b></p><a name=\"activitydefinition-code-to-observation-code\"> </a><a name=\"hcactivitydefinition-code-to-observation-code\"> </a><p>Mapping from <a href=\"ValueSet-ehealth-activitydefinition-code.html\">Activity Definition Code</a> to <a href=\"ValueSet-ehealth-observation-codes.html\">Observation Codes</a></p><br/><p><b>Group 1 </b>Mapping from <a href=\"CodeSystem-urn-oid-1.2.208.176.2.4.html\">Sundhedsvæsenets klassifikationssystem (SKS)</a> to <a href=\"CodeSystem-1.2.208.176.2.1--20190829.html\">NPU DK</a></p><table class=\"grid\"><tr><td colspan=\"2\"><b>Source Concept Details</b></td><td><b>Relationship</b></td><td colspan=\"2\"><b>Target Concept Details</b></td><td><b>Comment</b></td></tr><tr><td colspan=\"2\"><b>Codes</b> from <a href=\"CodeSystem-urn-oid-1.2.208.176.2.4.html\" title=\"urn:oid:1.2.208.176.2.4\">Sundhedsvæsenets klassifikationssystem (SKS)</a></td><td/><td colspan=\"2\"><b>Codes</b> from <a href=\"CodeSystem-1.2.208.176.2.1--20190829.html\" title=\"urn:oid:1.2.208.176.2.1\">NPU DK</a></td><td/></tr><tr><td style=\"border-right-width: 0px; border-bottom-style: none\">ZZ3170</td><td style=\"border-left-width: 0px; border-bottom-style: none\">Hjemmeblodtryksmåling udført af patienten</td><td><a href=\"http://hl7.org/fhir/R5/codesystem-concept-map-relationship.html#specializes\" title=\"specializes\">has specialization</a></td><td style=\"border-right-width: 0px\">DNK05472</td><td style=\"border-left-width: 0px\">Blodtryk systolisk;Arm</td><td>Should really be specializes but igpublisher turns into narrower (which requires a comment)</td></tr><tr><td style=\"border-right-width: 0px; border-top-style: none\"/><td style=\"border-top-style: none; border-left-width: 0px\"/><td><a href=\"http://hl7.org/fhir/R5/codesystem-concept-map-relationship.html#specializes\" title=\"specializes\">has specialization</a></td><td style=\"border-right-width: 0px\">DNK05473</td><td style=\"border-left-width: 0px\">Blodtryk diastolisk;Arm</td><td>Should really be specializes but igpublisher turns into narrower (which requires a comment)</td></tr></table><hr/><p><b>Group 2 </b>Mapping from <a href=\"http://terminology.hl7.org/6.5.0/CodeSystem-v3-loinc.html\">Logical Observation Identifiers, Names and Codes (LOINC)</a> to <a href=\"http://terminology.hl7.org/6.5.0/CodeSystem-v3-loinc.html\">Logical Observation Identifiers, Names and Codes (LOINC)</a></p><table class=\"grid\"><tr><td colspan=\"2\"><b>Source Concept Details</b></td><td><b>Relationship</b></td><td colspan=\"2\"><b>Target Concept Details</b></td></tr><tr><td colspan=\"2\"><b>Codes</b> from <a href=\"http://terminology.hl7.org/6.5.0/CodeSystem-v3-loinc.html\" title=\"http://loinc.org\">Logical Observation Identifiers, Names and Codes (LOINC)</a></td><td/><td colspan=\"2\"><b>Codes</b> from <a href=\"http://terminology.hl7.org/6.5.0/CodeSystem-v3-loinc.html\" title=\"http://loinc.org\">Logical Observation Identifiers, Names and Codes (LOINC)</a></td></tr><tr><td style=\"border-right-width: 0px; border-bottom-style: none\">72287-6</td><td style=\"border-left-width: 0px; border-bottom-style: none\">Wound size panel</td><td><a href=\"http://hl7.org/fhir/R5/codesystem-concept-map-relationship.html#specializes\" title=\"specializes\">has specialization</a></td><td style=\"border-right-width: 0px\">39126-8</td><td style=\"border-left-width: 0px\">Length of Wound</td></tr><tr><td style=\"border-right-width: 0px; border-top-style: none; border-bottom-style: none\"/><td style=\"border-left-width: 0px; border-top-style: none; border-bottom-style: none\"/><td><a href=\"http://hl7.org/fhir/R5/codesystem-concept-map-relationship.html#specializes\" title=\"specializes\">has specialization</a></td><td style=\"border-right-width: 0px\">39125-0</td><td style=\"border-left-width: 0px\">Width of Wound</td></tr><tr><td style=\"border-right-width: 0px; border-top-style: none; border-bottom-style: none\"/><td style=\"border-left-width: 0px; border-top-style: none; border-bottom-style: none\"/><td><a href=\"http://hl7.org/fhir/R5/codesystem-concept-map-relationship.html#specializes\" title=\"specializes\">has specialization</a></td><td style=\"border-right-width: 0px\">39127-6</td><td style=\"border-left-width: 0px\">Depth of Wound</td></tr><tr><td style=\"border-right-width: 0px; border-top-style: none; border-bottom-style: none\"/><td style=\"border-left-width: 0px; border-top-style: none; border-bottom-style: none\"/><td><a href=\"http://hl7.org/fhir/R5/codesystem-concept-map-relationship.html#specializes\" title=\"specializes\">has specialization</a></td><td style=\"border-right-width: 0px\">89260-4</td><td style=\"border-left-width: 0px\">Area of wound</td></tr><tr><td style=\"border-right-width: 0px; border-top-style: none\"/><td style=\"border-top-style: none; border-left-width: 0px\"/><td><a href=\"http://hl7.org/fhir/R5/codesystem-concept-map-relationship.html#specializes\" title=\"specializes\">has specialization</a></td><td style=\"border-right-width: 0px\">94083-3</td><td style=\"border-left-width: 0px\">Wound volume</td></tr></table></div>"},"url":"http://ehealth.sundhed.dk/ConceptMap/activitydefinition-code-to-observation-code","version":"6.0.1","name":"activitydefinition-code-to-observation-code","title":"ActivityDefinition code to Observation code","status":"active","experimental":false,"date":"2020-03-13","publisher":"Den telemedicinske infrastruktur (eHealth Infrastructure)","contact":[{"name":"Den telemedicinske infrastruktur (eHealth Infrastructure)","telecom":[{"system":"url","value":"http://ehealth.sundhed.dk"}]}],"jurisdiction":[{"coding":[{"system":"urn:iso:std:iso:3166","code":"DK","display":"Denmark"}]}],"sourceUri":"http://ehealth.sundhed.dk/vs/activitydefinition-code","targetUri":"http://ehealth.sundhed.dk/vs/observation-codes","group":[{"source":"urn:oid:1.2.208.176.2.4","target":"urn:oid:1.2.208.176.2.1","element":[{"code":"ZZ3170","display":"Hjemmeblodtryksmåling udført af patienten","target":[{"code":"DNK05472","display":"Blodtryk systolisk;Arm","equivalence":"specializes","comment":"Should really be specializes but igpublisher turns into narrower (which requires a comment)"},{"code":"DNK05473","display":"Blodtryk diastolisk;Arm","equivalence":"specializes","comment":"Should really be specializes but igpublisher turns into narrower (which requires a comment)"}]}]},{"source":"http://loinc.org","target":"http://loinc.org","element":[{"code":"72287-6","display":"Wound size panel","target":[{"code":"39126-8","display":"Length of Wound","equivalence":"specializes"},{"code":"39125-0","display":"Width of Wound","equivalence":"specializes"},{"code":"39127-6","display":"Depth of Wound","equivalence":"specializes"},{"code":"89260-4","display":"Area of wound","equivalence":"specializes"},{"code":"94083-3","display":"Wound volume","equivalence":"specializes"}]}]}]}