{"resourceType":"ValueSet","id":"ehealth-program","text":{"status":"generated","div":"<div xmlns=\"http://www.w3.org/1999/xhtml\"><p class=\"res-header-id\"><b>Generated Narrative: ValueSet ehealth-program</b></p><a name=\"ehealth-program\"> </a><a name=\"hcehealth-program\"> </a><ul><li>Include all codes defined in <a href=\"CodeSystem-ehealth-program.html\"><code>http://ehealth.sundhed.dk/cs/ehealth-program</code></a></li></ul></div>"},"url":"http://ehealth.sundhed.dk/vs/ehealth-program","version":"6.0.1","name":"eHealthProgram","title":"eHealth Program","status":"active","experimental":false,"date":"2024-11-28T09:00:00+00:00","publisher":"Den telemedicinske infrastruktur (eHealth Infrastructure)","contact":[{"name":"Den telemedicinske infrastruktur (eHealth Infrastructure)","telecom":[{"system":"url","value":"http://ehealth.sundhed.dk"}]}],"description":"Programs or projects using the eHealth Infrastructure and wanting to mark various resources as intended for their non-exclusive use.","jurisdiction":[{"coding":[{"system":"urn:iso:std:iso:3166","code":"DK","display":"Denmark"}]}],"compose":{"include":[{"system":"http://ehealth.sundhed.dk/cs/ehealth-program"}]}}