{"resourceType":"ValueSet","id":"ehealth-plandefinition-recommendation","text":{"status":"generated","div":"<div xmlns=\"http://www.w3.org/1999/xhtml\"><p class=\"res-header-id\"><b>Generated Narrative: ValueSet ehealth-plandefinition-recommendation</b></p><a name=\"ehealth-plandefinition-recommendation\"> </a><a name=\"hcehealth-plandefinition-recommendation\"> </a><ul><li>Include all codes defined in <a href=\"CodeSystem-ehealth-plandefinition-recommendation.html\"><code>http://ehealth.sundhed.dk/cs/plandefinition-recommendation</code></a></li></ul></div>"},"url":"http://ehealth.sundhed.dk/vs/plandefinition-recommendation","version":"6.0.1","name":"PlanDefinitionRecommendation","title":"PlanDefinition Recommendation","status":"active","experimental":true,"date":"2019-02-08T00:00:00+00:00","publisher":"Den telemedicinske infrastruktur (eHealth Infrastructure)","contact":[{"name":"Den telemedicinske infrastruktur (eHealth Infrastructure)","telecom":[{"system":"url","value":"http://ehealth.sundhed.dk"}]}],"description":"Value set of plan definition recommendation codes.","jurisdiction":[{"coding":[{"system":"urn:iso:std:iso:3166","code":"DK","display":"Denmark"}]}],"compose":{"include":[{"system":"http://ehealth.sundhed.dk/cs/plandefinition-recommendation"}]}}