{"resourceType":"ValueSet","id":"ehealth-device-measuring-quality","text":{"status":"generated","div":"<div xmlns=\"http://www.w3.org/1999/xhtml\"><p class=\"res-header-id\"><b>Generated Narrative: ValueSet ehealth-device-measuring-quality</b></p><a name=\"ehealth-device-measuring-quality\"> </a><a name=\"hcehealth-device-measuring-quality\"> </a><ul><li>Include all codes defined in <a href=\"CodeSystem-ehealth-device-measuring-quality.html\"><code>http://ehealth.sundhed.dk/cs/device-measuring-quality</code></a></li></ul></div>"},"url":"http://ehealth.sundhed.dk/vs/device-measuring-quality","version":"6.0.1","name":"DeviceMeasuringQuality","title":"Device Measuring Quality","status":"active","experimental":true,"date":"2019-02-08T00:00:00+00:00","publisher":"Den telemedicinske infrastruktur (eHealth Infrastructure)","contact":[{"name":"Den telemedicinske infrastruktur (eHealth Infrastructure)","telecom":[{"system":"url","value":"http://ehealth.sundhed.dk"}]}],"description":"Device Measuring Quality value set.","jurisdiction":[{"coding":[{"system":"urn:iso:std:iso:3166","code":"DK","display":"Denmark"}]}],"compose":{"include":[{"system":"http://ehealth.sundhed.dk/cs/device-measuring-quality"}]}}