<?xml version="1.0" encoding="UTF-8"?><CodeSystem xmlns="http://hl7.org/fhir"><id value="hl7.org-fhir-address-type"/><text><status value="generated"/><div xmlns="http://www.w3.org/1999/xhtml"><p class="res-header-id"><b>Generated Narrative: Kodesystem hl7.org-fhir-address-type</b></p><a name="hl7.org-fhir-address-type"> </a><a name="hchl7.org-fhir-address-type"> </a><p>This code system supplement <code>http://hl7.org/fhir/address-type</code> defines displays on the following codes:</p><table class="codes"><tr><td style="white-space:nowrap"><b>Code</b></td><td><b>Display</b></td><td><b>Definition</b></td><td><b>Dansk (Danish, da)</b></td></tr><tr><td><a style="white-space:nowrap" href="http://hl7.org/fhir/R4/codesystem-address-type.html#address-type-postal">postal</a><a name="hl7.org-fhir-address-type-postal"> </a></td><td>Postal</td><td>Mailing addresses - PO Boxes and care-of addresses.</td><td>Post</td></tr><tr><td><a style="white-space:nowrap" href="http://hl7.org/fhir/R4/codesystem-address-type.html#address-type-physical">physical</a><a name="hl7.org-fhir-address-type-physical"> </a></td><td>Physical</td><td>A physical address that can be visited.</td><td>Fysisk</td></tr><tr><td><a style="white-space:nowrap" href="http://hl7.org/fhir/R4/codesystem-address-type.html#address-type-both">both</a><a name="hl7.org-fhir-address-type-both"> </a></td><td>Postal &amp; Physical</td><td>An address that is both physical and postal.</td><td>Post &amp; fysisk</td></tr></table></div></text><extension url="http://hl7.org/fhir/StructureDefinition/structuredefinition-wg"><valueCode value="fhir"/></extension><extension url="http://hl7.org/fhir/StructureDefinition/structuredefinition-standards-status"><valueCode value="normative"/></extension><extension url="http://hl7.org/fhir/StructureDefinition/structuredefinition-normative-version"><valueCode value="4.0.0"/></extension><extension url="http://hl7.org/fhir/StructureDefinition/structuredefinition-fmm"><valueInteger value="5"/></extension><url value="http://hl7.org/fhir/address-type"/><version value="5.0.0"/><name value="AddressType"/><title value="Address Type"/><status value="active"/><experimental value="false"/><date value="2021-10-27T13:27:27+00:00"/><publisher value="Den telemedicinske infrastruktur (eHealth Infrastructure)"/><contact><name value="Den telemedicinske infrastruktur (eHealth Infrastructure)"/><telecom><system value="url"/><value value="http://ehealth.sundhed.dk"/></telecom></contact><description value="The type of an address (physical / postal)"/><jurisdiction><coding><system value="urn:iso:std:iso:3166"/><code value="DK"/><display value="Denmark"/></coding></jurisdiction><content value="supplement"/><supplements value="http://hl7.org/fhir/address-type"/><concept><code value="postal"/><display value="Postal"/><definition value="Mailing addresses - PO Boxes and care-of addresses."/><designation><language value="da"/><use><system value="http://snomed.info/sct"/><code value="900000000000013009"/></use><value value="Post"/></designation></concept><concept><code value="physical"/><display value="Physical"/><definition value="A physical address that can be visited."/><designation><language value="da"/><use><system value="http://snomed.info/sct"/><code value="900000000000013009"/></use><value value="Fysisk"/></designation></concept><concept><code value="both"/><display value="Postal &amp; Physical"/><definition value="An address that is both physical and postal."/><designation><language value="da"/><use><system value="http://snomed.info/sct"/><code value="900000000000013009"/></use><value value="Post &amp; fysisk"/></designation></concept></CodeSystem>