<?xml version="1.0" encoding="UTF-8"?><CodeSystem xmlns="http://hl7.org/fhir"><id value="ehealth-provenance-policies"/><text><status value="generated"/><div xmlns="http://www.w3.org/1999/xhtml"><p class="res-header-id"><b>Generated Narrative: Kodesystem ehealth-provenance-policies</b></p><a name="ehealth-provenance-policies"> </a><a name="hcehealth-provenance-policies"> </a><p>This case-sensitive code system <code>http://ehealth.sundhed.dk/cs/ehealth-provenance-policies</code> defines the following codes:</p><table class="codes"><tr><td style="white-space:nowrap"><b>Code</b></td><td><b>Display</b></td></tr><tr><td style="white-space:nowrap">healthcare-act<a name="ehealth-provenance-policies-healthcare-act"> </a></td><td>Danish healthcare act</td></tr><tr><td style="white-space:nowrap">service-act<a name="ehealth-provenance-policies-service-act"> </a></td><td>Danish service act</td></tr><tr><td style="white-space:nowrap">http://ehealth.sundhed.dk/policy/ehealth/coherent-submitted-measurement<a name="ehealth-provenance-policies-http.58.47.47ehealth.46sundhed.46dk.47policy.47ehealth.47coherent-submitted-measurement"> </a></td><td>Coherent submitted measurement</td></tr><tr><td style="white-space:nowrap">http://ehealth.sundhed.dk/policy/ehealth/measurement-reuse<a name="ehealth-provenance-policies-http.58.47.47ehealth.46sundhed.46dk.47policy.47ehealth.47measurement-reuse"> </a></td><td>Measurement reuse</td></tr><tr><td style="white-space:nowrap">http://ehealth.sundhed.dk/policy/ehealth/organization-administration<a name="ehealth-provenance-policies-http.58.47.47ehealth.46sundhed.46dk.47policy.47ehealth.47organization-administration"> </a></td><td>Organization administration</td></tr><tr><td style="white-space:nowrap">http://ehealth.sundhed.dk/policy/dk/sundhedsloven<a name="ehealth-provenance-policies-http.58.47.47ehealth.46sundhed.46dk.47policy.47dk.47sundhedsloven"> </a></td><td>Danish healthcare act</td></tr><tr><td style="white-space:nowrap">http://ehealth.sundhed.dk/policy/dk/serviceloven<a name="ehealth-provenance-policies-http.58.47.47ehealth.46sundhed.46dk.47policy.47dk.47serviceloven"> </a></td><td>Danish service act</td></tr><tr><td style="white-space:nowrap">http://ehealth.sundhed.dk/policy/dk/persondataloven<a name="ehealth-provenance-policies-http.58.47.47ehealth.46sundhed.46dk.47policy.47dk.47persondataloven"> </a></td><td>Person Data</td></tr><tr><td style="white-space:nowrap">http://ehealth.sundhed.dk/policy/eu/general-data-protection-regulation<a name="ehealth-provenance-policies-http.58.47.47ehealth.46sundhed.46dk.47policy.47eu.47general-data-protection-regulation"> </a></td><td>General Data Protection Regulation</td></tr><tr><td style="white-space:nowrap">http://ehealth.sundhed.dk/policy/ehealth/reuse-of-measurement-chosen-by-citizen<a name="ehealth-provenance-policies-http.58.47.47ehealth.46sundhed.46dk.47policy.47ehealth.47reuse-of-measurement-chosen-by-citizen"> </a></td><td>Reuse of measurement chosen by citizen</td></tr></table><p><b>Additional Language Displays</b></p><table class="codes"><tr><td><b>Code</b></td><td><b>Dansk (Danish, da)</b></td><td><b>English (United States) (English (United States), en)</b></td></tr><tr><td>healthcare-act</td><td>Sundhedsloven</td><td>Danish healthcare act</td></tr><tr><td>service-act</td><td>Serviceloven</td><td>Danish service act</td></tr><tr><td>http://ehealth.sundhed.dk/policy/ehealth/coherent-submitted-measurement</td><td>Målinger indsendt sammen</td><td>Coherent submitted measurement</td></tr><tr><td>http://ehealth.sundhed.dk/policy/ehealth/measurement-reuse</td><td>Genbrugte måledata</td><td>Measurement reuse</td></tr><tr><td>http://ehealth.sundhed.dk/policy/ehealth/organization-administration</td><td>Administrering af organisationsoplysninger</td><td>Organization administration</td></tr><tr><td>http://ehealth.sundhed.dk/policy/dk/sundhedsloven</td><td>Sundhedsloven</td><td>Danish healthcare act</td></tr><tr><td>http://ehealth.sundhed.dk/policy/dk/serviceloven</td><td>Serviceloven</td><td>Danish service act</td></tr><tr><td>http://ehealth.sundhed.dk/policy/dk/persondataloven</td><td>Oplysninger underlagt Persondataloven</td><td>Person Data</td></tr><tr><td>http://ehealth.sundhed.dk/policy/eu/general-data-protection-regulation</td><td>GDPR data</td><td>General Data Protection Regulation</td></tr><tr><td>http://ehealth.sundhed.dk/policy/ehealth/reuse-of-measurement-chosen-by-citizen</td><td></td><td>Reuse of measurement chosen by citizen</td></tr></table></div></text><url value="http://ehealth.sundhed.dk/cs/ehealth-provenance-policies"/><version value="5.0.0"/><name value="Policies for provenances"/><title value="Policies for provenances"/><status value="active"/><experimental value="false"/><date value="2021-02-24T00:00:00+00:00"/><publisher value="Den telemedicinske infrastruktur (eHealth Infrastructure)"/><contact><name value="Den telemedicinske infrastruktur (eHealth Infrastructure)"/><telecom><system value="url"/><value value="http://ehealth.sundhed.dk"/></telecom></contact><description value="Policies under which data can be provided"/><jurisdiction><coding><system value="urn:iso:std:iso:3166"/><code value="DK"/><display value="Denmark"/></coding></jurisdiction><caseSensitive value="true"/><content value="complete"/><concept><code value="healthcare-act"/><display value="Danish healthcare act"/><designation><language value="en-US"/><value value="Danish healthcare act"/></designation><designation><language value="da"/><value value="Sundhedsloven"/></designation></concept><concept><code value="service-act"/><display value="Danish service act"/><designation><language value="en-US"/><value value="Danish service act"/></designation><designation><language value="da"/><value value="Serviceloven"/></designation></concept><concept><code value="http://ehealth.sundhed.dk/policy/ehealth/coherent-submitted-measurement"/><display value="Coherent submitted measurement"/><designation><language value="en-US"/><value value="Coherent submitted measurement"/></designation><designation><language value="da"/><value value="Målinger indsendt sammen"/></designation></concept><concept><code value="http://ehealth.sundhed.dk/policy/ehealth/measurement-reuse"/><display value="Measurement reuse"/><designation><language value="en-US"/><value value="Measurement reuse"/></designation><designation><language value="da"/><value value="Genbrugte måledata"/></designation></concept><concept><code value="http://ehealth.sundhed.dk/policy/ehealth/organization-administration"/><display value="Organization administration"/><designation><language value="en-US"/><value value="Organization administration"/></designation><designation><language value="da"/><value value="Administrering af organisationsoplysninger"/></designation></concept><concept><code value="http://ehealth.sundhed.dk/policy/dk/sundhedsloven"/><display value="Danish healthcare act"/><designation><language value="en-US"/><value value="Danish healthcare act"/></designation><designation><language value="da"/><value value="Sundhedsloven"/></designation></concept><concept><code value="http://ehealth.sundhed.dk/policy/dk/serviceloven"/><display value="Danish service act"/><designation><language value="en-US"/><value value="Danish service act"/></designation><designation><language value="da"/><value value="Serviceloven"/></designation></concept><concept><code value="http://ehealth.sundhed.dk/policy/dk/persondataloven"/><display value="Person Data"/><designation><language value="en-US"/><value value="Person Data"/></designation><designation><language value="da"/><value value="Oplysninger underlagt Persondataloven"/></designation></concept><concept><code value="http://ehealth.sundhed.dk/policy/eu/general-data-protection-regulation"/><display value="General Data Protection Regulation"/><designation><language value="en-US"/><value value="General Data Protection Regulation"/></designation><designation><language value="da"/><value value="GDPR data"/></designation></concept><concept><code value="http://ehealth.sundhed.dk/policy/ehealth/reuse-of-measurement-chosen-by-citizen"/><display value="Reuse of measurement chosen by citizen"/><designation><language value="en-US"/><value value="Reuse of measurement chosen by citizen"/></designation></concept></CodeSystem>