<?xml version="1.0" encoding="UTF-8"?><CodeSystem xmlns="http://hl7.org/fhir"><id value="hl7TermMaintInfra"/><language value="en"/><text><status value="generated"/><div xmlns="http://www.w3.org/1999/xhtml" xml:lang="en" lang="en"><p class="res-header-id"><b>Generated Narrative: Kodesystem hl7TermMaintInfra</b></p><a name="hl7TermMaintInfra"> </a><a name="hchl7TermMaintInfra"> </a><div style="display: inline-block; background-color: #d9e0e7; padding: 6px; margin: 4px; border: 1px solid #8da1b4; border-radius: 5px; line-height: 60%"><p style="margin-bottom: 0px">Language: en</p></div><p>This case-sensitive code system <code>http://terminology.hl7.org/CodeSystem/hl7TermMaintInfra</code> defines the following codes in a Is-A hierarchy:</p><table class="codes"><tr><td><b>Lvl</b></td><td style="white-space:nowrap"><b>Code</b></td><td><b>Display</b></td><td><b>Definition</b></td></tr><tr><td>1</td><td style="white-space:nowrap">synonymCode<a name="hl7TermMaintInfra-synonymCode"> </a></td><td>synonymCode</td><td>Notes a different identifying concept representation (code) which is the same concept and thus considered a synonym. Used in UTG CodeSystem extension.</td></tr><tr><td>1</td><td style="white-space:nowrap">preferredForLanguage<a name="hl7TermMaintInfra-preferredForLanguage"> </a></td><td>Preferred For Language</td><td>Notes a code designation which is preferred for the identified language among more than one for that language. Used in value seet desigation-use in FHIR.</td></tr><tr><td>1</td><td style="white-space:nowrap">consumer<a name="hl7TermMaintInfra-consumer"> </a></td><td>Consumer-friendly</td><td>Designation for use in display to non-clinicians and those not in healthcare professions as a more friendly term for coommunication.</td></tr><tr><td>1</td><td style="white-space:nowrap">sponsor<a name="hl7TermMaintInfra-sponsor"> </a></td><td>sponsor</td><td>Sponsor of the terminology object, as defined in the MIF using legacy tooling, and held in the codeSystem.header.contributor.role element.</td></tr><tr><td>1</td><td style="white-space:nowrap">Publisher<a name="hl7TermMaintInfra-Publisher"> </a></td><td>Publisher of the terminology object</td><td>Publisher of the terminology object, as defined in the MIF using legacy tooling, and held in the codeSystem.header.contributor.role element. Typically used only where the developer and steward is different than the organization publishing the code system.</td></tr><tr><td>1</td><td style="white-space:nowrap">HL7REALM<a name="hl7TermMaintInfra-HL7REALM"> </a></td><td>Context Binding Realm for codes HL7 v3</td><td>Abstract root node for the realm codes.</td></tr><tr><td>2</td><td style="white-space:nowrap">  UV<a name="hl7TermMaintInfra-UV"> </a></td><td>Universal Realm</td><td>Universal realm or context, used in every instance</td></tr><tr><td>2</td><td style="white-space:nowrap">  X1<a name="hl7TermMaintInfra-X1"> </a></td><td>Example Realm</td><td>Example Realm</td></tr><tr><td>2</td><td style="white-space:nowrap">  C1<a name="hl7TermMaintInfra-C1"> </a></td><td>Unclassified Realm</td><td>Unclassified Realm</td></tr><tr><td>2</td><td style="white-space:nowrap">  R1<a name="hl7TermMaintInfra-R1"> </a></td><td>Representative Realm</td><td>Representative Realm</td></tr><tr><td>2</td><td style="white-space:nowrap">  US<a name="hl7TermMaintInfra-US"> </a></td><td>United States of America</td><td>United States of America</td></tr><tr><td>1</td><td style="white-space:nowrap">UTGLISTUSE<a name="hl7TermMaintInfra-UTGLISTUSE"> </a></td><td>UTG List Usage Codes</td><td>Abstract root for usage codes in the List resources.</td></tr><tr><td>2</td><td style="white-space:nowrap">  UTGCTGManifest<a name="hl7TermMaintInfra-UTGCTGManifest"> </a></td><td>UTG Control Manifest</td><td>Identifies LIst resouce used as a Manifest for control of publishing and releases in UTG.</td></tr><tr><td>2</td><td style="white-space:nowrap">  UTGRELManifest<a name="hl7TermMaintInfra-UTGRELManifest"> </a></td><td>UTG Release Instance Manifest</td><td>Identifies List resourrce instance used as a Manifest of a release of the HL7 Vocabulary through UTG.</td></tr><tr><td>1</td><td style="white-space:nowrap">MIF<a name="hl7TermMaintInfra-MIF"> </a></td><td/><td>Frouper code for MIF-related terminology</td></tr><tr><td>2</td><td style="white-space:nowrap">  MIF-ConceptRelationshipKind<a name="hl7TermMaintInfra-MIF-ConceptRelationshipKind"> </a></td><td/><td>Grouper code for MIF SupportedConceptRelationship.relationshipKind codes</td></tr><tr><td>3</td><td style="white-space:nowrap">    Specializes<a name="hl7TermMaintInfra-Specializes"> </a></td><td/><td>The child code is a more narrow version of concept represented by the parent code.  I.e. Every child concept is also a valid parent concept.  Used to allow determination of subsumption.  Must be transitive, irreflexive, antisymetric.</td></tr><tr><td>3</td><td style="white-space:nowrap">    ComponentOf<a name="hl7TermMaintInfra-ComponentOf"> </a></td><td/><td>The child code is a part of the concept represented by the parent code.  Used to determine allowed nesting, for example of address components.  Must be transitive, irreflexive, antisymetric.</td></tr><tr><td>3</td><td style="white-space:nowrap">    GroupedBy<a name="hl7TermMaintInfra-GroupedBy"> </a></td><td/><td>The child code is a part of a grouping represented by the parent code.  Used to determine navigational hierarchy not based on a specializes or component relationship.  E.g. ICD9 hierarchy.  Is transitive, irreflexive and antisymetric</td></tr><tr><td>3</td><td style="white-space:nowrap">    LessThan<a name="hl7TermMaintInfra-LessThan"> </a></td><td/><td>For coded ordeinal code systems, indicates that the specified code is considered less than the related code.  Used to determine relationships for coded ordinals.  Must be transitive, irreflexive, antisymetric.</td></tr><tr><td>3</td><td style="white-space:nowrap">    DefinitionallyQualifies<a name="hl7TermMaintInfra-DefinitionallyQualifies"> </a></td><td/><td>Identifies a code that can act as a qualifier for the referenced code, both as part of concept definition within the code system and as part of run-time concept definition to determine concepts allowed for use as qualifiers for a concept within a CD datatype.  Must be non-transitive, irreflexive.</td></tr><tr><td>3</td><td style="white-space:nowrap">    NonDefinitionallyQualifies<a name="hl7TermMaintInfra-NonDefinitionallyQualifies"> </a></td><td/><td>Same as definitionally qualifies, but restricted to only being used at run-time.  Must be non-transitive, irreflexive.</td></tr><tr><td>3</td><td style="white-space:nowrap">    Generalizes<a name="hl7TermMaintInfra-Generalizes"> </a></td><td/><td>Inverse of Specializes.  Only included as a derived relationship</td></tr><tr><td>3</td><td style="white-space:nowrap">    Component<a name="hl7TermMaintInfra-Component"> </a></td><td/><td>Inverse of ComponentOf.  Only included as a derived relationship</td></tr><tr><td>3</td><td style="white-space:nowrap">    InGroup<a name="hl7TermMaintInfra-InGroup"> </a></td><td/><td>Inverse of GroupedBy.  Only included as a derived relationship</td></tr><tr><td>3</td><td style="white-space:nowrap">    GreaterThan<a name="hl7TermMaintInfra-GreaterThan"> </a></td><td/><td>Inverse of LessThan.  Only included as a derived relationship</td></tr><tr><td>3</td><td style="white-space:nowrap">    DefinitionallyQualifiedBy<a name="hl7TermMaintInfra-DefinitionallyQualifiedBy"> </a></td><td/><td>Inverse of DefinitionallyQualifies.  Only included as a derived relationship</td></tr><tr><td>3</td><td style="white-space:nowrap">    NonDefinitionallyQualifiedBy<a name="hl7TermMaintInfra-NonDefinitionallyQualifiedBy"> </a></td><td/><td>Inverse of NonDefinitionallyQualifies.  Only included as a derived relationship</td></tr><tr><td>3</td><td style="white-space:nowrap">    Other<a name="hl7TermMaintInfra-Other"> </a></td><td/><td>The child code has a relationship with the parent that does not follow one of the pre-defined stereotypical patterns.  Any application behavior based on the relationship must be custom-coded.  Transitivity, Reflexivity and Symmetry must be asserted</td></tr><tr><td>2</td><td style="white-space:nowrap">  MIF-ConceptRelationshipReflexivity<a name="hl7TermMaintInfra-MIF-ConceptRelationshipReflexivity"> </a></td><td/><td>Grouper code for MIF SupportedConceptRelationship.reflexivity codes</td></tr><tr><td>3</td><td style="white-space:nowrap">    reflexive<a name="hl7TermMaintInfra-reflexive"> </a></td><td/><td>Relationship always holds from a code to itself</td></tr><tr><td>3</td><td style="white-space:nowrap">    irreflexive<a name="hl7TermMaintInfra-irreflexive"> </a></td><td/><td>Relationship never holds from a code to itself</td></tr><tr><td>2</td><td style="white-space:nowrap">  MIF-ConceptRelationshipSymmetry<a name="hl7TermMaintInfra-MIF-ConceptRelationshipSymmetry"> </a></td><td/><td>Grouper code for MIF SupportedConceptRelationship.symmetry codes</td></tr><tr><td>3</td><td style="white-space:nowrap">    symmetric<a name="hl7TermMaintInfra-symmetric"> </a></td><td/><td>Relationship always holds from target to source if it holds from source to target</td></tr><tr><td>3</td><td style="white-space:nowrap">    antisymmetric<a name="hl7TermMaintInfra-antisymmetric"> </a></td><td/><td>Relationship never holds from target to source if it holds from source to target</td></tr><tr><td>2</td><td style="white-space:nowrap">  MIF-ConceptRelationshipTransitivity<a name="hl7TermMaintInfra-MIF-ConceptRelationshipTransitivity"> </a></td><td/><td>Grouper code for MIF SupportedConceptRelationship.transitivity codes</td></tr><tr><td>3</td><td style="white-space:nowrap">    transitive<a name="hl7TermMaintInfra-transitive"> </a></td><td/><td>If a relationship exists from A to B and B to C, it always holds from A to C as well</td></tr><tr><td>3</td><td style="white-space:nowrap">    antitransitive<a name="hl7TermMaintInfra-antitransitive"> </a></td><td/><td>If a relationship exists from A to B and B to C, it never holds from A to C as well</td></tr></table></div></text><url value="http://terminology.hl7.org/CodeSystem/hl7TermMaintInfra"/><version value="5.0.0"/><name value="Hl7TermMaintInfra"/><title value="HL7 Terminology Maintenance Infrastructure Vocabulary"/><status value="active"/><date value="2018-12-15"/><publisher value="Den telemedicinske infrastruktur (eHealth Infrastructure)"/><contact><name value="Den telemedicinske infrastruktur (eHealth Infrastructure)"/><telecom><system value="url"/><value value="http://ehealth.sundhed.dk"/></telecom></contact><description value="Codes that may have been strings or other types of data in pre-existing tooling for V3 and V2 terminology maintenance, and moved to codes in this code system for proper handling in the FHIR based UTG maintenance facilities."/><jurisdiction><coding><system value="urn:iso:std:iso:3166"/><code value="DK"/><display value="Denmark"/></coding></jurisdiction><caseSensitive value="true"/><hierarchyMeaning value="is-a"/><content value="complete"/><concept><code value="synonymCode"/><display value="synonymCode"/><definition value="Notes a different identifying concept representation (code) which is the same concept and thus considered a synonym. Used in UTG CodeSystem extension."/></concept><concept><code value="preferredForLanguage"/><display value="Preferred For Language"/><definition value="Notes a code designation which is preferred for the identified language among more than one for that language. Used in value seet desigation-use in FHIR."/></concept><concept><code value="consumer"/><display value="Consumer-friendly"/><definition value="Designation for use in display to non-clinicians and those not in healthcare professions as a more friendly term for coommunication."/></concept><concept><code value="sponsor"/><display value="sponsor"/><definition value="Sponsor of the terminology object, as defined in the MIF using legacy tooling, and held in the codeSystem.header.contributor.role element."/></concept><concept><code value="Publisher"/><display value="Publisher of the terminology object"/><definition value="Publisher of the terminology object, as defined in the MIF using legacy tooling, and held in the codeSystem.header.contributor.role element. Typically used only where the developer and steward is different than the organization publishing the code system."/></concept><concept><code value="HL7REALM"/><display value="Context Binding Realm for codes HL7 v3"/><definition value="Abstract root node for the realm codes."/><concept><code value="UV"/><display value="Universal Realm"/><definition value="Universal realm or context, used in every instance"/></concept><concept><code value="X1"/><display value="Example Realm"/><definition value="Example Realm"/></concept><concept><code value="C1"/><display value="Unclassified Realm"/><definition value="Unclassified Realm"/></concept><concept><code value="R1"/><display value="Representative Realm"/><definition value="Representative Realm"/></concept><concept><code value="US"/><display value="United States of America"/><definition value="United States of America"/></concept></concept><concept><code value="UTGLISTUSE"/><display value="UTG List Usage Codes"/><definition value="Abstract root for usage codes in the List resources."/><concept><code value="UTGCTGManifest"/><display value="UTG Control Manifest"/><definition value="Identifies LIst resouce used as a Manifest for control of publishing and releases in UTG."/></concept><concept><code value="UTGRELManifest"/><display value="UTG Release Instance Manifest"/><definition value="Identifies List resourrce instance used as a Manifest of a release of the HL7 Vocabulary through UTG."/></concept></concept><concept><code value="MIF"/><definition value="Frouper code for MIF-related terminology"/><concept><code value="MIF-ConceptRelationshipKind"/><definition value="Grouper code for MIF SupportedConceptRelationship.relationshipKind codes"/><concept><code value="Specializes"/><definition value="The child code is a more narrow version of concept represented by the parent code.  I.e. Every child concept is also a valid parent concept.  Used to allow determination of subsumption.  Must be transitive, irreflexive, antisymetric."/></concept><concept><code value="ComponentOf"/><definition value="The child code is a part of the concept represented by the parent code.  Used to determine allowed nesting, for example of address components.  Must be transitive, irreflexive, antisymetric."/></concept><concept><code value="GroupedBy"/><definition value="The child code is a part of a grouping represented by the parent code.  Used to determine navigational hierarchy not based on a specializes or component relationship.  E.g. ICD9 hierarchy.  Is transitive, irreflexive and antisymetric"/></concept><concept><code value="LessThan"/><definition value="For coded ordeinal code systems, indicates that the specified code is considered less than the related code.  Used to determine relationships for coded ordinals.  Must be transitive, irreflexive, antisymetric."/></concept><concept><code value="DefinitionallyQualifies"/><definition value="Identifies a code that can act as a qualifier for the referenced code, both as part of concept definition within the code system and as part of run-time concept definition to determine concepts allowed for use as qualifiers for a concept within a CD datatype.  Must be non-transitive, irreflexive."/></concept><concept><code value="NonDefinitionallyQualifies"/><definition value="Same as definitionally qualifies, but restricted to only being used at run-time.  Must be non-transitive, irreflexive."/></concept><concept><code value="Generalizes"/><definition value="Inverse of Specializes.  Only included as a derived relationship"/></concept><concept><code value="Component"/><definition value="Inverse of ComponentOf.  Only included as a derived relationship"/></concept><concept><code value="InGroup"/><definition value="Inverse of GroupedBy.  Only included as a derived relationship"/></concept><concept><code value="GreaterThan"/><definition value="Inverse of LessThan.  Only included as a derived relationship"/></concept><concept><code value="DefinitionallyQualifiedBy"/><definition value="Inverse of DefinitionallyQualifies.  Only included as a derived relationship"/></concept><concept><code value="NonDefinitionallyQualifiedBy"/><definition value="Inverse of NonDefinitionallyQualifies.  Only included as a derived relationship"/></concept><concept><code value="Other"/><definition value="The child code has a relationship with the parent that does not follow one of the pre-defined stereotypical patterns.  Any application behavior based on the relationship must be custom-coded.  Transitivity, Reflexivity and Symmetry must be asserted"/></concept></concept><concept><code value="MIF-ConceptRelationshipReflexivity"/><definition value="Grouper code for MIF SupportedConceptRelationship.reflexivity codes"/><concept><code value="reflexive"/><definition value="Relationship always holds from a code to itself"/></concept><concept><code value="irreflexive"/><definition value="Relationship never holds from a code to itself"/></concept></concept><concept><code value="MIF-ConceptRelationshipSymmetry"/><definition value="Grouper code for MIF SupportedConceptRelationship.symmetry codes"/><concept><code value="symmetric"/><definition value="Relationship always holds from target to source if it holds from source to target"/></concept><concept><code value="antisymmetric"/><definition value="Relationship never holds from target to source if it holds from source to target"/></concept></concept><concept><code value="MIF-ConceptRelationshipTransitivity"/><definition value="Grouper code for MIF SupportedConceptRelationship.transitivity codes"/><concept><code value="transitive"/><definition value="If a relationship exists from A to B and B to C, it always holds from A to C as well"/></concept><concept><code value="antitransitive"/><definition value="If a relationship exists from A to B and B to C, it never holds from A to C as well"/></concept></concept></concept></CodeSystem>