<?xml version="1.0" encoding="UTF-8"?><OperationDefinition xmlns="http://hl7.org/fhir"><id value="Media-t-get-data"/><text><status value="generated"/><div xmlns="http://www.w3.org/1999/xhtml">Operation</div></text><url value="http://ehealth.sundhed.dk/fhir/OperationDefinition/Media-t-get-data"/><version value="5.0.0"/><name value="get-data"/><title value="Get media data"/><status value="active"/><kind value="operation"/><date value="2025-08-11T11:41:57+00:00"/><publisher value="Den telemedicinske infrastruktur (eHealth Infrastructure)"/><contact><name value="Den telemedicinske infrastruktur (eHealth Infrastructure)"/><telecom><system value="url"/><value value="http://ehealth.sundhed.dk"/></telecom></contact><description value="The get-data operation returns a media content matching the uuid provided.&#xA;&#xA;&#xA;### Parameter description&#xA;- uuid: The uuid of the media to return&#xA;&#xA;&#xA;### Request header description&#xA;- ehealth-thumbnail-size: The size of thumbnail to return instead of original content. If thumbnails are not supported for the media, the original content is returned&#xA;&#xA;&#xA;### Output description&#xA;The result of this operation returns a Binary containing the media found from the provided uuid"/><jurisdiction><coding><system value="urn:iso:std:iso:3166"/><code value="DK"/><display value="Denmark"/></coding></jurisdiction><affectsState value="false"/><code value="get-data"/><resource value="Media"/><system value="false"/><type value="true"/><instance value="false"/><parameter><name value="uuid"/><use value="in"/><min value="0"/><max value="1"/><documentation value="Get media data matching the UUID provided"/><type value="string"/></parameter></OperationDefinition>