<?xml version="1.0" encoding="UTF-8"?><ValueSet xmlns="http://hl7.org/fhir"><id value="ehealth-overviewUsageMode"/><text><status value="generated"/><div xmlns="http://www.w3.org/1999/xhtml"><p class="res-header-id"><b>Generated Narrative: Værdisæt ehealth-overviewUsageMode</b></p><a name="ehealth-overviewUsageMode"> </a><a name="hcehealth-overviewUsageMode"> </a><ul><li>Include all codes defined in <a href="CodeSystem-ehealth-overviewUsageMode.html"><code>http://ehealth.sundhed.dk/cs/overviewUsageMode</code></a></li></ul></div></text><url value="http://ehealth.sundhed.dk/vs/overviewUsageMode"/><version value="5.0.0"/><name value="OverviewUsageMode"/><title value="Overview Usage Mode"/><status value="active"/><experimental value="true"/><date value="2020-10-19T00:00:00+00:00"/><publisher value="Den telemedicinske infrastruktur (eHealth Infrastructure)"/><contact><name value="Den telemedicinske infrastruktur (eHealth Infrastructure)"/><telecom><system value="url"/><value value="http://ehealth.sundhed.dk"/></telecom></contact><description value="Whether the element should appear in overview modes of operation."/><jurisdiction><coding><system value="urn:iso:std:iso:3166"/><code value="DK"/><display value="Denmark"/></coding></jurisdiction><compose><include><system value="http://ehealth.sundhed.dk/cs/overviewUsageMode"/></include></compose></ValueSet>