{"resourceType":"CapabilityStatement","id":"document-transformation","text":{"status":"extensions","div":"<div xmlns=\"http://www.w3.org/1999/xhtml\"><p class=\"res-header-id\"><b>Generated Narrative: CapabilityStatement document-transformation</b></p><a name=\"document-transformation\"> </a><a name=\"hcdocument-transformation\"> </a><a name=\"document-transformation-da-DK\"> </a><h2 id=\"title\"/><ul><li>Implementation Guide Version: 3.5.1 </li><li>FHIR Version: 4.0.1 </li><li>Supported Formats: <code>application/fhir+xml</code>, <code>xml</code>, <code>application/fhir+json</code>, <code>json</code>, <code>application/x-turtle</code>, <code>ttl</code>, <code>html/json</code>, <code>html/xml</code>, <code>html/turtle</code></li><li>Supported Patch Formats: </li><li>Published on: 2025-02-06 09:21:53+0000 </li><li>Published by: Den telemedicinske infrastruktur (eHealth Infrastructure) </li></ul><blockquote class=\"impl-note\"><p><strong>Note to Implementers: FHIR Capabilities</strong></p><p>Any FHIR capability may be 'allowed' by the system unless explicitly marked as 'SHALL NOT'. A few items are marked as MAY in the Implementation Guide to highlight their potential relevance to the use case.</p></blockquote><h2 id=\"rest\">FHIR RESTful Capabilities</h2><div class=\"panel panel-default\"><div class=\"panel-heading\"><h3 id=\"mode1\" class=\"panel-title\">Mode: <code>server</code></h3></div><div class=\"panel-body\"><div class=\"lead\"><em>Summary of System-wide Interactions</em></div></div></div><h3 id=\"resourcesCap1\">Capabilities by Resource/Profile</h3><h4 id=\"resourcesSummary1\">Summary</h4><p>The summary table lists the resources that are part of this configuration, and for each resource it lists:</p><ul><li>The relevant profiles (if any)</li><li>The interactions supported by each resource (<b><span class=\"bg-info\">R</span></b>ead, <b><span class=\"bg-info\">S</span></b>earch, <b><span class=\"bg-info\">U</span></b>pdate, and <b><span class=\"bg-info\">C</span></b>reate, are always shown, while <b><span class=\"bg-info\">VR</span></b>ead, <b><span class=\"bg-info\">P</span></b>atch, <b><span class=\"bg-info\">D</span></b>elete, <b><span class=\"bg-info\">H</span></b>istory on <b><span class=\"bg-info\">I</span></b>nstance, or <b><span class=\"bg-info\">H</span></b>istory on <b><span class=\"bg-info\">T</span></b>ype are only present if at least one of the resources has support for them.</li><li><span>The required, recommended, and some optional search parameters (if any). </span></li><li>The linked resources enabled for <code>_include</code></li><li>The other resources enabled for <code>_revinclude</code></li><li>The operations on the resource (if any)</li></ul><div class=\"table-responsive\"><table class=\"table table-condensed table-hover\"><thead><tr><th><b>Resource Type</b></th><th><b>Profile</b></th><th class=\"text-center\"><b title=\"GET a resource (read interaction)\">R</b></th><th class=\"text-center\"><b title=\"GET past versions of resources (vread interaction)\">V-R</b></th><th class=\"text-center\"><b title=\"GET all set of resources of the type (search interaction)\">S</b></th><th class=\"text-center\"><b title=\"PUT a new resource version (update interaction)\">U</b></th><th class=\"text-center\"><b title=\"PATCH a new resource version (patch interaction)\">P</b></th><th class=\"text-center\"><b title=\"POST a new resource (create interaction)\">C</b></th><th class=\"text-center\"><b title=\"DELETE a resource (delete interaction)\">D</b></th><th><b title=\"Required and recommended search parameters\">Searches</b></th><th><code><b>_include</b></code></th><th><code><b>_revinclude</b></code></th><th><b>Operations</b></th></tr></thead><tbody><tr><td><a href=\"#Composition1-1\">Composition</a></td><td><a href=\"StructureDefinition-ehealth-composition.html\">http://ehealth.sundhed.dk/fhir/StructureDefinition/ehealth-composition</a></td><td class=\"text-center\">y</td><td class=\"text-center\">y</td><td class=\"text-center\">y</td><td class=\"text-center\"></td><td class=\"text-center\"></td><td class=\"text-center\">y</td><td class=\"text-center\">y</td><td>_content, _has, _id, _language, _lastUpdated, _profile, _security, _tag, _text, attester, author, class, confidentiality, context, date, encounter, entry, identifier, patient, period, related-id, related-ref, section, status, subject, title, type</td><td><code>Composition:related-ref</code></td><td><code>Composition:attester</code>, <code>Composition:author</code>, <code>Composition:encounter</code>, <code>Composition:entry</code>, <code>Composition:patient</code>, <code>Composition:related-ref</code>, <code>Composition:subject</code>, <code>DocumentReference:authenticator</code>, <code>DocumentReference:author</code>, <code>DocumentReference:custodian</code>, <code>DocumentReference:encounter</code>, <code>DocumentReference:patient</code>, <code>DocumentReference:related</code>, <code>DocumentReference:related-ref</code>, <code>DocumentReference:relatesto</code>, <code>DocumentReference:subject</code></td><td><code>$validate</code></td></tr><tr><td><a href=\"#DocumentReference1-2\">DocumentReference</a></td><td><a href=\"StructureDefinition-ehealth-transformation-documentreference.html\">http://ehealth.sundhed.dk/fhir/StructureDefinition/ehealth-transformation-documentreference</a></td><td class=\"text-center\">y</td><td class=\"text-center\">y</td><td class=\"text-center\">y</td><td class=\"text-center\"></td><td class=\"text-center\">y</td><td class=\"text-center\">y</td><td class=\"text-center\">y</td><td>_content, _has, _id, _language, _lastUpdated, _profile, _security, _tag, _text, authenticator, author, class, custodian, date, description, documentSharingState, encounter, event, facility, format, identifier, indexed, language, location, masterIdentifier, patient, period, related, related-id, related-ref, relatesto, relation, relationship, securitylabel, setting, status, subject, type</td><td><code>DocumentReference:relatesto</code></td><td><code>Composition:attester</code>, <code>Composition:author</code>, <code>Composition:encounter</code>, <code>Composition:entry</code>, <code>Composition:patient</code>, <code>Composition:related-ref</code>, <code>Composition:subject</code>, <code>DocumentReference:authenticator</code>, <code>DocumentReference:author</code>, <code>DocumentReference:custodian</code>, <code>DocumentReference:encounter</code>, <code>DocumentReference:patient</code>, <code>DocumentReference:related</code>, <code>DocumentReference:related-ref</code>, <code>DocumentReference:relatesto</code>, <code>DocumentReference:subject</code></td><td><code>$validate</code>, <code>$deprecate-document</code></td></tr><tr><td><a href=\"#OperationDefinition1-3\">OperationDefinition</a></td><td><a href=\"http://hl7.org/fhir/R4/operationdefinition.html\">http://hl7.org/fhir/StructureDefinition/OperationDefinition</a></td><td class=\"text-center\">y</td><td class=\"text-center\"></td><td class=\"text-center\"></td><td class=\"text-center\"></td><td class=\"text-center\"></td><td class=\"text-center\"></td><td class=\"text-center\"></td><td></td><td><code>*</code></td><td><code>Composition:attester</code>, <code>Composition:author</code>, <code>Composition:encounter</code>, <code>Composition:entry</code>, <code>Composition:patient</code>, <code>Composition:related-ref</code>, <code>Composition:subject</code>, <code>DocumentReference:authenticator</code>, <code>DocumentReference:author</code>, <code>DocumentReference:custodian</code>, <code>DocumentReference:encounter</code>, <code>DocumentReference:patient</code>, <code>DocumentReference:related</code>, <code>DocumentReference:related-ref</code>, <code>DocumentReference:relatesto</code>, <code>DocumentReference:subject</code></td><td/></tr></tbody></table></div><hr/><div class=\"panel panel-default\"><div class=\"panel-heading\"><h4 id=\"Composition1-1\" class=\"panel-title\"><span style=\"float: right;\">Resource Conformance: supported </span>Composition</h4></div><div class=\"panel-body\"><div class=\"container\"><div class=\"row\"><div class=\"col-lg-6\"><span class=\"lead\">Base System Profile</span><br/><a href=\"StructureDefinition-ehealth-composition.html\">ehealth-composition</a></div><div class=\"col-lg-3\"><span class=\"lead\">Profile Conformance</span><br/><b>SHALL</b></div><div class=\"col-lg-3\"><span class=\"lead\">Reference Policy</span><br/></div></div><p/><div class=\"row\"><div class=\"col-lg-6\"><span class=\"lead\">Interaction summary</span><br/><ul><li>Supports <code>search-type</code>, <code>vread</code>, <code>read</code>, <code>delete</code>, <code>create</code>.</li></ul></div></div><p/><div class=\"row\"><div class=\"col-lg-7\"><span class=\"lead\">Search Parameters</span><table class=\"table table-condensed table-hover\"><thead><tr><th>Conformance</th><th>Parameter</th><th>Type</th><th>Documentation</th></tr></thead><tbody><tr><td><b>SHALL</b></td><td>_content</td><td><code>string</code></td><td><div><p>Search the contents of the resource's data using a fulltext search</p>\n</div></td></tr><tr><td><b>SHALL</b></td><td>_has</td><td><code>string</code></td><td><div><p>Return resources linked to by the given target</p>\n</div></td></tr><tr><td><b>SHALL</b></td><td>_id</td><td><code>token</code></td><td><div><p>The ID of the resource</p>\n</div></td></tr><tr><td><b>SHALL</b></td><td>_language</td><td><code>string</code></td><td><div><p>The language of the resource</p>\n</div></td></tr><tr><td><b>SHALL</b></td><td>_lastUpdated</td><td><code>date</code></td><td><div><p>Only return resources which were last updated as specified by the given range</p>\n</div></td></tr><tr><td><b>SHALL</b></td><td>_profile</td><td><code>uri</code></td><td><div><p>Search for resources which have the given profile</p>\n</div></td></tr><tr><td><b>SHALL</b></td><td>_security</td><td><code>token</code></td><td><div><p>Search for resources which have the given security labels</p>\n</div></td></tr><tr><td><b>SHALL</b></td><td>_tag</td><td><code>token</code></td><td><div><p>Search for resources which have the given tag</p>\n</div></td></tr><tr><td><b>SHALL</b></td><td>_text</td><td><code>string</code></td><td><div><p>Search the contents of the resource's narrative using a fulltext search</p>\n</div></td></tr><tr><td><b>SHALL</b></td><td>attester</td><td><code>reference</code></td><td><div><p>Who attested the composition</p>\n</div></td></tr><tr><td><b>SHALL</b></td><td>author</td><td><code>reference</code></td><td><div><p>Who and/or what authored the composition</p>\n</div></td></tr><tr><td><b>SHALL</b></td><td>class</td><td><code>token</code></td><td><div><p>Categorization of Composition</p>\n</div></td></tr><tr><td><b>SHALL</b></td><td>confidentiality</td><td><code>token</code></td><td><div><p>As defined by affinity domain</p>\n</div></td></tr><tr><td><b>SHALL</b></td><td>context</td><td><code>token</code></td><td><div><p>Code(s) that apply to the event being documented</p>\n</div></td></tr><tr><td><b>SHALL</b></td><td>date</td><td><code>date</code></td><td><div><p>Composition editing time</p>\n</div></td></tr><tr><td><b>SHALL</b></td><td>encounter</td><td><code>reference</code></td><td><div><p>Context of the Composition</p>\n</div></td></tr><tr><td><b>SHALL</b></td><td>entry</td><td><code>reference</code></td><td><div><p>A reference to data that supports this section</p>\n</div></td></tr><tr><td><b>SHALL</b></td><td>identifier</td><td><code>token</code></td><td><div><p>Logical identifier of composition (version-independent)</p>\n</div></td></tr><tr><td><b>SHALL</b></td><td>patient</td><td><code>reference</code></td><td><div><p>Who and/or what the composition is about</p>\n</div></td></tr><tr><td><b>SHALL</b></td><td>period</td><td><code>date</code></td><td><div><p>The period covered by the documentation</p>\n</div></td></tr><tr><td><b>SHALL</b></td><td>related-id</td><td><code>token</code></td><td><div><p>Target of the relationship</p>\n</div></td></tr><tr><td><b>SHALL</b></td><td>related-ref</td><td><code>reference</code></td><td><div><p>Target of the relationship</p>\n</div></td></tr><tr><td><b>SHALL</b></td><td>section</td><td><code>token</code></td><td><div><p>Classification of section (recommended)</p>\n</div></td></tr><tr><td><b>SHALL</b></td><td>status</td><td><code>token</code></td><td><div><p>preliminary | final | amended | entered-in-error</p>\n</div></td></tr><tr><td><b>SHALL</b></td><td>subject</td><td><code>reference</code></td><td><div><p>Who and/or what the composition is about</p>\n</div></td></tr><tr><td><b>SHALL</b></td><td>title</td><td><code>string</code></td><td><div><p>Human Readable name/title</p>\n</div></td></tr><tr><td><b>SHALL</b></td><td>type</td><td><code>token</code></td><td><div><p>Kind of composition (LOINC if possible)</p>\n</div></td></tr></tbody></table></div><div class=\"col-lg-5\">\u00a0</div></div><div class=\"row\"><div class=\"col-12\"><span class=\"lead\">Extended Operations</span><table class=\"table table-condensed table-hover\"><thead><tr><th>Conformance</th><th>Operation</th><th>Documentation</th></tr></thead><tbody><tr><td><b>SHALL</b></td><td>$validate</td><td><div/></td></tr></tbody></table></div></div></div></div></div><div class=\"panel panel-default\"><div class=\"panel-heading\"><h4 id=\"DocumentReference1-2\" class=\"panel-title\"><span style=\"float: right;\">Resource Conformance: supported </span>DocumentReference</h4></div><div class=\"panel-body\"><div class=\"container\"><div class=\"row\"><div class=\"col-lg-6\"><span class=\"lead\">Base System Profile</span><br/><a href=\"StructureDefinition-ehealth-transformation-documentreference.html\">ehealth-transformation-documentreference</a></div><div class=\"col-lg-3\"><span class=\"lead\">Profile Conformance</span><br/><b>SHALL</b></div><div class=\"col-lg-3\"><span class=\"lead\">Reference Policy</span><br/></div></div><p/><div class=\"row\"><div class=\"col-lg-6\"><span class=\"lead\">Interaction summary</span><br/><ul><li>Supports <code>search-type</code>, <code>vread</code>, <code>read</code>, <code>patch</code>, <code>delete</code>, <code>create</code>.</li></ul></div></div><p/><div class=\"row\"><div class=\"col-lg-7\"><span class=\"lead\">Search Parameters</span><table class=\"table table-condensed table-hover\"><thead><tr><th>Conformance</th><th>Parameter</th><th>Type</th><th>Documentation</th></tr></thead><tbody><tr><td><b>SHALL</b></td><td>_content</td><td><code>string</code></td><td><div><p>Search the contents of the resource's data using a fulltext search</p>\n</div></td></tr><tr><td><b>SHALL</b></td><td>_has</td><td><code>string</code></td><td><div><p>Return resources linked to by the given target</p>\n</div></td></tr><tr><td><b>SHALL</b></td><td>_id</td><td><code>token</code></td><td><div><p>The ID of the resource</p>\n</div></td></tr><tr><td><b>SHALL</b></td><td>_language</td><td><code>string</code></td><td><div><p>The language of the resource</p>\n</div></td></tr><tr><td><b>SHALL</b></td><td>_lastUpdated</td><td><code>date</code></td><td><div><p>Only return resources which were last updated as specified by the given range</p>\n</div></td></tr><tr><td><b>SHALL</b></td><td>_profile</td><td><code>uri</code></td><td><div><p>Search for resources which have the given profile</p>\n</div></td></tr><tr><td><b>SHALL</b></td><td>_security</td><td><code>token</code></td><td><div><p>Search for resources which have the given security labels</p>\n</div></td></tr><tr><td><b>SHALL</b></td><td>_tag</td><td><code>token</code></td><td><div><p>Search for resources which have the given tag</p>\n</div></td></tr><tr><td><b>SHALL</b></td><td>_text</td><td><code>string</code></td><td><div><p>Search the contents of the resource's narrative using a fulltext search</p>\n</div></td></tr><tr><td><b>SHALL</b></td><td>authenticator</td><td><code>reference</code></td><td><div><p>Who/what authenticated the document</p>\n</div></td></tr><tr><td><b>SHALL</b></td><td>author</td><td><code>reference</code></td><td><div><p>Who and/or what authored the document</p>\n</div></td></tr><tr><td><b>SHALL</b></td><td>class</td><td><code>token</code></td><td><div><p>Categorization of document</p>\n</div></td></tr><tr><td><b>SHALL</b></td><td>custodian</td><td><code>reference</code></td><td><div><p>Organization which maintains the document</p>\n</div></td></tr><tr><td><b>SHALL</b></td><td>date</td><td><code>date</code></td><td><div><p>Document creation time</p>\n</div></td></tr><tr><td><b>SHALL</b></td><td>description</td><td><code>string</code></td><td><div><p>Human-readable description (title)</p>\n</div></td></tr><tr><td><b>SHALL</b></td><td>documentSharingState</td><td><code>token</code></td><td><div><p>Sharing State of the Document</p>\n</div></td></tr><tr><td><b>SHALL</b></td><td>encounter</td><td><code>reference</code></td><td><div><p>Context of the document  content</p>\n</div></td></tr><tr><td><b>SHALL</b></td><td>event</td><td><code>token</code></td><td><div><p>Main clinical acts documented</p>\n</div></td></tr><tr><td><b>SHALL</b></td><td>facility</td><td><code>token</code></td><td><div><p>Kind of facility where patient was seen</p>\n</div></td></tr><tr><td><b>SHALL</b></td><td>format</td><td><code>token</code></td><td><div><p>Format/content rules for the document</p>\n</div></td></tr><tr><td><b>SHALL</b></td><td>identifier</td><td><code>token</code></td><td><div><p>Master Version Specific Identifier</p>\n</div></td></tr><tr><td><b>SHALL</b></td><td>indexed</td><td><code>date</code></td><td><div><p>When this document reference was created</p>\n</div></td></tr><tr><td><b>SHALL</b></td><td>language</td><td><code>token</code></td><td><div><p>Human language of the content (BCP-47)</p>\n</div></td></tr><tr><td><b>SHALL</b></td><td>location</td><td><code>uri</code></td><td><div><p>Uri where the data can be found</p>\n</div></td></tr><tr><td><b>SHALL</b></td><td>masterIdentifier</td><td><code>token</code></td><td><div><p>Master identifier</p>\n</div></td></tr><tr><td><b>SHALL</b></td><td>patient</td><td><code>reference</code></td><td><div><p>Who/what is the subject of the document</p>\n</div></td></tr><tr><td><b>SHALL</b></td><td>period</td><td><code>date</code></td><td><div><p>Time of service that is being documented</p>\n</div></td></tr><tr><td><b>SHALL</b></td><td>related</td><td><code>reference</code></td><td><div><p>Related identifiers or resources</p>\n</div></td></tr><tr><td><b>SHALL</b></td><td>related-id</td><td><code>token</code></td><td><div><p>Identifier of related objects or events</p>\n</div></td></tr><tr><td><b>SHALL</b></td><td>related-ref</td><td><code>reference</code></td><td><div><p>Related Resource</p>\n</div></td></tr><tr><td><b>SHALL</b></td><td>relatesto</td><td><code>reference</code></td><td><div><p>Target of the relationship</p>\n</div></td></tr><tr><td><b>SHALL</b></td><td>relation</td><td><code>token</code></td><td><div><p>replaces | transforms | signs | appends</p>\n</div></td></tr><tr><td><b>SHALL</b></td><td>relationship</td><td><code>composite</code></td><td><div><p>Combination of relation and relatesTo</p>\n</div></td></tr><tr><td><b>SHALL</b></td><td>securitylabel</td><td><code>token</code></td><td><div><p>Document security-tags</p>\n</div></td></tr><tr><td><b>SHALL</b></td><td>setting</td><td><code>token</code></td><td><div><p>Additional details about where the content was created (e.g. clinical specialty)</p>\n</div></td></tr><tr><td><b>SHALL</b></td><td>status</td><td><code>token</code></td><td><div><p>current | superseded | entered-in-error</p>\n</div></td></tr><tr><td><b>SHALL</b></td><td>subject</td><td><code>reference</code></td><td><div><p>Who/what is the subject of the document</p>\n</div></td></tr><tr><td><b>SHALL</b></td><td>type</td><td><code>token</code></td><td><div><p>Kind of document (LOINC if possible)</p>\n</div></td></tr></tbody></table></div><div class=\"col-lg-5\">\u00a0</div></div><div class=\"row\"><div class=\"col-12\"><span class=\"lead\">Extended Operations</span><table class=\"table table-condensed table-hover\"><thead><tr><th>Conformance</th><th>Operation</th><th>Documentation</th></tr></thead><tbody><tr><td><b>SHALL</b></td><td>$validate</td><td><div/></td></tr><tr><td><b>SHALL</b></td><td><a href=\"OperationDefinition-DocumentReference-t-deprecate-document.html\">$deprecate-document</a></td><td><div><p>Deprecates a shared document. The operation takes a documentIdentifier and cpr-number as parameters and finds the DocumentReference with the corresponding masterIdentifier. masterIdentifier should be unique for DocumentReference so if less than 0 or more than 1 are found the operation throws and exception. If the found documentReference has a patient which cpr number matches the provided value the document is deprecated. iti-57 is used to deprecate the document on XDS. On successthe documentReference status is updated to superseded and updated in the database.</p>\n</div></td></tr></tbody></table></div></div></div></div></div><div class=\"panel panel-default\"><div class=\"panel-heading\"><h4 id=\"OperationDefinition1-3\" class=\"panel-title\"><span style=\"float: right;\">Resource Conformance: supported </span>OperationDefinition</h4></div><div class=\"panel-body\"><div class=\"container\"><div class=\"row\"><div class=\"col-lg-6\"><span class=\"lead\">Base System Profile</span><br/><a href=\"http://hl7.org/fhir/R4/operationdefinition.html\">OperationDefinition</a></div><div class=\"col-lg-3\"><span class=\"lead\">Profile Conformance</span><br/><b>SHALL</b></div><div class=\"col-lg-3\"><span class=\"lead\">Reference Policy</span><br/></div></div><p/><div class=\"row\"><div class=\"col-lg-6\"><span class=\"lead\">Interaction summary</span><br/><ul><li>Supports <code>read</code>.</li></ul></div></div><p/></div></div></div><h3 id=\"operationsCap1\">Operations</h3><h4 id=\"operationsSummary1\">Use</h4></div>"},"url":"http://ehealth.sundhed.dk/fhir/CapabilityStatement/document-transformation","version":"3.5.1","name":"document-transformation","status":"active","date":"2025-02-06T09:21:53.994+00:00","publisher":"Den telemedicinske infrastruktur (eHealth Infrastructure)","contact":[{"name":"Den telemedicinske infrastruktur (eHealth Infrastructure)","telecom":[{"system":"url","value":"http://ehealth.sundhed.dk"}]}],"jurisdiction":[{"coding":[{"system":"urn:iso:std:iso:3166","code":"DK","display":"Denmark"}]}],"kind":"instance","software":{"name":"document-transformation","version":"1.21.0"},"implementation":{"description":"eHealth document-transformation service","url":"https://document-transformation.devtest.systematic-ehealth.com/fhir"},"fhirVersion":"4.0.1","format":["application/fhir+xml","xml","application/fhir+json","json","application/x-turtle","ttl","html/json","html/xml","html/turtle"],"rest":[{"mode":"server","resource":[{"type":"Composition","profile":"http://ehealth.sundhed.dk/fhir/StructureDefinition/ehealth-composition","interaction":[{"code":"search-type"},{"code":"vread"},{"code":"read"},{"code":"delete"},{"code":"create"}],"conditionalCreate":true,"conditionalDelete":"multiple","searchInclude":["Composition:related-ref"],"searchRevInclude":["Composition:attester","Composition:author","Composition:encounter","Composition:entry","Composition:patient","Composition:related-ref","Composition:subject","DocumentReference:authenticator","DocumentReference:author","DocumentReference:custodian","DocumentReference:encounter","DocumentReference:patient","DocumentReference:related","DocumentReference:related-ref","DocumentReference:relatesto","DocumentReference:subject"],"searchParam":[{"name":"_content","type":"string","documentation":"Search the contents of the resource's data using a fulltext search"},{"name":"_has","type":"string","documentation":"Return resources linked to by the given target"},{"name":"_id","type":"token","documentation":"The ID of the resource"},{"name":"_language","type":"string","documentation":"The language of the resource"},{"name":"_lastUpdated","type":"date","documentation":"Only return resources which were last updated as specified by the given range"},{"name":"_profile","type":"uri","documentation":"Search for resources which have the given profile"},{"name":"_security","type":"token","documentation":"Search for resources which have the given security labels"},{"name":"_tag","type":"token","documentation":"Search for resources which have the given tag"},{"name":"_text","type":"string","documentation":"Search the contents of the resource's narrative using a fulltext search"},{"name":"attester","type":"reference","documentation":"Who attested the composition"},{"name":"author","type":"reference","documentation":"Who and/or what authored the composition"},{"name":"class","type":"token","documentation":"Categorization of Composition"},{"name":"confidentiality","type":"token","documentation":"As defined by affinity domain"},{"name":"context","type":"token","documentation":"Code(s) that apply to the event being documented"},{"name":"date","type":"date","documentation":"Composition editing time"},{"name":"encounter","type":"reference","documentation":"Context of the Composition"},{"name":"entry","type":"reference","documentation":"A reference to data that supports this section"},{"name":"identifier","type":"token","documentation":"Logical identifier of composition (version-independent)"},{"name":"patient","type":"reference","documentation":"Who and/or what the composition is about"},{"name":"period","type":"date","documentation":"The period covered by the documentation"},{"name":"related-id","type":"token","documentation":"Target of the relationship"},{"name":"related-ref","type":"reference","documentation":"Target of the relationship"},{"name":"section","type":"token","documentation":"Classification of section (recommended)"},{"name":"status","type":"token","documentation":"preliminary | final | amended | entered-in-error"},{"name":"subject","type":"reference","documentation":"Who and/or what the composition is about"},{"name":"title","type":"string","documentation":"Human Readable name/title"},{"name":"type","type":"token","documentation":"Kind of composition (LOINC if possible)"}],"operation":[{"name":"validate","definition":"https://document-transformation.devtest.systematic-ehealth.com/fhir/OperationDefinition/CompositionDocumentReference-it-validate"}]},{"type":"DocumentReference","profile":"http://ehealth.sundhed.dk/fhir/StructureDefinition/ehealth-transformation-documentreference","interaction":[{"code":"search-type"},{"code":"vread"},{"code":"read"},{"code":"patch"},{"code":"delete"},{"code":"create"}],"conditionalCreate":true,"conditionalDelete":"multiple","searchInclude":["DocumentReference:relatesto"],"searchRevInclude":["Composition:attester","Composition:author","Composition:encounter","Composition:entry","Composition:patient","Composition:related-ref","Composition:subject","DocumentReference:authenticator","DocumentReference:author","DocumentReference:custodian","DocumentReference:encounter","DocumentReference:patient","DocumentReference:related","DocumentReference:related-ref","DocumentReference:relatesto","DocumentReference:subject"],"searchParam":[{"name":"_content","type":"string","documentation":"Search the contents of the resource's data using a fulltext search"},{"name":"_has","type":"string","documentation":"Return resources linked to by the given target"},{"name":"_id","type":"token","documentation":"The ID of the resource"},{"name":"_language","type":"string","documentation":"The language of the resource"},{"name":"_lastUpdated","type":"date","documentation":"Only return resources which were last updated as specified by the given range"},{"name":"_profile","type":"uri","documentation":"Search for resources which have the given profile"},{"name":"_security","type":"token","documentation":"Search for resources which have the given security labels"},{"name":"_tag","type":"token","documentation":"Search for resources which have the given tag"},{"name":"_text","type":"string","documentation":"Search the contents of the resource's narrative using a fulltext search"},{"name":"authenticator","type":"reference","documentation":"Who/what authenticated the document"},{"name":"author","type":"reference","documentation":"Who and/or what authored the document"},{"name":"class","type":"token","documentation":"Categorization of document"},{"name":"custodian","type":"reference","documentation":"Organization which maintains the document"},{"name":"date","type":"date","documentation":"Document creation time"},{"name":"description","type":"string","documentation":"Human-readable description (title)"},{"name":"documentSharingState","type":"token","documentation":"Sharing State of the Document"},{"name":"encounter","type":"reference","documentation":"Context of the document  content"},{"name":"event","type":"token","documentation":"Main clinical acts documented"},{"name":"facility","type":"token","documentation":"Kind of facility where patient was seen"},{"name":"format","type":"token","documentation":"Format/content rules for the document"},{"name":"identifier","type":"token","documentation":"Master Version Specific Identifier"},{"name":"indexed","type":"date","documentation":"When this document reference was created"},{"name":"language","type":"token","documentation":"Human language of the content (BCP-47)"},{"name":"location","type":"uri","documentation":"Uri where the data can be found"},{"name":"masterIdentifier","type":"token","documentation":"Master identifier"},{"name":"patient","type":"reference","documentation":"Who/what is the subject of the document"},{"name":"period","type":"date","documentation":"Time of service that is being documented"},{"name":"related","type":"reference","documentation":"Related identifiers or resources"},{"name":"related-id","type":"token","documentation":"Identifier of related objects or events"},{"name":"related-ref","type":"reference","documentation":"Related Resource"},{"name":"relatesto","type":"reference","documentation":"Target of the relationship"},{"name":"relation","type":"token","documentation":"replaces | transforms | signs | appends"},{"name":"relationship","type":"composite","documentation":"Combination of relation and relatesTo"},{"name":"securitylabel","type":"token","documentation":"Document security-tags"},{"name":"setting","type":"token","documentation":"Additional details about where the content was created (e.g. clinical specialty)"},{"name":"status","type":"token","documentation":"current | superseded | entered-in-error"},{"name":"subject","type":"reference","documentation":"Who/what is the subject of the document"},{"name":"type","type":"token","documentation":"Kind of document (LOINC if possible)"}],"operation":[{"name":"validate","definition":"https://document-transformation.devtest.systematic-ehealth.com/fhir/OperationDefinition/CompositionDocumentReference-it-validate"},{"name":"deprecate-document","definition":"https://document-transformation.devtest.systematic-ehealth.com/fhir/OperationDefinition/DocumentReference-t-deprecate-document","documentation":"Deprecates a shared document. The operation takes a documentIdentifier and cpr-number as parameters and finds the DocumentReference with the corresponding masterIdentifier. masterIdentifier should be unique for DocumentReference so if less than 0 or more than 1 are found the operation throws and exception. If the found documentReference has a patient which cpr number matches the provided value the document is deprecated. iti-57 is used to deprecate the document on XDS. On successthe documentReference status is updated to superseded and updated in the database."}]},{"type":"OperationDefinition","profile":"http://hl7.org/fhir/StructureDefinition/OperationDefinition","interaction":[{"code":"read"}],"searchInclude":["*"],"searchRevInclude":["Composition:attester","Composition:author","Composition:encounter","Composition:entry","Composition:patient","Composition:related-ref","Composition:subject","DocumentReference:authenticator","DocumentReference:author","DocumentReference:custodian","DocumentReference:encounter","DocumentReference:patient","DocumentReference:related","DocumentReference:related-ref","DocumentReference:relatesto","DocumentReference:subject"]}],"operation":[{"name":"migrate","definition":"https://document-transformation.devtest.systematic-ehealth.com/fhir/OperationDefinition/-s-migrate","documentation":"Data migration"},{"name":"upload-QFDD","definition":"https://document-transformation.devtest.systematic-ehealth.com/fhir/OperationDefinition/-s-upload-QFDD","documentation":"Uploads an DK-HL7 Questionnaire Form Definition Document (QFDD). The input FHIR DocumentReference must be of type QFDD (74468-0) and the status set to current. Include an attachment which contains the base64 encoded QFDD XML document with contentType application/xml. The QFDD XML document must contain a unique id which is used as the the masterIdentifier in the DocumentReference. The returned FHIR DocumentReference contains a masterIdentifier, a type and the description all pulled from the attachment."},{"name":"transform-to-QRD","definition":"https://document-transformation.devtest.systematic-ehealth.com/fhir/OperationDefinition/-s-transform-to-QRD","documentation":"Transforms a FHIR QuestionnaireResponse (ehealth-questionnaireresponse profile) resource to a DK-HL7 Questionnaire Response Document (QRD) XML document. The input FHIR Bundle contains FHIR Composition (ehealth-composition profile) resource referencing a FHIR QuestionnaireResponse resource. a FHIR Questionnaire resource. The bundle must also contain a FHIR DocumentReference containing a QFDD xml file (base64 encoded)The returned FHIR DocumentReference contains the QRD XML document adhering to the DK-HL7 Questionnaire Response Document profile."},{"name":"transform-to-QFDD","definition":"https://document-transformation.devtest.systematic-ehealth.com/fhir/OperationDefinition/-s-transform-to-QFDD","documentation":"Transforms an eHealth Questionnaire resource to the DK-HL7 Questionnaire Form Definition Document (QFDD). The input Bundle contains an eHealth Questionnaire and Composition resource which reference the returned eHealth Questionnaire. The returned Bundle in case of no validation errors contains the FHIR DocumentReference containing the QFDD XML for the DK-HL7 Questionnaire Form Definition Document and an OperationOutcome will possible warnings. In case of validation errors the Bundle will only contain an OperationOutcome with the validation errors/warnings."},{"name":"transform-to-PHMR","definition":"https://document-transformation.devtest.systematic-ehealth.com/fhir/OperationDefinition/-s-transform-to-PHMR","documentation":"Transforms a FHIR Observation (ehealth-observation profile) resource to a DK-HL7 Personal Health Monitoring Report (PHMR) XML document. The input FHIR Bundle contains a FHIR Composition (ehealth-composition profile) resource referencing one or more FHIR Observation (ehealth-observation profile) resources and referenced resources such as FHIR Organization. The returned FHIR DocumentReference contains the PHMR XML document adhering to the DK-HL7 Personal Health Monitoring Report profile."},{"name":"transform-to-APD","definition":"https://document-transformation.devtest.systematic-ehealth.com/fhir/OperationDefinition/-s-transform-to-APD","documentation":"Transforms a FHIR Appointment (ehealth-appointment profile) resource to a DK-HL7 Appointment Document (APD) XML document. The input FHIR Bundle contains a FHIR Composition (ehealth-composition profile) resource referencing a FHIR Appointment (ehealth-appointment profile) resource and referenced resources such as FHIR Organization. The returned FHIR DocumentReference contains the APD XML document adhering to the DK-HL7 Appointment Document profile."},{"name":"transform-from-QRD-based-on-questionnaire","definition":"https://document-transformation.devtest.systematic-ehealth.com/fhir/OperationDefinition/-s-transform-from-QRD-based-on-questionnaire","documentation":"Transforms a DK-HL7 Questionnaire Response Document (QRD) XML document to a FHIR QuestionnaireResponse (ehealth-questionnaireresponse profile) resource. The input bundle must contain the QRD XML document adhering to the DK-HL7 Questionnaire Response Document profile. And a FHIR Questionnaire resource. The returned FHIR Bundle contains FHIR Composition (ehealth-composition profile) resource referencing a FHIR QuestionnaireResponse (ehealth-documentreference profile) resource."},{"name":"transform-from-QRD","definition":"https://document-transformation.devtest.systematic-ehealth.com/fhir/OperationDefinition/-s-transform-from-QRD","documentation":"Transforms a DK-HL7 Questionnaire Response Document (QRD) XML document to a FHIR QuestionnaireResponse (ehealth-questionnaireresponse profile) resource. The input FHIR DocumentReference contains the QRD XML document adhering to the DK-HL7 Questionnaire Response Document profile. The returned FHIR Bundle contains FHIR Composition (ehealth-composition profile) resource referencing a FHIR QuestionnaireResponse (ehealth-documentreference profile) resource."},{"name":"transform-from-QFDD","definition":"https://document-transformation.devtest.systematic-ehealth.com/fhir/OperationDefinition/-s-transform-from-QFDD","documentation":"Transforms the DK-HL7 Questionnaire Form Definition Document (QFDD) to an eHealth Questionnaire resource. The input FHIR DocumentReference contains QFDD XML for the DK-HL7 Questionnaire Form Definition Document. The returned Bundle contains the eHealth Questionnaire and Composition resource which reference the returned eHealth Questionnaire."},{"name":"transform-from-PHMR","definition":"https://document-transformation.devtest.systematic-ehealth.com/fhir/OperationDefinition/-s-transform-from-PHMR","documentation":"Transforms a DK-HL7 Personal Health Monitoring Report (PHMR) XML document to FHIR Observation (ehealth-observation profile) resource. The input FHIR DocumentReference contains the PHMR XML document adhering to the DK-HL7 Personal Health Monitoring Report profile The returned FHIR Bundle contains a FHIR Composition (ehealth-composition profile) resource referencing.one or more FHIR Observation (ehealth-observation profile) resources and referenced resources such as FHIR Organization."},{"name":"transform-from-APD","definition":"https://document-transformation.devtest.systematic-ehealth.com/fhir/OperationDefinition/-s-transform-from-APD","documentation":"Transforms a DK-HL7 Appointment Document (APD) XML document to a FHIR Appointment (ehealth-appointment profile) resource. The input FHIR DocumentReference (ehealth-documentreference profile) contains the APD XML document. The caller must ensure that the APD XML document is valid and adheres to the DK-HL7 Appointment Document profile. The returned FHIR Bundle contains a FHIR Composition (ehealth-composition profile) resource referencing a FHIR Appointment (ehealth-appointment profile) resource."},{"name":"reindex-terminology","definition":"https://document-transformation.devtest.systematic-ehealth.com/fhir/OperationDefinition/-s-reindex-terminology"},{"name":"meta","definition":"https://document-transformation.devtest.systematic-ehealth.com/fhir/OperationDefinition/-s-meta"},{"name":"get-resource-counts","definition":"https://document-transformation.devtest.systematic-ehealth.com/fhir/OperationDefinition/-s-get-resource-counts","documentation":"Provides the number of resources currently stored on the server, broken down by resource type"}]}]}