{"resourceType":"CapabilityStatement","id":"measurement","text":{"status":"extensions","div":"<div xmlns=\"http://www.w3.org/1999/xhtml\"><p class=\"res-header-id\"><b>Generated Narrative: CapabilityStatement measurement</b></p><a name=\"measurement\"> </a><a name=\"hcmeasurement\"> </a><a name=\"measurement-da-DK\"> </a><h2 id=\"title\"/><ul><li>Implementation Guide Version: 3.5.1 </li><li>FHIR Version: 4.0.1 </li><li>Supported Formats: <code>application/fhir+xml</code>, <code>xml</code>, <code>application/fhir+json</code>, <code>json</code>, <code>application/x-turtle</code>, <code>ttl</code>, <code>html/json</code>, <code>html/xml</code>, <code>html/turtle</code></li><li>Supported Patch Formats: </li><li>Published on: 2025-02-06 13:43:51+0000 </li><li>Published by: Den telemedicinske infrastruktur (eHealth Infrastructure) </li></ul><blockquote class=\"impl-note\"><p><strong>Note to Implementers: FHIR Capabilities</strong></p><p>Any FHIR capability may be 'allowed' by the system unless explicitly marked as 'SHALL NOT'. A few items are marked as MAY in the Implementation Guide to highlight their potential relevance to the use case.</p></blockquote><h2 id=\"rest\">FHIR RESTful Capabilities</h2><div class=\"panel panel-default\"><div class=\"panel-heading\"><h3 id=\"mode1\" class=\"panel-title\">Mode: <code>server</code></h3></div><div class=\"panel-body\"><div class=\"lead\"><em>Summary of System-wide Interactions</em></div></div></div><h3 id=\"resourcesCap1\">Capabilities by Resource/Profile</h3><h4 id=\"resourcesSummary1\">Summary</h4><p>The summary table lists the resources that are part of this configuration, and for each resource it lists:</p><ul><li>The relevant profiles (if any)</li><li>The interactions supported by each resource (<b><span class=\"bg-info\">R</span></b>ead, <b><span class=\"bg-info\">S</span></b>earch, <b><span class=\"bg-info\">U</span></b>pdate, and <b><span class=\"bg-info\">C</span></b>reate, are always shown, while <b><span class=\"bg-info\">VR</span></b>ead, <b><span class=\"bg-info\">P</span></b>atch, <b><span class=\"bg-info\">D</span></b>elete, <b><span class=\"bg-info\">H</span></b>istory on <b><span class=\"bg-info\">I</span></b>nstance, or <b><span class=\"bg-info\">H</span></b>istory on <b><span class=\"bg-info\">T</span></b>ype are only present if at least one of the resources has support for them.</li><li><span>The required, recommended, and some optional search parameters (if any). </span></li><li>The linked resources enabled for <code>_include</code></li><li>The other resources enabled for <code>_revinclude</code></li><li>The operations on the resource (if any)</li></ul><div class=\"table-responsive\"><table class=\"table table-condensed table-hover\"><thead><tr><th><b>Resource Type</b></th><th><b>Profile</b></th><th class=\"text-center\"><b title=\"GET a resource (read interaction)\">R</b></th><th class=\"text-center\"><b title=\"GET past versions of resources (vread interaction)\">V-R</b></th><th class=\"text-center\"><b title=\"GET all set of resources of the type (search interaction)\">S</b></th><th class=\"text-center\"><b title=\"PUT a new resource version (update interaction)\">U</b></th><th class=\"text-center\"><b title=\"PATCH a new resource version (patch interaction)\">P</b></th><th class=\"text-center\"><b title=\"POST a new resource (create interaction)\">C</b></th><th><b title=\"Required and recommended search parameters\">Searches</b></th><th><code><b>_include</b></code></th><th><code><b>_revinclude</b></code></th><th><b>Operations</b></th></tr></thead><tbody><tr><td><a href=\"#Communication1-1\">Communication</a></td><td><a href=\"StructureDefinition-ehealth-communication.html\">http://ehealth.sundhed.dk/fhir/StructureDefinition/ehealth-communication</a></td><td class=\"text-center\">y</td><td class=\"text-center\">y</td><td class=\"text-center\">y</td><td class=\"text-center\"></td><td class=\"text-center\">y</td><td class=\"text-center\">y</td><td>_tag, episodeOfCare, identifier, recipient, recipientCareTeam, sender, senderCareTeam, subject</td><td/><td><code>Communication:episodeOfCare</code>, <code>Communication:recipient</code>, <code>Communication:recipientCareTeam</code>, <code>Communication:sender</code>, <code>Communication:senderCareTeam</code>, <code>Communication:subject</code>, <code>Media:based-on</code>, <code>Media:episodeOfCare</code>, <code>Media:relatedTo</code>, <code>Media:subject</code>, <code>Observation:based-on</code>, <code>Observation:episodeOfCare</code>, <code>Observation:patient</code>, <code>Observation:subject</code>, <code>Provenance:agent</code>, <code>Provenance:entity</code>, <code>Provenance:entity-episodeOfCare</code>, <code>Provenance:entity-serviceRequest</code>, <code>Provenance:target</code>, <code>QuestionnaireResponse:based-on</code>, <code>QuestionnaireResponse:episodeOfCare</code>, <code>QuestionnaireResponse:questionnaire</code>, <code>QuestionnaireResponse:subject</code></td><td><code>$validate</code></td></tr><tr><td><a href=\"#Media1-2\">Media</a></td><td><a href=\"StructureDefinition-ehealth-media.html\">http://ehealth.sundhed.dk/fhir/StructureDefinition/ehealth-media</a></td><td class=\"text-center\">y</td><td class=\"text-center\">y</td><td class=\"text-center\">y</td><td class=\"text-center\">y</td><td class=\"text-center\">y</td><td class=\"text-center\"></td><td>_content, _filter, _id, _tag, based-on, created, episodeOfCare, identifier, qualityCode, qualityType, relatedTo, resolvedTimingEnd, resolvedTimingServiceRequestVersionId, resolvedTimingStart, resolvedTimingType, series, subject, type, usageMode</td><td><code>Media:relatedTo</code></td><td><code>Media:relatedTo</code>, <code>Provenance:target</code></td><td><code>$validate</code>, <code>$get-data</code></td></tr><tr><td><a href=\"#Observation1-3\">Observation</a></td><td><a href=\"StructureDefinition-ehealth-observation.html\">http://ehealth.sundhed.dk/fhir/StructureDefinition/ehealth-observation</a></td><td class=\"text-center\">y</td><td class=\"text-center\">y</td><td class=\"text-center\">y</td><td class=\"text-center\"></td><td class=\"text-center\">y</td><td class=\"text-center\"></td><td>_content, _filter, _id, _tag, _text, based-on, code, date, episodeOfCare, identifier, patient, qualityCode, qualityType, resolvedTimingEnd, resolvedTimingServiceRequestVersionId, resolvedTimingStart, resolvedTimingType, subject</td><td/><td><code>Provenance:target</code></td><td><code>$validate</code></td></tr><tr><td><a href=\"#OperationDefinition1-4\">OperationDefinition</a></td><td><a href=\"http://hl7.org/fhir/R4/operationdefinition.html\">http://hl7.org/fhir/StructureDefinition/OperationDefinition</a></td><td class=\"text-center\">y</td><td class=\"text-center\"></td><td class=\"text-center\"></td><td class=\"text-center\"></td><td class=\"text-center\"></td><td class=\"text-center\"></td><td></td><td><code>*</code></td><td><code>Communication:episodeOfCare</code>, <code>Communication:recipient</code>, <code>Communication:recipientCareTeam</code>, <code>Communication:sender</code>, <code>Communication:senderCareTeam</code>, <code>Communication:subject</code>, <code>Media:based-on</code>, <code>Media:episodeOfCare</code>, <code>Media:relatedTo</code>, <code>Media:subject</code>, <code>Observation:based-on</code>, <code>Observation:episodeOfCare</code>, <code>Observation:patient</code>, <code>Observation:subject</code>, <code>Provenance:agent</code>, <code>Provenance:entity</code>, <code>Provenance:entity-episodeOfCare</code>, <code>Provenance:entity-serviceRequest</code>, <code>Provenance:target</code>, <code>QuestionnaireResponse:based-on</code>, <code>QuestionnaireResponse:episodeOfCare</code>, <code>QuestionnaireResponse:questionnaire</code>, <code>QuestionnaireResponse:subject</code></td><td/></tr><tr><td><a href=\"#Provenance1-5\">Provenance</a></td><td><a href=\"StructureDefinition-ehealth-provenance.html\">http://ehealth.sundhed.dk/fhir/StructureDefinition/ehealth-provenance</a></td><td class=\"text-center\">y</td><td class=\"text-center\">y</td><td class=\"text-center\">y</td><td class=\"text-center\"></td><td class=\"text-center\"></td><td class=\"text-center\"></td><td>_id, agent, entity, entity-episodeOfCare, entity-serviceRequest, recorded, target</td><td><code>Provenance:target</code></td><td><code>Communication:episodeOfCare</code>, <code>Communication:recipient</code>, <code>Communication:recipientCareTeam</code>, <code>Communication:sender</code>, <code>Communication:senderCareTeam</code>, <code>Communication:subject</code>, <code>Media:based-on</code>, <code>Media:episodeOfCare</code>, <code>Media:relatedTo</code>, <code>Media:subject</code>, <code>Observation:based-on</code>, <code>Observation:episodeOfCare</code>, <code>Observation:patient</code>, <code>Observation:subject</code>, <code>Provenance:agent</code>, <code>Provenance:entity</code>, <code>Provenance:entity-episodeOfCare</code>, <code>Provenance:entity-serviceRequest</code>, <code>Provenance:target</code>, <code>QuestionnaireResponse:based-on</code>, <code>QuestionnaireResponse:episodeOfCare</code>, <code>QuestionnaireResponse:questionnaire</code>, <code>QuestionnaireResponse:subject</code></td><td/></tr><tr><td><a href=\"#QuestionnaireResponse1-6\">QuestionnaireResponse</a></td><td><a href=\"StructureDefinition-ehealth-questionnaireresponse.html\">http://ehealth.sundhed.dk/fhir/StructureDefinition/ehealth-questionnaireresponse</a></td><td class=\"text-center\">y</td><td class=\"text-center\">y</td><td class=\"text-center\">y</td><td class=\"text-center\">y</td><td class=\"text-center\">y</td><td class=\"text-center\">y</td><td>_filter, _lastUpdated, _tag, authored, based-on, effectivePeriodEnd, effectivePeriodStart, episodeOfCare, identifier, qualityCode, qualityType, questionnaire, resolvedTimingEnd, resolvedTimingServiceRequestVersionId, resolvedTimingStart, resolvedTimingType, status, subject</td><td/><td><code>Provenance:target</code></td><td><code>$validate</code></td></tr></tbody></table></div><hr/><div class=\"panel panel-default\"><div class=\"panel-heading\"><h4 id=\"Communication1-1\" class=\"panel-title\"><span style=\"float: right;\">Resource Conformance: supported </span>Communication</h4></div><div class=\"panel-body\"><div class=\"container\"><div class=\"row\"><div class=\"col-lg-6\"><span class=\"lead\">Base System Profile</span><br/><a href=\"StructureDefinition-ehealth-communication.html\">ehealth-communication</a></div><div class=\"col-lg-3\"><span class=\"lead\">Profile Conformance</span><br/><b>SHALL</b></div><div class=\"col-lg-3\"><span class=\"lead\">Reference Policy</span><br/></div></div><p/><div class=\"row\"><div class=\"col-lg-6\"><span class=\"lead\">Interaction summary</span><br/><ul><li>Supports <code>search-type</code>, <code>vread</code>, <code>read</code>, <code>patch</code>, <code>create</code>.</li></ul></div></div><p/><div class=\"row\"><div class=\"col-lg-7\"><span class=\"lead\">Search Parameters</span><table class=\"table table-condensed table-hover\"><thead><tr><th>Conformance</th><th>Parameter</th><th>Type</th><th>Documentation</th></tr></thead><tbody><tr><td><b>SHALL</b></td><td>_tag</td><td><code>token</code></td><td><div><p>Search for resources which have the given tag</p>\n</div></td></tr><tr><td><b>SHALL</b></td><td>episodeOfCare</td><td><code>reference</code></td><td><div><p>Episode associated with communication</p>\n</div></td></tr><tr><td><b>SHALL</b></td><td>identifier</td><td><code>token</code></td><td><div><p>Unique identifier</p>\n</div></td></tr><tr><td><b>SHALL</b></td><td>recipient</td><td><code>reference</code></td><td><div><p>Message recipient</p>\n</div></td></tr><tr><td><b>SHALL</b></td><td>recipientCareTeam</td><td><code>reference</code></td><td><div><p>Recipient care team</p>\n</div></td></tr><tr><td><b>SHALL</b></td><td>sender</td><td><code>reference</code></td><td><div><p>Message sender</p>\n</div></td></tr><tr><td><b>SHALL</b></td><td>senderCareTeam</td><td><code>reference</code></td><td><div><p>Sender care team</p>\n</div></td></tr><tr><td><b>SHALL</b></td><td>subject</td><td><code>reference</code></td><td><div><p>Focus of message</p>\n</div></td></tr></tbody></table></div><div class=\"col-lg-5\">\u00a0</div></div><div class=\"row\"><div class=\"col-12\"><span class=\"lead\">Extended Operations</span><table class=\"table table-condensed table-hover\"><thead><tr><th>Conformance</th><th>Operation</th><th>Documentation</th></tr></thead><tbody><tr><td><b>SHALL</b></td><td>$validate</td><td><div/></td></tr></tbody></table></div></div></div></div></div><div class=\"panel panel-default\"><div class=\"panel-heading\"><h4 id=\"Media1-2\" class=\"panel-title\"><span style=\"float: right;\">Resource Conformance: supported </span>Media</h4></div><div class=\"panel-body\"><div class=\"container\"><div class=\"row\"><div class=\"col-lg-6\"><span class=\"lead\">Base System Profile</span><br/><a href=\"StructureDefinition-ehealth-media.html\">ehealth-media</a></div><div class=\"col-lg-3\"><span class=\"lead\">Profile Conformance</span><br/><b>SHALL</b></div><div class=\"col-lg-3\"><span class=\"lead\">Reference Policy</span><br/></div></div><p/><div class=\"row\"><div class=\"col-lg-6\"><span class=\"lead\">Interaction summary</span><br/><ul><li>Supports <code>update</code>, <code>search-type</code>, <code>vread</code>, <code>read</code>, <code>patch</code>.</li></ul></div></div><p/><div class=\"row\"><div class=\"col-lg-7\"><span class=\"lead\">Search Parameters</span><table class=\"table table-condensed table-hover\"><thead><tr><th>Conformance</th><th>Parameter</th><th>Type</th><th>Documentation</th></tr></thead><tbody><tr><td><b>SHALL</b></td><td>_content</td><td><code>string</code></td><td><div><p>Search the contents of the resource's data using a fulltext search</p>\n</div></td></tr><tr><td><b>SHALL</b></td><td>_filter</td><td><code>string</code></td><td><div><p>Search the contents of the resource's data using a filter</p>\n</div></td></tr><tr><td><b>SHALL</b></td><td>_id</td><td><code>token</code></td><td><div><p>The ID of the resource</p>\n</div></td></tr><tr><td><b>SHALL</b></td><td>_tag</td><td><code>token</code></td><td><div><p>Search for resources which have the given tag</p>\n</div></td></tr><tr><td><b>SHALL</b></td><td>based-on</td><td><code>reference</code></td><td><div><p>Procedure that caused this media to be created</p>\n</div></td></tr><tr><td><b>SHALL</b></td><td>created</td><td><code>date</code></td><td><div><p>When Media was collected</p>\n</div></td></tr><tr><td><b>SHALL</b></td><td>episodeOfCare</td><td><code>reference</code></td><td><div><p>Episode associated with media</p>\n</div></td></tr><tr><td><b>SHALL</b></td><td>identifier</td><td><code>token</code></td><td><div><p>Identifier(s) for the image</p>\n</div></td></tr><tr><td><b>SHALL</b></td><td>qualityCode</td><td><code>token</code></td><td><div><p>Quality code of the media</p>\n</div></td></tr><tr><td><b>SHALL</b></td><td>qualityType</td><td><code>token</code></td><td><div><p>Quality type of the media</p>\n</div></td></tr><tr><td><b>SHALL</b></td><td>relatedTo</td><td><code>reference</code></td><td><div><p>Media related to</p>\n</div></td></tr><tr><td><b>SHALL</b></td><td>resolvedTimingEnd</td><td><code>date</code></td><td><div><p>Resolved Timing end</p>\n</div></td></tr><tr><td><b>SHALL</b></td><td>resolvedTimingServiceRequestVersionId</td><td><code>token</code></td><td><div><p>Resolved Timing serviceRequestVersionID</p>\n</div></td></tr><tr><td><b>SHALL</b></td><td>resolvedTimingStart</td><td><code>date</code></td><td><div><p>Resolved Timing start</p>\n</div></td></tr><tr><td><b>SHALL</b></td><td>resolvedTimingType</td><td><code>token</code></td><td><div><p>Resolved Timing type</p>\n</div></td></tr><tr><td><b>SHALL</b></td><td>series</td><td><code>string</code></td><td><div><p>Series ID</p>\n</div></td></tr><tr><td><b>SHALL</b></td><td>subject</td><td><code>reference</code></td><td><div><p>Who/What this Media is a record of</p>\n</div></td></tr><tr><td><b>SHALL</b></td><td>type</td><td><code>token</code></td><td><div><p>photo | video | audio</p>\n</div></td></tr><tr><td><b>SHALL</b></td><td>usageMode</td><td><code>token</code></td><td><div><p>Usage mode</p>\n</div></td></tr></tbody></table></div><div class=\"col-lg-5\">\u00a0</div></div><div class=\"row\"><div class=\"col-12\"><span class=\"lead\">Extended Operations</span><table class=\"table table-condensed table-hover\"><thead><tr><th>Conformance</th><th>Operation</th><th>Documentation</th></tr></thead><tbody><tr><td><b>SHALL</b></td><td>$validate</td><td><div/></td></tr><tr><td><b>SHALL</b></td><td><a href=\"OperationDefinition-Media-t-get-data.html\">$get-data</a></td><td><div><p>The get-data operation returns a media content matching the uuid provided.</p>\n<h3>Parameter description</h3>\n<ul>\n<li>uuid: The uuid of the media to return</li>\n</ul>\n<h3>Request header description</h3>\n<ul>\n<li>ehealth-thumbnail-size: The size of thumbnail to return instead of original content. If thumbnails are not supported for the media, the original content is returned</li>\n</ul>\n<h3>Output description</h3>\n<p>The result of this operation returns a Binary containing the media found from the provided uuid</p>\n</div></td></tr></tbody></table></div></div></div></div></div><div class=\"panel panel-default\"><div class=\"panel-heading\"><h4 id=\"Observation1-3\" class=\"panel-title\"><span style=\"float: right;\">Resource Conformance: supported </span>Observation</h4></div><div class=\"panel-body\"><div class=\"container\"><div class=\"row\"><div class=\"col-lg-6\"><span class=\"lead\">Base System Profile</span><br/><a href=\"StructureDefinition-ehealth-observation.html\">ehealth-observation</a></div><div class=\"col-lg-3\"><span class=\"lead\">Profile Conformance</span><br/><b>SHALL</b></div><div class=\"col-lg-3\"><span class=\"lead\">Reference Policy</span><br/></div></div><p/><div class=\"row\"><div class=\"col-lg-6\"><span class=\"lead\">Interaction summary</span><br/><ul><li>Supports <code>search-type</code>, <code>vread</code>, <code>read</code>, <code>patch</code>.</li></ul></div></div><p/><div class=\"row\"><div class=\"col-lg-7\"><span class=\"lead\">Search Parameters</span><table class=\"table table-condensed table-hover\"><thead><tr><th>Conformance</th><th>Parameter</th><th>Type</th><th>Documentation</th></tr></thead><tbody><tr><td><b>SHALL</b></td><td>_content</td><td><code>string</code></td><td><div><p>Search the contents of the resource's data using a fulltext search</p>\n</div></td></tr><tr><td><b>SHALL</b></td><td>_filter</td><td><code>string</code></td><td><div><p>Search the contents of the resource's data using a filter</p>\n</div></td></tr><tr><td><b>SHALL</b></td><td>_id</td><td><code>token</code></td><td><div><p>The ID of the resource</p>\n</div></td></tr><tr><td><b>SHALL</b></td><td>_tag</td><td><code>token</code></td><td><div><p>Search for resources which have the given tag</p>\n</div></td></tr><tr><td><b>SHALL</b></td><td>_text</td><td><code>string</code></td><td><div><p>Search the contents of the resource's narrative using a fulltext search</p>\n</div></td></tr><tr><td><b>SHALL</b></td><td>based-on</td><td><code>reference</code></td><td><div><p>Reference to the test or procedure request.</p>\n</div></td></tr><tr><td><b>SHALL</b></td><td>code</td><td><code>token</code></td><td><div><p>The code of the observation type</p>\n</div></td></tr><tr><td><b>SHALL</b></td><td>date</td><td><code>date</code></td><td><div><p>Obtained date/time. If the obtained element is a period, a date that falls in the period</p>\n</div></td></tr><tr><td><b>SHALL</b></td><td>episodeOfCare</td><td><code>reference</code></td><td><div><p>Episode associated with observation</p>\n</div></td></tr><tr><td><b>SHALL</b></td><td>identifier</td><td><code>token</code></td><td><div><p>The unique id for a particular observation</p>\n</div></td></tr><tr><td><b>SHALL</b></td><td>patient</td><td><code>reference</code></td><td><div><p>The subject that the observation is about (if patient)</p>\n</div></td></tr><tr><td><b>SHALL</b></td><td>qualityCode</td><td><code>token</code></td><td><div><p>The quality code of the observation</p>\n</div></td></tr><tr><td><b>SHALL</b></td><td>qualityType</td><td><code>token</code></td><td><div><p>The quality type of the observation</p>\n</div></td></tr><tr><td><b>SHALL</b></td><td>resolvedTimingEnd</td><td><code>date</code></td><td><div><p>Resolved Timing end</p>\n</div></td></tr><tr><td><b>SHALL</b></td><td>resolvedTimingServiceRequestVersionId</td><td><code>token</code></td><td><div><p>Resolved Timing serviceRequestVersionID</p>\n</div></td></tr><tr><td><b>SHALL</b></td><td>resolvedTimingStart</td><td><code>date</code></td><td><div><p>Resolved Timing start</p>\n</div></td></tr><tr><td><b>SHALL</b></td><td>resolvedTimingType</td><td><code>token</code></td><td><div><p>Resolved Timing type</p>\n</div></td></tr><tr><td><b>SHALL</b></td><td>subject</td><td><code>reference</code></td><td><div><p>The subject that the observation is about</p>\n</div></td></tr></tbody></table></div><div class=\"col-lg-5\">\u00a0</div></div><div class=\"row\"><div class=\"col-12\"><span class=\"lead\">Extended Operations</span><table class=\"table table-condensed table-hover\"><thead><tr><th>Conformance</th><th>Operation</th><th>Documentation</th></tr></thead><tbody><tr><td><b>SHALL</b></td><td>$validate</td><td><div/></td></tr></tbody></table></div></div></div></div></div><div class=\"panel panel-default\"><div class=\"panel-heading\"><h4 id=\"OperationDefinition1-4\" class=\"panel-title\"><span style=\"float: right;\">Resource Conformance: supported </span>OperationDefinition</h4></div><div class=\"panel-body\"><div class=\"container\"><div class=\"row\"><div class=\"col-lg-6\"><span class=\"lead\">Base System Profile</span><br/><a href=\"http://hl7.org/fhir/R4/operationdefinition.html\">OperationDefinition</a></div><div class=\"col-lg-3\"><span class=\"lead\">Profile Conformance</span><br/><b>SHALL</b></div><div class=\"col-lg-3\"><span class=\"lead\">Reference Policy</span><br/></div></div><p/><div class=\"row\"><div class=\"col-lg-6\"><span class=\"lead\">Interaction summary</span><br/><ul><li>Supports <code>read</code>.</li></ul></div></div><p/></div></div></div><div class=\"panel panel-default\"><div class=\"panel-heading\"><h4 id=\"Provenance1-5\" class=\"panel-title\"><span style=\"float: right;\">Resource Conformance: supported </span>Provenance</h4></div><div class=\"panel-body\"><div class=\"container\"><div class=\"row\"><div class=\"col-lg-6\"><span class=\"lead\">Base System Profile</span><br/><a href=\"StructureDefinition-ehealth-provenance.html\">ehealth-provenance</a></div><div class=\"col-lg-3\"><span class=\"lead\">Profile Conformance</span><br/><b>SHALL</b></div><div class=\"col-lg-3\"><span class=\"lead\">Reference Policy</span><br/></div></div><p/><div class=\"row\"><div class=\"col-lg-6\"><span class=\"lead\">Interaction summary</span><br/><ul><li>Supports <code>search-type</code>, <code>vread</code>, <code>read</code>.</li></ul></div></div><p/><div class=\"row\"><div class=\"col-lg-7\"><span class=\"lead\">Search Parameters</span><table class=\"table table-condensed table-hover\"><thead><tr><th>Conformance</th><th>Parameter</th><th>Type</th><th>Documentation</th></tr></thead><tbody><tr><td><b>SHALL</b></td><td>_id</td><td><code>token</code></td><td><div><p>The ID of the resource</p>\n</div></td></tr><tr><td><b>SHALL</b></td><td>agent</td><td><code>reference</code></td><td><div><p>Who participated in the activity</p>\n</div></td></tr><tr><td><b>SHALL</b></td><td>entity</td><td><code>reference</code></td><td><div><p>Identity of entity</p>\n</div></td></tr><tr><td><b>SHALL</b></td><td>entity-episodeOfCare</td><td><code>reference</code></td><td><div><p>EpisodeOfCare identity of entity</p>\n</div></td></tr><tr><td><b>SHALL</b></td><td>entity-serviceRequest</td><td><code>reference</code></td><td><div><p>ServiceRequest identity of entity</p>\n</div></td></tr><tr><td><b>SHALL</b></td><td>recorded</td><td><code>date</code></td><td><div><p>When the activity was recorded / updated</p>\n</div></td></tr><tr><td><b>SHALL</b></td><td>target</td><td><code>reference</code></td><td><div><p>Target Reference(s) (usually version specific)</p>\n</div></td></tr></tbody></table></div><div class=\"col-lg-5\">\u00a0</div></div></div></div></div><div class=\"panel panel-default\"><div class=\"panel-heading\"><h4 id=\"QuestionnaireResponse1-6\" class=\"panel-title\"><span style=\"float: right;\">Resource Conformance: supported </span>QuestionnaireResponse</h4></div><div class=\"panel-body\"><div class=\"container\"><div class=\"row\"><div class=\"col-lg-6\"><span class=\"lead\">Base System Profile</span><br/><a href=\"StructureDefinition-ehealth-questionnaireresponse.html\">ehealth-questionnaireresponse</a></div><div class=\"col-lg-3\"><span class=\"lead\">Profile Conformance</span><br/><b>SHALL</b></div><div class=\"col-lg-3\"><span class=\"lead\">Reference Policy</span><br/></div></div><p/><div class=\"row\"><div class=\"col-lg-6\"><span class=\"lead\">Interaction summary</span><br/><ul><li>Supports <code>update</code>, <code>search-type</code>, <code>vread</code>, <code>read</code>, <code>patch</code>, <code>create</code>.</li></ul></div></div><p/><div class=\"row\"><div class=\"col-lg-7\"><span class=\"lead\">Search Parameters</span><table class=\"table table-condensed table-hover\"><thead><tr><th>Conformance</th><th>Parameter</th><th>Type</th><th>Documentation</th></tr></thead><tbody><tr><td><b>SHALL</b></td><td>_filter</td><td><code>string</code></td><td><div><p>Search the contents of the resource's data using a filter</p>\n</div></td></tr><tr><td><b>SHALL</b></td><td>_lastUpdated</td><td><code>date</code></td><td><div><p>Only return resources which were last updated as specified by the given range</p>\n</div></td></tr><tr><td><b>SHALL</b></td><td>_tag</td><td><code>token</code></td><td><div><p>Search for resources which have the given tag</p>\n</div></td></tr><tr><td><b>SHALL</b></td><td>authored</td><td><code>date</code></td><td><div><p>When the questionnaire response was last changed</p>\n</div></td></tr><tr><td><b>SHALL</b></td><td>based-on</td><td><code>reference</code></td><td><div><p>Plan/proposal/order fulfilled by this questionnaire response</p>\n</div></td></tr><tr><td><b>SHALL</b></td><td>effectivePeriodEnd</td><td><code>date</code></td><td><div><p>Effective Period end</p>\n</div></td></tr><tr><td><b>SHALL</b></td><td>effectivePeriodStart</td><td><code>date</code></td><td><div><p>Effective Period start</p>\n</div></td></tr><tr><td><b>SHALL</b></td><td>episodeOfCare</td><td><code>reference</code></td><td><div><p>Episode associated with questionnaire response</p>\n</div></td></tr><tr><td><b>SHALL</b></td><td>identifier</td><td><code>token</code></td><td><div><p>The unique identifier for the questionnaire response</p>\n</div></td></tr><tr><td><b>SHALL</b></td><td>qualityCode</td><td><code>token</code></td><td><div><p>The quality code of the questionnaire response</p>\n</div></td></tr><tr><td><b>SHALL</b></td><td>qualityType</td><td><code>token</code></td><td><div><p>The quality type of the questionnaire response</p>\n</div></td></tr><tr><td><b>SHALL</b></td><td>questionnaire</td><td><code>reference</code></td><td><div><p>The questionnaire the answers are provided for</p>\n</div></td></tr><tr><td><b>SHALL</b></td><td>resolvedTimingEnd</td><td><code>date</code></td><td><div><p>Resolved Timing end</p>\n</div></td></tr><tr><td><b>SHALL</b></td><td>resolvedTimingServiceRequestVersionId</td><td><code>token</code></td><td><div><p>Resolved Timing serviceRequestVersionID</p>\n</div></td></tr><tr><td><b>SHALL</b></td><td>resolvedTimingStart</td><td><code>date</code></td><td><div><p>Resolved Timing start</p>\n</div></td></tr><tr><td><b>SHALL</b></td><td>resolvedTimingType</td><td><code>token</code></td><td><div><p>Resolved Timing type</p>\n</div></td></tr><tr><td><b>SHALL</b></td><td>status</td><td><code>token</code></td><td><div><p>The status of the questionnaire response</p>\n</div></td></tr><tr><td><b>SHALL</b></td><td>subject</td><td><code>reference</code></td><td><div><p>The subject of the questionnaire response</p>\n</div></td></tr></tbody></table></div><div class=\"col-lg-5\">\u00a0</div></div><div class=\"row\"><div class=\"col-12\"><span class=\"lead\">Extended Operations</span><table class=\"table table-condensed table-hover\"><thead><tr><th>Conformance</th><th>Operation</th><th>Documentation</th></tr></thead><tbody><tr><td><b>SHALL</b></td><td>$validate</td><td><div/></td></tr></tbody></table></div></div></div></div></div><h3 id=\"operationsCap1\">Operations</h3><h4 id=\"operationsSummary1\">Use</h4></div>"},"url":"http://ehealth.sundhed.dk/fhir/CapabilityStatement/measurement","version":"3.5.1","name":"measurement","status":"active","date":"2025-02-06T13:43:51.546+00:00","publisher":"Den telemedicinske infrastruktur (eHealth Infrastructure)","contact":[{"name":"Den telemedicinske infrastruktur (eHealth Infrastructure)","telecom":[{"system":"url","value":"http://ehealth.sundhed.dk"}]}],"jurisdiction":[{"coding":[{"system":"urn:iso:std:iso:3166","code":"DK","display":"Denmark"}]}],"kind":"instance","software":{"name":"measurement","version":"1.22.0"},"implementation":{"description":"eHealth measurement service","url":"https://measurement.devtest.systematic-ehealth.com/fhir"},"fhirVersion":"4.0.1","format":["application/fhir+xml","xml","application/fhir+json","json","application/x-turtle","ttl","html/json","html/xml","html/turtle"],"rest":[{"mode":"server","resource":[{"type":"Communication","profile":"http://ehealth.sundhed.dk/fhir/StructureDefinition/ehealth-communication","interaction":[{"code":"search-type"},{"code":"vread"},{"code":"read"},{"code":"patch"},{"code":"create"}],"conditionalCreate":true,"searchRevInclude":["Communication:episodeOfCare","Communication:recipient","Communication:recipientCareTeam","Communication:sender","Communication:senderCareTeam","Communication:subject","Media:based-on","Media:episodeOfCare","Media:relatedTo","Media:subject","Observation:based-on","Observation:episodeOfCare","Observation:patient","Observation:subject","Provenance:agent","Provenance:entity","Provenance:entity-episodeOfCare","Provenance:entity-serviceRequest","Provenance:target","QuestionnaireResponse:based-on","QuestionnaireResponse:episodeOfCare","QuestionnaireResponse:questionnaire","QuestionnaireResponse:subject"],"searchParam":[{"name":"_tag","type":"token","documentation":"Search for resources which have the given tag"},{"name":"episodeOfCare","type":"reference","documentation":"Episode associated with communication"},{"name":"identifier","type":"token","documentation":"Unique identifier"},{"name":"recipient","type":"reference","documentation":"Message recipient"},{"name":"recipientCareTeam","type":"reference","documentation":"Recipient care team"},{"name":"sender","type":"reference","documentation":"Message sender"},{"name":"senderCareTeam","type":"reference","documentation":"Sender care team"},{"name":"subject","type":"reference","documentation":"Focus of message"}],"operation":[{"name":"validate","definition":"https://measurement.devtest.systematic-ehealth.com/fhir/OperationDefinition/Multi-it-validate"}]},{"type":"Media","profile":"http://ehealth.sundhed.dk/fhir/StructureDefinition/ehealth-media","interaction":[{"code":"update"},{"code":"search-type"},{"code":"vread"},{"code":"read"},{"code":"patch"}],"conditionalUpdate":true,"searchInclude":["Media:relatedTo"],"searchRevInclude":["Media:relatedTo","Provenance:target"],"searchParam":[{"name":"_content","type":"string","documentation":"Search the contents of the resource's data using a fulltext search"},{"name":"_filter","type":"string","documentation":"Search the contents of the resource's data using a filter"},{"name":"_id","type":"token","documentation":"The ID of the resource"},{"name":"_tag","type":"token","documentation":"Search for resources which have the given tag"},{"name":"based-on","type":"reference","documentation":"Procedure that caused this media to be created"},{"name":"created","type":"date","documentation":"When Media was collected"},{"name":"episodeOfCare","type":"reference","documentation":"Episode associated with media"},{"name":"identifier","type":"token","documentation":"Identifier(s) for the image"},{"name":"qualityCode","type":"token","documentation":"Quality code of the media"},{"name":"qualityType","type":"token","documentation":"Quality type of the media"},{"name":"relatedTo","type":"reference","documentation":"Media related to"},{"name":"resolvedTimingEnd","type":"date","documentation":"Resolved Timing end"},{"name":"resolvedTimingServiceRequestVersionId","type":"token","documentation":"Resolved Timing serviceRequestVersionID"},{"name":"resolvedTimingStart","type":"date","documentation":"Resolved Timing start"},{"name":"resolvedTimingType","type":"token","documentation":"Resolved Timing type"},{"name":"series","type":"string","documentation":"Series ID"},{"name":"subject","type":"reference","documentation":"Who/What this Media is a record of"},{"name":"type","type":"token","documentation":"photo | video | audio"},{"name":"usageMode","type":"token","documentation":"Usage mode"}],"operation":[{"name":"validate","definition":"https://measurement.devtest.systematic-ehealth.com/fhir/OperationDefinition/Multi-it-validate"},{"name":"get-data","definition":"https://measurement.devtest.systematic-ehealth.com/fhir/OperationDefinition/Media-t-get-data","documentation":"The get-data operation returns a media content matching the uuid provided.\n\n\n### Parameter description\n- uuid: The uuid of the media to return\n\n\n### Request header description\n- ehealth-thumbnail-size: The size of thumbnail to return instead of original content. If thumbnails are not supported for the media, the original content is returned\n\n\n### Output description\nThe result of this operation returns a Binary containing the media found from the provided uuid"}]},{"type":"Observation","profile":"http://ehealth.sundhed.dk/fhir/StructureDefinition/ehealth-observation","interaction":[{"code":"search-type"},{"code":"vread"},{"code":"read"},{"code":"patch"}],"searchRevInclude":["Provenance:target"],"searchParam":[{"name":"_content","type":"string","documentation":"Search the contents of the resource's data using a fulltext search"},{"name":"_filter","type":"string","documentation":"Search the contents of the resource's data using a filter"},{"name":"_id","type":"token","documentation":"The ID of the resource"},{"name":"_tag","type":"token","documentation":"Search for resources which have the given tag"},{"name":"_text","type":"string","documentation":"Search the contents of the resource's narrative using a fulltext search"},{"name":"based-on","type":"reference","documentation":"Reference to the test or procedure request."},{"name":"code","type":"token","documentation":"The code of the observation type"},{"name":"date","type":"date","documentation":"Obtained date/time. If the obtained element is a period, a date that falls in the period"},{"name":"episodeOfCare","type":"reference","documentation":"Episode associated with observation"},{"name":"identifier","type":"token","documentation":"The unique id for a particular observation"},{"name":"patient","type":"reference","documentation":"The subject that the observation is about (if patient)"},{"name":"qualityCode","type":"token","documentation":"The quality code of the observation"},{"name":"qualityType","type":"token","documentation":"The quality type of the observation"},{"name":"resolvedTimingEnd","type":"date","documentation":"Resolved Timing end"},{"name":"resolvedTimingServiceRequestVersionId","type":"token","documentation":"Resolved Timing serviceRequestVersionID"},{"name":"resolvedTimingStart","type":"date","documentation":"Resolved Timing start"},{"name":"resolvedTimingType","type":"token","documentation":"Resolved Timing type"},{"name":"subject","type":"reference","documentation":"The subject that the observation is about"}],"operation":[{"name":"validate","definition":"https://measurement.devtest.systematic-ehealth.com/fhir/OperationDefinition/Multi-it-validate"}]},{"type":"OperationDefinition","profile":"http://hl7.org/fhir/StructureDefinition/OperationDefinition","interaction":[{"code":"read"}],"searchInclude":["*"],"searchRevInclude":["Communication:episodeOfCare","Communication:recipient","Communication:recipientCareTeam","Communication:sender","Communication:senderCareTeam","Communication:subject","Media:based-on","Media:episodeOfCare","Media:relatedTo","Media:subject","Observation:based-on","Observation:episodeOfCare","Observation:patient","Observation:subject","Provenance:agent","Provenance:entity","Provenance:entity-episodeOfCare","Provenance:entity-serviceRequest","Provenance:target","QuestionnaireResponse:based-on","QuestionnaireResponse:episodeOfCare","QuestionnaireResponse:questionnaire","QuestionnaireResponse:subject"]},{"type":"Provenance","profile":"http://ehealth.sundhed.dk/fhir/StructureDefinition/ehealth-provenance","interaction":[{"code":"search-type"},{"code":"vread"},{"code":"read"}],"searchInclude":["Provenance:target"],"searchRevInclude":["Communication:episodeOfCare","Communication:recipient","Communication:recipientCareTeam","Communication:sender","Communication:senderCareTeam","Communication:subject","Media:based-on","Media:episodeOfCare","Media:relatedTo","Media:subject","Observation:based-on","Observation:episodeOfCare","Observation:patient","Observation:subject","Provenance:agent","Provenance:entity","Provenance:entity-episodeOfCare","Provenance:entity-serviceRequest","Provenance:target","QuestionnaireResponse:based-on","QuestionnaireResponse:episodeOfCare","QuestionnaireResponse:questionnaire","QuestionnaireResponse:subject"],"searchParam":[{"name":"_id","type":"token","documentation":"The ID of the resource"},{"name":"agent","type":"reference","documentation":"Who participated in the activity"},{"name":"entity","type":"reference","documentation":"Identity of entity"},{"name":"entity-episodeOfCare","type":"reference","documentation":"EpisodeOfCare identity of entity"},{"name":"entity-serviceRequest","type":"reference","documentation":"ServiceRequest identity of entity"},{"name":"recorded","type":"date","documentation":"When the activity was recorded / updated"},{"name":"target","type":"reference","documentation":"Target Reference(s) (usually version specific)"}]},{"type":"QuestionnaireResponse","profile":"http://ehealth.sundhed.dk/fhir/StructureDefinition/ehealth-questionnaireresponse","interaction":[{"code":"update"},{"code":"search-type"},{"code":"vread"},{"code":"read"},{"code":"patch"},{"code":"create"}],"conditionalCreate":true,"conditionalUpdate":true,"searchRevInclude":["Provenance:target"],"searchParam":[{"name":"_filter","type":"string","documentation":"Search the contents of the resource's data using a filter"},{"name":"_lastUpdated","type":"date","documentation":"Only return resources which were last updated as specified by the given range"},{"name":"_tag","type":"token","documentation":"Search for resources which have the given tag"},{"name":"authored","type":"date","documentation":"When the questionnaire response was last changed"},{"name":"based-on","type":"reference","documentation":"Plan/proposal/order fulfilled by this questionnaire response"},{"name":"effectivePeriodEnd","type":"date","documentation":"Effective Period end"},{"name":"effectivePeriodStart","type":"date","documentation":"Effective Period start"},{"name":"episodeOfCare","type":"reference","documentation":"Episode associated with questionnaire response"},{"name":"identifier","type":"token","documentation":"The unique identifier for the questionnaire response"},{"name":"qualityCode","type":"token","documentation":"The quality code of the questionnaire response"},{"name":"qualityType","type":"token","documentation":"The quality type of the questionnaire response"},{"name":"questionnaire","type":"reference","documentation":"The questionnaire the answers are provided for"},{"name":"resolvedTimingEnd","type":"date","documentation":"Resolved Timing end"},{"name":"resolvedTimingServiceRequestVersionId","type":"token","documentation":"Resolved Timing serviceRequestVersionID"},{"name":"resolvedTimingStart","type":"date","documentation":"Resolved Timing start"},{"name":"resolvedTimingType","type":"token","documentation":"Resolved Timing type"},{"name":"status","type":"token","documentation":"The status of the questionnaire response"},{"name":"subject","type":"reference","documentation":"The subject of the questionnaire response"}],"operation":[{"name":"validate","definition":"https://measurement.devtest.systematic-ehealth.com/fhir/OperationDefinition/Multi-it-validate"}]}],"operation":[{"name":"migrate","definition":"https://measurement.devtest.systematic-ehealth.com/fhir/OperationDefinition/-s-migrate","documentation":"Data migration"},{"name":"search-measurements","definition":"https://measurement.devtest.systematic-ehealth.com/fhir/OperationDefinition/-s-search-measurements","documentation":"The search-measurements operation searches for bundles of related resources having Observations, Media or QuestionnaireResponses matching the search criteria.\n\n\n### Parameter description\n- patient: Find resource(s) referring the specified patient - Reference(eHealth Patient).\n- episodeOfCare: Find resource(s) referring the specified episode of care - Reference(eHealth EpisodeOfCare).\n- device: Find resource(s) referring the specified device - Reference(eHealth Device | eHealth DeviceMetric).\n- period: Resource(s) must have either an instant or time period within or overlapping the given period. The used instant/time period varies with resource as follows: Element effective for eHealth Observation; Element authored for eHealth QuestionnaireResponse; Element occurrence for eHealth Media.\n- based-on: Resources(s) must be based on any of the specified procedure requests - Reference(eHealth ServiceRequest).\n- _tag: When specified, resource(s) must have at least one of the specified tags in meta data - for instance a Coding(ehealth-system CodeSystem) or on token form: http://ehealth.sundhed.dk/cs/ehealth-system|xa. Note that the _tag functions as an optional filter, not as a selection criteria in the way the other parameters work.\n\n\n\"period\" must always be specified.\n\nAdditionally at least \"patient\" or \"episodeOfCare\" must be specified.\n\n### Output description\n\nThe result of this operation will return a Bundle with a list of nested Bundles having resources matching the search parameters.\n\nEach of the nested bundles will contain the full set of related eHealth Observation, eHealth Media, eHealth QuestionnaireResponse and eHealth Provenance resources.\n\nIf a eHealth QuestionnaireResponse is part of the nested bundle the referenced eHealth Questionnaire will also be included in the nested bundle.\n\nRelated resources are the set of resources created by a single invocation of the submit-measurement operation."},{"name":"search-measurements-bundle-limit","definition":"https://measurement.devtest.systematic-ehealth.com/fhir/OperationDefinition/-s-search-measurements-bundle-limit","documentation":"The search-measurements-bundle-limit operation searches for a number of bundles of related resources having Observations, Media or QuestionnaireResponses matching the search criteria.\n\n\n### Parameter description\n- patient: Find resource(s) referring the specified patient - Reference(eHealth Patient).\n- episodeOfCare: Find resource(s) referring the specified episode of care - Reference(eHealth EpisodeOfCare).\n- count: The number of bundles to return, max allowed value is 100 - Integer.\n- start: Based on submitted time / Provenance.recorded. If provided, the operation will search for resource(s) submitted after this time. The result bundles will be sorted in ascending order - DateTime.\n- end: Based on submitted time / Provenance.recorded. If provided, the operation will search for resource(s) submitted before this time. The result bundles will be sorted in descending order - DateTime.\n- based-on: Resources(s) must be based on any of the specified service requests - Reference(eHealth ServiceRequest).\n- _tag: When specified, resource(s) must have at least one of the specified tags in meta data - for instance a Coding(ehealth-system CodeSystem) or on token form: http://ehealth.sundhed.dk/cs/ehealth-system|xa. Note that the _tag functions as an optional filter, not as a selection criteria in the way the other parameters work.\n\n\nOne of either \"start\" or \"end\", along with the \"count\" parameter must always be specified.\n\nAdditionally at least \"patient\" or \"episodeOfCare\" or \"serviceRequest\" must be specified.\n\n### Output description\n\nThe result of this operation returns a Bundle with a list of nested Bundles having resources matching the search parameters. The number of nested Bundles depends on the count parameter.\n\nEach of the nested bundles contains the full set of related eHealth Observation, eHealth Media, eHealth QuestionnaireResponse and eHealth Provenance resources, from the same submission request.\n\nRelated resources are the set of resources created by a single invocation of the submit-measurement operation."},{"name":"submit-measurement","definition":"https://measurement.devtest.systematic-ehealth.com/fhir/OperationDefinition/-s-submit-measurement","documentation":"The submit-measurement operation provides a single measurement in the form of a Bundle of Observation, QuestionnaireResponse and Media for storage and, subsequently, further processing in the eHealth Infrastructure. A Provenance resource is implicitly created by the infrastructure referencing input Bundle resources as target, thereby relating the resources that were submitted. \n\nMedia resource inline content in `content.data` will be stored outside the resource, and the `content.url` for retrieval is set on the resource. Image content is anonymized by removing sensitive metadate before storage. Image content is processed to generate thumbnail representations in the thumbnail element. \n\n\n### Parameter description\nmeasurement: Bundle containing:\n- 0..* Observation (ehealth-observation profile)\n- 0..* QuestionnaireResponse (ehealth-questionnaireresponse profile)\n- 0..* Media (ehealth-media profile)\n- 0..* Provenance (ehealth-provenance profile). Each Provenance (which is intended for capturing reuse of measurement(s) – as described in the eHealth Observation profile introduction) must refer to other resources in the Bundle as target in the format \"urn:oid:<the oid>\" or \"urn:uuid:<the uuid>.\".\n\nAll resources in the Bundle must refer to the same Patient and EpisodeOfCare.\nAll measurement resources in the Bundle must have status either `completed` or `final` (`completed` in case of Media/QuestionnaireResponse and `final` in case of Observation).\nAll resources in the Bundle as well as the created Provenance will receive any missing system tags (ehealth-system CodeSystem) provided by the referenced EpisodeOfCare.\nThe request will be denied if any resource in the Bundle contains a system tag, which is not present on the referenced EpisodeOfCare\n\n\n### Output description\nThe returned Bundle contains references to the stored input resources where the id has been substituted.\n\neHealth infrastructure will substitute the id when saving the resources in a single transaction."},{"name":"reindex-terminology","definition":"https://measurement.devtest.systematic-ehealth.com/fhir/OperationDefinition/-s-reindex-terminology"},{"name":"meta","definition":"https://measurement.devtest.systematic-ehealth.com/fhir/OperationDefinition/-s-meta"},{"name":"get-resource-counts","definition":"https://measurement.devtest.systematic-ehealth.com/fhir/OperationDefinition/-s-get-resource-counts","documentation":"Provides the number of resources currently stored on the server, broken down by resource type"}]}]}