{"resourceType":"CodeSystem","id":"ehealth.sundhed.dk-loinc.org-supplement","text":{"status":"generated","div":"<div xmlns=\"http://www.w3.org/1999/xhtml\"><p class=\"res-header-id\"><b>Generated Narrative: CodeSystem ehealth.sundhed.dk-loinc.org-supplement</b></p><a name=\"ehealth.sundhed.dk-loinc.org-supplement\"> </a><a name=\"hcehealth.sundhed.dk-loinc.org-supplement\"> </a><a name=\"ehealth.sundhed.dk-loinc.org-supplement-da-DK\"> </a><p>This code system supplement <code>http://ehealth.sundhed.dk/loinc.org/supplement</code> defines displays on the following codes:</p><table class=\"codes\"><tr><td style=\"white-space:nowrap\"><b>Code</b></td><td><b>Display</b></td><td><b>Dansk (Danish, da)</b></td></tr><tr><td><a style=\"white-space:nowrap\" href=\"https://loinc.org/72287-6\">72287-6</a><a name=\"ehealth.sundhed.dk-loinc.org-supplement-72287-6\"> </a></td><td>Wound size panel</td><td>Sår størrelse panel</td></tr><tr><td><a style=\"white-space:nowrap\" href=\"https://loinc.org/39126-8\">39126-8</a><a name=\"ehealth.sundhed.dk-loinc.org-supplement-39126-8\"> </a></td><td>Length of Wound</td><td>Længde af sår</td></tr><tr><td><a style=\"white-space:nowrap\" href=\"https://loinc.org/39125-0\">39125-0</a><a name=\"ehealth.sundhed.dk-loinc.org-supplement-39125-0\"> </a></td><td>Width of Wound</td><td>Bredde af sår</td></tr><tr><td><a style=\"white-space:nowrap\" href=\"https://loinc.org/39127-6\">39127-6</a><a name=\"ehealth.sundhed.dk-loinc.org-supplement-39127-6\"> </a></td><td>Depth of Wound</td><td>Dybde af sår</td></tr><tr><td><a style=\"white-space:nowrap\" href=\"https://loinc.org/89260-4\">89260-4</a><a name=\"ehealth.sundhed.dk-loinc.org-supplement-89260-4\"> </a></td><td>Area of wound</td><td>Areal af sår</td></tr><tr><td><a style=\"white-space:nowrap\" href=\"https://loinc.org/94083-3\">94083-3</a><a name=\"ehealth.sundhed.dk-loinc.org-supplement-94083-3\"> </a></td><td>Wound volume</td><td>Sårvolumen</td></tr><tr><td><a style=\"white-space:nowrap\" href=\"https://loinc.org/69730-0\">69730-0</a><a name=\"ehealth.sundhed.dk-loinc.org-supplement-69730-0\"> </a></td><td>Instructions</td><td>Instruktioner</td></tr><tr><td><a style=\"white-space:nowrap\" href=\"https://loinc.org/48766-0\">48766-0</a><a name=\"ehealth.sundhed.dk-loinc.org-supplement-48766-0\"> </a></td><td>Information source</td><td>Informationskilde</td></tr><tr><td><a style=\"white-space:nowrap\" href=\"https://loinc.org/53576-5\">53576-5</a><a name=\"ehealth.sundhed.dk-loinc.org-supplement-53576-5\"> </a></td><td>Personal health monitoring report Document</td><td>Personal health monitoring report Document</td></tr><tr><td><a style=\"white-space:nowrap\" href=\"https://loinc.org/74468-0\">74468-0</a><a name=\"ehealth.sundhed.dk-loinc.org-supplement-74468-0\"> </a></td><td>Questionnaire Form Definition Document</td><td>Questionnaire Form Definition Document</td></tr><tr><td><a style=\"white-space:nowrap\" href=\"https://loinc.org/74465-6\">74465-6</a><a name=\"ehealth.sundhed.dk-loinc.org-supplement-74465-6\"> </a></td><td>Questionnaire Response Document</td><td>Questionnaire Response Document</td></tr><tr><td><a style=\"white-space:nowrap\" href=\"https://loinc.org/11502-2\">11502-2</a><a name=\"ehealth.sundhed.dk-loinc.org-supplement-11502-2\"> </a></td><td>LABORATORY REPORT.TOTAL</td><td>LABORATORY REPORT.TOTAL</td></tr><tr><td><a style=\"white-space:nowrap\" href=\"https://loinc.org/56446-8\">56446-8</a><a name=\"ehealth.sundhed.dk-loinc.org-supplement-56446-8\"> </a></td><td>Appointment Summary Document</td><td>Appointment Summary Document</td></tr><tr><td><a style=\"white-space:nowrap\" href=\"https://loinc.org/39290-2\">39290-2</a><a name=\"ehealth.sundhed.dk-loinc.org-supplement-39290-2\"> </a></td><td>Follow-up (referred to) program, appointment date</td><td>Follow-up (referred to) program, appointment date</td></tr><tr><td><a style=\"white-space:nowrap\" href=\"https://loinc.org/39289-4\">39289-4</a><a name=\"ehealth.sundhed.dk-loinc.org-supplement-39289-4\"> </a></td><td>Follow-up (referred to) provider and/or specialist, appointment date</td><td>Follow-up (referred to) provider and/or specialist, appointment date</td></tr><tr><td><a style=\"white-space:nowrap\" href=\"https://loinc.org/81215-6\">81215-6</a><a name=\"ehealth.sundhed.dk-loinc.org-supplement-81215-6\"> </a></td><td>Care plan - recommended C-CDA R2.0 and R2.1 sections</td><td>Care plan - recommended C-CDA R2.0 and R2.1 sections</td></tr><tr><td><a style=\"white-space:nowrap\" href=\"https://loinc.org/57059-8\">57059-8</a><a name=\"ehealth.sundhed.dk-loinc.org-supplement-57059-8\"> </a></td><td>Pregnancy visit summary note Narrative</td><td>Summary for prenancy visit</td></tr><tr><td><a style=\"white-space:nowrap\" href=\"https://loinc.org/28615-3\">28615-3</a><a name=\"ehealth.sundhed.dk-loinc.org-supplement-28615-3\"> </a></td><td>Audiology Study</td><td>DA: Audiologi dokument</td></tr></table></div>"},"url":"http://ehealth.sundhed.dk/loinc.org/supplement","version":"3.5.1","name":"LOINC Supplement","title":"LOINC Code System Supplement","status":"active","experimental":false,"date":"2025-01-06T00:00:00+01:00","publisher":"Den telemedicinske infrastruktur (eHealth Infrastructure)","contact":[{"name":"Den telemedicinske infrastruktur (eHealth Infrastructure)","telecom":[{"system":"url","value":"http://ehealth.sundhed.dk"}]}],"description":"LOINC is a freely available international standard for tests, measurements, and observations","jurisdiction":[{"coding":[{"system":"urn:iso:std:iso:3166","code":"DK","display":"Denmark"}]}],"content":"supplement","supplements":"http://loinc.org","concept":[{"code":"72287-6","display":"Wound size panel","designation":[{"language":"da","value":"Sår størrelse panel"}]},{"code":"39126-8","display":"Length of Wound","designation":[{"language":"da","value":"Længde af sår"}]},{"code":"39125-0","display":"Width of Wound","designation":[{"language":"da","value":"Bredde af sår"}]},{"code":"39127-6","display":"Depth of Wound","designation":[{"language":"da","value":"Dybde af sår"}]},{"code":"89260-4","display":"Area of wound","designation":[{"language":"da","value":"Areal af sår"}]},{"code":"94083-3","display":"Wound volume","designation":[{"language":"da","value":"Sårvolumen"}]},{"code":"69730-0","display":"Instructions","designation":[{"language":"da","value":"Instruktioner"}]},{"code":"48766-0","display":"Information source","designation":[{"language":"da","value":"Informationskilde"}]},{"code":"53576-5","display":"Personal health monitoring report Document","designation":[{"language":"da","value":"Personal health monitoring report Document"}]},{"code":"74468-0","display":"Questionnaire Form Definition Document","designation":[{"language":"da","value":"Questionnaire Form Definition Document"}]},{"code":"74465-6","display":"Questionnaire Response Document","designation":[{"language":"da","value":"Questionnaire Response Document"}]},{"code":"11502-2","display":"LABORATORY REPORT.TOTAL","designation":[{"language":"da","value":"LABORATORY REPORT.TOTAL"}]},{"code":"56446-8","display":"Appointment Summary Document","designation":[{"language":"da","value":"Appointment Summary Document"}]},{"code":"39290-2","display":"Follow-up (referred to) program, appointment date","designation":[{"language":"da","value":"Follow-up (referred to) program, appointment date"}]},{"code":"39289-4","display":"Follow-up (referred to) provider and/or specialist, appointment date","designation":[{"language":"da","value":"Follow-up (referred to) provider and/or specialist, appointment date"}]},{"code":"81215-6","display":"Care plan - recommended C-CDA R2.0 and R2.1 sections","designation":[{"language":"da","value":"Care plan - recommended C-CDA R2.0 and R2.1 sections"}]},{"code":"57059-8","display":"Pregnancy visit summary note Narrative","designation":[{"language":"da","value":"Summary for prenancy visit"}]},{"code":"28615-3","display":"Audiology Study","designation":[{"language":"da","value":"DA: Audiologi dokument"}]}]}