{"resourceType":"ConceptMap","id":"activitydefinition-code-to-measurement-resource-type","text":{"status":"generated","div":"<div xmlns=\"http://www.w3.org/1999/xhtml\"><p class=\"res-header-id\"><b>Generated Narrative: ConceptMap activitydefinition-code-to-measurement-resource-type</b></p><a name=\"activitydefinition-code-to-measurement-resource-type\"> </a><a name=\"hcactivitydefinition-code-to-measurement-resource-type\"> </a><a name=\"activitydefinition-code-to-measurement-resource-type-da-DK\"> </a><p>Mapping from <a href=\"ValueSet-ehealth-activitydefinition-code.html\">Activity Definition Code</a> to <a href=\"http://hl7.org/fhir/R4/codesystem-resource-types.html\">http://hl7.org/fhir/resource-types</a></p><br/><p><b>Group 1 </b>Mapping from <a href=\"CodeSystem-ehealth-activitydefinition-code.html\">Activity Definition Codes</a> to <a href=\"http://hl7.org/fhir/R4/codesystem-resource-types.html\">ResourceType</a></p><table class=\"grid\"><tr><td><b>Source Code</b></td><td><b>Relationship</b></td><td><b>Target Code</b></td></tr><tr><td>273586006 (Master Questionnaire)</td><td><a href=\"http://hl7.org/fhir/R5/codesystem-concept-map-relationship.html#relatedto\" title=\"relatedto\">is related to</a></td><td>QuestionnaireResponse</td></tr><tr><td>SQ (Situation quality assessment)</td><td><a href=\"http://hl7.org/fhir/R5/codesystem-concept-map-relationship.html#relatedto\" title=\"relatedto\">is related to</a></td><td>QuestionnaireResponse</td></tr><tr><td>QR (Usage quality assessment)</td><td><a href=\"http://hl7.org/fhir/R5/codesystem-concept-map-relationship.html#relatedto\" title=\"relatedto\">is related to</a></td><td>QuestionnaireResponse</td></tr></table><hr/><p><b>Group 2 </b>Mapping from <a href=\"CodeSystem-1.2.208.176.2.1--20190829.html\">NPU DK</a> to <a href=\"http://hl7.org/fhir/R4/codesystem-resource-types.html\">ResourceType</a></p><table class=\"grid\"><tr><td><b>Source Code</b></td><td><b>Relationship</b></td><td><b>Target Code</b></td></tr><tr><td>DNK05472 (Blodtryk systolisk;Arm)</td><td><a href=\"http://hl7.org/fhir/R5/codesystem-concept-map-relationship.html#relatedto\" title=\"relatedto\">is related to</a></td><td>Observation</td></tr><tr><td>DNK05473 (Blodtryk diastolisk;Arm)</td><td><a href=\"http://hl7.org/fhir/R5/codesystem-concept-map-relationship.html#relatedto\" title=\"relatedto\">is related to</a></td><td>Observation</td></tr><tr><td>NPU03011 (O2 sat.;Hb(aB))</td><td><a href=\"http://hl7.org/fhir/R5/codesystem-concept-map-relationship.html#relatedto\" title=\"relatedto\">is related to</a></td><td>Observation</td></tr><tr><td>NPU21692 (Puls;Hjerte)</td><td><a href=\"http://hl7.org/fhir/R5/codesystem-concept-map-relationship.html#relatedto\" title=\"relatedto\">is related to</a></td><td>Observation</td></tr><tr><td>NPU03804 (Legeme vægt; Pt)</td><td><a href=\"http://hl7.org/fhir/R5/codesystem-concept-map-relationship.html#relatedto\" title=\"relatedto\">is related to</a></td><td>Observation</td></tr><tr><td>NPU27281 (Pt—Legeme; massekoefficient(masse/kvadreret højde) = ? kg/m²)</td><td><a href=\"http://hl7.org/fhir/R5/codesystem-concept-map-relationship.html#relatedto\" title=\"relatedto\">is related to</a></td><td>Observation</td></tr><tr><td>NPU03794 (Pt—Legeme; højde = ? m)</td><td><a href=\"http://hl7.org/fhir/R5/codesystem-concept-map-relationship.html#relatedto\" title=\"relatedto\">is related to</a></td><td>Observation</td></tr><tr><td>NPU08676 (Pt—Legeme; temp. = ? °C)</td><td><a href=\"http://hl7.org/fhir/R5/codesystem-concept-map-relationship.html#relatedto\" title=\"relatedto\">is related to</a></td><td>Observation</td></tr><tr><td>NPU19748 (C-reaktivt protein [CRP];P)</td><td><a href=\"http://hl7.org/fhir/R5/codesystem-concept-map-relationship.html#relatedto\" title=\"relatedto\">is related to</a></td><td>Observation</td></tr></table><hr/><p><b>Group 3 </b>Mapping from <a href=\"CodeSystem-urn-oid-1.2.208.184.100.8.html\">DAK-E Codes</a> to <a href=\"http://hl7.org/fhir/R4/codesystem-resource-types.html\">ResourceType</a></p><table class=\"grid\"><tr><td><b>Source Code</b></td><td><b>Relationship</b></td><td><b>Target Code</b></td></tr><tr><td>MCS88015 (FEV1;Lunge)</td><td><a href=\"http://hl7.org/fhir/R5/codesystem-concept-map-relationship.html#relatedto\" title=\"relatedto\">is related to</a></td><td>Observation</td></tr><tr><td>MCS88016 (FVC;Lunge)</td><td><a href=\"http://hl7.org/fhir/R5/codesystem-concept-map-relationship.html#relatedto\" title=\"relatedto\">is related to</a></td><td>Observation</td></tr><tr><td>MCS88017 (FEV1/FVC;Lunge)</td><td><a href=\"http://hl7.org/fhir/R5/codesystem-concept-map-relationship.html#relatedto\" title=\"relatedto\">is related to</a></td><td>Observation</td></tr><tr><td>MCS88019 (Blodtryk hjemme systolisk;Arm)</td><td><a href=\"http://hl7.org/fhir/R5/codesystem-concept-map-relationship.html#relatedto\" title=\"relatedto\">is related to</a></td><td>Observation</td></tr><tr><td>MCS88020 (Blodtryk hjemme diastolisk;Arm)</td><td><a href=\"http://hl7.org/fhir/R5/codesystem-concept-map-relationship.html#relatedto\" title=\"relatedto\">is related to</a></td><td>Observation</td></tr><tr><td>MCS88021 (MRC skala;Pt(KOL))</td><td><a href=\"http://hl7.org/fhir/R5/codesystem-concept-map-relationship.html#relatedto\" title=\"relatedto\">is related to</a></td><td>Observation</td></tr><tr><td>MCS88023 (FEV1 af forventet værdi;Pt(KOL))</td><td><a href=\"http://hl7.org/fhir/R5/codesystem-concept-map-relationship.html#relatedto\" title=\"relatedto\">is related to</a></td><td>Observation</td></tr><tr><td>MCS88050 (Rejse sætte sig testen;Pt)</td><td><a href=\"http://hl7.org/fhir/R5/codesystem-concept-map-relationship.html#relatedto\" title=\"relatedto\">is related to</a></td><td>Observation</td></tr><tr><td>MCS88137 (CAT score;Pt)</td><td><a href=\"http://hl7.org/fhir/R5/codesystem-concept-map-relationship.html#relatedto\" title=\"relatedto\">is related to</a></td><td>Observation</td></tr><tr><td>MCS88192 (Skridt per dag;Pt)</td><td><a href=\"http://hl7.org/fhir/R5/codesystem-concept-map-relationship.html#relatedto\" title=\"relatedto\">is related to</a></td><td>Observation</td></tr><tr><td>MCS88193 (Skridt per uge;Pt)</td><td><a href=\"http://hl7.org/fhir/R5/codesystem-concept-map-relationship.html#relatedto\" title=\"relatedto\">is related to</a></td><td>Observation</td></tr><tr><td>MCS88194 (Skridt;Pt)</td><td><a href=\"http://hl7.org/fhir/R5/codesystem-concept-map-relationship.html#relatedto\" title=\"relatedto\">is related to</a></td><td>Observation</td></tr></table><hr/><p><b>Group 4 </b>Mapping from <a href=\"CodeSystem-urn-oid-1.2.208.176.2.4.html\">Sundhedsvæsenets klassifikationssystem (SKS)</a> to <a href=\"http://hl7.org/fhir/R4/codesystem-resource-types.html\">ResourceType</a></p><table class=\"grid\"><tr><td><b>Source Code</b></td><td><b>Relationship</b></td><td><b>Target Code</b></td></tr><tr><td>ZZ3170 (Hjemmeblodtryksmåling udført af patienten)</td><td><a href=\"http://hl7.org/fhir/R5/codesystem-concept-map-relationship.html#relatedto\" title=\"relatedto\">is related to</a></td><td>Observation</td></tr><tr><td>ZZ7011 (Klinisk foto)</td><td><a href=\"http://hl7.org/fhir/R5/codesystem-concept-map-relationship.html#relatedto\" title=\"relatedto\">is related to</a></td><td>Media</td></tr></table><hr/><p><b>Group 5 </b>Mapping from <a href=\"http://hl7.org/fhir/R4/codesystem-snomedct.html\">SNOMED CT (all versions)</a> to <a href=\"http://hl7.org/fhir/R4/codesystem-resource-types.html\">ResourceType</a></p><table class=\"grid\"><tr><td><b>Source Code</b></td><td><b>Relationship</b></td><td><b>Target Code</b></td></tr><tr><td>445988008 (Assessment using health assessment questionnaire (procedure))</td><td><a href=\"http://hl7.org/fhir/R5/codesystem-concept-map-relationship.html#relatedto\" title=\"relatedto\">is related to</a></td><td>QuestionnaireResponse</td></tr><tr><td>273586006 (Master questionnaire)</td><td><a href=\"http://hl7.org/fhir/R5/codesystem-concept-map-relationship.html#relatedto\" title=\"relatedto\">is related to</a></td><td>QuestionnaireResponse</td></tr><tr><td>446080005 (Photography of wound)</td><td><a href=\"http://hl7.org/fhir/R5/codesystem-concept-map-relationship.html#relatedto\" title=\"relatedto\">is related to</a></td><td>Media</td></tr></table><hr/><p><b>Group 6 </b>Mapping from <a href=\"http://terminology.hl7.org/6.2.0/CodeSystem-v3-loinc.html\">Logical Observation Identifiers, Names and Codes (LOINC)</a> to <a href=\"http://terminology.hl7.org/6.2.0/CodeSystem-v2-0532.html\">expandedYes-NoIndicator</a></p><table class=\"grid\"><tr><td><b>Source Code</b></td><td><b>Relationship</b></td><td><b>Target Code</b></td></tr><tr><td>72287-6 (Wound size panel)</td><td><a href=\"http://hl7.org/fhir/R5/codesystem-concept-map-relationship.html#relatedto\" title=\"relatedto\">is related to</a></td><td>Observation</td></tr><tr><td>39126-8 (Length of Wound)</td><td><a href=\"http://hl7.org/fhir/R5/codesystem-concept-map-relationship.html#relatedto\" title=\"relatedto\">is related to</a></td><td>Observation</td></tr><tr><td>39125-0 (Width of Wound)</td><td><a href=\"http://hl7.org/fhir/R5/codesystem-concept-map-relationship.html#relatedto\" title=\"relatedto\">is related to</a></td><td>Observation</td></tr><tr><td>39127-6 (Depth of Wound)</td><td><a href=\"http://hl7.org/fhir/R5/codesystem-concept-map-relationship.html#relatedto\" title=\"relatedto\">is related to</a></td><td>Observation</td></tr><tr><td>89260-4 (Area of wound)</td><td><a href=\"http://hl7.org/fhir/R5/codesystem-concept-map-relationship.html#relatedto\" title=\"relatedto\">is related to</a></td><td>Observation</td></tr><tr><td>94083-3 (Wound volume)</td><td><a href=\"http://hl7.org/fhir/R5/codesystem-concept-map-relationship.html#relatedto\" title=\"relatedto\">is related to</a></td><td>Observation</td></tr></table></div>"},"url":"http://ehealth.sundhed.dk/ConceptMap/activitydefinition-code-to-measurement-resource-type","version":"3.5.1","name":"activitydefinition-code-to-measurement-resource-type","title":"Activitydefinition-code to measurement resource type","status":"active","experimental":false,"date":"2023-06-28T00:00:00+00:00","publisher":"Den telemedicinske infrastruktur (eHealth Infrastructure)","contact":[{"name":"Den telemedicinske infrastruktur (eHealth Infrastructure)","telecom":[{"system":"url","value":"http://ehealth.sundhed.dk"}]}],"description":"The map controls what type of measurement resource is expected for a given activity code.","jurisdiction":[{"coding":[{"system":"urn:iso:std:iso:3166","code":"DK","display":"Denmark"}]}],"sourceUri":"http://ehealth.sundhed.dk/vs/activitydefinition-code","targetUri":"http://hl7.org/fhir/resource-types","group":[{"source":"http://ehealth.sundhed.dk/cs/activitydefinition-code","target":"http://hl7.org/fhir/resource-types","element":[{"code":"273586006","display":"Master Questionnaire","target":[{"code":"QuestionnaireResponse","display":"QuestionnaireResponse","equivalence":"relatedto"}]},{"code":"SQ","display":"Situation quality assessment","target":[{"code":"QuestionnaireResponse","display":"QuestionnaireResponse","equivalence":"relatedto"}]},{"code":"QR","display":"Usage quality assessment","target":[{"code":"QuestionnaireResponse","display":"QuestionnaireResponse","equivalence":"relatedto"}]}]},{"source":"urn:oid:1.2.208.176.2.1","target":"http://hl7.org/fhir/resource-types","element":[{"code":"DNK05472","display":"Blodtryk systolisk;Arm","target":[{"code":"Observation","display":"Observation","equivalence":"relatedto"}]},{"code":"DNK05473","display":"Blodtryk diastolisk;Arm","target":[{"code":"Observation","display":"Observation","equivalence":"relatedto"}]},{"code":"NPU03011","display":"O2 sat.;Hb(aB)","target":[{"code":"Observation","display":"Observation","equivalence":"relatedto"}]},{"code":"NPU21692","display":"Puls;Hjerte","target":[{"code":"Observation","display":"Observation","equivalence":"relatedto"}]},{"code":"NPU03804","display":"Legeme vægt; Pt","target":[{"code":"Observation","display":"Observation","equivalence":"relatedto"}]},{"code":"NPU27281","display":"Pt—Legeme; massekoefficient(masse/kvadreret højde) = ? kg/m²","target":[{"code":"Observation","display":"Observation","equivalence":"relatedto"}]},{"code":"NPU03794","display":"Pt—Legeme; højde = ? m","target":[{"code":"Observation","display":"Observation","equivalence":"relatedto"}]},{"code":"NPU08676","display":"Pt—Legeme; temp. = ? °C","target":[{"code":"Observation","display":"Observation","equivalence":"relatedto"}]},{"code":"NPU19748","display":"C-reaktivt protein [CRP];P","target":[{"code":"Observation","display":"Observation","equivalence":"relatedto"}]}]},{"source":"urn:oid:1.2.208.184.100.8","target":"http://hl7.org/fhir/resource-types","element":[{"code":"MCS88015","display":"FEV1;Lunge","target":[{"code":"Observation","display":"Observation","equivalence":"relatedto"}]},{"code":"MCS88016","display":"FVC;Lunge","target":[{"code":"Observation","display":"Observation","equivalence":"relatedto"}]},{"code":"MCS88017","display":"FEV1/FVC;Lunge","target":[{"code":"Observation","display":"Observation","equivalence":"relatedto"}]},{"code":"MCS88019","display":"Blodtryk hjemme systolisk;Arm","target":[{"code":"Observation","display":"Observation","equivalence":"relatedto"}]},{"code":"MCS88020","display":"Blodtryk hjemme diastolisk;Arm","target":[{"code":"Observation","display":"Observation","equivalence":"relatedto"}]},{"code":"MCS88021","display":"MRC skala;Pt(KOL)","target":[{"code":"Observation","display":"Observation","equivalence":"relatedto"}]},{"code":"MCS88023","display":"FEV1 af forventet værdi;Pt(KOL)","target":[{"code":"Observation","display":"Observation","equivalence":"relatedto"}]},{"code":"MCS88050","display":"Rejse sætte sig testen;Pt","target":[{"code":"Observation","display":"Observation","equivalence":"relatedto"}]},{"code":"MCS88137","display":"CAT score;Pt","target":[{"code":"Observation","display":"Observation","equivalence":"relatedto"}]},{"code":"MCS88192","display":"Skridt per dag;Pt","target":[{"code":"Observation","display":"Observation","equivalence":"relatedto"}]},{"code":"MCS88193","display":"Skridt per uge;Pt","target":[{"code":"Observation","display":"Observation","equivalence":"relatedto"}]},{"code":"MCS88194","display":"Skridt;Pt","target":[{"code":"Observation","display":"Observation","equivalence":"relatedto"}]}]},{"source":"urn:oid:1.2.208.176.2.4","target":"http://hl7.org/fhir/resource-types","element":[{"code":"ZZ3170","display":"Hjemmeblodtryksmåling udført af patienten","target":[{"code":"Observation","display":"Observation","equivalence":"relatedto"}]},{"code":"ZZ7011","display":"Klinisk foto","target":[{"code":"Media","display":"Media","equivalence":"relatedto"}]}]},{"source":"http://snomed.info/sct","target":"http://hl7.org/fhir/resource-types","element":[{"code":"445988008","display":"Assessment using health assessment questionnaire (procedure)","target":[{"code":"QuestionnaireResponse","display":"QuestionnaireResponse","equivalence":"relatedto"}]},{"code":"273586006","display":"Master questionnaire","target":[{"code":"QuestionnaireResponse","display":"QuestionnaireResponse","equivalence":"relatedto"}]},{"code":"446080005","display":"Photography of wound","target":[{"code":"Media","display":"Media","equivalence":"relatedto"}]}]},{"source":"http://loinc.org","target":"http://terminology.hl7.org/CodeSystem/v2-0532","element":[{"code":"72287-6","display":"Wound size panel","target":[{"code":"Observation","display":"Observation","equivalence":"relatedto"}]},{"code":"39126-8","display":"Length of Wound","target":[{"code":"Observation","display":"Observation","equivalence":"relatedto"}]},{"code":"39125-0","display":"Width of Wound","target":[{"code":"Observation","display":"Observation","equivalence":"relatedto"}]},{"code":"39127-6","display":"Depth of Wound","target":[{"code":"Observation","display":"Observation","equivalence":"relatedto"}]},{"code":"89260-4","display":"Area of wound","target":[{"code":"Observation","display":"Observation","equivalence":"relatedto"}]},{"code":"94083-3","display":"Wound volume","target":[{"code":"Observation","display":"Observation","equivalence":"relatedto"}]}]}]}