{"resourceType":"NamingSystem","id":"ehealth-identifier","text":{"status":"generated","div":"<div xmlns=\"http://www.w3.org/1999/xhtml\"><p class=\"res-header-id\"><b>Generated Narrative: NamingSystem ehealth-identifier</b></p><a name=\"ehealth-identifier\"> </a><a name=\"hcehealth-identifier\"> </a><a name=\"ehealth-identifier-da-DK\"> </a><h3>Summary</h3><table class=\"grid\"><tr><td>Defining URL</td><td>http://ehealth.sundhed.dk/fhir/NamingSystem/ehealth-identifier</td></tr><tr><td>Version</td><td>3.5.1</td></tr><tr><td>Name</td><td>eHealthIdentifier</td></tr><tr><td>Status</td><td>active</td></tr><tr><td>Definition</td><td><div><p>The eHealth Identifier is assigned to certain domain resources in the eHealth Infrastructure and used when transforming to CDA document representation.</p>\n</div></td></tr><tr><td>Publisher</td><td>Den telemedicinske infrastruktur (eHealth Infrastructure)</td></tr></table><h3>Identifiers</h3><table class=\"grid\"><tr><td><b>Type</b></td><td><b>Value</b></td></tr><tr><td>OID</td><td>1.2.208.176.7.200.1</td></tr><tr><td>URI</td><td>http://ehealth.sundhed.dk/id/ehealth-identifier</td></tr></table></div>"},"extension":[{"url":"http://hl7.org/fhir/5.0/StructureDefinition/extension-NamingSystem.url","valueUri":"http://ehealth.sundhed.dk/fhir/NamingSystem/ehealth-identifier"},{"url":"http://hl7.org/fhir/5.0/StructureDefinition/extension-NamingSystem.version","valueString":"3.5.1"}],"name":"eHealthIdentifier","status":"active","kind":"identifier","date":"2020-01-07T00:00:00+00:00","publisher":"Den telemedicinske infrastruktur (eHealth Infrastructure)","contact":[{"name":"Den telemedicinske infrastruktur (eHealth Infrastructure)","telecom":[{"system":"url","value":"http://ehealth.sundhed.dk"}]}],"responsible":"ehealth.sundhed.dk","description":"The eHealth Identifier is assigned to certain domain resources in the eHealth Infrastructure and used when transforming to CDA document representation.","jurisdiction":[{"coding":[{"system":"urn:iso:std:iso:3166","code":"DK","display":"Denmark"}]}],"uniqueId":[{"type":"oid","value":"1.2.208.176.7.200.1"},{"type":"uri","value":"http://ehealth.sundhed.dk/id/ehealth-identifier"}]}