{"resourceType":"OperationDefinition","id":"-s-apply","text":{"status":"generated","div":"<div xmlns=\"http://www.w3.org/1999/xhtml\"><p class=\"res-header-id\"><b>Generated Narrative: OperationDefinition -s-apply</b></p><a name=\"-s-apply\"> </a><a name=\"hc-s-apply\"> </a><a name=\"-s-apply-da-DK\"> </a><p>URL: [base]/$apply</p><h3>Parameters</h3><table class=\"grid\"><tr><td><b>Use</b></td><td><b>Name</b></td><td><b>Scope</b></td><td><b>Cardinality</b></td><td><b>Type</b></td><td><b>Binding</b></td><td><b>Documentation</b></td></tr><tr><td>IN</td><td>planDefinition</td><td/><td>0..1</td><td><a href=\"http://hl7.org/fhir/R4/references.html#Reference\">Reference</a></td><td/><td/></tr><tr><td>IN</td><td>episodeOfCare</td><td/><td>0..1</td><td><a href=\"http://hl7.org/fhir/R4/references.html#Reference\">Reference</a></td><td/><td/></tr></table></div>"},"url":"https://careplan.devtest.systematic-ehealth.com/fhir/OperationDefinition/-s-apply","version":"3.5.1","name":"apply","title":"Create a careplan","status":"active","kind":"operation","date":"2025-04-29T12:17:19+00:00","publisher":"Den telemedicinske infrastruktur (eHealth Infrastructure)","contact":[{"name":"Den telemedicinske infrastruktur (eHealth Infrastructure)","telecom":[{"system":"url","value":"http://ehealth.sundhed.dk"}]}],"description":"This operation creates a careplan for a specific episodeOfCare using this PlanDefinition as a template.","jurisdiction":[{"coding":[{"system":"urn:iso:std:iso:3166","code":"DK","display":"Denmark"}]}],"affectsState":true,"code":"apply","system":true,"type":false,"instance":false,"parameter":[{"name":"planDefinition","use":"in","min":0,"max":"1","type":"Reference"},{"name":"episodeOfCare","use":"in","min":0,"max":"1","type":"Reference"}]}