{"resourceType":"ValueSet","id":"ehealth-measurement-sharing-approval-policies","text":{"status":"generated","div":"<div xmlns=\"http://www.w3.org/1999/xhtml\"><p class=\"res-header-id\"><b>Generated Narrative: ValueSet ehealth-measurement-sharing-approval-policies</b></p><a name=\"ehealth-measurement-sharing-approval-policies\"> </a><a name=\"hcehealth-measurement-sharing-approval-policies\"> </a><a name=\"ehealth-measurement-sharing-approval-policies-da-DK\"> </a><ul><li>Include all codes defined in <a href=\"CodeSystem-ehealth-measurement-sharing-approval-policies.html\"><code>http://ehealth.sundhed.dk/cs/measurement-sharing-approval-policies</code></a></li></ul></div>"},"url":"http://ehealth.sundhed.dk/vs/measurement-sharing-approval-policies","version":"3.5.1","name":"SharingApprovalPolicies","title":"Sharing Approval Policies","status":"active","experimental":true,"date":"2023-11-24T00:00:00+00:00","publisher":"Den telemedicinske infrastruktur (eHealth Infrastructure)","contact":[{"name":"Den telemedicinske infrastruktur (eHealth Infrastructure)","telecom":[{"system":"url","value":"http://ehealth.sundhed.dk"}]}],"description":"Policies of approval for sharing measurement submissions with national registers such as KIH.","jurisdiction":[{"coding":[{"system":"urn:iso:std:iso:3166","code":"DK","display":"Denmark"}]}],"compose":{"include":[{"system":"http://ehealth.sundhed.dk/cs/measurement-sharing-approval-policies"}]}}