<?xml version="1.0" encoding="UTF-8"?>

<CodeSystem xmlns="http://hl7.org/fhir">
  <id value="data-absent-reason"/>
  <text>
    <status value="generated"/><div xmlns="http://www.w3.org/1999/xhtml"><p class="res-header-id"><b>Generated Narrative: CodeSystem data-absent-reason</b></p><a name="data-absent-reason"> </a><a name="hcdata-absent-reason"> </a><a name="data-absent-reason-da-DK"> </a><p>This code system <code>http://terminology.hl7.org/CodeSystem/data-absent-reason</code> defines displays on the following codes:</p><table class="codes"><tr><td><b>Lvl</b></td><td style="white-space:nowrap"><b>Code</b></td><td><b>Display</b></td><td><b>Definition</b></td><td><b>Comments</b></td><td><b>Dansk (Danish, da)</b></td></tr><tr><td>1</td><td><a style="white-space:nowrap" href="http://terminology.hl7.org/6.0.2/CodeSystem-data-absent-reason.html#data-absent-reason-unknown">unknown</a><a name="data-absent-reason-unknown"> </a></td><td>Unknown</td><td>The value is expected to exist but is not known.</td><td/><td>Ukendt</td></tr><tr><td>2</td><td>  <a style="white-space:nowrap" href="http://terminology.hl7.org/6.0.2/CodeSystem-data-absent-reason.html#data-absent-reason-asked-unknown">asked-unknown</a><a name="data-absent-reason-asked-unknown"> </a></td><td>Asked But Unknown</td><td>The source was asked but does not know the value.</td><td/><td>Svaret ukendt</td></tr><tr><td>2</td><td>  <a style="white-space:nowrap" href="http://terminology.hl7.org/6.0.2/CodeSystem-data-absent-reason.html#data-absent-reason-temp-unknown">temp-unknown</a><a name="data-absent-reason-temp-unknown"> </a></td><td>Temporarily Unknown</td><td>There is reason to expect (from the workflow) that the value may become known.</td><td/><td>Midlertidigt ukendt</td></tr><tr><td>2</td><td>  <a style="white-space:nowrap" href="http://terminology.hl7.org/6.0.2/CodeSystem-data-absent-reason.html#data-absent-reason-not-asked">not-asked</a><a name="data-absent-reason-not-asked"> </a></td><td>Not Asked</td><td>The workflow didn't lead to this value being known.</td><td/><td>Ikke spurgt</td></tr><tr><td>2</td><td>  <a style="white-space:nowrap" href="http://terminology.hl7.org/6.0.2/CodeSystem-data-absent-reason.html#data-absent-reason-asked-declined">asked-declined</a><a name="data-absent-reason-asked-declined"> </a></td><td>Asked But Declined</td><td>The source was asked but declined to answer.</td><td/><td>Spurgt men sprunget over</td></tr><tr><td>1</td><td><a style="white-space:nowrap" href="http://terminology.hl7.org/6.0.2/CodeSystem-data-absent-reason.html#data-absent-reason-masked">masked</a><a name="data-absent-reason-masked"> </a></td><td>Masked</td><td>The information is not available due to security, privacy or related reasons.</td><td>Using &quot;masked&quot; may be breach of security or confidentiality, but there are times when its use is required to support alternate workflows for gaining access to denied information.</td><td>Skjult</td></tr><tr><td>1</td><td><a style="white-space:nowrap" href="http://terminology.hl7.org/6.0.2/CodeSystem-data-absent-reason.html#data-absent-reason-not-applicable">not-applicable</a><a name="data-absent-reason-not-applicable"> </a></td><td>Not Applicable</td><td>There is no proper value for this element (e.g. last menstrual period for a male).</td><td/><td>Ikke brugbar</td></tr><tr><td>1</td><td><a style="white-space:nowrap" href="http://terminology.hl7.org/6.0.2/CodeSystem-data-absent-reason.html#data-absent-reason-unsupported">unsupported</a><a name="data-absent-reason-unsupported"> </a></td><td>Unsupported</td><td>The source system wasn't capable of supporting this element.</td><td/><td>Ikke understøttet</td></tr><tr><td>1</td><td><a style="white-space:nowrap" href="http://terminology.hl7.org/6.0.2/CodeSystem-data-absent-reason.html#data-absent-reason-as-text">as-text</a><a name="data-absent-reason-as-text"> </a></td><td>As Text</td><td>The content of the data is represented in the resource narrative.</td><td>It may be linked by internal references (e.g. xml:id). This usually implies that the value could not be represented in the correct format - this may be due to system limitations, or this particular data value.</td><td>Svaret er givet som text i narrative</td></tr><tr><td>1</td><td><a style="white-space:nowrap" href="http://terminology.hl7.org/6.0.2/CodeSystem-data-absent-reason.html#data-absent-reason-error">error</a><a name="data-absent-reason-error"> </a></td><td>Error</td><td>Some system or workflow process error means that the information is not available.</td><td/><td>Fejl</td></tr><tr><td>2</td><td>  <a style="white-space:nowrap" href="http://terminology.hl7.org/6.0.2/CodeSystem-data-absent-reason.html#data-absent-reason-not-a-number">not-a-number</a><a name="data-absent-reason-not-a-number"> </a></td><td>Not a Number (NaN)</td><td>The numeric value is undefined or unrepresentable due to a floating point processing error.</td><td>This is sometimes an output value from measuring devices.</td><td>Udefinerbar</td></tr><tr><td>2</td><td>  <a style="white-space:nowrap" href="http://terminology.hl7.org/6.0.2/CodeSystem-data-absent-reason.html#data-absent-reason-negative-infinity">negative-infinity</a><a name="data-absent-reason-negative-infinity"> </a></td><td>Negative Infinity (NINF)</td><td>The numeric value is excessively low and unrepresentable due to a floating point processing error.</td><td>This is sometimes an output value from measuring devices.</td><td>Negativ uendelig</td></tr><tr><td>2</td><td>  <a style="white-space:nowrap" href="http://terminology.hl7.org/6.0.2/CodeSystem-data-absent-reason.html#data-absent-reason-positive-infinity">positive-infinity</a><a name="data-absent-reason-positive-infinity"> </a></td><td>Positive Infinity (PINF)</td><td>The numeric value is excessively high and unrepresentable due to a floating point processing error.</td><td>This is sometimes an output value from measuring devices.</td><td>Positiv uendelig</td></tr><tr><td>1</td><td><a style="white-space:nowrap" href="http://terminology.hl7.org/6.0.2/CodeSystem-data-absent-reason.html#data-absent-reason-not-performed">not-performed</a><a name="data-absent-reason-not-performed"> </a></td><td>Not Performed</td><td>The value is not available because the observation procedure (test, etc.) was not performed.</td><td/><td>Sprunget over</td></tr><tr><td>1</td><td><a style="white-space:nowrap" href="http://terminology.hl7.org/6.0.2/CodeSystem-data-absent-reason.html#data-absent-reason-not-permitted">not-permitted</a><a name="data-absent-reason-not-permitted"> </a></td><td>Not Permitted</td><td>The value is not permitted in this context (e.g. due to profiles, or the base data types).</td><td>This is most often associated with required bindings that do not include the actual code used, but may be used with other data types.</td><td>Ikke tilladt</td></tr></table></div>
  </text>
  <url value="http://terminology.hl7.org/CodeSystem/data-absent-reason"/>
  <version value="3.3.0"/>
  <name value="DataAbsentReason"/>
  <title value="DataAbsentReason"/>
  <status value="active"/>
  <experimental value="false"/>
  <date value="2023-04-24T09:40:00+00:00"/>
  <publisher value="Den telemedicinske infrastruktur (eHealth Infrastructure)"/>
  <contact>
    <name value="Den telemedicinske infrastruktur (eHealth Infrastructure)"/>
    <telecom>
      <system value="url"/>
      <value value="http://ehealth.sundhed.dk"/>
    </telecom>
  </contact>
  <description value="Used to specify why the normally expected content of the data element is missing."/>
  <jurisdiction>
    <coding>
      <system value="urn:iso:std:iso:3166"/>
      <code value="DK"/>
      <display value="Denmark"/>
    </coding>
  </jurisdiction>
  <content value="supplement"/>
  <supplements value="http://terminology.hl7.org/CodeSystem/data-absent-reason"/>
  <concept>
    <code value="unknown"/>
    <display value="Unknown"/>
    <definition value="The value is expected to exist but is not known."/>
    <designation>
      <language value="da"/>
      <use>
        <system value="http://snomed.info/sct"/>
        <code value="900000000000013009"/>
      </use>
      <value value="Ukendt"/>
    </designation>
    <concept>
      <code value="asked-unknown"/>
      <display value="Asked But Unknown"/>
      <definition value="The source was asked but does not know the value."/>
      <designation>
        <language value="da"/>
        <use>
          <system value="http://snomed.info/sct"/>
          <code value="900000000000013009"/>
        </use>
        <value value="Svaret ukendt"/>
      </designation>
    </concept>
    <concept>
      <code value="temp-unknown"/>
      <display value="Temporarily Unknown"/>
      <definition value="There is reason to expect (from the workflow) that the value may become known."/>
      <designation>
        <language value="da"/>
        <use>
          <system value="http://snomed.info/sct"/>
          <code value="900000000000013009"/>
        </use>
        <value value="Midlertidigt ukendt"/>
      </designation>
    </concept>
    <concept>
      <code value="not-asked"/>
      <display value="Not Asked"/>
      <definition value="The workflow didn't lead to this value being known."/>
      <designation>
        <language value="da"/>
        <use>
          <system value="http://snomed.info/sct"/>
          <code value="900000000000013009"/>
        </use>
        <value value="Ikke spurgt"/>
      </designation>
    </concept>
    <concept>
      <code value="asked-declined"/>
      <display value="Asked But Declined"/>
      <definition value="The source was asked but declined to answer."/>
      <designation>
        <language value="da"/>
        <use>
          <system value="http://snomed.info/sct"/>
          <code value="900000000000013009"/>
        </use>
        <value value="Spurgt men sprunget over"/>
      </designation>
    </concept>
  </concept>
  <concept>
    <extension url="http://hl7.org/fhir/StructureDefinition/codesystem-concept-comments">
      <valueString value="Using &quot;masked&quot; may be breach of security or confidentiality, but there are times when its use is required to support alternate workflows for gaining access to denied information."/>
    </extension>
    <code value="masked"/>
    <display value="Masked"/>
    <definition value="The information is not available due to security, privacy or related reasons."/>
    <designation>
      <language value="da"/>
      <use>
        <system value="http://snomed.info/sct"/>
        <code value="900000000000013009"/>
      </use>
      <value value="Skjult"/>
    </designation>
  </concept>
  <concept>
    <code value="not-applicable"/>
    <display value="Not Applicable"/>
    <definition value="There is no proper value for this element (e.g. last menstrual period for a male)."/>
    <designation>
      <language value="da"/>
      <use>
        <system value="http://snomed.info/sct"/>
        <code value="900000000000013009"/>
      </use>
      <value value="Ikke brugbar"/>
    </designation>
  </concept>
  <concept>
    <code value="unsupported"/>
    <display value="Unsupported"/>
    <definition value="The source system wasn't capable of supporting this element."/>
    <designation>
      <language value="da"/>
      <use>
        <system value="http://snomed.info/sct"/>
        <code value="900000000000013009"/>
      </use>
      <value value="Ikke understøttet"/>
    </designation>
  </concept>
  <concept>
    <extension url="http://hl7.org/fhir/StructureDefinition/codesystem-concept-comments">
      <valueString value="It may be linked by internal references (e.g. xml:id). This usually implies that the value could not be represented in the correct format - this may be due to system limitations, or this particular data value."/>
    </extension>
    <code value="as-text"/>
    <display value="As Text"/>
    <definition value="The content of the data is represented in the resource narrative."/>
    <designation>
      <language value="da"/>
      <use>
        <system value="http://snomed.info/sct"/>
        <code value="900000000000013009"/>
      </use>
      <value value="Svaret er givet som text i narrative"/>
    </designation>
  </concept>
  <concept>
    <code value="error"/>
    <display value="Error"/>
    <definition value="Some system or workflow process error means that the information is not available."/>
    <designation>
      <language value="da"/>
      <use>
        <system value="http://snomed.info/sct"/>
        <code value="900000000000013009"/>
      </use>
      <value value="Fejl"/>
    </designation>
    <concept>
      <extension url="http://hl7.org/fhir/StructureDefinition/codesystem-concept-comments">
        <valueString value="This is sometimes an output value from measuring devices."/>
      </extension>
      <code value="not-a-number"/>
      <display value="Not a Number (NaN)"/>
      <definition value="The numeric value is undefined or unrepresentable due to a floating point processing error."/>
      <designation>
        <language value="da"/>
        <use>
          <system value="http://snomed.info/sct"/>
          <code value="900000000000013009"/>
        </use>
        <value value="Udefinerbar"/>
      </designation>
    </concept>
    <concept>
      <extension url="http://hl7.org/fhir/StructureDefinition/codesystem-concept-comments">
        <valueString value="This is sometimes an output value from measuring devices."/>
      </extension>
      <code value="negative-infinity"/>
      <display value="Negative Infinity (NINF)"/>
      <definition value="The numeric value is excessively low and unrepresentable due to a floating point processing error."/>
      <designation>
        <language value="da"/>
        <use>
          <system value="http://snomed.info/sct"/>
          <code value="900000000000013009"/>
        </use>
        <value value="Negativ uendelig"/>
      </designation>
    </concept>
    <concept>
      <extension url="http://hl7.org/fhir/StructureDefinition/codesystem-concept-comments">
        <valueString value="This is sometimes an output value from measuring devices."/>
      </extension>
      <code value="positive-infinity"/>
      <display value="Positive Infinity (PINF)"/>
      <definition value="The numeric value is excessively high and unrepresentable due to a floating point processing error."/>
      <designation>
        <language value="da"/>
        <use>
          <system value="http://snomed.info/sct"/>
          <code value="900000000000013009"/>
        </use>
        <value value="Positiv uendelig"/>
      </designation>
    </concept>
  </concept>
  <concept>
    <code value="not-performed"/>
    <display value="Not Performed"/>
    <definition value="The value is not available because the observation procedure (test, etc.) was not performed."/>
    <designation>
      <language value="da"/>
      <use>
        <system value="http://snomed.info/sct"/>
        <code value="900000000000013009"/>
      </use>
      <value value="Sprunget over"/>
    </designation>
  </concept>
  <concept>
    <extension url="http://hl7.org/fhir/StructureDefinition/codesystem-concept-comments">
      <valueString value="This is most often associated with required bindings that do not include the actual code used, but may be used with other data types."/>
    </extension>
    <code value="not-permitted"/>
    <display value="Not Permitted"/>
    <definition value="The value is not permitted in this context (e.g. due to profiles, or the base data types)."/>
    <designation>
      <language value="da"/>
      <use>
        <system value="http://snomed.info/sct"/>
        <code value="900000000000013009"/>
      </use>
      <value value="Ikke tilladt"/>
    </designation>
  </concept>
</CodeSystem>