<?xml version="1.0" encoding="UTF-8"?>

<CodeSystem xmlns="http://hl7.org/fhir">
  <id value="urn-oid-1.2.208.176.7.3.1"/>
  <text>
    <status value="generated"/><div xmlns="http://www.w3.org/1999/xhtml"><p class="res-header-id"><b>Generated Narrative: CodeSystem urn-oid-1.2.208.176.7.3.1</b></p><a name="urn-oid-1.2.208.176.7.3.1"> </a><a name="hcurn-oid-1.2.208.176.7.3.1"> </a><a name="urn-oid-1.2.208.176.7.3.1-da-DK"> </a><p>This case-sensitive code system <code>urn:oid:1.2.208.176.7.3.1</code> defines the following codes:</p><table class="codes"><tr><td style="white-space:nowrap"><b>Code</b></td><td><b>Display</b></td><td><b>Definition</b></td></tr><tr><td style="white-space:nowrap">3d3d6f46-ea42-4d64-a2bb-52646dcd6513<a name="urn-oid-1.2.208.176.7.3.1-3d3d6f46-ea42-4d64-a2bb-52646dcd6513"> </a></td><td>Psoriasis v.3</td><td>Psoriasis;  Version: 3; Dato: 2021-12-03</td></tr><tr><td style="white-space:nowrap">1de279ff-99fd-4544-9e41-300f56bc08e4<a name="urn-oid-1.2.208.176.7.3.1-1de279ff-99fd-4544-9e41-300f56bc08e4"> </a></td><td>Diabetes v.10</td><td>Spørgeskema i forb. med diabetes; Version: 10; Dato: 2021-12-07</td></tr><tr><td style="white-space:nowrap">898cba44-c668-41e8-ac25-c2b880ac7090<a name="urn-oid-1.2.208.176.7.3.1-898cba44-c668-41e8-ac25-c2b880ac7090"> </a></td><td>Hjerterehabilitering uddrag start v.3</td><td>Kort spørgeskema i forbindelse med hjerterehabilitering, start; Version: 3; Dato: 20220610</td></tr><tr><td style="white-space:nowrap">c820effc-91d3-45cd-b2df-53ae95284349<a name="urn-oid-1.2.208.176.7.3.1-c820effc-91d3-45cd-b2df-53ae95284349"> </a></td><td>Hjerterehabilitering uddrag slut v.3</td><td>Kort spørgeskema i forbindelse med hjerterehabilitering, slut; Version: 3; Dato: 2022-06-10</td></tr></table></div>
  </text>
  <url value="urn:oid:1.2.208.176.7.3.1"/>
  <identifier>
    <system value="urn:ietf:rfc:3986"/>
    <value value="urn:oid:1.2.208.176.7.3.1"/>
  </identifier>
  <version value="3.3.0"/>
  <name value="Questionnaires_used_in_the_Danish_Patient_Reported_Outcome_PRO"/>
  <title value="Questionnaires used in the Danish Patient Reported Outcome (PRO)"/>
  <status value="active"/>
  <experimental value="false"/>
  <date value="2023-10-23T12:30:00+00:00"/>
  <publisher value="Den telemedicinske infrastruktur (eHealth Infrastructure)"/>
  <contact>
    <name value="Den telemedicinske infrastruktur (eHealth Infrastructure)"/>
    <telecom>
      <system value="url"/>
      <value value="http://ehealth.sundhed.dk"/>
    </telecom>
  </contact>
  <description value="Code system for questionnaires used in the Danish Patient Reported"/>
  <jurisdiction>
    <coding>
      <system value="urn:iso:std:iso:3166"/>
      <code value="DK"/>
      <display value="Denmark"/>
    </coding>
  </jurisdiction>
  <caseSensitive value="true"/>
  <content value="complete"/>
  <concept>
    <code value="3d3d6f46-ea42-4d64-a2bb-52646dcd6513"/>
    <display value="Psoriasis v.3"/>
    <definition value="Psoriasis;  Version: 3; Dato: 2021-12-03"/>
  </concept>
  <concept>
    <code value="1de279ff-99fd-4544-9e41-300f56bc08e4"/>
    <display value="Diabetes v.10"/>
    <definition value="Spørgeskema i forb. med diabetes; Version: 10; Dato: 2021-12-07"/>
  </concept>
  <concept>
    <code value="898cba44-c668-41e8-ac25-c2b880ac7090"/>
    <display value="Hjerterehabilitering uddrag start v.3"/>
    <definition value="Kort spørgeskema i forbindelse med hjerterehabilitering, start; Version: 3; Dato: 20220610"/>
  </concept>
  <concept>
    <code value="c820effc-91d3-45cd-b2df-53ae95284349"/>
    <display value="Hjerterehabilitering uddrag slut v.3"/>
    <definition value="Kort spørgeskema i forbindelse med hjerterehabilitering, slut; Version: 3; Dato: 2022-06-10"/>
  </concept>
</CodeSystem>