<?xml version="1.0" encoding="UTF-8"?>

<CodeSystem xmlns="http://hl7.org/fhir">
  <id value="ehealth-ucum-printsymbol-supplement"/>
  <text>
    <status value="generated"/><div xmlns="http://www.w3.org/1999/xhtml"><p class="res-header-id"><b>Generated Narrative: CodeSystem ehealth-ucum-printsymbol-supplement</b></p><a name="ehealth-ucum-printsymbol-supplement"> </a><a name="hcehealth-ucum-printsymbol-supplement"> </a><a name="ehealth-ucum-printsymbol-supplement-da-DK"> </a><p>This case-sensitive code system <code>http://ehealth.sundhed.dk/cs/ehealth-ucum-printsymbol-supplement</code> defines the following codes:</p><table class="codes"><tr><td style="white-space:nowrap"><b>Code</b></td><td><b>Display</b></td><td><b>Dansk (Danish, da)</b></td></tr><tr><td style="white-space:nowrap">%<a name="ehealth-ucum-printsymbol-supplement-.37"> </a></td><td>percent</td><td>%</td></tr><tr><td style="white-space:nowrap">/min<a name="ehealth-ucum-printsymbol-supplement-.47min"> </a></td><td>per minute</td><td>/min</td></tr><tr><td style="white-space:nowrap">kg<a name="ehealth-ucum-printsymbol-supplement-kg"> </a></td><td>kilogram</td><td>kg</td></tr><tr><td style="white-space:nowrap">kg/m2<a name="ehealth-ucum-printsymbol-supplement-kg.47m2"> </a></td><td>kilogram / (meter ^ 2)</td><td>kg/m2</td></tr><tr><td style="white-space:nowrap">m<a name="ehealth-ucum-printsymbol-supplement-m"> </a></td><td>meter</td><td>m</td></tr><tr><td style="white-space:nowrap">L<a name="ehealth-ucum-printsymbol-supplement-L"> </a></td><td>liter</td><td>l</td></tr><tr><td style="white-space:nowrap">{ratio}<a name="ehealth-ucum-printsymbol-supplement-.123ratio.125"> </a></td><td>ratio</td><td/></tr><tr><td style="white-space:nowrap">mm[Hg]<a name="ehealth-ucum-printsymbol-supplement-mm.91Hg.93"> </a></td><td>millimeter of mercury</td><td>mmHg</td></tr><tr><td style="white-space:nowrap">{Number}<a name="ehealth-ucum-printsymbol-supplement-.123Number.125"> </a></td><td>Number</td><td/></tr><tr><td style="white-space:nowrap">1/30sec<a name="ehealth-ucum-printsymbol-supplement-1.4730sec"> </a></td><td>one per 30 seconds</td><td>1/ 30sek</td></tr><tr><td style="white-space:nowrap">1/min<a name="ehealth-ucum-printsymbol-supplement-1.47min"> </a></td><td>one per minute</td><td>1/min</td></tr><tr><td style="white-space:nowrap">Cel<a name="ehealth-ucum-printsymbol-supplement-Cel"> </a></td><td>degree Celcius</td><td>°C</td></tr><tr><td style="white-space:nowrap">mg/L<a name="ehealth-ucum-printsymbol-supplement-mg.47L"> </a></td><td>milligram per liter</td><td>mg/L</td></tr><tr><td style="white-space:nowrap">percentpoint<a name="ehealth-ucum-printsymbol-supplement-percentpoint"> </a></td><td>percent point</td><td>procentpoint</td></tr><tr><td style="white-space:nowrap">/d<a name="ehealth-ucum-printsymbol-supplement-.47d"> </a></td><td>per day</td><td>/dag</td></tr><tr><td style="white-space:nowrap">/wk<a name="ehealth-ucum-printsymbol-supplement-.47wk"> </a></td><td>per week</td><td>/uge</td></tr></table></div>
  </text>
  <url value="http://ehealth.sundhed.dk/cs/ehealth-ucum-printsymbol-supplement"/>
  <version value="3.3.0"/>
  <name value="UCUMPrintSymbolSupplement"/>
  <title value="UCUM printSymbol supplement"/>
  <status value="active"/>
  <experimental value="false"/>
  <date value="2019-01-29T00:00:00+00:00"/>
  <publisher value="Den telemedicinske infrastruktur (eHealth Infrastructure)"/>
  <contact>
    <name value="Den telemedicinske infrastruktur (eHealth Infrastructure)"/>
    <telecom>
      <system value="url"/>
      <value value="http://ehealth.sundhed.dk"/>
    </telecom>
  </contact>
  <description value="UCUM printSymbol supplement"/>
  <jurisdiction>
    <coding>
      <system value="urn:iso:std:iso:3166"/>
      <code value="DK"/>
      <display value="Denmark"/>
    </coding>
  </jurisdiction>
  <caseSensitive value="true"/>
  <content value="complete"/>
  <concept>
    <code value="%"/>
    <display value="percent"/>
    <designation>
      <language value="da"/>
      <value value="%"/>
    </designation>
  </concept>
  <concept>
    <code value="/min"/>
    <display value="per minute"/>
    <designation>
      <language value="da"/>
      <value value="/min"/>
    </designation>
  </concept>
  <concept>
    <code value="kg"/>
    <display value="kilogram"/>
    <designation>
      <language value="da"/>
      <value value="kg"/>
    </designation>
  </concept>
  <concept>
    <code value="kg/m2"/>
    <display value="kilogram / (meter ^ 2)"/>
    <designation>
      <language value="da"/>
      <value value="kg/m2"/>
    </designation>
  </concept>
  <concept>
    <code value="m"/>
    <display value="meter"/>
    <designation>
      <language value="da"/>
      <value value="m"/>
    </designation>
  </concept>
  <concept>
    <code value="L"/>
    <display value="liter"/>
    <designation>
      <language value="da"/>
      <value value="l"/>
    </designation>
  </concept>
  <concept>
    <code value="{ratio}"/>
    <display value="ratio"/>
  </concept>
  <concept>
    <code value="mm[Hg]"/>
    <display value="millimeter of mercury"/>
    <designation>
      <language value="da"/>
      <value value="mmHg"/>
    </designation>
  </concept>
  <concept>
    <code value="{Number}"/>
    <display value="Number"/>
  </concept>
  <concept>
    <code value="1/30sec"/>
    <display value="one per 30 seconds"/>
    <designation>
      <language value="da"/>
      <value value="1/ 30sek"/>
    </designation>
  </concept>
  <concept>
    <code value="1/min"/>
    <display value="one per minute"/>
    <designation>
      <language value="da"/>
      <value value="1/min"/>
    </designation>
  </concept>
  <concept>
    <code value="Cel"/>
    <display value="degree Celcius"/>
    <designation>
      <language value="da"/>
      <value value="°C"/>
    </designation>
  </concept>
  <concept>
    <code value="mg/L"/>
    <display value="milligram per liter"/>
    <designation>
      <language value="da"/>
      <value value="mg/L"/>
    </designation>
  </concept>
  <concept>
    <code value="percentpoint"/>
    <display value="percent point"/>
    <designation>
      <language value="da"/>
      <value value="procentpoint"/>
    </designation>
  </concept>
  <concept>
    <code value="/d"/>
    <display value="per day"/>
    <designation>
      <language value="da"/>
      <value value="/dag"/>
    </designation>
  </concept>
  <concept>
    <code value="/wk"/>
    <display value="per week"/>
    <designation>
      <language value="da"/>
      <value value="/uge"/>
    </designation>
  </concept>
</CodeSystem>