<?xml version="1.0" encoding="UTF-8"?>

<CodeSystem xmlns="http://hl7.org/fhir">
  <id value="ehealth-usage-context-type"/>
  <text>
    <status value="generated"/><div xmlns="http://www.w3.org/1999/xhtml"><p class="res-header-id"><b>Generated Narrative: CodeSystem ehealth-usage-context-type</b></p><a name="ehealth-usage-context-type"> </a><a name="hcehealth-usage-context-type"> </a><a name="ehealth-usage-context-type-da-DK"> </a><p>This case-sensitive code system <code>http://ehealth.sundhed.dk/cs/ehealth-usage-context-type</code> defines the following codes:</p><table class="codes"><tr><td style="white-space:nowrap"><b>Code</b></td><td><b>Display</b></td><td><b>Definition</b></td><td><b>Dansk (Danish, da)</b></td></tr><tr><td style="white-space:nowrap">activity<a name="ehealth-usage-context-type-activity"> </a></td><td>activity type</td><td>The type of activity in which it is relevant to use a module/element having this use context (see http://hl7.org/fhir/metadatatypes.html#UsageContext). For this context type, the value should be a code taken from the http://ehealth.sundhed.dk/vs/activitydefinition-code value set</td><td>Type af aktivitet i hvilken det er relevant at benytte det modul/element/ressource, der har nærværende brugskontekst (UsageContext).</td></tr><tr><td style="white-space:nowrap">supports<a name="ehealth-usage-context-type-supports"> </a></td><td>supports</td><td>The type of activity supported by a module/element having this use context (see http://hl7.org/fhir/metadatatypes.html#UsageContext). For this context type, the value should be a code taken from the http://ehealth.sundhed.dk/vs/activitydefinition-code value set</td><td>Type af aktivitet understøttet af det modul/element/ressource, der har nærværende brugskontekst (UsageContext).</td></tr><tr><td style="white-space:nowrap">range<a name="ehealth-usage-context-type-range"> </a></td><td>range</td><td>The type of reference range with which it is relevant to use a module/element having this use context (see http://hl7.org/fhir/metadatatypes.html#UsageContext). For this context type, the value should be a code taken from the http://ehealth.sundhed.dk/vs/reference-range-type value set</td><td>Type af grænseværdi med hvilken det er relevant at benytte det modul/element/ressource, der har nærværende brugskontekst (UsageContext).</td></tr><tr><td style="white-space:nowrap">questionnaire-related<a name="ehealth-usage-context-type-questionnaire-related"> </a></td><td>questionnaire related</td><td>The type of questionnaire element with which it is relevant to use a coded values/id registries having this use context (see http://hl7.org/fhir/metadatatypes.html#UsageContext). For this context type, the value should be a code taken from the http://ehealth.sundhed.dk/vs/questionnaire-elements value set</td><td>Type af spørgeskemaelement med hvilken det er relevant at benytte kodede værdier/id register, der har nærværende brugskontekst (UsageContext).</td></tr></table></div>
  </text>
  <url value="http://ehealth.sundhed.dk/cs/ehealth-usage-context-type"/>
  <version value="3.3.0"/>
  <name value="eHealthUsageContextType"/>
  <title value="eHealth Usage Contxt Type"/>
  <status value="active"/>
  <experimental value="false"/>
  <date value="2020-11-20T00:00:00+00:00"/>
  <publisher value="Den telemedicinske infrastruktur (eHealth Infrastructure)"/>
  <contact>
    <name value="Den telemedicinske infrastruktur (eHealth Infrastructure)"/>
    <telecom>
      <system value="url"/>
      <value value="http://ehealth.sundhed.dk"/>
    </telecom>
  </contact>
  <description value="Usage Context type"/>
  <jurisdiction>
    <coding>
      <system value="urn:iso:std:iso:3166"/>
      <code value="DK"/>
      <display value="Denmark"/>
    </coding>
  </jurisdiction>
  <caseSensitive value="true"/>
  <content value="complete"/>
  <concept>
    <code value="activity"/>
    <display value="activity type"/>
    <definition value="The type of activity in which it is relevant to use a module/element having this use context (see http://hl7.org/fhir/metadatatypes.html#UsageContext). For this context type, the value should be a code taken from the http://ehealth.sundhed.dk/vs/activitydefinition-code value set"/>
    <designation>
      <language value="da"/>
      <value value="Type af aktivitet i hvilken det er relevant at benytte det modul/element/ressource, der har nærværende brugskontekst (UsageContext)."/>
    </designation>
  </concept>
  <concept>
    <code value="supports"/>
    <display value="supports"/>
    <definition value="The type of activity supported by a module/element having this use context (see http://hl7.org/fhir/metadatatypes.html#UsageContext). For this context type, the value should be a code taken from the http://ehealth.sundhed.dk/vs/activitydefinition-code value set"/>
    <designation>
      <language value="da"/>
      <value value="Type af aktivitet understøttet af det modul/element/ressource, der har nærværende brugskontekst (UsageContext)."/>
    </designation>
  </concept>
  <concept>
    <code value="range"/>
    <display value="range"/>
    <definition value="The type of reference range with which it is relevant to use a module/element having this use context (see http://hl7.org/fhir/metadatatypes.html#UsageContext). For this context type, the value should be a code taken from the http://ehealth.sundhed.dk/vs/reference-range-type value set"/>
    <designation>
      <language value="da"/>
      <value value="Type af grænseværdi med hvilken det er relevant at benytte det modul/element/ressource, der har nærværende brugskontekst (UsageContext)."/>
    </designation>
  </concept>
  <concept>
    <code value="questionnaire-related"/>
    <display value="questionnaire related"/>
    <definition value="The type of questionnaire element with which it is relevant to use a coded values/id registries having this use context (see http://hl7.org/fhir/metadatatypes.html#UsageContext). For this context type, the value should be a code taken from the http://ehealth.sundhed.dk/vs/questionnaire-elements value set"/>
    <designation>
      <language value="da"/>
      <value value="Type af spørgeskemaelement med hvilken det er relevant at benytte kodede værdier/id register, der har nærværende brugskontekst (UsageContext)."/>
    </designation>
  </concept>
</CodeSystem>