<?xml version="1.0" encoding="UTF-8"?>

<ConceptMap xmlns="http://hl7.org/fhir">
  <id value="activitydefinition-code-to-perform-sharing"/>
  <text>
    <status value="generated"/><div xmlns="http://www.w3.org/1999/xhtml"><p class="res-header-id"><b>Generated Narrative: ConceptMap activitydefinition-code-to-perform-sharing</b></p><a name="activitydefinition-code-to-perform-sharing"> </a><a name="hcactivitydefinition-code-to-perform-sharing"> </a><a name="activitydefinition-code-to-perform-sharing-da-DK"> </a><p>Mapping from <a href="ValueSet-ehealth-activitydefinition-code.html">Activity Definition Code</a> to <a href="http://terminology.hl7.org/6.0.2/ValueSet-v2-0532.html">hl7VS-expandedYes-NoIndicator</a></p><br/><p><b>Group 1 </b>Mapping from <a href="CodeSystem-ehealth-activitydefinition-code.html">Activity Definition Codes</a> to <a href="http://terminology.hl7.org/6.0.2/CodeSystem-v2-0532.html">expandedYes-NoIndicator</a></p><table class="grid"><tr><td><b>Source Code</b></td><td><b>Relationship</b></td><td><b>Target Code</b></td></tr><tr><td>TBD (Example value - Under construction)</td><td><a href="http://hl7.org/fhir/extensions/5.1.0/CodeSystem-concept-map-equivalence.html#relatedto" title="relatedto">is related to</a></td><td>N (No)</td></tr><tr><td>229057006 (Møder)</td><td><a href="http://hl7.org/fhir/extensions/5.1.0/CodeSystem-concept-map-equivalence.html#relatedto" title="relatedto">is related to</a></td><td>N (No)</td></tr><tr><td>229058001 (Sagskonferencer)</td><td><a href="http://hl7.org/fhir/extensions/5.1.0/CodeSystem-concept-map-equivalence.html#relatedto" title="relatedto">is related to</a></td><td>N (No)</td></tr><tr><td>409073007 (Instruktion)</td><td><a href="http://hl7.org/fhir/extensions/5.1.0/CodeSystem-concept-map-equivalence.html#relatedto" title="relatedto">is related to</a></td><td>N (No)</td></tr><tr><td>273586006 (Master Questionnaire)</td><td><a href="http://hl7.org/fhir/extensions/5.1.0/CodeSystem-concept-map-equivalence.html#relatedto" title="relatedto">is related to</a></td><td>Y (Yes)</td></tr><tr><td>HA (Head activity)</td><td><a href="http://hl7.org/fhir/extensions/5.1.0/CodeSystem-concept-map-equivalence.html#relatedto" title="relatedto">is related to</a></td><td>N (No)</td></tr><tr><td>SQ (Situation quality assessment)</td><td><a href="http://hl7.org/fhir/extensions/5.1.0/CodeSystem-concept-map-equivalence.html#relatedto" title="relatedto">is related to</a></td><td>Y (Yes)</td></tr><tr><td>QR (Usage quality assessment)</td><td><a href="http://hl7.org/fhir/extensions/5.1.0/CodeSystem-concept-map-equivalence.html#relatedto" title="relatedto">is related to</a></td><td>Y (Yes)</td></tr><tr><td>SDG (Same device group)</td><td><a href="http://hl7.org/fhir/extensions/5.1.0/CodeSystem-concept-map-equivalence.html#relatedto" title="relatedto">is related to</a></td><td>N (No)</td></tr></table><hr/><p><b>Group 2 </b>Mapping from <a href="CodeSystem-1.2.208.176.2.1--20190829.html">NPU DK</a> to <a href="http://terminology.hl7.org/6.0.2/CodeSystem-v2-0532.html">expandedYes-NoIndicator</a></p><table class="grid"><tr><td><b>Source Code</b></td><td><b>Relationship</b></td><td><b>Target Code</b></td></tr><tr><td>NPU03011 (O2 sat.;Hb(aB))</td><td><a href="http://hl7.org/fhir/extensions/5.1.0/CodeSystem-concept-map-equivalence.html#relatedto" title="relatedto">is related to</a></td><td>Y (Yes)</td></tr><tr><td>NPU21692 (Puls;Hjerte)</td><td><a href="http://hl7.org/fhir/extensions/5.1.0/CodeSystem-concept-map-equivalence.html#relatedto" title="relatedto">is related to</a></td><td>Y (Yes)</td></tr><tr><td>NPU03804 (Legeme vægt; Pt)</td><td><a href="http://hl7.org/fhir/extensions/5.1.0/CodeSystem-concept-map-equivalence.html#relatedto" title="relatedto">is related to</a></td><td>Y (Yes)</td></tr><tr><td>NPU27281 (Pt—Legeme; massekoefficient(masse/kvadreret højde) = ? kg/m²)</td><td><a href="http://hl7.org/fhir/extensions/5.1.0/CodeSystem-concept-map-equivalence.html#relatedto" title="relatedto">is related to</a></td><td>Y (Yes)</td></tr><tr><td>NPU03794 (Pt—Legeme; højde = ? m)</td><td><a href="http://hl7.org/fhir/extensions/5.1.0/CodeSystem-concept-map-equivalence.html#relatedto" title="relatedto">is related to</a></td><td>Y (Yes)</td></tr><tr><td>NPU08676 (Pt—Legeme; temp. = ? °C)</td><td><a href="http://hl7.org/fhir/extensions/5.1.0/CodeSystem-concept-map-equivalence.html#relatedto" title="relatedto">is related to</a></td><td>Y (Yes)</td></tr><tr><td>NPU19748 (C-reaktivt protein [CRP];P)</td><td><a href="http://hl7.org/fhir/extensions/5.1.0/CodeSystem-concept-map-equivalence.html#relatedto" title="relatedto">is related to</a></td><td>Y (Yes)</td></tr></table><hr/><p><b>Group 3 </b>Mapping from <a href="CodeSystem-urn-oid-1.2.208.184.100.8.html">DAK-E Codes</a> to <a href="http://terminology.hl7.org/6.0.2/CodeSystem-v2-0532.html">expandedYes-NoIndicator</a></p><table class="grid"><tr><td><b>Source Code</b></td><td><b>Relationship</b></td><td><b>Target Code</b></td></tr><tr><td>MCS88015 (FEV1;Lunge)</td><td><a href="http://hl7.org/fhir/extensions/5.1.0/CodeSystem-concept-map-equivalence.html#relatedto" title="relatedto">is related to</a></td><td>Y (Yes)</td></tr><tr><td>MCS88016 (FVC;Lunge)</td><td><a href="http://hl7.org/fhir/extensions/5.1.0/CodeSystem-concept-map-equivalence.html#relatedto" title="relatedto">is related to</a></td><td>Y (Yes)</td></tr><tr><td>MCS88017 (FEV1/FVC;Lunge)</td><td><a href="http://hl7.org/fhir/extensions/5.1.0/CodeSystem-concept-map-equivalence.html#relatedto" title="relatedto">is related to</a></td><td>Y (Yes)</td></tr><tr><td>MCS88019 (Blodtryk hjemme systolisk;Arm)</td><td><a href="http://hl7.org/fhir/extensions/5.1.0/CodeSystem-concept-map-equivalence.html#relatedto" title="relatedto">is related to</a></td><td>Y (Yes)</td></tr><tr><td>MCS88020 (Blodtryk hjemme diastolisk;Arm)</td><td><a href="http://hl7.org/fhir/extensions/5.1.0/CodeSystem-concept-map-equivalence.html#relatedto" title="relatedto">is related to</a></td><td>Y (Yes)</td></tr><tr><td>MCS88021 (MRC skala;Pt(KOL))</td><td><a href="http://hl7.org/fhir/extensions/5.1.0/CodeSystem-concept-map-equivalence.html#relatedto" title="relatedto">is related to</a></td><td>Y (Yes)</td></tr><tr><td>MCS88023 (FEV1 af forventet værdi;Pt(KOL))</td><td><a href="http://hl7.org/fhir/extensions/5.1.0/CodeSystem-concept-map-equivalence.html#relatedto" title="relatedto">is related to</a></td><td>Y (Yes)</td></tr><tr><td>MCS88050 (Rejse sætte sig testen;Pt)</td><td><a href="http://hl7.org/fhir/extensions/5.1.0/CodeSystem-concept-map-equivalence.html#relatedto" title="relatedto">is related to</a></td><td>Y (Yes)</td></tr><tr><td>MCS88137 (CAT score;Pt)</td><td><a href="http://hl7.org/fhir/extensions/5.1.0/CodeSystem-concept-map-equivalence.html#relatedto" title="relatedto">is related to</a></td><td>Y (Yes)</td></tr><tr><td>MCS88192 (Skridt per dag;Pt)</td><td><a href="http://hl7.org/fhir/extensions/5.1.0/CodeSystem-concept-map-equivalence.html#relatedto" title="relatedto">is related to</a></td><td>Y (Yes)</td></tr><tr><td>MCS88193 (Skridt per uge;Pt)</td><td><a href="http://hl7.org/fhir/extensions/5.1.0/CodeSystem-concept-map-equivalence.html#relatedto" title="relatedto">is related to</a></td><td>Y (Yes)</td></tr><tr><td>MCS88194 (Skridt;Pt)</td><td><a href="http://hl7.org/fhir/extensions/5.1.0/CodeSystem-concept-map-equivalence.html#relatedto" title="relatedto">is related to</a></td><td>Y (Yes)</td></tr></table><hr/><p><b>Group 4 </b>Mapping from <a href="CodeSystem-urn-oid-1.2.208.176.2.4.html">Sundhedsvæsenets klassifikationssystem (SKS)</a> to <a href="http://terminology.hl7.org/6.0.2/CodeSystem-v2-0532.html">expandedYes-NoIndicator</a></p><table class="grid"><tr><td><b>Source Code</b></td><td><b>Relationship</b></td><td><b>Target Code</b></td></tr><tr><td>ZZ3170 (Hjemmeblodtryksmåling udført af patienten)</td><td><a href="http://hl7.org/fhir/extensions/5.1.0/CodeSystem-concept-map-equivalence.html#relatedto" title="relatedto">is related to</a></td><td>Y (Yes)</td></tr><tr><td>ALCA00 (fysisk fremmøde)</td><td><a href="http://hl7.org/fhir/extensions/5.1.0/CodeSystem-concept-map-equivalence.html#relatedto" title="relatedto">is related to</a></td><td>N (No)</td></tr><tr><td>ALCA03 (virtuel kontakt)</td><td><a href="http://hl7.org/fhir/extensions/5.1.0/CodeSystem-concept-map-equivalence.html#relatedto" title="relatedto">is related to</a></td><td>N (No)</td></tr></table><hr/><p><b>Group 5 </b>Mapping from <a href="http://hl7.org/fhir/R4/codesystem-snomedct.html">SNOMED CT (all versions)</a> to <code>unspecified code system</code></p><table class="grid"><tr><td><b>Source Code</b></td><td><b>Relationship</b></td><td><b>Target Code</b></td></tr><tr><td>445988008 (Assessment using health assessment questionnaire (procedure))</td><td><a href="http://hl7.org/fhir/extensions/5.1.0/CodeSystem-concept-map-equivalence.html#relatedto" title="relatedto">is related to</a></td><td>Y (Yes)</td></tr><tr><td>229057006 (Meetings (procedure))</td><td><a href="http://hl7.org/fhir/extensions/5.1.0/CodeSystem-concept-map-equivalence.html#relatedto" title="relatedto">is related to</a></td><td>N (No)</td></tr><tr><td>273586006 (Master Questionnaire)</td><td><a href="http://hl7.org/fhir/extensions/5.1.0/CodeSystem-concept-map-equivalence.html#relatedto" title="relatedto">is related to</a></td><td>Y (Yes)</td></tr><tr><td>409073007 (Instruction)</td><td><a href="http://hl7.org/fhir/extensions/5.1.0/CodeSystem-concept-map-equivalence.html#relatedto" title="relatedto">is related to</a></td><td>N (No)</td></tr></table></div>
  </text>
  <url value="http://ehealth.sundhed.dk/ConceptMap/activitydefinition-code-to-perform-sharing"/>
  <version value="3.3.0"/>
  <name value="activitydefinition-code-to-perform-sharing"/>
  <title value="Activitydefinition-code-to-perform-sharing"/>
  <status value="active"/>
  <experimental value="false"/>
  <date value="2023-12-14T00:00:00+00:00"/>
  <publisher value="Den telemedicinske infrastruktur (eHealth Infrastructure)"/>
  <contact>
    <name value="Den telemedicinske infrastruktur (eHealth Infrastructure)"/>
    <telecom>
      <system value="url"/>
      <value value="http://ehealth.sundhed.dk"/>
    </telecom>
  </contact>
  <description value="The map controls whether an activity shall have sharingApprovalPolicy or not"/>
  <jurisdiction>
    <coding>
      <system value="urn:iso:std:iso:3166"/>
      <code value="DK"/>
      <display value="Denmark"/>
    </coding>
  </jurisdiction>
  <sourceUri value="http://ehealth.sundhed.dk/vs/activitydefinition-code"/>
  <targetUri value="http://terminology.hl7.org/ValueSet/v2-0532"/>
  <group>
    <source value="http://ehealth.sundhed.dk/cs/activitydefinition-code"/>
    <target value="http://terminology.hl7.org/CodeSystem/v2-0532"/>
    <element>
      <code value="TBD"/>
      <display value="Example value - Under construction"/>
      <target>
        <code value="N"/>
        <display value="No"/>
        <equivalence value="relatedto"/>
      </target>
    </element>
    <element>
      <code value="229057006"/>
      <display value="Møder"/>
      <target>
        <code value="N"/>
        <display value="No"/>
        <equivalence value="relatedto"/>
      </target>
    </element>
    <element>
      <code value="229058001"/>
      <display value="Sagskonferencer"/>
      <target>
        <code value="N"/>
        <display value="No"/>
        <equivalence value="relatedto"/>
      </target>
    </element>
    <element>
      <code value="409073007"/>
      <display value="Instruktion"/>
      <target>
        <code value="N"/>
        <display value="No"/>
        <equivalence value="relatedto"/>
      </target>
    </element>
    <element>
      <code value="273586006"/>
      <display value="Master Questionnaire"/>
      <target>
        <code value="Y"/>
        <display value="Yes"/>
        <equivalence value="relatedto"/>
      </target>
    </element>
    <element>
      <code value="HA"/>
      <display value="Head activity"/>
      <target>
        <code value="N"/>
        <display value="No"/>
        <equivalence value="relatedto"/>
      </target>
    </element>
    <element>
      <code value="SQ"/>
      <display value="Situation quality assessment"/>
      <target>
        <code value="Y"/>
        <display value="Yes"/>
        <equivalence value="relatedto"/>
      </target>
    </element>
    <element>
      <code value="QR"/>
      <display value="Usage quality assessment"/>
      <target>
        <code value="Y"/>
        <display value="Yes"/>
        <equivalence value="relatedto"/>
      </target>
    </element>
    <element>
      <code value="SDG"/>
      <display value="Same device group"/>
      <target>
        <code value="N"/>
        <display value="No"/>
        <equivalence value="relatedto"/>
      </target>
    </element>
  </group>
  <group>
    <source value="urn:oid:1.2.208.176.2.1"/>
    <target value="http://terminology.hl7.org/CodeSystem/v2-0532"/>
    <element>
      <code value="NPU03011"/>
      <display value="O2 sat.;Hb(aB)"/>
      <target>
        <code value="Y"/>
        <display value="Yes"/>
        <equivalence value="relatedto"/>
      </target>
    </element>
    <element>
      <code value="NPU21692"/>
      <display value="Puls;Hjerte"/>
      <target>
        <code value="Y"/>
        <display value="Yes"/>
        <equivalence value="relatedto"/>
      </target>
    </element>
    <element>
      <code value="NPU03804"/>
      <display value="Legeme vægt; Pt"/>
      <target>
        <code value="Y"/>
        <display value="Yes"/>
        <equivalence value="relatedto"/>
      </target>
    </element>
    <element>
      <code value="NPU27281"/>
      <display value="Pt—Legeme; massekoefficient(masse/kvadreret højde) = ? kg/m²"/>
      <target>
        <code value="Y"/>
        <display value="Yes"/>
        <equivalence value="relatedto"/>
      </target>
    </element>
    <element>
      <code value="NPU03794"/>
      <display value="Pt—Legeme; højde = ? m"/>
      <target>
        <code value="Y"/>
        <display value="Yes"/>
        <equivalence value="relatedto"/>
      </target>
    </element>
    <element>
      <code value="NPU08676"/>
      <display value="Pt—Legeme; temp. = ? °C"/>
      <target>
        <code value="Y"/>
        <display value="Yes"/>
        <equivalence value="relatedto"/>
      </target>
    </element>
    <element>
      <code value="NPU19748"/>
      <display value="C-reaktivt protein [CRP];P"/>
      <target>
        <code value="Y"/>
        <display value="Yes"/>
        <equivalence value="relatedto"/>
      </target>
    </element>
  </group>
  <group>
    <source value="urn:oid:1.2.208.184.100.8"/>
    <target value="http://terminology.hl7.org/CodeSystem/v2-0532"/>
    <element>
      <code value="MCS88015"/>
      <display value="FEV1;Lunge"/>
      <target>
        <code value="Y"/>
        <display value="Yes"/>
        <equivalence value="relatedto"/>
      </target>
    </element>
    <element>
      <code value="MCS88016"/>
      <display value="FVC;Lunge"/>
      <target>
        <code value="Y"/>
        <display value="Yes"/>
        <equivalence value="relatedto"/>
      </target>
    </element>
    <element>
      <code value="MCS88017"/>
      <display value="FEV1/FVC;Lunge"/>
      <target>
        <code value="Y"/>
        <display value="Yes"/>
        <equivalence value="relatedto"/>
      </target>
    </element>
    <element>
      <code value="MCS88019"/>
      <display value="Blodtryk hjemme systolisk;Arm"/>
      <target>
        <code value="Y"/>
        <display value="Yes"/>
        <equivalence value="relatedto"/>
      </target>
    </element>
    <element>
      <code value="MCS88020"/>
      <display value="Blodtryk hjemme diastolisk;Arm"/>
      <target>
        <code value="Y"/>
        <display value="Yes"/>
        <equivalence value="relatedto"/>
      </target>
    </element>
    <element>
      <code value="MCS88021"/>
      <display value="MRC skala;Pt(KOL)"/>
      <target>
        <code value="Y"/>
        <display value="Yes"/>
        <equivalence value="relatedto"/>
      </target>
    </element>
    <element>
      <code value="MCS88023"/>
      <display value="FEV1 af forventet værdi;Pt(KOL)"/>
      <target>
        <code value="Y"/>
        <display value="Yes"/>
        <equivalence value="relatedto"/>
      </target>
    </element>
    <element>
      <code value="MCS88050"/>
      <display value="Rejse sætte sig testen;Pt"/>
      <target>
        <code value="Y"/>
        <display value="Yes"/>
        <equivalence value="relatedto"/>
      </target>
    </element>
    <element>
      <code value="MCS88137"/>
      <display value="CAT score;Pt"/>
      <target>
        <code value="Y"/>
        <display value="Yes"/>
        <equivalence value="relatedto"/>
      </target>
    </element>
    <element>
      <code value="MCS88192"/>
      <display value="Skridt per dag;Pt"/>
      <target>
        <code value="Y"/>
        <display value="Yes"/>
        <equivalence value="relatedto"/>
      </target>
    </element>
    <element>
      <code value="MCS88193"/>
      <display value="Skridt per uge;Pt"/>
      <target>
        <code value="Y"/>
        <display value="Yes"/>
        <equivalence value="relatedto"/>
      </target>
    </element>
    <element>
      <code value="MCS88194"/>
      <display value="Skridt;Pt"/>
      <target>
        <code value="Y"/>
        <display value="Yes"/>
        <equivalence value="relatedto"/>
      </target>
    </element>
  </group>
  <group>
    <source value="urn:oid:1.2.208.176.2.4"/>
    <target value="http://terminology.hl7.org/CodeSystem/v2-0532"/>
    <element>
      <code value="ZZ3170"/>
      <display value="Hjemmeblodtryksmåling udført af patienten"/>
      <target>
        <code value="Y"/>
        <display value="Yes"/>
        <equivalence value="relatedto"/>
      </target>
    </element>
    <element>
      <code value="ALCA00"/>
      <display value="fysisk fremmøde"/>
      <target>
        <code value="N"/>
        <display value="No"/>
        <equivalence value="relatedto"/>
      </target>
    </element>
    <element>
      <code value="ALCA03"/>
      <display value="virtuel kontakt"/>
      <target>
        <code value="N"/>
        <display value="No"/>
        <equivalence value="relatedto"/>
      </target>
    </element>
  </group>
  <group>
    <source value="http://snomed.info/sct"/>
    <element>
      <code value="445988008"/>
      <display value="Assessment using health assessment questionnaire (procedure)"/>
      <target>
        <code value="Y"/>
        <display value="Yes"/>
        <equivalence value="relatedto"/>
      </target>
    </element>
    <element>
      <code value="229057006"/>
      <display value="Meetings (procedure)"/>
      <target>
        <code value="N"/>
        <display value="No"/>
        <equivalence value="relatedto"/>
      </target>
    </element>
    <element>
      <code value="273586006"/>
      <display value="Master Questionnaire"/>
      <target>
        <code value="Y"/>
        <display value="Yes"/>
        <equivalence value="relatedto"/>
      </target>
    </element>
    <element>
      <code value="409073007"/>
      <display value="Instruction"/>
      <target>
        <code value="N"/>
        <display value="No"/>
        <equivalence value="relatedto"/>
      </target>
    </element>
  </group>
</ConceptMap>