<?xml version="1.0" encoding="UTF-8"?>

<NamingSystem xmlns="http://hl7.org/fhir">
  <id value="cpr"/>
  <text>
    <status value="generated"/><div xmlns="http://www.w3.org/1999/xhtml"><p class="res-header-id"><b>Generated Narrative: NamingSystem cpr</b></p><a name="cpr"> </a><a name="hccpr"> </a><a name="cpr-da-DK"> </a><h3>Summary</h3><table class="grid"><tr><td>Defining URL</td><td>http://ehealth.sundhed.dk/fhir/NamingSystem/cpr</td></tr><tr><td>Version</td><td>3.3.0</td></tr><tr><td>Name</td><td>Danish civil registration system - CPR</td></tr><tr><td>Status</td><td>active</td></tr><tr><td>Definition</td><td><div><p>The Danish civil registration system (&quot;CPR&quot;) encompasses basic personal data about anyone with a civil registration number. A civil registration number shall be allocated to anyone who: 1) is registered in the national register in Denmark on the grounds of birth or relocation from abroad; 2) is included under Arbejdsmarkedets TillægsPension (ATP); 3) according to the tax authorities, is required to have a civil registration number for the purpose of tax processing in Denmark.</p>
</div></td></tr><tr><td>Publisher</td><td>Den telemedicinske infrastruktur (eHealth Infrastructure)</td></tr></table><h3>Identifiers</h3><table class="grid"><tr><td><b>Type</b></td><td><b>Value</b></td></tr><tr><td>OID</td><td>1.2.208.176.1.2</td></tr><tr><td>URI</td><td>urn:oid:1.2.208.176.1.2</td></tr></table></div>
  </text>
  <extension url="http://hl7.org/fhir/5.0/StructureDefinition/extension-NamingSystem.url">
    <valueUri value="http://ehealth.sundhed.dk/fhir/NamingSystem/cpr"/>
  </extension>
  <extension url="http://hl7.org/fhir/5.0/StructureDefinition/extension-NamingSystem.version">
    <valueString value="3.3.0"/>
  </extension>
  <name value="Danish civil registration system - CPR"/>
  <status value="active"/>
  <kind value="identifier"/>
  <date value="1968-04-02T00:00:00+00:00"/>
  <publisher value="Den telemedicinske infrastruktur (eHealth Infrastructure)"/>
  <contact>
    <name value="Den telemedicinske infrastruktur (eHealth Infrastructure)"/>
    <telecom>
      <system value="url"/>
      <value value="http://ehealth.sundhed.dk"/>
    </telecom>
  </contact>
  <responsible value="CPR-kontoret, Økonomi- og Indenrigsministeriets departement"/>
  <type>
    <coding>
      <system value="http://terminology.hl7.org/CodeSystem/v2-0203"/>
      <code value="SB"/>
      <display value="Social Beneficiary Identifier"/>
    </coding>
  </type>
  <description value="The Danish civil registration system (&quot;CPR&quot;) encompasses basic personal data about anyone with a civil registration number. A civil registration number shall be allocated to anyone who: 1) is registered in the national register in Denmark on the grounds of birth or relocation from abroad; 2) is included under Arbejdsmarkedets TillægsPension (ATP); 3) according to the tax authorities, is required to have a civil registration number for the purpose of tax processing in Denmark."/>
  <jurisdiction>
    <coding>
      <system value="urn:iso:std:iso:3166"/>
      <code value="DK"/>
      <display value="Denmark"/>
    </coding>
  </jurisdiction>
  <uniqueId>
    <type value="oid"/>
    <value value="1.2.208.176.1.2"/>
  </uniqueId>
  <uniqueId>
    <type value="uri"/>
    <value value="urn:oid:1.2.208.176.1.2"/>
  </uniqueId>
</NamingSystem>