<?xml version="1.0" encoding="UTF-8"?>

<ValueSet xmlns="http://hl7.org/fhir">
  <id value="ehealth-health-conditions"/>
  <text>
    <status value="generated"/><div xmlns="http://www.w3.org/1999/xhtml"><p class="res-header-id"><b>Generated Narrative: ValueSet ehealth-health-conditions</b></p><a name="ehealth-health-conditions"> </a><a name="hcehealth-health-conditions"> </a><a name="ehealth-health-conditions-da-DK"> </a><ul><li>Include these codes as defined in <a href="CodeSystem-urn-oid-1.2.208.176.2.4.html"><code>urn:oid:1.2.208.176.2.4</code></a><table class="none"><tr><td style="white-space:nowrap"><b>Code</b></td><td><b>Display</b></td></tr><tr><td><a href="CodeSystem-urn-oid-1.2.208.176.2.4.html#urn-oid-1.2.208.176.2.4-DJ44">DJ44</a></td><td>Kronisk obstruktiv lungesygdom</td></tr><tr><td><a href="CodeSystem-urn-oid-1.2.208.176.2.4.html#urn-oid-1.2.208.176.2.4-DE10">DE10</a></td><td>Type 1-diabetes</td></tr><tr><td><a href="CodeSystem-urn-oid-1.2.208.176.2.4.html#urn-oid-1.2.208.176.2.4-DI20">DI20</a></td><td>Angina pectoris</td></tr></table></li></ul></div>
  </text>
  <url value="http://ehealth.sundhed.dk/vs/health-conditions"/>
  <version value="3.3.0"/>
  <name value="Health_conditions"/>
  <title value="Sygdoms- og diagnosekoder"/>
  <status value="active"/>
  <experimental value="false"/>
  <date value="2022-01-14T00:00:00+00:00"/>
  <publisher value="Den telemedicinske infrastruktur (eHealth Infrastructure)"/>
  <contact>
    <name value="Den telemedicinske infrastruktur (eHealth Infrastructure)"/>
    <telecom>
      <system value="url"/>
      <value value="http://ehealth.sundhed.dk"/>
    </telecom>
  </contact>
  <description value="Health Condition Codes"/>
  <jurisdiction>
    <coding>
      <system value="urn:iso:std:iso:3166"/>
      <code value="DK"/>
      <display value="Denmark"/>
    </coding>
  </jurisdiction>
  <compose>
    <include>
      <system value="urn:oid:1.2.208.176.2.4"/>
      <concept>
        <code value="DJ44"/>
        <display value="Kronisk obstruktiv lungesygdom"/>
      </concept>
      <concept>
        <code value="DE10"/>
        <display value="Type 1-diabetes"/>
      </concept>
      <concept>
        <code value="DI20"/>
        <display value="Angina pectoris"/>
      </concept>
    </include>
  </compose>
</ValueSet>