<?xml version="1.0" encoding="UTF-8"?>

<ValueSet xmlns="http://hl7.org/fhir">
  <id value="ehealth-organization-source"/>
  <text>
    <status value="generated"/><div xmlns="http://www.w3.org/1999/xhtml"><p class="res-header-id"><b>Generated Narrative: ValueSet ehealth-organization-source</b></p><a name="ehealth-organization-source"> </a><a name="hcehealth-organization-source"> </a><a name="ehealth-organization-source-da-DK"> </a><ul><li>Include all codes defined in <a href="CodeSystem-ehealth-organization-source.html"><code>http://ehealth.sundhed.dk/cs/organization-source</code></a></li></ul></div>
  </text>
  <url value="http://ehealth.sundhed.dk/vs/organization-source"/>
  <version value="3.3.0"/>
  <name value="OrganizationSource"/>
  <title value="Organization Source"/>
  <status value="active"/>
  <experimental value="true"/>
  <date value="2019-06-11T00:00:00+00:00"/>
  <publisher value="Den telemedicinske infrastruktur (eHealth Infrastructure)"/>
  <contact>
    <name value="Den telemedicinske infrastruktur (eHealth Infrastructure)"/>
    <telecom>
      <system value="url"/>
      <value value="http://ehealth.sundhed.dk"/>
    </telecom>
  </contact>
  <description value="Value set used for indicating the organization source"/>
  <jurisdiction>
    <coding>
      <system value="urn:iso:std:iso:3166"/>
      <code value="DK"/>
      <display value="Denmark"/>
    </coding>
  </jurisdiction>
  <compose>
    <include>
      <system value="http://ehealth.sundhed.dk/cs/organization-source"/>
    </include>
  </compose>
</ValueSet>