<?xml version="1.0" encoding="UTF-8"?>

<ValueSet xmlns="http://hl7.org/fhir">
  <id value="ehealth-careteam-category"/>
  <text>
    <status value="generated"/><div xmlns="http://www.w3.org/1999/xhtml"><p class="res-header-id"><b>Generated Narrative: ValueSet ehealth-careteam-category</b></p><a name="ehealth-careteam-category"> </a><a name="hcehealth-careteam-category"> </a><a name="ehealth-careteam-category-da-DK"> </a><ul><li>Include all codes defined in <a href="CodeSystem-ehealth-careteam-category.html"><code>http://ehealth.sundhed.dk/cs/careteam-category</code></a></li></ul></div>
  </text>
  <url value="http://ehealth.sundhed.dk/vs/careteam-category"/>
  <version value="3.3.0"/>
  <name value="CareTeamCategory"/>
  <title value="CareTeam Category"/>
  <status value="active"/>
  <experimental value="true"/>
  <date value="2019-02-08T00:00:00+00:00"/>
  <publisher value="Den telemedicinske infrastruktur (eHealth Infrastructure)"/>
  <contact>
    <name value="Den telemedicinske infrastruktur (eHealth Infrastructure)"/>
    <telecom>
      <system value="url"/>
      <value value="http://ehealth.sundhed.dk"/>
    </telecom>
  </contact>
  <description value="http://hl7.org/fhir/ValueSet/careteam-category + ssl | SSL | Service Support and Logistics Employee."/>
  <jurisdiction>
    <coding>
      <system value="urn:iso:std:iso:3166"/>
      <code value="DK"/>
      <display value="Denmark"/>
    </coding>
  </jurisdiction>
  <compose>
    <include>
      <system value="http://ehealth.sundhed.dk/cs/careteam-category"/>
    </include>
  </compose>
</ValueSet>