<?xml version="1.0" encoding="UTF-8"?>

<ValueSet xmlns="http://hl7.org/fhir">
  <id value="ehealth-device-types"/>
  <text>
    <status value="generated"/><div xmlns="http://www.w3.org/1999/xhtml"><p class="res-header-id"><b>Generated Narrative: ValueSet ehealth-device-types</b></p><a name="ehealth-device-types"> </a><a name="hcehealth-device-types"> </a><a name="ehealth-device-types-da-DK"> </a><ul><li>Include these codes as defined in <a href="http://www.snomed.org/"><code>http://snomed.info/sct</code></a><table class="none"><tr><td style="white-space:nowrap"><b>Code</b></td><td><b>Display</b></td><td><b>English (United States) (English (United States), en)</b></td><td><b><a href="ValueSet-medcom-device-type.html">Device type to MedCom device type</a></b></td></tr><tr><td><a href="http://snomed.info/id/59181002">59181002</a></td><td>Oxygen analyser</td><td>Oxygen analyser</td><td><span title="RELATEDTO">?</span>OX2SAT</td></tr><tr><td><a href="http://snomed.info/id/258057004">258057004</a></td><td>Ikke-invasiv blodtryksmonitor</td><td></td><td><span title="RELATEDTO">?</span>Blodtryk</td></tr><tr><td><a href="http://snomed.info/id/19892000">19892000</a></td><td>Vægt</td><td></td><td><span title="RELATEDTO">?</span>Vægt</td></tr></table></li></ul></div>
  </text>
  <url value="http://ehealth.sundhed.dk/vs/device-types"/>
  <version value="3.3.0"/>
  <name value="DeviceTypes"/>
  <title value="Device Types"/>
  <status value="active"/>
  <experimental value="true"/>
  <date value="2019-02-08T00:00:00+00:00"/>
  <publisher value="Den telemedicinske infrastruktur (eHealth Infrastructure)"/>
  <contact>
    <name value="Den telemedicinske infrastruktur (eHealth Infrastructure)"/>
    <telecom>
      <system value="url"/>
      <value value="http://ehealth.sundhed.dk"/>
    </telecom>
  </contact>
  <description value="Device Types value set."/>
  <jurisdiction>
    <coding>
      <system value="urn:iso:std:iso:3166"/>
      <code value="DK"/>
      <display value="Denmark"/>
    </coding>
  </jurisdiction>
  <compose>
    <include>
      <system value="http://snomed.info/sct"/>
      <concept>
        <code value="59181002"/>
        <display value="Oxygen analyser"/>
        <designation>
          <language value="en-US"/>
          <value value="Oxygen analyser"/>
        </designation>
      </concept>
      <concept>
        <code value="258057004"/>
        <display value="Ikke-invasiv blodtryksmonitor"/>
      </concept>
      <concept>
        <code value="19892000"/>
        <display value="Vægt"/>
      </concept>
    </include>
  </compose>
</ValueSet>