<?xml version="1.0" encoding="UTF-8"?>

<ValueSet xmlns="http://hl7.org/fhir">
  <id value="dk-ihe-formatcode-vs"/>
  <text>
    <status value="extensions"/><div xmlns="http://www.w3.org/1999/xhtml"><p class="res-header-id"><b>Generated Narrative: ValueSet dk-ihe-formatcode-vs</b></p><a name="dk-ihe-formatcode-vs"> </a><a name="hcdk-ihe-formatcode-vs"> </a><a name="dk-ihe-formatcode-vs-da-DK"> </a><ul><li>Include these codes as defined in <a href="CodeSystem-dk-ihe-formatcode-cs.html"><code>urn:oid:1.2.208.184.100.10</code></a><table class="none"><tr><td style="white-space:nowrap"><b>Code</b></td><td><b>Display</b></td><td><b>Definition</b></td></tr><tr><td><a href="CodeSystem-dk-ihe-formatcode-cs.html#dk-ihe-formatcode-cs-urn.58ad.58dk.58medcom.58apd-v2.460.461.58full">urn:ad:dk:medcom:apd-v2.0.1:full</a></td><td>DK APD schema</td><td>Document adheres to HL7 APD DK profile ver. 2.0.1</td></tr><tr><td><a href="CodeSystem-dk-ihe-formatcode-cs.html#dk-ihe-formatcode-cs-urn.58ad.58dk.58medcom.58appointmentsummary.58full">urn:ad:dk:medcom:appointmentsummary:full</a></td><td>DK Appointment Summary Document schema</td><td/></tr><tr><td><a href="CodeSystem-dk-ihe-formatcode-cs.html#dk-ihe-formatcode-cs-urn.58ad.58dk.58medcom.58cmr-v1.460.58full">urn:ad:dk:medcom:cmr-v1.0:full</a></td><td>DK CMR schema</td><td>Document adheres to HL7 CMR DK profile ver. 1.0</td></tr><tr><td><a href="CodeSystem-dk-ihe-formatcode-cs.html#dk-ihe-formatcode-cs-urn.58ad.58dk.58medcom.58cpd-v1.460.461.58full">urn:ad:dk:medcom:cpd-v1.0.1:full</a></td><td>DK CPD schema</td><td>Document adheres to HL7 CPD DK profile ver. 1.0.</td></tr><tr><td><a href="CodeSystem-dk-ihe-formatcode-cs.html#dk-ihe-formatcode-cs-urn.58ad.58dk.58medcom.58sds.58cpd-v1.460.461.58maternity">urn:ad:dk:medcom:sds:cpd-v1.0.1:maternity</a></td><td>DK CPD schema for maternity</td><td>Document adheres HL7 CPD DK profile ver. 1.0. (maternity)</td></tr><tr><td><a href="CodeSystem-dk-ihe-formatcode-cs.html#dk-ihe-formatcode-cs-urn.58ad.58dk.58medcom.58labreports.58svareksponeringsservice">urn:ad:dk:medcom:labreports:svareksponeringsservice</a></td><td>Laboratoriesvar (samling af svar)</td><td/></tr><tr><td><a href="CodeSystem-dk-ihe-formatcode-cs.html#dk-ihe-formatcode-cs-urn.58ad.58dk.58medcom.58pdc-v2.460.58full">urn:ad:dk:medcom:pdc-v2.0:full</a></td><td>DK PDC schema</td><td>Document adheres to HL7 PDC DK profile ver. 2.0.</td></tr><tr><td><a href="CodeSystem-dk-ihe-formatcode-cs.html#dk-ihe-formatcode-cs-urn.58ad.58dk.58medcom.58phmr-v1.463.58full">urn:ad:dk:medcom:phmr-v1.3:full</a></td><td>DK PHMR schema</td><td>Document adheres to HL7 PHMR DK profile ver. 1.0.</td></tr><tr><td><a href="CodeSystem-dk-ihe-formatcode-cs.html#dk-ihe-formatcode-cs-urn.58ad.58dk.58medcom.58prvs-v1.460.58full">urn:ad:dk:medcom:prvs-v1.0:full</a></td><td>DK PRVS schema</td><td>Document adheres to HL7 PRVS DK profile ver. 1.0</td></tr><tr><td><a href="CodeSystem-dk-ihe-formatcode-cs.html#dk-ihe-formatcode-cs-urn.58ad.58dk.58medcom.58qfdd-v1.461.58full">urn:ad:dk:medcom:qfdd-v1.1:full</a></td><td>DK QFDD schema</td><td>Document adheres to HL7 QFDD DK profile ver. 1.0.</td></tr><tr><td><a href="CodeSystem-dk-ihe-formatcode-cs.html#dk-ihe-formatcode-cs-urn.58ad.58dk.58medcom.58qfdd-v1.462.58full">urn:ad:dk:medcom:qfdd-v1.2:full</a></td><td>DK QFDD schema</td><td>Document adheres to HL7 QFDD DK profile ver. 1.2</td></tr><tr><td><a href="CodeSystem-dk-ihe-formatcode-cs.html#dk-ihe-formatcode-cs-urn.58ad.58dk.58medcom.58qrd-v1.461.58full">urn:ad:dk:medcom:qrd-v1.1:full</a></td><td>DK QRD schema</td><td>Document adheres to HL7 QRD DK profile</td></tr><tr><td><a href="CodeSystem-dk-ihe-formatcode-cs.html#dk-ihe-formatcode-cs-urn.58ad.58dk.58medcom.58qrd-v1.462.58full">urn:ad:dk:medcom:qrd-v1.2:full</a></td><td>DK QRD schema</td><td>Document adheres to HL7 QRD DK profile ver. 1.0.</td></tr><tr><td><a href="CodeSystem-dk-ihe-formatcode-cs.html#dk-ihe-formatcode-cs-urn.58ad.58dk.58medcom.58qrd-v1.463.58full">urn:ad:dk:medcom:qrd-v1.3:full</a></td><td>DK QRD schema</td><td>Document adheres to HL7 QRD DK profile ver. 1.3</td></tr><tr><td><a href="CodeSystem-dk-ihe-formatcode-cs.html#dk-ihe-formatcode-cs-urn.58ad.58dk.58medcom.58pdc-v3.460.58full">urn:ad:dk:medcom:pdc-v3.0:full</a></td><td>DK PDC schema</td><td>Document adheres to HL7 PDC DK profile ver. 3.0</td></tr><tr><td><a href="CodeSystem-dk-ihe-formatcode-cs.html#dk-ihe-formatcode-cs-urn.58ad.58dk.58medcom.58cpd-v2.460.58full">urn:ad:dk:medcom:cpd-v2.0:full</a></td><td>DK CPD schema</td><td>Document adheres to HL7 CPD DK profile ver. 2.0</td></tr><tr><td><a href="CodeSystem-dk-ihe-formatcode-cs.html#dk-ihe-formatcode-cs-urn.58ad.58dk.58medcom.58phad-v1.460.58ful">urn:ad:dk:medcom:phad-v1.0:ful</a></td><td>DK PHAD schema</td><td/></tr></table></li></ul></div>
  </text>
  <url value="http://sundhedsdatastyrelsen.dk/terminologi/dk-ihe-formatcode-vs"/>
  <version value="3.3.0"/>
  <name value="DK_IHE_FormatCode_VS"/>
  <title value="DK_IHE_FormatCode_VS"/>
  <status value="active"/>
  <experimental value="false"/>
  <date value="2019-12-11T00:00:00+00:00"/>
  <publisher value="Den telemedicinske infrastruktur (eHealth Infrastructure)"/>
  <contact>
    <name value="Den telemedicinske infrastruktur (eHealth Infrastructure)"/>
    <telecom>
      <system value="url"/>
      <value value="http://ehealth.sundhed.dk"/>
    </telecom>
  </contact>
  <description value="Value set for document format code used in national Document sharing."/>
  <jurisdiction>
    <coding>
      <system value="urn:iso:std:iso:3166"/>
      <code value="DK"/>
      <display value="Denmark"/>
    </coding>
  </jurisdiction>
  <compose>
    <include>
      <system value="urn:oid:1.2.208.184.100.10"/>
      <concept>
        <code value="urn:ad:dk:medcom:apd-v2.0.1:full"/>
        <display value="DK APD schema"/>
      </concept>
      <concept>
        <code value="urn:ad:dk:medcom:appointmentsummary:full"/>
        <display value="DK Appointment Summary Document schema"/>
      </concept>
      <concept>
        <code value="urn:ad:dk:medcom:cmr-v1.0:full"/>
        <display value="DK CMR schema"/>
      </concept>
      <concept>
        <code value="urn:ad:dk:medcom:cpd-v1.0.1:full"/>
        <display value="DK CPD schema"/>
      </concept>
      <concept>
        <code value="urn:ad:dk:medcom:sds:cpd-v1.0.1:maternity"/>
        <display value="DK CPD schema for maternity"/>
      </concept>
      <concept>
        <code value="urn:ad:dk:medcom:labreports:svareksponeringsservice"/>
        <display value="Laboratoriesvar (samling af svar)"/>
      </concept>
      <concept>
        <code value="urn:ad:dk:medcom:pdc-v2.0:full"/>
        <display value="DK PDC schema"/>
      </concept>
      <concept>
        <code value="urn:ad:dk:medcom:phmr-v1.3:full"/>
        <display value="DK PHMR schema"/>
      </concept>
      <concept>
        <code value="urn:ad:dk:medcom:prvs-v1.0:full"/>
        <display value="DK PRVS schema"/>
      </concept>
      <concept>
        <code value="urn:ad:dk:medcom:qfdd-v1.1:full"/>
        <display value="DK QFDD schema"/>
      </concept>
      <concept>
        <code value="urn:ad:dk:medcom:qfdd-v1.2:full"/>
        <display value="DK QFDD schema"/>
      </concept>
      <concept>
        <code value="urn:ad:dk:medcom:qrd-v1.1:full"/>
        <display value="DK QRD schema"/>
      </concept>
      <concept>
        <code value="urn:ad:dk:medcom:qrd-v1.2:full"/>
        <display value="DK QRD schema"/>
      </concept>
      <concept>
        <code value="urn:ad:dk:medcom:qrd-v1.3:full"/>
        <display value="DK QRD schema"/>
      </concept>
      <concept>
        <code value="urn:ad:dk:medcom:pdc-v3.0:full"/>
        <display value="DK PDC schema"/>
      </concept>
      <concept>
        <code value="urn:ad:dk:medcom:cpd-v2.0:full"/>
        <display value="DK CPD schema"/>
      </concept>
      <concept>
        <code value="urn:ad:dk:medcom:phad-v1.0:ful"/>
        <display value="DK PHAD schema"/>
      </concept>
    </include>
  </compose>
</ValueSet>