{
  "resourceType" : "Appointment",
  "id" : "videoappointment01",
  "meta" : {
    "versionId" : "3",
    "lastUpdated" : "2021-07-15T07:06:36.667+00:00",
    "profile" : ["http://ehealth.sundhed.dk/fhir/StructureDefinition/ehealth-videoappointment"]
  },
  "text" : {
    "status" : "extensions",
    "div" : "<div xmlns=\"http://www.w3.org/1999/xhtml\"><p class=\"res-header-id\"><b>Generated Narrative: Aftale videoappointment01</b></p><a name=\"videoappointment01\"> </a><a name=\"hcvideoappointment01\"> </a><div style=\"display: inline-block; background-color: #d9e0e7; padding: 6px; margin: 4px; border: 1px solid #8da1b4; border-radius: 5px; line-height: 60%\"><p style=\"margin-bottom: 0px\">version: 3; Last updated: 2021-07-15 07:06:36+0000</p><p style=\"margin-bottom: 0px\">Profile: <a href=\"StructureDefinition-ehealth-videoappointment.html\">ehealth-videoappointment</a></p></div><p><b>Max participants</b>: 4</p><p><b>Meeting URL</b>: <a href=\"https://portal.vconf.dk/?url=721834@rooms.vconf-stage.dk&amp;pin=37835&amp;start_dato=2021-07-16T09:00:00\">https://portal.vconf.dk/?url=721834@rooms.vconf-stage.dk&amp;pin=37835&amp;start_dato=2021-07-16T09:00:00</a></p><p><b>VMR URI</b>: 721834@rooms.vconf-stage.dk</p><p><b>End meeting on end time</b>: false</p><p><b>Responsible</b>: <a href=\"CareTeam-108752.html\">CareTeam Example CareTeam</a></p><p><b>Guest PIN code</b>: 29202</p><p><b>Guest PIN code</b>: 37835</p><p><b>identifier</b>: <code>http://vdx.medcom.dk/meeting</code>/894e56b4-53bb-4004-8f06-6a4d7ad115ca</p><p><b>status</b>: Booked</p><p><b>serviceType</b>: <span title=\"Codes:{http://ehealth.sundhed.dk/cs/appointment-servicetype video}\">A video appointment</span></p><p><b>appointmentType</b>: <span title=\"Codes:{http://ehealth.sundhed.dk/cs/appointmenttype-codes EMERGENCY}\">Emergency appointment</span></p><p><b>reasonCode</b>: <span title=\"Codes:{http://ehealth.sundhed.dk/cs/appointment-reason 412776001}\">Clinical review</span></p><p><b>priority</b>: 1</p><p><b>description</b>: Forundersøgelse</p><p><b>start</b>: 2021-07-16 09:00:00+0000</p><p><b>end</b>: 2021-07-16 11:00:00+0000</p><p><b>comment</b>: Forundersøgelse for grå stær hos Trifork.\n Patienten møder op hos Trifork med udfyldt spørgeskema</p><blockquote><p><b>participant</b></p><p><b>Careteam</b>: <a href=\"CareTeam-108752.html\">CareTeam Example CareTeam</a></p><p><b>type</b>: <span title=\"Codes:{http://terminology.hl7.org/CodeSystem/v3-ParticipationType PART}\">Participation</span></p><p><b>required</b>: Required</p><p><b>status</b>: Accepted</p></blockquote><blockquote><p><b>participant</b></p><p><b>actor</b>: <a href=\"Practitioner-107302.html\">actor1 display text</a></p><p><b>required</b>: Required</p><p><b>status</b>: Tentative</p></blockquote><blockquote><p><b>participant</b></p><p><b>actor</b>: <a href=\"Patient-102.html\">Nancy Ann Berggren (official) Ukendt, DoB Unknown ( urn:oid:1.2.208.176.1.2#Danish civil registration system - CPR#2512489996\u00a0(use:\u00a0official,\u00a0))</a></p><p><b>required</b>: Required</p><p><b>status</b>: Accepted</p></blockquote><blockquote><p><b>participant</b></p><p><b>actor</b>: <a href=\"#hcvideoappointment01/1\">Location Room 43b</a></p><p><b>required</b>: Required</p><p><b>status</b>: Accepted</p></blockquote><hr/><blockquote><p class=\"res-header-id\"><b>Generated Narrative: Lokation #1</b></p><a name=\"videoappointment01/1\"> </a><a name=\"hcvideoappointment01/1\"> </a><p><b>name</b>: Room 43b</p></blockquote></div>"
  },
  "contained" : [{
    "resourceType" : "Location",
    "id" : "1",
    "name" : "Room 43b"
  }],
  "extension" : [{
    "url" : "http://ehealth.sundhed.dk/fhir/StructureDefinition/ehealth-max-participants",
    "valueInteger" : 4
  },
  {
    "url" : "http://ehealth.sundhed.dk/fhir/StructureDefinition/ehealth-meeting-url",
    "valueUri" : "https://portal.vconf.dk/?url=721834@rooms.vconf-stage.dk&pin=37835&start_dato=2021-07-16T09:00:00"
  },
  {
    "url" : "http://ehealth.sundhed.dk/fhir/StructureDefinition/ehealth-vmr-uri",
    "valueUri" : "721834@rooms.vconf-stage.dk"
  },
  {
    "url" : "http://ehealth.sundhed.dk/fhir/StructureDefinition/ehealth-end-meeting-on-end-time",
    "valueBoolean" : false
  },
  {
    "url" : "http://ehealth.sundhed.dk/fhir/StructureDefinition/ehealth-responsible",
    "valueReference" : {
      "reference" : "CareTeam/108752"
    }
  },
  {
    "url" : "http://ehealth.sundhed.dk/fhir/StructureDefinition/ehealth-host-pin-code",
    "valueString" : "29202"
  },
  {
    "url" : "http://ehealth.sundhed.dk/fhir/StructureDefinition/ehealth-guest-pin-code",
    "valueString" : "37835"
  }],
  "identifier" : [{
    "system" : "http://vdx.medcom.dk/meeting",
    "value" : "894e56b4-53bb-4004-8f06-6a4d7ad115ca"
  }],
  "status" : "booked",
  "serviceType" : [{
    "coding" : [{
      "system" : "http://ehealth.sundhed.dk/cs/appointment-servicetype",
      "code" : "video"
    }]
  }],
  "appointmentType" : {
    "coding" : [{
      "system" : "http://ehealth.sundhed.dk/cs/appointmenttype-codes",
      "code" : "EMERGENCY"
    }]
  },
  "reasonCode" : [{
    "coding" : [{
      "system" : "http://ehealth.sundhed.dk/cs/appointment-reason",
      "code" : "412776001"
    }]
  }],
  "priority" : 1,
  "description" : "Forundersøgelse",
  "start" : "2021-07-16T09:00:00.000+00:00",
  "end" : "2021-07-16T11:00:00.000+00:00",
  "comment" : "Forundersøgelse for grå stær hos Trifork.\n Patienten møder op hos Trifork med udfyldt spørgeskema",
  "participant" : [{
    "extension" : [{
      "url" : "http://ehealth.sundhed.dk/fhir/StructureDefinition/ehealth-ext-careteam",
      "valueReference" : {
        "reference" : "CareTeam/108752"
      }
    }],
    "type" : [{
      "coding" : [{
        "system" : "http://terminology.hl7.org/CodeSystem/v3-ParticipationType",
        "code" : "PART",
        "display" : "Participation"
      }]
    }],
    "required" : "required",
    "status" : "accepted"
  },
  {
    "actor" : {
      "reference" : "Practitioner/107302",
      "display" : "actor1 display text"
    },
    "required" : "required",
    "status" : "tentative"
  },
  {
    "actor" : {
      "reference" : "Patient/102"
    },
    "required" : "required",
    "status" : "accepted"
  },
  {
    "actor" : {
      "reference" : "#1"
    },
    "required" : "required",
    "status" : "accepted"
  }]
}