{
  "resourceType" : "Appointment",
  "id" : "group-videoappointment01",
  "meta" : {
    "versionId" : "3",
    "lastUpdated" : "2021-07-15T07:06:36.667+00:00",
    "profile" : ["http://ehealth.sundhed.dk/fhir/StructureDefinition/ehealth-group-videoappointment"]
  },
  "text" : {
    "status" : "extensions",
    "div" : "<div xmlns=\"http://www.w3.org/1999/xhtml\"><p class=\"res-header-id\"><b>Generated Narrative: Appointment group-videoappointment01</b></p><a name=\"group-videoappointment01\"> </a><a name=\"hcgroup-videoappointment01\"> </a><a name=\"group-videoappointment01-en-US\"> </a><div style=\"display: inline-block; background-color: #d9e0e7; padding: 6px; margin: 4px; border: 1px solid #8da1b4; border-radius: 5px; line-height: 60%\"><p style=\"margin-bottom: 0px\">version: 3; Last updated: 2021-07-15 07:06:36+0000</p><p style=\"margin-bottom: 0px\">Profile: <a href=\"StructureDefinition-ehealth-group-videoappointment.html\">ehealth-group-videoappointment</a></p></div><p><b>Max participants</b>: 4</p><p><b>Meeting URL</b>: <a href=\"https://portal.vconf.dk/?url=721834@rooms.vconf-stage.dk&amp;pin=37835&amp;start_dato=2021-07-16T09:00:00\">https://portal.vconf.dk/?url=721834@rooms.vconf-stage.dk&amp;pin=37835&amp;start_dato=2021-07-16T09:00:00</a></p><p><b>VMR URI</b>: 721834@rooms.vconf-stage.dk</p><p><b>End meeting on end time</b>: false</p><p><b>Responsible</b>: <a href=\"https://organization.fut.trifork.com/fhir/CareTeam/108752\">https://organization.fut.trifork.com/fhir/CareTeam/108752</a></p><p><b>Creator</b>: <a href=\"https://organization.fut.trifork.com/fhir/CareTeam/108752\">https://organization.fut.trifork.com/fhir/CareTeam/108752</a></p><p><b>Intended audience</b>: <a href=\"https://organization.fut.trifork.com/fhir/Organization/8564\">https://organization.fut.trifork.com/fhir/Organization/8564</a></p><p><b>Registration deadline</b>: 2021-12-25 14:35:45-0500</p><p><b>Guest PIN code</b>: 29202</p><p><b>Guest PIN code</b>: 37835</p><p><b>identifier</b>: <a href=\"NamingSystem-ehealth-identifier.html\" title=\"The eHealth Identifier is assigned to certain domain resources in the eHealth Infrastructure and used when transforming to CDA document representation.\">eHealthIdentifier</a>/5d1a3107-9fc8-4a6f-b66a-16fcf1937ade, <code>http://vdx.medcom.dk/meeting</code>/894e56b4-53bb-4004-8f06-6a4d7ad115ca</p><p><b>status</b>: Booked</p><p><b>serviceType</b>: <span title=\"Codes:{http://ehealth.sundhed.dk/cs/appointment-servicetype group-video}\">A group video appointment</span></p><p><b>appointmentType</b>: <span title=\"Codes:{http://ehealth.sundhed.dk/cs/appointmenttype-codes FOLLOWUP}\">A follow up visit from a previous appointment</span></p><p><b>reasonCode</b>: <span title=\"Codes:{http://ehealth.sundhed.dk/cs/appointment-reason 412776001}\">Clinical review</span></p><p><b>priority</b>: 1</p><p><b>description</b>: Forundersøgelse</p><p><b>start</b>: 2021-07-16 09:00:00+0000</p><p><b>end</b>: 2021-07-16 11:00:00+0000</p><p><b>comment</b>: Forundersøgelse for grå stær hos Trifork.\n Patienten møder op hos Trifork med udfyldt spørgeskema</p><blockquote><p><b>participant</b></p><p><b>Assigning careteam</b>: <a href=\"https://organization.fut.trifork.com/fhir/CareTeam/108752\">https://organization.fut.trifork.com/fhir/CareTeam/108752</a></p><p><b>Careteam</b>: <a href=\"https://organization.fut.trifork.com/fhir/CareTeam/108752\">https://organization.fut.trifork.com/fhir/CareTeam/108752</a></p><p><b>type</b>: <span title=\"Codes:{http://terminology.hl7.org/CodeSystem/v3-ParticipationType PART}\">Participation</span></p><p><b>required</b>: Required</p><p><b>status</b>: Accepted</p></blockquote><blockquote><p><b>participant</b></p><p><b>actor</b>: <a href=\"https://organization.fut.trifork.com/fhir/Practitioner/107302\">actor1 display text</a></p><p><b>required</b>: Required</p><p><b>status</b>: Tentative</p></blockquote><blockquote><p><b>participant</b></p><p><b>actor</b>: <a href=\"https://patient.fut.trifork.com/fhir/Patient/102\">https://patient.fut.trifork.com/fhir/Patient/102</a></p><p><b>required</b>: Required</p><p><b>status</b>: Accepted</p></blockquote><blockquote><p><b>participant</b></p><p><b>actor</b>: <a href=\"#hcgroup-videoappointment01/1\">Location Room 43b</a></p><p><b>required</b>: Required</p><p><b>status</b>: Accepted</p></blockquote><hr/><blockquote><p class=\"res-header-id\"><b>Generated Narrative: Location  #1</b></p><a name=\"group-videoappointment01/1\"> </a><a name=\"hcgroup-videoappointment01/1\"> </a><a name=\"group-videoappointment01/1-en-US\"> </a><p><b>name</b>: Room 43b</p></blockquote></div>"
  },
  "contained" : [{
    "resourceType" : "Location",
    "id" : "1",
    "name" : "Room 43b"
  }],
  "extension" : [{
    "url" : "http://ehealth.sundhed.dk/fhir/StructureDefinition/ehealth-max-participants",
    "valueInteger" : 4
  },
  {
    "url" : "http://ehealth.sundhed.dk/fhir/StructureDefinition/ehealth-meeting-url",
    "valueUri" : "https://portal.vconf.dk/?url=721834@rooms.vconf-stage.dk&pin=37835&start_dato=2021-07-16T09:00:00"
  },
  {
    "url" : "http://ehealth.sundhed.dk/fhir/StructureDefinition/ehealth-vmr-uri",
    "valueUri" : "721834@rooms.vconf-stage.dk"
  },
  {
    "url" : "http://ehealth.sundhed.dk/fhir/StructureDefinition/ehealth-end-meeting-on-end-time",
    "valueBoolean" : false
  },
  {
    "url" : "http://ehealth.sundhed.dk/fhir/StructureDefinition/ehealth-responsible",
    "valueReference" : {
      "reference" : "https://organization.fut.trifork.com/fhir/CareTeam/108752"
    }
  },
  {
    "url" : "http://ehealth.sundhed.dk/fhir/StructureDefinition/ehealth-creator",
    "valueReference" : {
      "reference" : "https://organization.fut.trifork.com/fhir/CareTeam/108752"
    }
  },
  {
    "url" : "http://ehealth.sundhed.dk/fhir/StructureDefinition/ehealth-intendedAudience",
    "valueReference" : {
      "reference" : "https://organization.fut.trifork.com/fhir/Organization/8564"
    }
  },
  {
    "url" : "http://ehealth.sundhed.dk/fhir/StructureDefinition/ehealth-registration-deadline",
    "valueDateTime" : "2021-12-25T14:35:45-05:00"
  },
  {
    "url" : "http://ehealth.sundhed.dk/fhir/StructureDefinition/ehealth-host-pin-code",
    "valueString" : "29202"
  },
  {
    "url" : "http://ehealth.sundhed.dk/fhir/StructureDefinition/ehealth-guest-pin-code",
    "valueString" : "37835"
  }],
  "identifier" : [{
    "system" : "http://ehealth.sundhed.dk/id/ehealth-identifier",
    "value" : "5d1a3107-9fc8-4a6f-b66a-16fcf1937ade"
  },
  {
    "system" : "http://vdx.medcom.dk/meeting",
    "value" : "894e56b4-53bb-4004-8f06-6a4d7ad115ca"
  }],
  "status" : "booked",
  "serviceType" : [{
    "coding" : [{
      "system" : "http://ehealth.sundhed.dk/cs/appointment-servicetype",
      "code" : "group-video"
    }]
  }],
  "appointmentType" : {
    "coding" : [{
      "system" : "http://ehealth.sundhed.dk/cs/appointmenttype-codes",
      "code" : "FOLLOWUP"
    }]
  },
  "reasonCode" : [{
    "coding" : [{
      "system" : "http://ehealth.sundhed.dk/cs/appointment-reason",
      "code" : "412776001"
    }]
  }],
  "priority" : 1,
  "description" : "Forundersøgelse",
  "start" : "2021-07-16T09:00:00.000+00:00",
  "end" : "2021-07-16T11:00:00.000+00:00",
  "comment" : "Forundersøgelse for grå stær hos Trifork.\n Patienten møder op hos Trifork med udfyldt spørgeskema",
  "participant" : [{
    "extension" : [{
      "url" : "http://ehealth.sundhed.dk/fhir/StructureDefinition/ehealth-assigning-careteam",
      "valueReference" : {
        "reference" : "https://organization.fut.trifork.com/fhir/CareTeam/108752"
      }
    },
    {
      "url" : "http://ehealth.sundhed.dk/fhir/StructureDefinition/ehealth-ext-careteam",
      "valueReference" : {
        "reference" : "https://organization.fut.trifork.com/fhir/CareTeam/108752"
      }
    }],
    "type" : [{
      "coding" : [{
        "system" : "http://terminology.hl7.org/CodeSystem/v3-ParticipationType",
        "code" : "PART",
        "display" : "Participation"
      }]
    }],
    "required" : "required",
    "status" : "accepted"
  },
  {
    "actor" : {
      "reference" : "https://organization.fut.trifork.com/fhir/Practitioner/107302",
      "display" : "actor1 display text"
    },
    "required" : "required",
    "status" : "tentative"
  },
  {
    "actor" : {
      "reference" : "https://patient.fut.trifork.com/fhir/Patient/102"
    },
    "required" : "required",
    "status" : "accepted"
  },
  {
    "actor" : {
      "reference" : "#1"
    },
    "required" : "required",
    "status" : "accepted"
  }]
}