{
  "resourceType" : "CapabilityStatement",
  "id" : "questionnaire",
  "text" : {
    "status" : "extensions",
    "div" : "<div xmlns=\"http://www.w3.org/1999/xhtml\"><p class=\"res-header-id\"><b>Generated Narrative: CapabilityStatement questionnaire</b></p><a name=\"questionnaire\"> </a><a name=\"hcquestionnaire\"> </a><a name=\"questionnaire-da-DK\"> </a><h2 id=\"title\"/><ul><li>Implementation Guide Version: 3.4.1 </li><li>FHIR Version: 4.0.1 </li><li>Supported Formats: <code>application/fhir+xml</code>, <code>xml</code>, <code>application/fhir+json</code>, <code>json</code>, <code>application/x-turtle</code>, <code>ttl</code>, <code>html/json</code>, <code>html/xml</code>, <code>html/turtle</code></li><li>Supported Patch Formats: </li><li>Published on: 2025-02-06 09:19:28+0000 </li><li>Published by: Den telemedicinske infrastruktur (eHealth Infrastructure) </li></ul><blockquote class=\"impl-note\"><p><strong>Note to Implementers: FHIR Capabilities</strong></p><p>Any FHIR capability may be 'allowed' by the system unless explicitly marked as 'SHALL NOT'. A few items are marked as MAY in the Implementation Guide to highlight their potential relevance to the use case.</p></blockquote><h2 id=\"rest\">FHIR RESTful Capabilities</h2><div class=\"panel panel-default\"><div class=\"panel-heading\"><h3 id=\"mode1\" class=\"panel-title\">Mode: <code>server</code></h3></div><div class=\"panel-body\"><div class=\"lead\"><em>Summary of System-wide Interactions</em></div></div></div><h3 id=\"resourcesCap1\">Capabilities by Resource/Profile</h3><h4 id=\"resourcesSummary1\">Summary</h4><p>The summary table lists the resources that are part of this configuration, and for each resource it lists:</p><ul><li>The relevant profiles (if any)</li><li>The interactions supported by each resource (<b><span class=\"bg-info\">R</span></b>ead, <b><span class=\"bg-info\">S</span></b>earch, <b><span class=\"bg-info\">U</span></b>pdate, and <b><span class=\"bg-info\">C</span></b>reate, are always shown, while <b><span class=\"bg-info\">VR</span></b>ead, <b><span class=\"bg-info\">P</span></b>atch, <b><span class=\"bg-info\">D</span></b>elete, <b><span class=\"bg-info\">H</span></b>istory on <b><span class=\"bg-info\">I</span></b>nstance, or <b><span class=\"bg-info\">H</span></b>istory on <b><span class=\"bg-info\">T</span></b>ype are only present if at least one of the resources has support for them.</li><li><span>The required, recommended, and some optional search parameters (if any). </span></li><li>The linked resources enabled for <code>_include</code></li><li>The other resources enabled for <code>_revinclude</code></li><li>The operations on the resource (if any)</li></ul><div class=\"table-responsive\"><table class=\"table table-condensed table-hover\"><thead><tr><th><b>Resource Type</b></th><th><b>Profile</b></th><th class=\"text-center\"><b title=\"GET a resource (read interaction)\">R</b></th><th class=\"text-center\"><b title=\"GET past versions of resources (vread interaction)\">V-R</b></th><th class=\"text-center\"><b title=\"GET all set of resources of the type (search interaction)\">S</b></th><th class=\"text-center\"><b title=\"PUT a new resource version (update interaction)\">U</b></th><th class=\"text-center\"><b title=\"POST a new resource (create interaction)\">C</b></th><th class=\"text-center\"><b title=\"DELETE a resource (delete interaction)\">D</b></th><th><b title=\"Required and recommended search parameters\">Searches</b></th><th><code><b>_include</b></code></th><th><code><b>_revinclude</b></code></th><th><b>Operations</b></th></tr></thead><tbody><tr><td><a href=\"#Basic1-1\">Basic</a></td><td><a href=\"http://hl7.org/fhir/R4/basic.html\">http://hl7.org/fhir/StructureDefinition/Basic</a></td><td class=\"text-center\">y</td><td class=\"text-center\">y</td><td class=\"text-center\">y</td><td class=\"text-center\">y</td><td class=\"text-center\">y</td><td class=\"text-center\"></td><td>_content, _has, _id, _language, _lastUpdated, _profile, _security, _tag, _text, actionGuidanceForReference, actionGuidanceForType, actionGuidanceType, code, context, context-type, context-type-value, identifier, intendedAudience, recommendation, reference, role, status, viewForReference, viewForType, viewType</td><td><code>*</code></td><td><code>Basic:actionGuidanceForReference</code>, <code>Basic:intendedAudience</code>, <code>Basic:reference</code>, <code>Basic:viewForReference</code>, <code>Questionnaire:reference</code>, <code>StructureDefinition:valueset</code></td><td><code>$validate</code></td></tr><tr><td><a href=\"#OperationDefinition1-2\">OperationDefinition</a></td><td><a href=\"http://hl7.org/fhir/R4/operationdefinition.html\">http://hl7.org/fhir/StructureDefinition/OperationDefinition</a></td><td class=\"text-center\">y</td><td class=\"text-center\"></td><td class=\"text-center\"></td><td class=\"text-center\"></td><td class=\"text-center\"></td><td class=\"text-center\"></td><td></td><td><code>*</code></td><td><code>Basic:actionGuidanceForReference</code>, <code>Basic:intendedAudience</code>, <code>Basic:reference</code>, <code>Basic:viewForReference</code>, <code>Questionnaire:reference</code>, <code>StructureDefinition:valueset</code></td><td/></tr><tr><td><a href=\"#Questionnaire1-3\">Questionnaire</a></td><td><a href=\"http://hl7.org/fhir/R4/questionnaire.html\">http://hl7.org/fhir/StructureDefinition/Questionnaire</a></td><td class=\"text-center\">y</td><td class=\"text-center\">y</td><td class=\"text-center\">y</td><td class=\"text-center\">y</td><td class=\"text-center\">y</td><td class=\"text-center\">y</td><td>_content, _has, _id, _language, _lastUpdated, _profile, _security, _tag, _text, base, baseEnvironment, code, context, context-type, context-type-value, date, description, effective, ehealthPredecessor, employeeTitle, identifier, jurisdiction, name, publisher, reference, role, status, title, type, url, version</td><td><code>*</code></td><td><code>Basic:actionGuidanceForReference</code>, <code>Basic:intendedAudience</code>, <code>Basic:reference</code>, <code>Basic:viewForReference</code>, <code>Questionnaire:reference</code>, <code>StructureDefinition:valueset</code></td><td><code>$validate</code>, <code>$create-clone</code></td></tr><tr><td><a href=\"#StructureDefinition1-4\">StructureDefinition</a></td><td><a href=\"StructureDefinition-ehealth-definedquestion.html\">http://ehealth.sundhed.dk/fhir/StructureDefinition/ehealth-definedquestion</a></td><td class=\"text-center\">y</td><td class=\"text-center\">y</td><td class=\"text-center\">y</td><td class=\"text-center\">y</td><td class=\"text-center\">y</td><td class=\"text-center\">y</td><td>_content, _filter, _has, _id, _language, _lastUpdated, _profile, _security, _source, _tag, _text, abstract, base, base-path, context-type, date, derivation, description, experimental, ext-context, identifier, jurisdiction, keyword, kind, name, path, publisher, status, title, type, url, valueset, version</td><td><code>*</code>, <code>StructureDefinition:valueset</code></td><td><code>Basic:actionGuidanceForReference</code>, <code>Basic:intendedAudience</code>, <code>Basic:reference</code>, <code>Basic:viewForReference</code>, <code>Questionnaire:reference</code>, <code>StructureDefinition:valueset</code></td><td><code>$validate</code></td></tr></tbody></table></div><hr/><div class=\"panel panel-default\"><div class=\"panel-heading\"><h4 id=\"Basic1-1\" class=\"panel-title\"><span style=\"float: right;\">Resource Conformance: supported </span>Basic</h4></div><div class=\"panel-body\"><div class=\"container\"><div class=\"row\"><div class=\"col-lg-6\"><span class=\"lead\">Base System Profile</span><br/><a href=\"http://hl7.org/fhir/R4/basic.html\">Basic</a></div><div class=\"col-lg-3\"><span class=\"lead\">Profile Conformance</span><br/><b>SHALL</b></div><div class=\"col-lg-3\"><span class=\"lead\">Reference Policy</span><br/></div></div><p/><div class=\"row\"><div class=\"col-lg-6\"><span class=\"lead\">Interaction summary</span><br/><ul><li>Supports <code>update</code>, <code>search-type</code>, <code>vread</code>, <code>read</code>, <code>create</code>.</li></ul></div></div><p/><div class=\"row\"><div class=\"col-lg-7\"><span class=\"lead\">Search Parameters</span><table class=\"table table-condensed table-hover\"><thead><tr><th>Conformance</th><th>Parameter</th><th>Type</th><th>Documentation</th></tr></thead><tbody><tr><td><b>SHALL</b></td><td>_content</td><td><code>string</code></td><td><div><p>Search the contents of the resource's data using a fulltext search</p>\n</div></td></tr><tr><td><b>SHALL</b></td><td>_has</td><td><code>string</code></td><td><div><p>Return resources linked to by the given target</p>\n</div></td></tr><tr><td><b>SHALL</b></td><td>_id</td><td><code>token</code></td><td><div><p>The ID of the resource</p>\n</div></td></tr><tr><td><b>SHALL</b></td><td>_language</td><td><code>string</code></td><td><div><p>The language of the resource</p>\n</div></td></tr><tr><td><b>SHALL</b></td><td>_lastUpdated</td><td><code>date</code></td><td><div><p>Only return resources which were last updated as specified by the given range</p>\n</div></td></tr><tr><td><b>SHALL</b></td><td>_profile</td><td><code>uri</code></td><td><div><p>Search for resources which have the given profile</p>\n</div></td></tr><tr><td><b>SHALL</b></td><td>_security</td><td><code>token</code></td><td><div><p>Search for resources which have the given security labels</p>\n</div></td></tr><tr><td><b>SHALL</b></td><td>_tag</td><td><code>token</code></td><td><div><p>Search for resources which have the given tag</p>\n</div></td></tr><tr><td><b>SHALL</b></td><td>_text</td><td><code>string</code></td><td><div><p>Search the contents of the resource's narrative using a fulltext search</p>\n</div></td></tr><tr><td><b>SHALL</b></td><td>actionGuidanceForReference</td><td><code>reference</code></td><td><div><p>Action guidance for reference</p>\n</div></td></tr><tr><td><b>SHALL</b></td><td>actionGuidanceForType</td><td><code>token</code></td><td><div><p>The action guidance for type</p>\n</div></td></tr><tr><td><b>SHALL</b></td><td>actionGuidanceType</td><td><code>token</code></td><td><div><p>The action guidance type</p>\n</div></td></tr><tr><td><b>SHALL</b></td><td>code</td><td><code>token</code></td><td><div><p>The code</p>\n</div></td></tr><tr><td><b>SHALL</b></td><td>context</td><td><code>token</code></td><td><div><p>A use context assigned to the action guidance</p>\n</div></td></tr><tr><td><b>SHALL</b></td><td>context-type</td><td><code>token</code></td><td><div><p>A type of use context assigned to the action guidance</p>\n</div></td></tr><tr><td><b>SHALL</b></td><td>context-type-value</td><td><code>composite</code></td><td><div><p>A use context type and value assigned to the action guidance</p>\n</div></td></tr><tr><td><b>SHALL</b></td><td>identifier</td><td><code>token</code></td><td><div><p>The identifier</p>\n</div></td></tr><tr><td><b>SHALL</b></td><td>intendedAudience</td><td><code>reference</code></td><td><div><p>The intended audience</p>\n</div></td></tr><tr><td><b>SHALL</b></td><td>recommendation</td><td><code>token</code></td><td><div><p>The recommendation</p>\n</div></td></tr><tr><td><b>SHALL</b></td><td>reference</td><td><code>reference</code></td><td><div><p>The modifier reference</p>\n</div></td></tr><tr><td><b>SHALL</b></td><td>role</td><td><code>token</code></td><td><div><p>The modifier role</p>\n</div></td></tr><tr><td><b>SHALL</b></td><td>status</td><td><code>token</code></td><td><div><p>The current status</p>\n</div></td></tr><tr><td><b>SHALL</b></td><td>viewForReference</td><td><code>reference</code></td><td><div><p>View for reference</p>\n</div></td></tr><tr><td><b>SHALL</b></td><td>viewForType</td><td><code>token</code></td><td><div><p>The view for type</p>\n</div></td></tr><tr><td><b>SHALL</b></td><td>viewType</td><td><code>token</code></td><td><div><p>The view type</p>\n</div></td></tr></tbody></table></div><div class=\"col-lg-5\">\u00a0</div></div><div class=\"row\"><div class=\"col-12\"><span class=\"lead\">Extended Operations</span><table class=\"table table-condensed table-hover\"><thead><tr><th>Conformance</th><th>Operation</th><th>Documentation</th></tr></thead><tbody><tr><td><b>SHALL</b></td><td>$validate</td><td><div/></td></tr></tbody></table></div></div></div></div></div><div class=\"panel panel-default\"><div class=\"panel-heading\"><h4 id=\"OperationDefinition1-2\" class=\"panel-title\"><span style=\"float: right;\">Resource Conformance: supported </span>OperationDefinition</h4></div><div class=\"panel-body\"><div class=\"container\"><div class=\"row\"><div class=\"col-lg-6\"><span class=\"lead\">Base System Profile</span><br/><a href=\"http://hl7.org/fhir/R4/operationdefinition.html\">OperationDefinition</a></div><div class=\"col-lg-3\"><span class=\"lead\">Profile Conformance</span><br/><b>SHALL</b></div><div class=\"col-lg-3\"><span class=\"lead\">Reference Policy</span><br/></div></div><p/><div class=\"row\"><div class=\"col-lg-6\"><span class=\"lead\">Interaction summary</span><br/><ul><li>Supports <code>read</code>.</li></ul></div></div><p/></div></div></div><div class=\"panel panel-default\"><div class=\"panel-heading\"><h4 id=\"Questionnaire1-3\" class=\"panel-title\"><span style=\"float: right;\">Resource Conformance: supported </span>Questionnaire</h4></div><div class=\"panel-body\"><div class=\"container\"><div class=\"row\"><div class=\"col-lg-6\"><span class=\"lead\">Base System Profile</span><br/><a href=\"http://hl7.org/fhir/R4/questionnaire.html\">Questionnaire</a></div><div class=\"col-lg-3\"><span class=\"lead\">Profile Conformance</span><br/><b>SHALL</b></div><div class=\"col-lg-3\"><span class=\"lead\">Reference Policy</span><br/></div></div><p/><div class=\"row\"><div class=\"col-lg-6\"><span class=\"lead\">Interaction summary</span><br/><ul><li>Supports <code>update</code>, <code>search-type</code>, <code>vread</code>, <code>read</code>, <code>delete</code>, <code>create</code>.</li></ul></div></div><p/><div class=\"row\"><div class=\"col-lg-7\"><span class=\"lead\">Search Parameters</span><table class=\"table table-condensed table-hover\"><thead><tr><th>Conformance</th><th>Parameter</th><th>Type</th><th>Documentation</th></tr></thead><tbody><tr><td><b>SHALL</b></td><td>_content</td><td><code>string</code></td><td><div><p>Search the contents of the resource's data using a fulltext search</p>\n</div></td></tr><tr><td><b>SHALL</b></td><td>_has</td><td><code>string</code></td><td><div><p>Return resources linked to by the given target</p>\n</div></td></tr><tr><td><b>SHALL</b></td><td>_id</td><td><code>token</code></td><td><div><p>The ID of the resource</p>\n</div></td></tr><tr><td><b>SHALL</b></td><td>_language</td><td><code>string</code></td><td><div><p>The language of the resource</p>\n</div></td></tr><tr><td><b>SHALL</b></td><td>_lastUpdated</td><td><code>date</code></td><td><div><p>Only return resources which were last updated as specified by the given range</p>\n</div></td></tr><tr><td><b>SHALL</b></td><td>_profile</td><td><code>uri</code></td><td><div><p>Search for resources which have the given profile</p>\n</div></td></tr><tr><td><b>SHALL</b></td><td>_security</td><td><code>token</code></td><td><div><p>Search for resources which have the given security labels</p>\n</div></td></tr><tr><td><b>SHALL</b></td><td>_tag</td><td><code>token</code></td><td><div><p>Search for resources which have the given tag</p>\n</div></td></tr><tr><td><b>SHALL</b></td><td>_text</td><td><code>string</code></td><td><div><p>Search the contents of the resource's narrative using a fulltext search</p>\n</div></td></tr><tr><td><b>SHALL</b></td><td>base</td><td><code>token</code></td><td><div><p>Base of resource</p>\n</div></td></tr><tr><td><b>SHALL</b></td><td>baseEnvironment</td><td><code>token</code></td><td><div><p>Base Environment of resource</p>\n</div></td></tr><tr><td><b>SHALL</b></td><td>code</td><td><code>token</code></td><td><div><p>A code that corresponds to one of its items in the questionnaire</p>\n</div></td></tr><tr><td><b>SHALL</b></td><td>context</td><td><code>token</code></td><td><div><p>A use context assigned to the questionnaire</p>\n</div></td></tr><tr><td><b>SHALL</b></td><td>context-type</td><td><code>token</code></td><td><div><p>A type of use context assigned to the questionnaire</p>\n</div></td></tr><tr><td><b>SHALL</b></td><td>context-type-value</td><td><code>composite</code></td><td><div><p>A use context type and value assigned to the questionnaire</p>\n</div></td></tr><tr><td><b>SHALL</b></td><td>date</td><td><code>date</code></td><td><div><p>The questionnaire publication date</p>\n</div></td></tr><tr><td><b>SHALL</b></td><td>description</td><td><code>string</code></td><td><div><p>The description of the questionnaire</p>\n</div></td></tr><tr><td><b>SHALL</b></td><td>effective</td><td><code>date</code></td><td><div><p>The time during which the questionnaire is intended to be in use</p>\n</div></td></tr><tr><td><b>SHALL</b></td><td>ehealthPredecessor</td><td><code>token</code></td><td><div><p>Predecessor of resource</p>\n</div></td></tr><tr><td><b>SHALL</b></td><td>employeeTitle</td><td><code>string</code></td><td><div><p>Title intended for clinicians</p>\n</div></td></tr><tr><td><b>SHALL</b></td><td>identifier</td><td><code>token</code></td><td><div><p>External identifier for the questionnaire</p>\n</div></td></tr><tr><td><b>SHALL</b></td><td>jurisdiction</td><td><code>token</code></td><td><div><p>Intended jurisdiction for the questionnaire</p>\n</div></td></tr><tr><td><b>SHALL</b></td><td>name</td><td><code>string</code></td><td><div><p>Computationally friendly name of the questionnaire</p>\n</div></td></tr><tr><td><b>SHALL</b></td><td>publisher</td><td><code>string</code></td><td><div><p>Name of the publisher of the questionnaire</p>\n</div></td></tr><tr><td><b>SHALL</b></td><td>reference</td><td><code>reference</code></td><td><div><p>Modifier reference</p>\n</div></td></tr><tr><td><b>SHALL</b></td><td>role</td><td><code>token</code></td><td><div><p>Modifier role</p>\n</div></td></tr><tr><td><b>SHALL</b></td><td>status</td><td><code>token</code></td><td><div><p>The current status of the questionnaire</p>\n</div></td></tr><tr><td><b>SHALL</b></td><td>title</td><td><code>string</code></td><td><div><p>The human-friendly name of the questionnaire</p>\n</div></td></tr><tr><td><b>SHALL</b></td><td>type</td><td><code>token</code></td><td><div><p>Questionnaire type</p>\n</div></td></tr><tr><td><b>SHALL</b></td><td>url</td><td><code>uri</code></td><td><div><p>The uri that identifies the questionnaire</p>\n</div></td></tr><tr><td><b>SHALL</b></td><td>version</td><td><code>token</code></td><td><div><p>The business version of the questionnaire</p>\n</div></td></tr></tbody></table></div><div class=\"col-lg-5\">\u00a0</div></div><div class=\"row\"><div class=\"col-12\"><span class=\"lead\">Extended Operations</span><table class=\"table table-condensed table-hover\"><thead><tr><th>Conformance</th><th>Operation</th><th>Documentation</th></tr></thead><tbody><tr><td><b>SHALL</b></td><td>$validate</td><td><div/></td></tr><tr><td><b>SHALL</b></td><td><a href=\"OperationDefinition-Questionnaire-i-create-clone.html\">$create-clone</a></td><td><div><h3>Input</h3>\n<ul>\n<li>resourceId: reference to the Questionnaire resource that should be cloned</li>\n<li>clone-operation: minor-version/major-version/copy Coding from codesystem: http://ehealth.sundhed.dk/cs/ehealth-clone-operation</li>\n</ul>\n<h3>Output</h3>\n<p>Bundle containing all resources that were created during the operation.</p>\n<h3>Validation</h3>\n<ul>\n<li>New business versions require that the user has modifier-role: owner or co-author for the resource</li>\n<li>New copy does not require that the user has a modifier-role.</li>\n<li>New business version can be made only when no draft resource exists (having identical base identifier).</li>\n<li>Read/search/create privileges are required for the resource types affected by $create-clone</li>\n</ul>\n</div></td></tr></tbody></table></div></div></div></div></div><div class=\"panel panel-default\"><div class=\"panel-heading\"><h4 id=\"StructureDefinition1-4\" class=\"panel-title\"><span style=\"float: right;\">Resource Conformance: supported </span>StructureDefinition</h4></div><div class=\"panel-body\"><div class=\"container\"><div class=\"row\"><div class=\"col-lg-6\"><span class=\"lead\">Base System Profile</span><br/><a href=\"StructureDefinition-ehealth-definedquestion.html\">ehealth-definedquestion</a></div><div class=\"col-lg-3\"><span class=\"lead\">Profile Conformance</span><br/><b>SHALL</b></div><div class=\"col-lg-3\"><span class=\"lead\">Reference Policy</span><br/></div></div><p/><div class=\"row\"><div class=\"col-lg-6\"><span class=\"lead\">Interaction summary</span><br/><ul><li>Supports <code>update</code>, <code>search-type</code>, <code>vread</code>, <code>read</code>, <code>delete</code>, <code>create</code>.</li></ul></div></div><p/><div class=\"row\"><div class=\"col-lg-7\"><span class=\"lead\">Search Parameters</span><table class=\"table table-condensed table-hover\"><thead><tr><th>Conformance</th><th>Parameter</th><th>Type</th><th>Documentation</th></tr></thead><tbody><tr><td><b>SHALL</b></td><td>_content</td><td><code>string</code></td><td><div><p>Search the contents of the resource's data using a fulltext search</p>\n</div></td></tr><tr><td><b>SHALL</b></td><td>_filter</td><td><code>string</code></td><td><div><p>Search the contents of the resource's data using a filter</p>\n</div></td></tr><tr><td><b>SHALL</b></td><td>_has</td><td><code>string</code></td><td><div><p>Return resources linked to by the given target</p>\n</div></td></tr><tr><td><b>SHALL</b></td><td>_id</td><td><code>token</code></td><td><div><p>The ID of the resource</p>\n</div></td></tr><tr><td><b>SHALL</b></td><td>_language</td><td><code>string</code></td><td><div><p>The language of the resource</p>\n</div></td></tr><tr><td><b>SHALL</b></td><td>_lastUpdated</td><td><code>date</code></td><td><div><p>Only return resources which were last updated as specified by the given range</p>\n</div></td></tr><tr><td><b>SHALL</b></td><td>_profile</td><td><code>uri</code></td><td><div><p>Search for resources which have the given profile</p>\n</div></td></tr><tr><td><b>SHALL</b></td><td>_security</td><td><code>token</code></td><td><div><p>Search for resources which have the given security labels</p>\n</div></td></tr><tr><td><b>SHALL</b></td><td>_source</td><td><code>uri</code></td><td><div><p>Search for resources which have the given source value (Resource.meta.source)</p>\n</div></td></tr><tr><td><b>SHALL</b></td><td>_tag</td><td><code>token</code></td><td><div><p>Search for resources which have the given tag</p>\n</div></td></tr><tr><td><b>SHALL</b></td><td>_text</td><td><code>string</code></td><td><div><p>Search the contents of the resource's narrative using a fulltext search</p>\n</div></td></tr><tr><td><b>SHALL</b></td><td>abstract</td><td><code>token</code></td><td><div><p>Whether the structure is abstract</p>\n</div></td></tr><tr><td><b>SHALL</b></td><td>base</td><td><code>uri</code></td><td><div><p>Definition that this type is constrained/specialized from</p>\n</div></td></tr><tr><td><b>SHALL</b></td><td>base-path</td><td><code>token</code></td><td><div><p>Path that identifies the base element</p>\n</div></td></tr><tr><td><b>SHALL</b></td><td>context-type</td><td><code>token</code></td><td><div><p>resource | datatype | extension</p>\n</div></td></tr><tr><td><b>SHALL</b></td><td>date</td><td><code>date</code></td><td><div><p>The structure definition publication date</p>\n</div></td></tr><tr><td><b>SHALL</b></td><td>derivation</td><td><code>token</code></td><td><div><p>specialization | constraint - How relates to base definition</p>\n</div></td></tr><tr><td><b>SHALL</b></td><td>description</td><td><code>string</code></td><td><div><p>The description of the structure definition</p>\n</div></td></tr><tr><td><b>SHALL</b></td><td>experimental</td><td><code>token</code></td><td><div><p>For testing purposes, not real usage</p>\n</div></td></tr><tr><td><b>SHALL</b></td><td>ext-context</td><td><code>string</code></td><td><div><p>Where the extension can be used in instances</p>\n</div></td></tr><tr><td><b>SHALL</b></td><td>identifier</td><td><code>token</code></td><td><div><p>External identifier for the structure definition</p>\n</div></td></tr><tr><td><b>SHALL</b></td><td>jurisdiction</td><td><code>token</code></td><td><div><p>Intended jurisdiction for the structure definition</p>\n</div></td></tr><tr><td><b>SHALL</b></td><td>keyword</td><td><code>token</code></td><td><div><p>A code for the profile</p>\n</div></td></tr><tr><td><b>SHALL</b></td><td>kind</td><td><code>token</code></td><td><div><p>primitive-type | complex-type | resource | logical</p>\n</div></td></tr><tr><td><b>SHALL</b></td><td>name</td><td><code>string</code></td><td><div><p>Computationally friendly name of the structure definition</p>\n</div></td></tr><tr><td><b>SHALL</b></td><td>path</td><td><code>token</code></td><td><div><p>A path that is constrained in the profile</p>\n</div></td></tr><tr><td><b>SHALL</b></td><td>publisher</td><td><code>string</code></td><td><div><p>Name of the publisher of the structure definition</p>\n</div></td></tr><tr><td><b>SHALL</b></td><td>status</td><td><code>token</code></td><td><div><p>The current status of the structure definition</p>\n</div></td></tr><tr><td><b>SHALL</b></td><td>title</td><td><code>string</code></td><td><div><p>The human-friendly name of the structure definition</p>\n</div></td></tr><tr><td><b>SHALL</b></td><td>type</td><td><code>token</code></td><td><div><p>Type defined or constrained by this structure</p>\n</div></td></tr><tr><td><b>SHALL</b></td><td>url</td><td><code>uri</code></td><td><div><p>The uri that identifies the structure definition</p>\n</div></td></tr><tr><td><b>SHALL</b></td><td>valueset</td><td><code>reference</code></td><td><div><p>A vocabulary binding reference</p>\n</div></td></tr><tr><td><b>SHALL</b></td><td>version</td><td><code>token</code></td><td><div><p>The business version of the structure definition</p>\n</div></td></tr></tbody></table></div><div class=\"col-lg-5\">\u00a0</div></div><div class=\"row\"><div class=\"col-12\"><span class=\"lead\">Extended Operations</span><table class=\"table table-condensed table-hover\"><thead><tr><th>Conformance</th><th>Operation</th><th>Documentation</th></tr></thead><tbody><tr><td><b>SHALL</b></td><td>$validate</td><td><div/></td></tr></tbody></table></div></div></div></div></div><h3 id=\"operationsCap1\">Operations</h3><h4 id=\"operationsSummary1\">Use</h4></div>"
  },
  "url" : "http://ehealth.sundhed.dk/fhir/CapabilityStatement/questionnaire",
  "version" : "3.4.1",
  "name" : "questionnaire",
  "status" : "active",
  "date" : "2025-02-06T09:19:28.659+00:00",
  "publisher" : "Den telemedicinske infrastruktur (eHealth Infrastructure)",
  "contact" : [{
    "name" : "Den telemedicinske infrastruktur (eHealth Infrastructure)",
    "telecom" : [{
      "system" : "url",
      "value" : "http://ehealth.sundhed.dk"
    }]
  }],
  "jurisdiction" : [{
    "coding" : [{
      "system" : "urn:iso:std:iso:3166",
      "code" : "DK",
      "display" : "Denmark"
    }]
  }],
  "kind" : "instance",
  "software" : {
    "name" : "questionnaire",
    "version" : "2.7.0"
  },
  "implementation" : {
    "description" : "eHealth questionnaire service",
    "url" : "https://questionnaire.devtest.systematic-ehealth.com/fhir"
  },
  "fhirVersion" : "4.0.1",
  "format" : ["application/fhir+xml",
  "xml",
  "application/fhir+json",
  "json",
  "application/x-turtle",
  "ttl",
  "html/json",
  "html/xml",
  "html/turtle"],
  "rest" : [{
    "mode" : "server",
    "resource" : [{
      "type" : "Basic",
      "profile" : "http://hl7.org/fhir/StructureDefinition/Basic",
      "interaction" : [{
        "code" : "update"
      },
      {
        "code" : "search-type"
      },
      {
        "code" : "vread"
      },
      {
        "code" : "read"
      },
      {
        "code" : "create"
      }],
      "conditionalCreate" : true,
      "conditionalUpdate" : true,
      "searchInclude" : ["*"],
      "searchRevInclude" : ["Basic:actionGuidanceForReference",
      "Basic:intendedAudience",
      "Basic:reference",
      "Basic:viewForReference",
      "Questionnaire:reference",
      "StructureDefinition:valueset"],
      "searchParam" : [{
        "name" : "_content",
        "type" : "string",
        "documentation" : "Search the contents of the resource's data using a fulltext search"
      },
      {
        "name" : "_has",
        "type" : "string",
        "documentation" : "Return resources linked to by the given target"
      },
      {
        "name" : "_id",
        "type" : "token",
        "documentation" : "The ID of the resource"
      },
      {
        "name" : "_language",
        "type" : "string",
        "documentation" : "The language of the resource"
      },
      {
        "name" : "_lastUpdated",
        "type" : "date",
        "documentation" : "Only return resources which were last updated as specified by the given range"
      },
      {
        "name" : "_profile",
        "type" : "uri",
        "documentation" : "Search for resources which have the given profile"
      },
      {
        "name" : "_security",
        "type" : "token",
        "documentation" : "Search for resources which have the given security labels"
      },
      {
        "name" : "_tag",
        "type" : "token",
        "documentation" : "Search for resources which have the given tag"
      },
      {
        "name" : "_text",
        "type" : "string",
        "documentation" : "Search the contents of the resource's narrative using a fulltext search"
      },
      {
        "name" : "actionGuidanceForReference",
        "type" : "reference",
        "documentation" : "Action guidance for reference"
      },
      {
        "name" : "actionGuidanceForType",
        "type" : "token",
        "documentation" : "The action guidance for type"
      },
      {
        "name" : "actionGuidanceType",
        "type" : "token",
        "documentation" : "The action guidance type"
      },
      {
        "name" : "code",
        "type" : "token",
        "documentation" : "The code"
      },
      {
        "name" : "context",
        "type" : "token",
        "documentation" : "A use context assigned to the action guidance"
      },
      {
        "name" : "context-type",
        "type" : "token",
        "documentation" : "A type of use context assigned to the action guidance"
      },
      {
        "name" : "context-type-value",
        "type" : "composite",
        "documentation" : "A use context type and value assigned to the action guidance"
      },
      {
        "name" : "identifier",
        "type" : "token",
        "documentation" : "The identifier"
      },
      {
        "name" : "intendedAudience",
        "type" : "reference",
        "documentation" : "The intended audience"
      },
      {
        "name" : "recommendation",
        "type" : "token",
        "documentation" : "The recommendation"
      },
      {
        "name" : "reference",
        "type" : "reference",
        "documentation" : "The modifier reference"
      },
      {
        "name" : "role",
        "type" : "token",
        "documentation" : "The modifier role"
      },
      {
        "name" : "status",
        "type" : "token",
        "documentation" : "The current status"
      },
      {
        "name" : "viewForReference",
        "type" : "reference",
        "documentation" : "View for reference"
      },
      {
        "name" : "viewForType",
        "type" : "token",
        "documentation" : "The view for type"
      },
      {
        "name" : "viewType",
        "type" : "token",
        "documentation" : "The view type"
      }],
      "operation" : [{
        "name" : "validate",
        "definition" : "https://questionnaire.devtest.systematic-ehealth.com/fhir/OperationDefinition/Multi-it-validate"
      }]
    },
    {
      "type" : "OperationDefinition",
      "profile" : "http://hl7.org/fhir/StructureDefinition/OperationDefinition",
      "interaction" : [{
        "code" : "read"
      }],
      "searchInclude" : ["*"],
      "searchRevInclude" : ["Basic:actionGuidanceForReference",
      "Basic:intendedAudience",
      "Basic:reference",
      "Basic:viewForReference",
      "Questionnaire:reference",
      "StructureDefinition:valueset"]
    },
    {
      "type" : "Questionnaire",
      "profile" : "http://hl7.org/fhir/StructureDefinition/Questionnaire",
      "interaction" : [{
        "code" : "update"
      },
      {
        "code" : "search-type"
      },
      {
        "code" : "vread"
      },
      {
        "code" : "read"
      },
      {
        "code" : "delete"
      },
      {
        "code" : "create"
      }],
      "conditionalCreate" : true,
      "conditionalUpdate" : true,
      "searchInclude" : ["*"],
      "searchRevInclude" : ["Basic:actionGuidanceForReference",
      "Basic:intendedAudience",
      "Basic:reference",
      "Basic:viewForReference",
      "Questionnaire:reference",
      "StructureDefinition:valueset"],
      "searchParam" : [{
        "name" : "_content",
        "type" : "string",
        "documentation" : "Search the contents of the resource's data using a fulltext search"
      },
      {
        "name" : "_has",
        "type" : "string",
        "documentation" : "Return resources linked to by the given target"
      },
      {
        "name" : "_id",
        "type" : "token",
        "documentation" : "The ID of the resource"
      },
      {
        "name" : "_language",
        "type" : "string",
        "documentation" : "The language of the resource"
      },
      {
        "name" : "_lastUpdated",
        "type" : "date",
        "documentation" : "Only return resources which were last updated as specified by the given range"
      },
      {
        "name" : "_profile",
        "type" : "uri",
        "documentation" : "Search for resources which have the given profile"
      },
      {
        "name" : "_security",
        "type" : "token",
        "documentation" : "Search for resources which have the given security labels"
      },
      {
        "name" : "_tag",
        "type" : "token",
        "documentation" : "Search for resources which have the given tag"
      },
      {
        "name" : "_text",
        "type" : "string",
        "documentation" : "Search the contents of the resource's narrative using a fulltext search"
      },
      {
        "name" : "base",
        "type" : "token",
        "documentation" : "Base of resource"
      },
      {
        "name" : "baseEnvironment",
        "type" : "token",
        "documentation" : "Base Environment of resource"
      },
      {
        "name" : "code",
        "type" : "token",
        "documentation" : "A code that corresponds to one of its items in the questionnaire"
      },
      {
        "name" : "context",
        "type" : "token",
        "documentation" : "A use context assigned to the questionnaire"
      },
      {
        "name" : "context-type",
        "type" : "token",
        "documentation" : "A type of use context assigned to the questionnaire"
      },
      {
        "name" : "context-type-value",
        "type" : "composite",
        "documentation" : "A use context type and value assigned to the questionnaire"
      },
      {
        "name" : "date",
        "type" : "date",
        "documentation" : "The questionnaire publication date"
      },
      {
        "name" : "description",
        "type" : "string",
        "documentation" : "The description of the questionnaire"
      },
      {
        "name" : "effective",
        "type" : "date",
        "documentation" : "The time during which the questionnaire is intended to be in use"
      },
      {
        "name" : "ehealthPredecessor",
        "type" : "token",
        "documentation" : "Predecessor of resource"
      },
      {
        "name" : "employeeTitle",
        "type" : "string",
        "documentation" : "Title intended for clinicians"
      },
      {
        "name" : "identifier",
        "type" : "token",
        "documentation" : "External identifier for the questionnaire"
      },
      {
        "name" : "jurisdiction",
        "type" : "token",
        "documentation" : "Intended jurisdiction for the questionnaire"
      },
      {
        "name" : "name",
        "type" : "string",
        "documentation" : "Computationally friendly name of the questionnaire"
      },
      {
        "name" : "publisher",
        "type" : "string",
        "documentation" : "Name of the publisher of the questionnaire"
      },
      {
        "name" : "reference",
        "type" : "reference",
        "documentation" : "Modifier reference"
      },
      {
        "name" : "role",
        "type" : "token",
        "documentation" : "Modifier role"
      },
      {
        "name" : "status",
        "type" : "token",
        "documentation" : "The current status of the questionnaire"
      },
      {
        "name" : "title",
        "type" : "string",
        "documentation" : "The human-friendly name of the questionnaire"
      },
      {
        "name" : "type",
        "type" : "token",
        "documentation" : "Questionnaire type"
      },
      {
        "name" : "url",
        "type" : "uri",
        "documentation" : "The uri that identifies the questionnaire"
      },
      {
        "name" : "version",
        "type" : "token",
        "documentation" : "The business version of the questionnaire"
      }],
      "operation" : [{
        "name" : "validate",
        "definition" : "https://questionnaire.devtest.systematic-ehealth.com/fhir/OperationDefinition/Multi-it-validate"
      },
      {
        "name" : "create-clone",
        "definition" : "https://questionnaire.devtest.systematic-ehealth.com/fhir/OperationDefinition/Questionnaire-i-create-clone",
        "documentation" : "### Input\n- resourceId: reference to the Questionnaire resource that should be cloned\n- clone-operation: minor-version/major-version/copy Coding from codesystem: http://ehealth.sundhed.dk/cs/ehealth-clone-operation \n\n### Output\nBundle containing all resources that were created during the operation.\n\n### Validation\n- New business versions require that the user has modifier-role: owner or co-author for the resource\n- New copy does not require that the user has a modifier-role.\n- New business version can be made only when no draft resource exists (having identical base identifier).\n- Read/search/create privileges are required for the resource types affected by $create-clone"
      }]
    },
    {
      "type" : "StructureDefinition",
      "profile" : "http://ehealth.sundhed.dk/fhir/StructureDefinition/ehealth-definedquestion",
      "interaction" : [{
        "code" : "update"
      },
      {
        "code" : "search-type"
      },
      {
        "code" : "vread"
      },
      {
        "code" : "read"
      },
      {
        "code" : "delete"
      },
      {
        "code" : "create"
      }],
      "conditionalCreate" : true,
      "conditionalUpdate" : true,
      "conditionalDelete" : "single",
      "searchInclude" : ["*",
      "StructureDefinition:valueset"],
      "searchRevInclude" : ["Basic:actionGuidanceForReference",
      "Basic:intendedAudience",
      "Basic:reference",
      "Basic:viewForReference",
      "Questionnaire:reference",
      "StructureDefinition:valueset"],
      "searchParam" : [{
        "name" : "_content",
        "type" : "string",
        "documentation" : "Search the contents of the resource's data using a fulltext search"
      },
      {
        "name" : "_filter",
        "type" : "string",
        "documentation" : "Search the contents of the resource's data using a filter"
      },
      {
        "name" : "_has",
        "type" : "string",
        "documentation" : "Return resources linked to by the given target"
      },
      {
        "name" : "_id",
        "type" : "token",
        "documentation" : "The ID of the resource"
      },
      {
        "name" : "_language",
        "type" : "string",
        "documentation" : "The language of the resource"
      },
      {
        "name" : "_lastUpdated",
        "type" : "date",
        "documentation" : "Only return resources which were last updated as specified by the given range"
      },
      {
        "name" : "_profile",
        "type" : "uri",
        "documentation" : "Search for resources which have the given profile"
      },
      {
        "name" : "_security",
        "type" : "token",
        "documentation" : "Search for resources which have the given security labels"
      },
      {
        "name" : "_source",
        "type" : "uri",
        "documentation" : "Search for resources which have the given source value (Resource.meta.source)"
      },
      {
        "name" : "_tag",
        "type" : "token",
        "documentation" : "Search for resources which have the given tag"
      },
      {
        "name" : "_text",
        "type" : "string",
        "documentation" : "Search the contents of the resource's narrative using a fulltext search"
      },
      {
        "name" : "abstract",
        "type" : "token",
        "documentation" : "Whether the structure is abstract"
      },
      {
        "name" : "base",
        "type" : "uri",
        "documentation" : "Definition that this type is constrained/specialized from"
      },
      {
        "name" : "base-path",
        "type" : "token",
        "documentation" : "Path that identifies the base element"
      },
      {
        "name" : "context-type",
        "type" : "token",
        "documentation" : "resource | datatype | extension"
      },
      {
        "name" : "date",
        "type" : "date",
        "documentation" : "The structure definition publication date"
      },
      {
        "name" : "derivation",
        "type" : "token",
        "documentation" : "specialization | constraint - How relates to base definition"
      },
      {
        "name" : "description",
        "type" : "string",
        "documentation" : "The description of the structure definition"
      },
      {
        "name" : "experimental",
        "type" : "token",
        "documentation" : "For testing purposes, not real usage"
      },
      {
        "name" : "ext-context",
        "type" : "string",
        "documentation" : "Where the extension can be used in instances"
      },
      {
        "name" : "identifier",
        "type" : "token",
        "documentation" : "External identifier for the structure definition"
      },
      {
        "name" : "jurisdiction",
        "type" : "token",
        "documentation" : "Intended jurisdiction for the structure definition"
      },
      {
        "name" : "keyword",
        "type" : "token",
        "documentation" : "A code for the profile"
      },
      {
        "name" : "kind",
        "type" : "token",
        "documentation" : "primitive-type | complex-type | resource | logical"
      },
      {
        "name" : "name",
        "type" : "string",
        "documentation" : "Computationally friendly name of the structure definition"
      },
      {
        "name" : "path",
        "type" : "token",
        "documentation" : "A path that is constrained in the profile"
      },
      {
        "name" : "publisher",
        "type" : "string",
        "documentation" : "Name of the publisher of the structure definition"
      },
      {
        "name" : "status",
        "type" : "token",
        "documentation" : "The current status of the structure definition"
      },
      {
        "name" : "title",
        "type" : "string",
        "documentation" : "The human-friendly name of the structure definition"
      },
      {
        "name" : "type",
        "type" : "token",
        "documentation" : "Type defined or constrained by this structure"
      },
      {
        "name" : "url",
        "type" : "uri",
        "documentation" : "The uri that identifies the structure definition"
      },
      {
        "name" : "valueset",
        "type" : "reference",
        "documentation" : "A vocabulary binding reference"
      },
      {
        "name" : "version",
        "type" : "token",
        "documentation" : "The business version of the structure definition"
      }],
      "operation" : [{
        "name" : "validate",
        "definition" : "https://questionnaire.devtest.systematic-ehealth.com/fhir/OperationDefinition/Multi-it-validate"
      }]
    }],
    "operation" : [{
      "name" : "migrate",
      "definition" : "https://questionnaire.devtest.systematic-ehealth.com/fhir/OperationDefinition/-s-migrate",
      "documentation" : "Data migration"
    },
    {
      "name" : "reindex-terminology",
      "definition" : "https://questionnaire.devtest.systematic-ehealth.com/fhir/OperationDefinition/-s-reindex-terminology"
    },
    {
      "name" : "meta",
      "definition" : "https://questionnaire.devtest.systematic-ehealth.com/fhir/OperationDefinition/-s-meta"
    },
    {
      "name" : "get-resource-counts",
      "definition" : "https://questionnaire.devtest.systematic-ehealth.com/fhir/OperationDefinition/-s-get-resource-counts",
      "documentation" : "Provides the number of resources currently stored on the server, broken down by resource type"
    }]
  }]
}