{
  "resourceType" : "CapabilityStatement",
  "id" : "document-query",
  "text" : {
    "status" : "extensions",
    "div" : "<div xmlns=\"http://www.w3.org/1999/xhtml\"><p class=\"res-header-id\"><b>Generated Narrative: CapabilityStatement document-query</b></p><a name=\"document-query\"> </a><a name=\"hcdocument-query\"> </a><a name=\"document-query-da-DK\"> </a><h2 id=\"title\"/><ul><li>Implementation Guide Version: 3.4.0 </li><li>FHIR Version: 4.0.1 </li><li>Supported Formats: <code>application/fhir+xml</code>, <code>xml</code>, <code>application/fhir+json</code>, <code>json</code>, <code>application/x-turtle</code>, <code>ttl</code>, <code>html/json</code>, <code>html/xml</code>, <code>html/turtle</code></li><li>Supported Patch Formats: </li><li>Published on: 2025-02-06 09:20:35+0000 </li><li>Published by: Den telemedicinske infrastruktur (eHealth Infrastructure) </li></ul><blockquote class=\"impl-note\"><p><strong>Note to Implementers: FHIR Capabilities</strong></p><p>Any FHIR capability may be 'allowed' by the system unless explicitly marked as 'SHALL NOT'. A few items are marked as MAY in the Implementation Guide to highlight their potential relevance to the use case.</p></blockquote><h2 id=\"rest\">FHIR RESTful Capabilities</h2><div class=\"panel panel-default\"><div class=\"panel-heading\"><h3 id=\"mode1\" class=\"panel-title\">Mode: <code>server</code></h3></div><div class=\"panel-body\"><div class=\"lead\"><em>Summary of System-wide Interactions</em></div></div></div><h3 id=\"resourcesCap1\">Capabilities by Resource/Profile</h3><h4 id=\"resourcesSummary1\">Summary</h4><p>The summary table lists the resources that are part of this configuration, and for each resource it lists:</p><ul><li>The relevant profiles (if any)</li><li>The interactions supported by each resource (<b><span class=\"bg-info\">R</span></b>ead, <b><span class=\"bg-info\">S</span></b>earch, <b><span class=\"bg-info\">U</span></b>pdate, and <b><span class=\"bg-info\">C</span></b>reate, are always shown, while <b><span class=\"bg-info\">VR</span></b>ead, <b><span class=\"bg-info\">P</span></b>atch, <b><span class=\"bg-info\">D</span></b>elete, <b><span class=\"bg-info\">H</span></b>istory on <b><span class=\"bg-info\">I</span></b>nstance, or <b><span class=\"bg-info\">H</span></b>istory on <b><span class=\"bg-info\">T</span></b>ype are only present if at least one of the resources has support for them.</li><li><span>The required, recommended, and some optional search parameters (if any). </span></li><li>The linked resources enabled for <code>_include</code></li><li>The other resources enabled for <code>_revinclude</code></li><li>The operations on the resource (if any)</li></ul><div class=\"table-responsive\"><table class=\"table table-condensed table-hover\"><thead><tr><th><b>Resource Type</b></th><th><b>Profile</b></th><th class=\"text-center\"><b title=\"GET a resource (read interaction)\">R</b></th><th class=\"text-center\"><b title=\"GET all set of resources of the type (search interaction)\">S</b></th><th class=\"text-center\"><b title=\"PUT a new resource version (update interaction)\">U</b></th><th class=\"text-center\"><b title=\"POST a new resource (create interaction)\">C</b></th><th><b title=\"Required and recommended search parameters\">Searches</b></th><th><code><b>_include</b></code></th><th><code><b>_revinclude</b></code></th><th><b>Operations</b></th></tr></thead><tbody><tr><td><a href=\"#Binary1-1\">Binary</a></td><td><a href=\"http://hl7.org/fhir/R4/binary.html\">http://hl7.org/fhir/StructureDefinition/Binary</a></td><td class=\"text-center\"></td><td class=\"text-center\"></td><td class=\"text-center\"></td><td class=\"text-center\"></td><td></td><td><code>*</code></td><td><code>DocumentReference:patient</code></td><td><code>$retrieve-document</code></td></tr><tr><td><a href=\"#Bundle1-2\">Bundle</a></td><td><a href=\"http://hl7.org/fhir/R4/bundle.html\">http://hl7.org/fhir/StructureDefinition/Bundle</a></td><td class=\"text-center\"></td><td class=\"text-center\"></td><td class=\"text-center\"></td><td class=\"text-center\"></td><td></td><td><code>*</code></td><td><code>DocumentReference:patient</code></td><td><code>$retrieve-and-transform-QRD</code>, <code>$retrieve-and-transform-PHMR</code>, <code>$retrieve-and-transform-APD</code></td></tr><tr><td><a href=\"#DocumentReference1-3\">DocumentReference</a></td><td><a href=\"StructureDefinition-ehealth-documentreference.html\">http://ehealth.sundhed.dk/fhir/StructureDefinition/ehealth-documentreference</a></td><td class=\"text-center\"></td><td class=\"text-center\">y</td><td class=\"text-center\"></td><td class=\"text-center\"></td><td>status, category, consentOverride, date, event, facility, format, patient, patient-identifier, period, reason, setting, type</td><td><code>*</code>, <code>DocumentReference:patient</code></td><td><code>DocumentReference:patient</code></td><td/></tr><tr><td><a href=\"#OperationDefinition1-4\">OperationDefinition</a></td><td><a href=\"http://hl7.org/fhir/R4/operationdefinition.html\">http://hl7.org/fhir/StructureDefinition/OperationDefinition</a></td><td class=\"text-center\">y</td><td class=\"text-center\"></td><td class=\"text-center\"></td><td class=\"text-center\"></td><td></td><td><code>*</code></td><td><code>DocumentReference:patient</code></td><td/></tr></tbody></table></div><hr/><div class=\"panel panel-default\"><div class=\"panel-heading\"><h4 id=\"Binary1-1\" class=\"panel-title\"><span style=\"float: right;\">Resource Conformance: supported </span>Binary</h4></div><div class=\"panel-body\"><div class=\"container\"><div class=\"row\"><div class=\"col-lg-6\"><span class=\"lead\">Base System Profile</span><br/><a href=\"http://hl7.org/fhir/R4/binary.html\">Binary</a></div><div class=\"col-lg-3\"><span class=\"lead\">Profile Conformance</span><br/><b>SHALL</b></div><div class=\"col-lg-3\"><span class=\"lead\">Reference Policy</span><br/></div></div><p/><div class=\"row\"><div class=\"col-lg-6\"><span class=\"lead\">Interaction summary</span><br/><ul/></div></div><p/><div class=\"row\"><div class=\"col-12\"><span class=\"lead\">Extended Operations</span><table class=\"table table-condensed table-hover\"><thead><tr><th>Conformance</th><th>Operation</th><th>Documentation</th></tr></thead><tbody><tr><td><b>SHALL</b></td><td><a href=\"OperationDefinition-Binary-t-retrieve-document.html\">$retrieve-document</a></td><td><div><p>Input (url) is the element DocumentReference.content.attachment.url for metadata about the QRD/APD/PHMR document as returned from the DocumentReference search operation performing a query to national document sharing infrastructure. The url, which shall be used as-is in this operation, is an encoding of the XDS DocumentEntry.uniqueId, XDS DocumentEntry.repositoryUniqueId and XDS DocumentEntry.homeCommunityId metadata attributes needed to retrieve the document. Input (consentOverride) signifies, when set to true, that the retrieve of a document shall be performed with override of any withholding of information possibly performed  by the national document sharing service in accordance with patient's consents. Override of consents constitutes a form of break-the-glass invocation, known in Danish as værdispring.The preferred method is to call this operation without consent override and to only call with consent override when necessary. Input (reason) is mandatory when input element consentOverride is set to true. The string input is intended as a placeholder for the user's rationale for choosing to override consents.The value is logged in the Infrastructure.</p>\n</div></td></tr></tbody></table></div></div></div></div></div><div class=\"panel panel-default\"><div class=\"panel-heading\"><h4 id=\"Bundle1-2\" class=\"panel-title\"><span style=\"float: right;\">Resource Conformance: supported </span>Bundle</h4></div><div class=\"panel-body\"><div class=\"container\"><div class=\"row\"><div class=\"col-lg-6\"><span class=\"lead\">Base System Profile</span><br/><a href=\"http://hl7.org/fhir/R4/bundle.html\">Bundle</a></div><div class=\"col-lg-3\"><span class=\"lead\">Profile Conformance</span><br/><b>SHALL</b></div><div class=\"col-lg-3\"><span class=\"lead\">Reference Policy</span><br/></div></div><p/><div class=\"row\"><div class=\"col-lg-6\"><span class=\"lead\">Interaction summary</span><br/><ul/></div></div><p/><div class=\"row\"><div class=\"col-12\"><span class=\"lead\">Extended Operations</span><table class=\"table table-condensed table-hover\"><thead><tr><th>Conformance</th><th>Operation</th><th>Documentation</th></tr></thead><tbody><tr><td><b>SHALL</b></td><td><a href=\"OperationDefinition-Bundle-t-retrieve-and-transform-QRD.html\">$retrieve-and-transform-QRD</a></td><td><div><p>Retrieves a DK-HL7 Questionnaire Response Document (QRD) XML document from national document sharing infrastructure and transforms the QRD XML document to a FHIR QuestionnaireResponse (ehealth-questionnaireresponse profile) resource.Input (url) is the element DocumentReference.content.attachment.url for metadata about the QRD document as returned from the DocumentReference search operation performing a query to national document sharing infrastructure. The url, which shall be used as-is in this operation, is an encoding of the XDS DocumentEntry.uniqueId, XDS DocumentEntry.repositoryUniqueId and XDS DocumentEntry.homeCommunityId metadata attributes needed to retrieve the document. Input (bundle) must contain a Questionnaire FHIR resource corresponding to the questionnaire definition (QFDD) that the QRD references and is a response to.Input (consentOverride) signifies, when set to true, that the retrieve of a document shall be performed with override of any withholding of information possibly performed by the national document sharing service in accordance with patient's consents. Override of consents constitutes a form of break-the-glass invocation, known in Danish as værdispring. The preferred method is to call this operation without consent override and to only call with consent override when necessary. Input (reason) is mandatory when input element consentOverride is set to true. The string input is intended as a placeholder for the user's rationale for choosing to override consents. The value is logged in the Infrastructure.The returned FHIR Bundle contains a FHIR Composition (ehealth-composition profile) resource referencing a FHIR QuestionnaireResponse (ehealth-documentreference profile) resource, if the Questionnaire FHIR resource was provided as an input, and if the transformation was successful.If the Questionnaire FHIR resource was not provided as an input, or if the transformation was not successful, the returned FHIR Bundle contains the QRD XML document that was retrieved from the national document sharing infrastructure.</p>\n</div></td></tr><tr><td><b>SHALL</b></td><td><a href=\"OperationDefinition-Bundle-t-retrieve-and-transform-PHMR.html\">$retrieve-and-transform-PHMR</a></td><td><div><p>Retrieves a DK-HL7 Personal Health Monitoring Report (PHMR) XML document from national document sharing infrastructure and transforms the PHMR XML document to FHIR Observation (ehealth-observation profile) resources.Input (url) is the element DocumentReference.content.attachment.url for metadata about the PHMR document as returned from the DocumentReference search operation performing a query to national document sharing infrastructure. The url, which shall be used as-is in this operation, is an encoding of the XDS DocumentEntry.uniqueId, XDS DocumentEntry.repositoryUniqueId and XDS DocumentEntry.homeCommunityId metadata attributes needed to retrieve the document. Input (consentOverride) signifies, when set to true, that the retrieve of a document shall be performed with override of any withholding of information possibly performed by the national document sharing service in accordance with patient's consents. Override of consents constitutes a form of break-the-glass invocation, known in Danish as værdispring. The preferred method is to call this operation without consent override and to only call with consent override when necessary. Input (reason) is mandatory when input element consentOverride is set to true. The string input is intended as a placeholder for the user's rationale for choosing to override consents. The value is logged in the Infrastructure.The returned FHIR Bundle contains a FHIR Composition (ehealth-composition profile) resource referencing one or more FHIR Observation (ehealth-observation profile) resources and referenced resources such as FHIR Organization.</p>\n</div></td></tr><tr><td><b>SHALL</b></td><td><a href=\"OperationDefinition-Bundle-t-retrieve-and-transform-APD.html\">$retrieve-and-transform-APD</a></td><td><div><p>Retrieves a DK-HL7 Appointment (APD) XML document from national document sharing infrastructure and transforms the APD XML document to a FHIR Appointment (ehealth-appointment profile) resource.Input (url) is the element DocumentReference.content.attachment.url for metadata about the APD document as returned from the DocumentReference search operation performing a query to national document sharing infrastructure. The url, which shall be used as-is in this operation, is an encoding of the XDS DocumentEntry.uniqueId, XDS DocumentEntry.repositoryUniqueId and XDS DocumentEntry.homeCommunityId metadata attributes needed to retrieve the document. Input (consentOverride) signifies, when set to true, that the retrieve of a document shall be performed with override of any withholding of information possibly performed by the national document sharing service in accordance with patient's consents. Override of consents constitutes a form of break-the-glass invocation, known in Danish as værdispring. The preferred method is to call this operation without consent override and to only call with consent override when necessary.Input (reason) is mandatory when input element consentOverride is set to true. The string input is intended as a placeholder for the user's rationale for choosing to override consents. The value is logged in the Infrastructure.The returned FHIR Bundle contains a FHIR Appointment (ehealth-appointment profile) resource.</p>\n</div></td></tr></tbody></table></div></div></div></div></div><div class=\"panel panel-default\"><div class=\"panel-heading\"><h4 id=\"DocumentReference1-3\" class=\"panel-title\"><span style=\"float: right;\">Resource Conformance: supported </span>DocumentReference</h4></div><div class=\"panel-body\"><div class=\"container\"><div class=\"row\"><div class=\"col-lg-6\"><span class=\"lead\">Base System Profile</span><br/><a href=\"StructureDefinition-ehealth-documentreference.html\">ehealth-documentreference</a></div><div class=\"col-lg-3\"><span class=\"lead\">Profile Conformance</span><br/><b>SHALL</b></div><div class=\"col-lg-3\"><span class=\"lead\">Reference Policy</span><br/></div></div><p/><div class=\"row\"><div class=\"col-lg-6\"><span class=\"lead\">Interaction summary</span><br/><ul><li>Supports <code>search-type</code>.</li></ul></div></div><p/><div class=\"row\"><div class=\"col-lg-7\"><span class=\"lead\">Search Parameters</span><table class=\"table table-condensed table-hover\"><thead><tr><th>Conformance</th><th>Parameter</th><th>Type</th><th>Documentation</th></tr></thead><tbody><tr><td><b>SHALL</b></td><td>status</td><td><code>token</code></td><td><div><p>current | superseded</p>\n</div></td></tr><tr><td><b>SHALL</b></td><td>category</td><td><code>token</code></td><td><div><p>Categorization of document</p>\n</div></td></tr><tr><td><b>SHALL</b></td><td>consentOverride</td><td><code>token</code></td><td><div><p>ConsentOverride signifies, when set to true, that the retrieve of a document shall be performed with override of any withholding of information possibly performed by the national document sharing service in accordance with patient's consents. Override of consents constitutes a form of break-the-glass invocation, known in Danish as værdispring. The preferred method is to call this operation without consent override and to only call with consent override when necessary.</p>\n</div></td></tr><tr><td><b>SHALL</b></td><td>date</td><td><code>date</code></td><td><div><p>Document creation time</p>\n</div></td></tr><tr><td><b>SHALL</b></td><td>event</td><td><code>token</code></td><td><div><p>Main clinical acts documented</p>\n</div></td></tr><tr><td><b>SHALL</b></td><td>facility</td><td><code>token</code></td><td><div><p>Kind of facility where patient was seen</p>\n</div></td></tr><tr><td><b>SHALL</b></td><td>format</td><td><code>token</code></td><td><div><p>Format/content rules for the document</p>\n</div></td></tr><tr><td><b>SHALL</b></td><td>patient</td><td><code>reference</code></td><td><div><p>Who/what is the subject of the document</p>\n</div></td></tr><tr><td><b>SHALL</b></td><td>patient-identifier</td><td><code>token</code></td><td><div><p>Who/what is the subject of the document (identifier)</p>\n</div></td></tr><tr><td><b>SHALL</b></td><td>period</td><td><code>date</code></td><td><div><p>Time of service that is being documented</p>\n</div></td></tr><tr><td><b>SHALL</b></td><td>reason</td><td><code>string</code></td><td><div><p>Reason is mandatory when parameter consentOverride is set to true. The string input is intended as a placeholder for the user's rationale for choosing to override consents. The value is logged in the Infrastructure.</p>\n</div></td></tr><tr><td><b>SHALL</b></td><td>setting</td><td><code>token</code></td><td><div><p>Additional details about where the content was created (e.g. clinical specialty)</p>\n</div></td></tr><tr><td><b>SHALL</b></td><td>type</td><td><code>token</code></td><td><div><p>Kind of document (LOINC if possible)</p>\n</div></td></tr></tbody></table></div><div class=\"col-lg-5\">\u00a0</div></div></div></div></div><div class=\"panel panel-default\"><div class=\"panel-heading\"><h4 id=\"OperationDefinition1-4\" class=\"panel-title\"><span style=\"float: right;\">Resource Conformance: supported </span>OperationDefinition</h4></div><div class=\"panel-body\"><div class=\"container\"><div class=\"row\"><div class=\"col-lg-6\"><span class=\"lead\">Base System Profile</span><br/><a href=\"http://hl7.org/fhir/R4/operationdefinition.html\">OperationDefinition</a></div><div class=\"col-lg-3\"><span class=\"lead\">Profile Conformance</span><br/><b>SHALL</b></div><div class=\"col-lg-3\"><span class=\"lead\">Reference Policy</span><br/></div></div><p/><div class=\"row\"><div class=\"col-lg-6\"><span class=\"lead\">Interaction summary</span><br/><ul><li>Supports <code>read</code>.</li></ul></div></div><p/></div></div></div><h3 id=\"operationsCap1\">Operations</h3><h4 id=\"operationsSummary1\">Use</h4></div>"
  },
  "url" : "http://ehealth.sundhed.dk/fhir/CapabilityStatement/document-query",
  "version" : "3.4.0",
  "name" : "document-query",
  "status" : "active",
  "date" : "2025-02-06T09:20:35.069+00:00",
  "publisher" : "Den telemedicinske infrastruktur (eHealth Infrastructure)",
  "contact" : [{
    "name" : "Den telemedicinske infrastruktur (eHealth Infrastructure)",
    "telecom" : [{
      "system" : "url",
      "value" : "http://ehealth.sundhed.dk"
    }]
  }],
  "jurisdiction" : [{
    "coding" : [{
      "system" : "urn:iso:std:iso:3166",
      "code" : "DK",
      "display" : "Denmark"
    }]
  }],
  "kind" : "instance",
  "software" : {
    "name" : "document-query",
    "version" : "1.13.0"
  },
  "implementation" : {
    "description" : "eHealth document-query service",
    "url" : "https://document-query.devtest.systematic-ehealth.com/fhir"
  },
  "fhirVersion" : "4.0.1",
  "format" : ["application/fhir+xml",
  "xml",
  "application/fhir+json",
  "json",
  "application/x-turtle",
  "ttl",
  "html/json",
  "html/xml",
  "html/turtle"],
  "rest" : [{
    "mode" : "server",
    "resource" : [{
      "type" : "Binary",
      "profile" : "http://hl7.org/fhir/StructureDefinition/Binary",
      "searchInclude" : ["*"],
      "searchRevInclude" : ["DocumentReference:patient"],
      "operation" : [{
        "name" : "retrieve-document",
        "definition" : "https://document-query.devtest.systematic-ehealth.com/fhir/OperationDefinition/Binary-t-retrieve-document",
        "documentation" : "Input (url) is the element DocumentReference.content.attachment.url for metadata about the QRD/APD/PHMR document as returned from the DocumentReference search operation performing a query to national document sharing infrastructure. The url, which shall be used as-is in this operation, is an encoding of the XDS DocumentEntry.uniqueId, XDS DocumentEntry.repositoryUniqueId and XDS DocumentEntry.homeCommunityId metadata attributes needed to retrieve the document. Input (consentOverride) signifies, when set to true, that the retrieve of a document shall be performed with override of any withholding of information possibly performed  by the national document sharing service in accordance with patient's consents. Override of consents constitutes a form of break-the-glass invocation, known in Danish as værdispring.The preferred method is to call this operation without consent override and to only call with consent override when necessary. Input (reason) is mandatory when input element consentOverride is set to true. The string input is intended as a placeholder for the user's rationale for choosing to override consents.The value is logged in the Infrastructure."
      }]
    },
    {
      "type" : "Bundle",
      "profile" : "http://hl7.org/fhir/StructureDefinition/Bundle",
      "searchInclude" : ["*"],
      "searchRevInclude" : ["DocumentReference:patient"],
      "operation" : [{
        "name" : "retrieve-and-transform-QRD",
        "definition" : "https://document-query.devtest.systematic-ehealth.com/fhir/OperationDefinition/Bundle-t-retrieve-and-transform-QRD",
        "documentation" : "Retrieves a DK-HL7 Questionnaire Response Document (QRD) XML document from national document sharing infrastructure and transforms the QRD XML document to a FHIR QuestionnaireResponse (ehealth-questionnaireresponse profile) resource.Input (url) is the element DocumentReference.content.attachment.url for metadata about the QRD document as returned from the DocumentReference search operation performing a query to national document sharing infrastructure. The url, which shall be used as-is in this operation, is an encoding of the XDS DocumentEntry.uniqueId, XDS DocumentEntry.repositoryUniqueId and XDS DocumentEntry.homeCommunityId metadata attributes needed to retrieve the document. Input (bundle) must contain a Questionnaire FHIR resource corresponding to the questionnaire definition (QFDD) that the QRD references and is a response to.Input (consentOverride) signifies, when set to true, that the retrieve of a document shall be performed with override of any withholding of information possibly performed by the national document sharing service in accordance with patient's consents. Override of consents constitutes a form of break-the-glass invocation, known in Danish as værdispring. The preferred method is to call this operation without consent override and to only call with consent override when necessary. Input (reason) is mandatory when input element consentOverride is set to true. The string input is intended as a placeholder for the user's rationale for choosing to override consents. The value is logged in the Infrastructure.The returned FHIR Bundle contains a FHIR Composition (ehealth-composition profile) resource referencing a FHIR QuestionnaireResponse (ehealth-documentreference profile) resource, if the Questionnaire FHIR resource was provided as an input, and if the transformation was successful.If the Questionnaire FHIR resource was not provided as an input, or if the transformation was not successful, the returned FHIR Bundle contains the QRD XML document that was retrieved from the national document sharing infrastructure."
      },
      {
        "name" : "retrieve-and-transform-PHMR",
        "definition" : "https://document-query.devtest.systematic-ehealth.com/fhir/OperationDefinition/Bundle-t-retrieve-and-transform-PHMR",
        "documentation" : "Retrieves a DK-HL7 Personal Health Monitoring Report (PHMR) XML document from national document sharing infrastructure and transforms the PHMR XML document to FHIR Observation (ehealth-observation profile) resources.Input (url) is the element DocumentReference.content.attachment.url for metadata about the PHMR document as returned from the DocumentReference search operation performing a query to national document sharing infrastructure. The url, which shall be used as-is in this operation, is an encoding of the XDS DocumentEntry.uniqueId, XDS DocumentEntry.repositoryUniqueId and XDS DocumentEntry.homeCommunityId metadata attributes needed to retrieve the document. Input (consentOverride) signifies, when set to true, that the retrieve of a document shall be performed with override of any withholding of information possibly performed by the national document sharing service in accordance with patient's consents. Override of consents constitutes a form of break-the-glass invocation, known in Danish as værdispring. The preferred method is to call this operation without consent override and to only call with consent override when necessary. Input (reason) is mandatory when input element consentOverride is set to true. The string input is intended as a placeholder for the user's rationale for choosing to override consents. The value is logged in the Infrastructure.The returned FHIR Bundle contains a FHIR Composition (ehealth-composition profile) resource referencing one or more FHIR Observation (ehealth-observation profile) resources and referenced resources such as FHIR Organization."
      },
      {
        "name" : "retrieve-and-transform-APD",
        "definition" : "https://document-query.devtest.systematic-ehealth.com/fhir/OperationDefinition/Bundle-t-retrieve-and-transform-APD",
        "documentation" : "Retrieves a DK-HL7 Appointment (APD) XML document from national document sharing infrastructure and transforms the APD XML document to a FHIR Appointment (ehealth-appointment profile) resource.Input (url) is the element DocumentReference.content.attachment.url for metadata about the APD document as returned from the DocumentReference search operation performing a query to national document sharing infrastructure. The url, which shall be used as-is in this operation, is an encoding of the XDS DocumentEntry.uniqueId, XDS DocumentEntry.repositoryUniqueId and XDS DocumentEntry.homeCommunityId metadata attributes needed to retrieve the document. Input (consentOverride) signifies, when set to true, that the retrieve of a document shall be performed with override of any withholding of information possibly performed by the national document sharing service in accordance with patient's consents. Override of consents constitutes a form of break-the-glass invocation, known in Danish as værdispring. The preferred method is to call this operation without consent override and to only call with consent override when necessary.Input (reason) is mandatory when input element consentOverride is set to true. The string input is intended as a placeholder for the user's rationale for choosing to override consents. The value is logged in the Infrastructure.The returned FHIR Bundle contains a FHIR Appointment (ehealth-appointment profile) resource."
      }]
    },
    {
      "type" : "DocumentReference",
      "profile" : "http://ehealth.sundhed.dk/fhir/StructureDefinition/ehealth-documentreference",
      "interaction" : [{
        "code" : "search-type"
      }],
      "searchInclude" : ["*",
      "DocumentReference:patient"],
      "searchRevInclude" : ["DocumentReference:patient"],
      "searchParam" : [{
        "name" : "status",
        "type" : "token",
        "documentation" : "current | superseded"
      },
      {
        "name" : "category",
        "type" : "token",
        "documentation" : "Categorization of document"
      },
      {
        "name" : "consentOverride",
        "type" : "token",
        "documentation" : "ConsentOverride signifies, when set to true, that the retrieve of a document shall be performed with override of any withholding of information possibly performed by the national document sharing service in accordance with patient's consents. Override of consents constitutes a form of break-the-glass invocation, known in Danish as værdispring. The preferred method is to call this operation without consent override and to only call with consent override when necessary."
      },
      {
        "name" : "date",
        "type" : "date",
        "documentation" : "Document creation time"
      },
      {
        "name" : "event",
        "type" : "token",
        "documentation" : "Main clinical acts documented"
      },
      {
        "name" : "facility",
        "type" : "token",
        "documentation" : "Kind of facility where patient was seen"
      },
      {
        "name" : "format",
        "type" : "token",
        "documentation" : "Format/content rules for the document"
      },
      {
        "name" : "patient",
        "type" : "reference",
        "documentation" : "Who/what is the subject of the document"
      },
      {
        "name" : "patient-identifier",
        "type" : "token",
        "documentation" : "Who/what is the subject of the document (identifier)"
      },
      {
        "name" : "period",
        "type" : "date",
        "documentation" : "Time of service that is being documented"
      },
      {
        "name" : "reason",
        "type" : "string",
        "documentation" : "Reason is mandatory when parameter consentOverride is set to true. The string input is intended as a placeholder for the user's rationale for choosing to override consents. The value is logged in the Infrastructure."
      },
      {
        "name" : "setting",
        "type" : "token",
        "documentation" : "Additional details about where the content was created (e.g. clinical specialty)"
      },
      {
        "name" : "type",
        "type" : "token",
        "documentation" : "Kind of document (LOINC if possible)"
      }]
    },
    {
      "type" : "OperationDefinition",
      "profile" : "http://hl7.org/fhir/StructureDefinition/OperationDefinition",
      "interaction" : [{
        "code" : "read"
      }],
      "searchInclude" : ["*"],
      "searchRevInclude" : ["DocumentReference:patient"]
    }],
    "operation" : [{
      "name" : "reindex-terminology",
      "definition" : "https://document-query.devtest.systematic-ehealth.com/fhir/OperationDefinition/-s-reindex-terminology"
    },
    {
      "name" : "meta",
      "definition" : "https://document-query.devtest.systematic-ehealth.com/fhir/OperationDefinition/-s-meta"
    },
    {
      "name" : "get-resource-counts",
      "definition" : "https://document-query.devtest.systematic-ehealth.com/fhir/OperationDefinition/-s-get-resource-counts",
      "documentation" : "Provides the number of resources currently stored on the server, broken down by resource type"
    }]
  }]
}