{
  "resourceType" : "CodeSystem",
  "id" : "ehealth-clinicalimpression-investigation-item-codes",
  "text" : {
    "status" : "generated",
    "div" : "<div xmlns=\"http://www.w3.org/1999/xhtml\"><p>This case-sensitive code system <code>http://ehealth.sundhed.dk/cs/clinicalimpression-investigation-item-codes</code> defines the following code:</p><table class=\"codes\"><tr><td style=\"white-space:nowrap\"><b>Code</b></td><td><b>Display</b></td><td><b>Definition</b></td><td><b>Dansk (Danish, da)</b></td></tr><tr><td style=\"white-space:nowrap\">item-for-investigation<a name=\"ehealth-clinicalimpression-investigation-item-codes-item-for-investigation\"> </a></td><td>Item for investigation</td><td>Item for investigation</td><td>Undersøgelseselement</td></tr></table></div>"
  },
  "url" : "http://ehealth.sundhed.dk/cs/clinicalimpression-investigation-item-codes",
  "version" : "3.3.0",
  "name" : "ClinicalImpressionInvestigationItemCodes",
  "title" : "ClinicalImpression Investigation Item Codes",
  "status" : "active",
  "experimental" : false,
  "date" : "2024-01-29T00:00:00+00:00",
  "publisher" : "Den telemedicinske infrastruktur (eHealth Infrastructure)",
  "contact" : [{
    "name" : "Den telemedicinske infrastruktur (eHealth Infrastructure)",
    "telecom" : [{
      "system" : "url",
      "value" : "http://ehealth.sundhed.dk"
    }]
  }],
  "description" : "Clinical Impression Investigation Item Codes",
  "caseSensitive" : true,
  "content" : "complete",
  "concept" : [{
    "code" : "item-for-investigation",
    "display" : "Item for investigation",
    "definition" : "Item for investigation",
    "designation" : [{
      "language" : "da",
      "value" : "Undersøgelseselement"
    }]
  }]
}