{
  "resourceType" : "CodeSystem",
  "id" : "fs3-citizen-importance-scores",
  "text" : {
    "status" : "generated",
    "div" : "<div xmlns=\"http://www.w3.org/1999/xhtml\"><p>This  code system <code>http://ehealth.sundhed.dk/cs/fs3-citizen-importance-scores</code> defines the following codes:</p><table class=\"codes\"><tr><td style=\"white-space:nowrap\"><b>Code</b></td><td><b>Display</b></td><td><b>Dansk (Danish, da)</b></td></tr><tr><td style=\"white-space:nowrap\">EXPERIENCES_NO_LIMITATIONS<a name=\"fs3-citizen-importance-scores-EXPERIENCES_NO_LIMITATIONS\"> </a></td><td>Oplever ikke begrænsninger</td><td>Oplever ikke begrænsninger</td></tr><tr><td style=\"white-space:nowrap\">EXPERIENCES_LIMITATIONS<a name=\"fs3-citizen-importance-scores-EXPERIENCES_LIMITATIONS\"> </a></td><td>Oplever begrænsninger</td><td>Oplever begrænsninger</td></tr></table></div>"
  },
  "url" : "http://ehealth.sundhed.dk/cs/fs3-citizen-importance-scores",
  "version" : "3.3.0",
  "name" : "FS III, borgerens vurdering af betydning",
  "title" : "FS III, borgerens vurdering af betydning",
  "status" : "active",
  "experimental" : true,
  "date" : "2019-02-02T00:00:00+00:00",
  "publisher" : "Den telemedicinske infrastruktur (eHealth Infrastructure)",
  "contact" : [{
    "name" : "Den telemedicinske infrastruktur (eHealth Infrastructure)",
    "telecom" : [{
      "system" : "url",
      "value" : "http://ehealth.sundhed.dk"
    }]
  }],
  "description" : "FS III, borgerens vurdering af betydning",
  "content" : "complete",
  "concept" : [{
    "code" : "EXPERIENCES_NO_LIMITATIONS",
    "display" : "Oplever ikke begrænsninger",
    "designation" : [{
      "language" : "da",
      "value" : "Oplever ikke begrænsninger"
    }]
  },
  {
    "code" : "EXPERIENCES_LIMITATIONS",
    "display" : "Oplever begrænsninger",
    "designation" : [{
      "language" : "da",
      "value" : "Oplever begrænsninger"
    }]
  }]
}