{
  "resourceType" : "CodeSystem",
  "id" : "fs3-health-excretion-of-waste-materials",
  "text" : {
    "status" : "generated",
    "div" : "<div xmlns=\"http://www.w3.org/1999/xhtml\"><p class=\"res-header-id\"><b>Generated Narrative: CodeSystem fs3-health-excretion-of-waste-materials</b></p><a name=\"fs3-health-excretion-of-waste-materials\"> </a><a name=\"hcfs3-health-excretion-of-waste-materials\"> </a><a name=\"fs3-health-excretion-of-waste-materials-en-US\"> </a><p>This  code system <code>http://ehealth.sundhed.dk/cs/fs3-health-excretion-of-waste-materials</code> defines the following codes:</p><table class=\"codes\"><tr><td style=\"white-space:nowrap\"><b>Code</b></td><td><b>Display</b></td><td><b>Dansk (Danish, da)</b></td></tr><tr><td style=\"white-space:nowrap\">URINATION<a name=\"fs3-health-excretion-of-waste-materials-URINATION\"> </a></td><td>Problemer med vandladning</td><td>Problemer med vandladning</td></tr><tr><td style=\"white-space:nowrap\">URINARY_INCONTINENCE<a name=\"fs3-health-excretion-of-waste-materials-URINARY_INCONTINENCE\"> </a></td><td>Problemer med urininkontinens</td><td>Problemer med urininkontinens</td></tr><tr><td style=\"white-space:nowrap\">FAECAL_INCONTINENCE<a name=\"fs3-health-excretion-of-waste-materials-FAECAL_INCONTINENCE\"> </a></td><td>Problemer med afføringsinkontinens</td><td>Problemer med afføringsinkontinens</td></tr><tr><td style=\"white-space:nowrap\">STOMACH_INTESTINES<a name=\"fs3-health-excretion-of-waste-materials-STOMACH_INTESTINES\"> </a></td><td>Problemer med mave og tarm</td><td>Problemer med mave og tarm</td></tr></table></div>"
  },
  "url" : "http://ehealth.sundhed.dk/cs/fs3-health-excretion-of-waste-materials",
  "version" : "3.1.0",
  "name" : "FS III, Udskillelse af affaldsstoffer",
  "title" : "FS III, Udskillelse af affaldsstoffer",
  "status" : "active",
  "experimental" : true,
  "date" : "2019-02-02T00:00:00+00:00",
  "publisher" : "Den telemedicinske infrastruktur (eHealth Infrastructure)",
  "contact" : [{
    "name" : "Den telemedicinske infrastruktur (eHealth Infrastructure)",
    "telecom" : [{
      "system" : "url",
      "value" : "http://ehealth.sundhed.dk"
    }]
  }],
  "description" : "FS III, Udskillelse af affaldsstoffer",
  "content" : "complete",
  "concept" : [{
    "code" : "URINATION",
    "display" : "Problemer med vandladning",
    "designation" : [{
      "language" : "da",
      "value" : "Problemer med vandladning"
    }]
  },
  {
    "code" : "URINARY_INCONTINENCE",
    "display" : "Problemer med urininkontinens",
    "designation" : [{
      "language" : "da",
      "value" : "Problemer med urininkontinens"
    }]
  },
  {
    "code" : "FAECAL_INCONTINENCE",
    "display" : "Problemer med afføringsinkontinens",
    "designation" : [{
      "language" : "da",
      "value" : "Problemer med afføringsinkontinens"
    }]
  },
  {
    "code" : "STOMACH_INTESTINES",
    "display" : "Problemer med mave og tarm",
    "designation" : [{
      "language" : "da",
      "value" : "Problemer med mave og tarm"
    }]
  }]
}