{
  "resourceType" : "CodeSystem",
  "id" : "ehealth-action-guidance-types",
  "text" : {
    "status" : "generated",
    "div" : "<div xmlns=\"http://www.w3.org/1999/xhtml\"><p class=\"res-header-id\"><b>Generated Narrative: CodeSystem ehealth-action-guidance-types</b></p><a name=\"ehealth-action-guidance-types\"> </a><a name=\"hcehealth-action-guidance-types\"> </a><a name=\"ehealth-action-guidance-types-en-US\"> </a><p>This case-sensitive code system <code>http://ehealth.sundhed.dk/cs/action-guidance-types</code> defines the following code:</p><table class=\"codes\"><tr><td style=\"white-space:nowrap\"><b>Code</b></td><td><b>Display</b></td><td><b>Definition</b></td><td><b>Dansk (Danish, da)</b></td></tr><tr><td style=\"white-space:nowrap\">actionguidance<a name=\"ehealth-action-guidance-types-actionguidance\"> </a></td><td>Action guidance display</td><td>Action guidance</td><td>Handlingsvejledning</td></tr></table></div>"
  },
  "url" : "http://ehealth.sundhed.dk/cs/action-guidance-types",
  "version" : "3.2.0",
  "name" : "ActionGuidanceType",
  "title" : "Action guidance types",
  "status" : "active",
  "experimental" : false,
  "date" : "2021-10-15T00:00:00+00:00",
  "publisher" : "Den telemedicinske infrastruktur (eHealth Infrastructure)",
  "contact" : [{
    "name" : "Den telemedicinske infrastruktur (eHealth Infrastructure)",
    "telecom" : [{
      "system" : "url",
      "value" : "http://ehealth.sundhed.dk"
    }]
  }],
  "description" : "Action guidance types",
  "caseSensitive" : true,
  "content" : "complete",
  "concept" : [{
    "code" : "actionguidance",
    "display" : "Action guidance display",
    "definition" : "Action guidance",
    "designation" : [{
      "language" : "da",
      "value" : "Handlingsvejledning"
    }]
  }]
}