{
  "resourceType" : "CodeSystem",
  "id" : "ehealth-careplan-category",
  "text" : {
    "status" : "generated",
    "div" : "<div xmlns=\"http://www.w3.org/1999/xhtml\"><p class=\"res-header-id\"><b>Generated Narrative: CodeSystem ehealth-careplan-category</b></p><a name=\"ehealth-careplan-category\"> </a><a name=\"hcehealth-careplan-category\"> </a><a name=\"ehealth-careplan-category-da-DK\"> </a><p>This case-sensitive code system <code>http://ehealth.sundhed.dk/cs/careplan-category</code> defines the following codes:</p><table class=\"codes\"><tr><td style=\"white-space:nowrap\"><b>Code</b></td><td><b>Display</b></td><td><b>Definition</b></td></tr><tr><td style=\"white-space:nowrap\">TBD<a name=\"ehealth-careplan-category-TBD\"> </a></td><td>Example value - Under construction</td><td>Example value - Under construction</td></tr><tr><td style=\"white-space:nowrap\">TBD2<a name=\"ehealth-careplan-category-TBD2\"> </a></td><td>Example value 2 - Under construction</td><td>Example value 2 - Under construction</td></tr></table></div>"
  },
  "url" : "http://ehealth.sundhed.dk/cs/careplan-category",
  "version" : "3.4.0",
  "name" : "CarePlanCategory",
  "title" : "CarePlan Category",
  "status" : "active",
  "experimental" : false,
  "date" : "2019-01-29T00:00:00+00:00",
  "publisher" : "Den telemedicinske infrastruktur (eHealth Infrastructure)",
  "contact" : [{
    "name" : "Den telemedicinske infrastruktur (eHealth Infrastructure)",
    "telecom" : [{
      "system" : "url",
      "value" : "http://ehealth.sundhed.dk"
    }]
  }],
  "description" : "Care Plan Category",
  "jurisdiction" : [{
    "coding" : [{
      "system" : "urn:iso:std:iso:3166",
      "code" : "DK",
      "display" : "Denmark"
    }]
  }],
  "caseSensitive" : true,
  "content" : "complete",
  "concept" : [{
    "code" : "TBD",
    "display" : "Example value - Under construction",
    "definition" : "Example value - Under construction",
    "property" : [{
      "code" : "deprecated",
      "valueDateTime" : "2020-02-03"
    }]
  },
  {
    "code" : "TBD2",
    "display" : "Example value 2 - Under construction",
    "definition" : "Example value 2 - Under construction",
    "property" : [{
      "code" : "deprecated",
      "valueDateTime" : "2020-02-03"
    }]
  }]
}