{
  "resourceType" : "CodeSystem",
  "id" : "ehealth-communication-category",
  "text" : {
    "status" : "generated",
    "div" : "<div xmlns=\"http://www.w3.org/1999/xhtml\"><p class=\"res-header-id\"><b>Generated Narrative: CodeSystem ehealth-communication-category</b></p><a name=\"ehealth-communication-category\"> </a><a name=\"hcehealth-communication-category\"> </a><a name=\"ehealth-communication-category-da-DK\"> </a><p>This case-sensitive code system <code>http://ehealth.sundhed.dk/cs/communication-category</code> defines the following codes:</p><table class=\"codes\"><tr><td style=\"white-space:nowrap\"><b>Code</b></td><td><b>Definition</b></td><td><b>Dansk (Danish, da)</b></td></tr><tr><td style=\"white-space:nowrap\">annotation<a name=\"ehealth-communication-category-annotation\"> </a></td><td>Annotation</td><td>Annotering</td></tr><tr><td style=\"white-space:nowrap\">note<a name=\"ehealth-communication-category-note\"> </a></td><td>Note</td><td>Note</td></tr></table></div>"
  },
  "url" : "http://ehealth.sundhed.dk/cs/communication-category",
  "version" : "3.4.0",
  "name" : "CommunicationCategory",
  "title" : "Communication Category",
  "status" : "active",
  "experimental" : false,
  "date" : "2019-09-27T00:00:00+00:00",
  "publisher" : "Den telemedicinske infrastruktur (eHealth Infrastructure)",
  "contact" : [{
    "name" : "Den telemedicinske infrastruktur (eHealth Infrastructure)",
    "telecom" : [{
      "system" : "url",
      "value" : "http://ehealth.sundhed.dk"
    }]
  }],
  "description" : "Communication category",
  "jurisdiction" : [{
    "coding" : [{
      "system" : "urn:iso:std:iso:3166",
      "code" : "DK",
      "display" : "Denmark"
    }]
  }],
  "caseSensitive" : true,
  "content" : "complete",
  "concept" : [{
    "code" : "annotation",
    "display" : "annotation",
    "definition" : "Annotation",
    "designation" : [{
      "language" : "da",
      "value" : "Annotering"
    }]
  },
  {
    "code" : "note",
    "display" : "note",
    "definition" : "Note",
    "designation" : [{
      "language" : "da",
      "value" : "Note"
    }]
  }]
}