{
  "resourceType" : "CodeSystem",
  "id" : "ehealth-usage-quality",
  "text" : {
    "status" : "generated",
    "div" : "<div xmlns=\"http://www.w3.org/1999/xhtml\"><p class=\"res-header-id\"><b>Generated Narrative: CodeSystem ehealth-usage-quality</b></p><a name=\"ehealth-usage-quality\"> </a><a name=\"hcehealth-usage-quality\"> </a><a name=\"ehealth-usage-quality-da-DK\"> </a><p>This case-sensitive code system <code>http://ehealth.sundhed.dk/cs/usage-quality</code> defines the following codes in an undefined hierarchy:</p><table class=\"codes\"><tr><td><b>Lvl</b></td><td style=\"white-space:nowrap\"><b>Code</b></td><td><b>Display</b></td><td><b>Definition</b></td><td><b>Dansk (Danish, da)</b></td></tr><tr><td>1</td><td style=\"white-space:nowrap\">none<a name=\"ehealth-usage-quality-none\"> </a></td><td>No quality needed</td><td>Quality value where no derivation rule logic nor values are expected</td><td>Ingen betjeningskvalitet krævet/ventet</td></tr><tr><td>2</td><td style=\"white-space:nowrap\">\u00a0\u00a0unknown<a name=\"ehealth-usage-quality-unknown\"> </a></td><td>Unknown quality</td><td>Unknown quality (Unlikely to be adequate if a quality value is expected)</td><td>Ukendt betjeningskvalitet</td></tr><tr><td>3</td><td style=\"white-space:nowrap\">\u00a0\u00a0\u00a0\u00a0derivation-error<a name=\"ehealth-usage-quality-derivation-error\"> </a></td><td>Error in deriving or determining the quality</td><td>Quality value could not be derived due to insufficient input, unknown/unavailable logic, or other error</td><td>Betjeningskvaliteten kunne ikke bestemmes grundet manglende input, utilgængelig logik, eller anden fejl.</td></tr><tr><td>4</td><td style=\"white-space:nowrap\">\u00a0\u00a0\u00a0\u00a0\u00a0\u00a0normal<a name=\"ehealth-usage-quality-normal\"> </a></td><td>Normal/neutral usage quality</td><td>Normal/neutral usage quality</td><td>Normal eller neutral betjeningskvalitet</td></tr><tr><td>5</td><td style=\"white-space:nowrap\">\u00a0\u00a0\u00a0\u00a0\u00a0\u00a0\u00a0\u00a0instructions-followed<a name=\"ehealth-usage-quality-instructions-followed\"> </a></td><td>Performed in accordance with instructions</td><td>Performed in accordance with instructions</td><td>Brugsvejledning fulgt</td></tr><tr><td>5</td><td style=\"white-space:nowrap\">\u00a0\u00a0\u00a0\u00a0\u00a0\u00a0\u00a0\u00a0instructions-not-followed<a name=\"ehealth-usage-quality-instructions-not-followed\"> </a></td><td>Performed without following instructions</td><td>Performed without following instructions</td><td>Brugsvejledning ej fulgt</td></tr><tr><td>5</td><td style=\"white-space:nowrap\">\u00a0\u00a0\u00a0\u00a0\u00a0\u00a0\u00a0\u00a0entered-manually<a name=\"ehealth-usage-quality-entered-manually\"> </a></td><td>Manually entered measurement</td><td>Manually entered measurement</td><td>Manuelt indtastet måling</td></tr><tr><td>5</td><td style=\"white-space:nowrap\">\u00a0\u00a0\u00a0\u00a0\u00a0\u00a0\u00a0\u00a0automatically-transferred<a name=\"ehealth-usage-quality-automatically-transferred\"> </a></td><td>Automatically transferred measurement</td><td>Automatically transferred measurement</td><td>Automatisk overført måling</td></tr><tr><td>1</td><td style=\"white-space:nowrap\">TBD<a name=\"ehealth-usage-quality-TBD\"> </a></td><td>Example value - Under construction</td><td>Example value - Under construction</td><td/></tr><tr><td>1</td><td style=\"white-space:nowrap\">TBD2<a name=\"ehealth-usage-quality-TBD2\"> </a></td><td>Example value2 - Under construction</td><td>Example value2 - Under construction</td><td/></tr></table></div>"
  },
  "url" : "http://ehealth.sundhed.dk/cs/usage-quality",
  "version" : "3.4.0",
  "name" : "UsageQuality",
  "title" : "Usage Quality",
  "status" : "active",
  "experimental" : false,
  "date" : "2019-01-29T00:00:00+00:00",
  "publisher" : "Den telemedicinske infrastruktur (eHealth Infrastructure)",
  "contact" : [{
    "name" : "Den telemedicinske infrastruktur (eHealth Infrastructure)",
    "telecom" : [{
      "system" : "url",
      "value" : "http://ehealth.sundhed.dk"
    }]
  }],
  "description" : "Quality codes for usage or operating of measuring device",
  "jurisdiction" : [{
    "coding" : [{
      "system" : "urn:iso:std:iso:3166",
      "code" : "DK",
      "display" : "Denmark"
    }]
  }],
  "caseSensitive" : true,
  "content" : "complete",
  "concept" : [{
    "code" : "none",
    "display" : "No quality needed",
    "definition" : "Quality value where no derivation rule logic nor values are expected",
    "designation" : [{
      "language" : "da",
      "value" : "Ingen betjeningskvalitet krævet/ventet"
    }],
    "concept" : [{
      "code" : "unknown",
      "display" : "Unknown quality",
      "definition" : "Unknown quality (Unlikely to be adequate if a quality value is expected)",
      "designation" : [{
        "language" : "da",
        "value" : "Ukendt betjeningskvalitet"
      }],
      "concept" : [{
        "code" : "derivation-error",
        "display" : "Error in deriving or determining the quality",
        "definition" : "Quality value could not be derived due to insufficient input, unknown/unavailable logic, or other error",
        "designation" : [{
          "language" : "da",
          "value" : "Betjeningskvaliteten kunne ikke bestemmes grundet manglende input, utilgængelig logik, eller anden fejl."
        }],
        "concept" : [{
          "code" : "normal",
          "display" : "Normal/neutral usage quality",
          "definition" : "Normal/neutral usage quality",
          "designation" : [{
            "language" : "da",
            "value" : "Normal eller neutral betjeningskvalitet"
          }],
          "concept" : [{
            "code" : "instructions-followed",
            "display" : "Performed in accordance with instructions",
            "definition" : "Performed in accordance with instructions",
            "designation" : [{
              "language" : "da",
              "value" : "Brugsvejledning fulgt"
            }]
          },
          {
            "code" : "instructions-not-followed",
            "display" : "Performed without following instructions",
            "definition" : "Performed without following instructions",
            "designation" : [{
              "language" : "da",
              "value" : "Brugsvejledning ej fulgt"
            }]
          },
          {
            "code" : "entered-manually",
            "display" : "Manually entered measurement",
            "definition" : "Manually entered measurement",
            "designation" : [{
              "language" : "da",
              "value" : "Manuelt indtastet måling"
            }]
          },
          {
            "code" : "automatically-transferred",
            "display" : "Automatically transferred measurement",
            "definition" : "Automatically transferred measurement",
            "designation" : [{
              "language" : "da",
              "value" : "Automatisk overført måling"
            }]
          }]
        }]
      }]
    }]
  },
  {
    "code" : "TBD",
    "display" : "Example value - Under construction",
    "definition" : "Example value - Under construction",
    "property" : [{
      "code" : "deprecated",
      "valueDateTime" : "2020-02-03"
    }]
  },
  {
    "code" : "TBD2",
    "display" : "Example value2 - Under construction",
    "definition" : "Example value2 - Under construction",
    "property" : [{
      "code" : "deprecated",
      "valueDateTime" : "2020-02-03"
    }]
  }]
}