{
  "resourceType" : "CodeSystem",
  "id" : "fs3-health-respiration-and-circulation",
  "text" : {
    "status" : "generated",
    "div" : "<div xmlns=\"http://www.w3.org/1999/xhtml\"><p class=\"res-header-id\"><b>Generated Narrative: CodeSystem fs3-health-respiration-and-circulation</b></p><a name=\"fs3-health-respiration-and-circulation\"> </a><a name=\"hcfs3-health-respiration-and-circulation\"> </a><a name=\"fs3-health-respiration-and-circulation-da-DK\"> </a><p>This  code system <code>http://ehealth.sundhed.dk/cs/fs3-health-respiration-and-circulation</code> defines the following codes:</p><table class=\"codes\"><tr><td style=\"white-space:nowrap\"><b>Code</b></td><td><b>Display</b></td><td><b>Dansk (Danish, da)</b></td></tr><tr><td style=\"white-space:nowrap\">RESPIRATION<a name=\"fs3-health-respiration-and-circulation-RESPIRATION\"> </a></td><td>Respirationsproblemer</td><td>Respirationsproblemer</td></tr><tr><td style=\"white-space:nowrap\">CIRCULATION<a name=\"fs3-health-respiration-and-circulation-CIRCULATION\"> </a></td><td>Cirkulationsproblemer</td><td>Cirkulationsproblemer</td></tr></table></div>"
  },
  "url" : "http://ehealth.sundhed.dk/cs/fs3-health-respiration-and-circulation",
  "version" : "3.4.0",
  "name" : "FS III, Respiration og cirkulation",
  "title" : "FS III, Respiration og cirkulation",
  "status" : "active",
  "experimental" : true,
  "date" : "2019-02-02T00:00:00+00:00",
  "publisher" : "Den telemedicinske infrastruktur (eHealth Infrastructure)",
  "contact" : [{
    "name" : "Den telemedicinske infrastruktur (eHealth Infrastructure)",
    "telecom" : [{
      "system" : "url",
      "value" : "http://ehealth.sundhed.dk"
    }]
  }],
  "description" : "FS III, Respiration og cirkulation",
  "jurisdiction" : [{
    "coding" : [{
      "system" : "urn:iso:std:iso:3166",
      "code" : "DK",
      "display" : "Denmark"
    }]
  }],
  "content" : "complete",
  "concept" : [{
    "code" : "RESPIRATION",
    "display" : "Respirationsproblemer",
    "designation" : [{
      "language" : "da",
      "value" : "Respirationsproblemer"
    }]
  },
  {
    "code" : "CIRCULATION",
    "display" : "Cirkulationsproblemer",
    "designation" : [{
      "language" : "da",
      "value" : "Cirkulationsproblemer"
    }]
  }]
}