{
  "resourceType" : "CodeSystem",
  "id" : "resolved-timing-type",
  "text" : {
    "status" : "generated",
    "div" : "<div xmlns=\"http://www.w3.org/1999/xhtml\"><p class=\"res-header-id\"><b>Generated Narrative: CodeSystem resolved-timing-type</b></p><a name=\"resolved-timing-type\"> </a><a name=\"hcresolved-timing-type\"> </a><a name=\"resolved-timing-type-en-US\"> </a><p>This case-sensitive code system <code>http://ehealth.sundhed.dk/cs/resolved-timing-type</code> defines the following codes:</p><table class=\"codes\"><tr><td style=\"white-space:nowrap\"><b>Code</b></td><td><b>Definition</b></td><td><b>Dansk (Danish, da)</b></td></tr><tr><td style=\"white-space:nowrap\">Resolved<a name=\"resolved-timing-type-Resolved\"> </a></td><td>Resolved</td><td>Opløst måleregimetid</td></tr><tr><td style=\"white-space:nowrap\">Unresolved<a name=\"resolved-timing-type-Unresolved\"> </a></td><td>Unresolved</td><td>Ej opløst måleregimetid</td></tr><tr><td style=\"white-space:nowrap\">Adhoc<a name=\"resolved-timing-type-Adhoc\"> </a></td><td>Adhoc</td><td>Adhoc</td></tr><tr><td style=\"white-space:nowrap\">Extra<a name=\"resolved-timing-type-Extra\"> </a></td><td>Extra</td><td>Ekstra</td></tr></table></div>"
  },
  "url" : "http://ehealth.sundhed.dk/cs/resolved-timing-type",
  "version" : "3.2.0",
  "name" : "ResolvedTimingType",
  "title" : "Resolved Timing Type",
  "status" : "active",
  "experimental" : false,
  "date" : "2021-02-26T00:00:00+00:00",
  "publisher" : "Den telemedicinske infrastruktur (eHealth Infrastructure)",
  "contact" : [{
    "name" : "Den telemedicinske infrastruktur (eHealth Infrastructure)",
    "telecom" : [{
      "system" : "url",
      "value" : "http://ehealth.sundhed.dk"
    }]
  }],
  "description" : "Resolved Timing Type",
  "caseSensitive" : true,
  "content" : "complete",
  "concept" : [{
    "code" : "Resolved",
    "display" : "Resolved",
    "definition" : "Resolved",
    "designation" : [{
      "language" : "da",
      "value" : "Opløst måleregimetid"
    }]
  },
  {
    "code" : "Unresolved",
    "display" : "Unresolved",
    "definition" : "Unresolved",
    "designation" : [{
      "language" : "da",
      "value" : "Ej opløst måleregimetid"
    }]
  },
  {
    "code" : "Adhoc",
    "display" : "Adhoc",
    "definition" : "Adhoc",
    "designation" : [{
      "language" : "da",
      "value" : "Adhoc"
    }]
  },
  {
    "code" : "Extra",
    "display" : "Extra",
    "definition" : "Extra",
    "designation" : [{
      "language" : "da",
      "value" : "Ekstra"
    }]
  }]
}