{
  "resourceType" : "CodeSystem",
  "id" : "ehealth-organization-synchronization-status",
  "text" : {
    "status" : "generated",
    "div" : "<div xmlns=\"http://www.w3.org/1999/xhtml\"><p class=\"res-header-id\"><b>Generated Narrative: CodeSystem ehealth-organization-synchronization-status</b></p><a name=\"ehealth-organization-synchronization-status\"> </a><a name=\"hcehealth-organization-synchronization-status\"> </a><a name=\"ehealth-organization-synchronization-status-en-US\"> </a><p>This case-sensitive code system <code>http://ehealth.sundhed.dk/cs/organization-synchronization-status</code> defines the following codes:</p><table class=\"codes\"><tr><td style=\"white-space:nowrap\"><b>Code</b></td><td><b>Display</b></td><td><b>Definition</b></td></tr><tr><td style=\"white-space:nowrap\">NotSynchronized<a name=\"ehealth-organization-synchronization-status-NotSynchronized\"> </a></td><td>Not synchronized</td><td>Not synchronized</td></tr><tr><td style=\"white-space:nowrap\">EligibleForSynchronization<a name=\"ehealth-organization-synchronization-status-EligibleForSynchronization\"> </a></td><td>Eligible for synchronization</td><td>Eligible for automatic synchronization with the source</td></tr><tr><td style=\"white-space:nowrap\">NoLongerSynchronized<a name=\"ehealth-organization-synchronization-status-NoLongerSynchronized\"> </a></td><td>No longer synchronized</td><td>No longer eligible for automatic synchronization with the source</td></tr></table></div>"
  },
  "url" : "http://ehealth.sundhed.dk/cs/organization-synchronization-status",
  "version" : "3.2.0",
  "name" : "OrganizationSynchronizationStatus",
  "title" : "Organization Synchronization Status",
  "status" : "active",
  "experimental" : false,
  "date" : "2019-06-24T00:00:00+00:00",
  "publisher" : "Den telemedicinske infrastruktur (eHealth Infrastructure)",
  "contact" : [{
    "name" : "Den telemedicinske infrastruktur (eHealth Infrastructure)",
    "telecom" : [{
      "system" : "url",
      "value" : "http://ehealth.sundhed.dk"
    }]
  }],
  "description" : "Organization synchronization status type",
  "caseSensitive" : true,
  "content" : "complete",
  "concept" : [{
    "code" : "NotSynchronized",
    "display" : "Not synchronized",
    "definition" : "Not synchronized"
  },
  {
    "code" : "EligibleForSynchronization",
    "display" : "Eligible for synchronization",
    "definition" : "Eligible for automatic synchronization with the source"
  },
  {
    "code" : "NoLongerSynchronized",
    "display" : "No longer synchronized",
    "definition" : "No longer eligible for automatic synchronization with the source"
  }]
}