{
  "resourceType" : "CodeSystem",
  "id" : "ehealth-document-class",
  "text" : {
    "status" : "generated",
    "div" : "<div xmlns=\"http://www.w3.org/1999/xhtml\"><p class=\"res-header-id\"><b>Generated Narrative: CodeSystem ehealth-document-class</b></p><a name=\"ehealth-document-class\"> </a><a name=\"hcehealth-document-class\"> </a><a name=\"ehealth-document-class-en-US\"> </a><p>This case-sensitive code system <code>http://ehealth.sundhed.dk/cs/document-class</code> defines the following code:</p><table class=\"codes\"><tr><td style=\"white-space:nowrap\"><b>Code</b></td><td><b>Display</b></td><td><b>Definition</b></td></tr><tr><td style=\"white-space:nowrap\">TBD<a name=\"ehealth-document-class-TBD\"> </a></td><td>Example value - Under construction</td><td>Example value - Under construction</td></tr></table></div>"
  },
  "url" : "http://ehealth.sundhed.dk/cs/document-class",
  "version" : "3.2.0",
  "name" : "DocumentClass",
  "title" : "Document Class",
  "status" : "retired",
  "experimental" : false,
  "date" : "2019-01-29",
  "publisher" : "Den telemedicinske infrastruktur (eHealth Infrastructure)",
  "contact" : [{
    "name" : "Den telemedicinske infrastruktur (eHealth Infrastructure)",
    "telecom" : [{
      "system" : "url",
      "value" : "http://ehealth.sundhed.dk"
    }]
  }],
  "description" : "Document Class",
  "caseSensitive" : true,
  "content" : "complete",
  "concept" : [{
    "code" : "TBD",
    "display" : "Example value - Under construction",
    "definition" : "Example value - Under construction"
  }]
}