{
  "resourceType" : "CodeSystem",
  "id" : "ehealth-system",
  "text" : {
    "status" : "generated",
    "div" : "<div xmlns=\"http://www.w3.org/1999/xhtml\"><p class=\"res-header-id\"><b>Generated Narrative: CodeSystem ehealth-system</b></p><a name=\"ehealth-system\"> </a><a name=\"hcehealth-system\"> </a><a name=\"ehealth-system-en-US\"> </a><p>This case-sensitive code system <code>http://ehealth.sundhed.dk/cs/ehealth-system</code> defines the following codes:</p><table class=\"codes\"><tr><td style=\"white-space:nowrap\"><b>Code</b></td><td><b>Definition</b></td></tr><tr><td style=\"white-space:nowrap\">xa<a name=\"ehealth-system-xa\"> </a></td><td>xa</td></tr><tr><td style=\"white-space:nowrap\">xb<a name=\"ehealth-system-xb\"> </a></td><td>xb</td></tr></table></div>"
  },
  "url" : "http://ehealth.sundhed.dk/cs/ehealth-system",
  "version" : "3.1.0",
  "name" : "EhealthSystem",
  "title" : "Ehealth System",
  "status" : "active",
  "experimental" : false,
  "date" : "2022-09-29T00:00:00+00:00",
  "publisher" : "Den telemedicinske infrastruktur (eHealth Infrastructure)",
  "contact" : [{
    "name" : "Den telemedicinske infrastruktur (eHealth Infrastructure)",
    "telecom" : [{
      "system" : "url",
      "value" : "http://ehealth.sundhed.dk"
    }]
  }],
  "description" : "Tag værdi for anvendersystem",
  "caseSensitive" : true,
  "content" : "complete",
  "concept" : [{
    "code" : "xa",
    "display" : "xa",
    "definition" : "xa"
  },
  {
    "code" : "xb",
    "display" : "xb",
    "definition" : "xb"
  }]
}