{
  "resourceType" : "CodeSystem",
  "id" : "item-type",
  "meta" : {
    "lastUpdated" : "2019-10-24T11:53:00+11:00"
  },
  "text" : {
    "status" : "generated",
    "div" : "<div xmlns=\"http://www.w3.org/1999/xhtml\"><p class=\"res-header-id\"><b>Generated Narrative: CodeSystem item-type</b></p><a name=\"item-type\"> </a><a name=\"hcitem-type\"> </a><a name=\"item-type-da-DK\"> </a><div style=\"display: inline-block; background-color: #d9e0e7; padding: 6px; margin: 4px; border: 1px solid #8da1b4; border-radius: 5px; line-height: 60%\"><p style=\"margin-bottom: 0px\">Last updated: 2019-10-24 11:53:00+1100</p></div><p><b>Properties</b></p><p><b>This code system defines the following properties for its concepts</b></p><table class=\"grid\"><tr><td><b>Name</b></td><td><b>Code</b></td><td><b>URI</b></td><td><b>Type</b></td><td><b>Description</b></td></tr><tr><td>Not Selectable</td><td>notSelectable</td><td>http://hl7.org/fhir/concept-properties#notSelectable</td><td>boolean</td><td>Indicates that the code is abstract - only intended to be used as a selector for other concepts</td></tr></table><p><b>Concepts</b></p><p>This code system <code>http://hl7.org/fhir/item-type</code> defines displays and properties on the following codes:</p><table class=\"codes\"><tr><td><b>Lvl</b></td><td style=\"white-space:nowrap\"><b>Code</b></td><td><b>Display</b></td><td><b>Definition</b></td><td><b>Not Selectable</b></td><td><b>Dansk (Danish, da)</b></td></tr><tr><td>1</td><td style=\"white-space:nowrap\">group<a name=\"item-type-group\"> </a></td><td>Group</td><td>An item with no direct answer but should have at least one child item.</td><td/><td>Gruppe</td></tr><tr><td>1</td><td style=\"white-space:nowrap\">display<a name=\"item-type-display\"> </a></td><td>Display</td><td>Text for display that will not capture an answer or have child items.</td><td/><td>Visning</td></tr><tr><td>1</td><td style=\"white-space:nowrap\">question<a name=\"item-type-question\"> </a></td><td>Question</td><td>An item that defines a specific answer to be captured, and may have child items. (the answer provided in the QuestionnaireResponse should be of the defined datatype)</td><td>true</td><td>Spørgsmål</td></tr><tr><td>2</td><td style=\"white-space:nowrap\">\u00a0\u00a0boolean<a name=\"item-type-boolean\"> </a></td><td>Boolean</td><td>Question with a yes/no answer (valueBoolean)</td><td/><td>Boolsk</td></tr><tr><td>2</td><td style=\"white-space:nowrap\">\u00a0\u00a0decimal<a name=\"item-type-decimal\"> </a></td><td>Decimal</td><td>Question with is a real number answer (valueDecimal)</td><td/><td>Decimal</td></tr><tr><td>2</td><td style=\"white-space:nowrap\">\u00a0\u00a0integer<a name=\"item-type-integer\"> </a></td><td>Integer</td><td>Question with an integer answer (valueInteger)</td><td/><td>Heltal</td></tr><tr><td>2</td><td style=\"white-space:nowrap\">\u00a0\u00a0date<a name=\"item-type-date\"> </a></td><td>Date</td><td>Question with a date answer (valueDate)</td><td/><td>Dato</td></tr><tr><td>2</td><td style=\"white-space:nowrap\">\u00a0\u00a0dateTime<a name=\"item-type-dateTime\"> </a></td><td>Date Time</td><td>Question with a date and time answer (valueDateTime)</td><td/><td>Dato &amp; tidspunkt</td></tr><tr><td>2</td><td style=\"white-space:nowrap\">\u00a0\u00a0time<a name=\"item-type-time\"> </a></td><td>Time</td><td>Question with a time (hour:minute:second) answer independent of date. (valueTime)</td><td/><td>Tidspunkt</td></tr><tr><td>2</td><td style=\"white-space:nowrap\">\u00a0\u00a0string<a name=\"item-type-string\"> </a></td><td>String</td><td>Question with a short (few words to short sentence) free-text entry answer (valueString)</td><td/><td>Tekststreng</td></tr><tr><td>2</td><td style=\"white-space:nowrap\">\u00a0\u00a0text<a name=\"item-type-text\"> </a></td><td>Text</td><td>Question with a long (potentially multi-paragraph) free-text entry answer (valueString)</td><td/><td>Fritekst</td></tr><tr><td>2</td><td style=\"white-space:nowrap\">\u00a0\u00a0url<a name=\"item-type-url\"> </a></td><td>Url</td><td>Question with a URL (website, FTP site, etc.) answer (valueUri)</td><td/><td>URL</td></tr><tr><td>2</td><td style=\"white-space:nowrap\">\u00a0\u00a0choice<a name=\"item-type-choice\"> </a></td><td>Choice</td><td>Question with a Coding drawn from a list of options (specified in either the option property, or via the valueset referenced in the options property) as an answer (valueCoding)</td><td/><td>Valg</td></tr><tr><td>2</td><td style=\"white-space:nowrap\">\u00a0\u00a0open-choice<a name=\"item-type-open-choice\"> </a></td><td>Open Choice</td><td>Answer is a Coding drawn from a list of options (as with the choice type) or a free-text entry in a string (valueCoding or valueString)</td><td/><td>Åbent valg</td></tr><tr><td>2</td><td style=\"white-space:nowrap\">\u00a0\u00a0attachment<a name=\"item-type-attachment\"> </a></td><td>Attachment</td><td>Question with binary content such as a image, PDF, etc. as an answer (valueAttachment)</td><td/><td>Vedhæftet fil</td></tr><tr><td>2</td><td style=\"white-space:nowrap\">\u00a0\u00a0reference<a name=\"item-type-reference\"> </a></td><td>Reference</td><td>Question with a reference to another resource (practitioner, organization, etc.) as an answer (valueReference)</td><td/><td>Reference</td></tr><tr><td>2</td><td style=\"white-space:nowrap\">\u00a0\u00a0quantity<a name=\"item-type-quantity\"> </a></td><td>Quantity</td><td>Question with a combination of a numeric value and unit, potentially with a comparator (&lt;, &gt;, etc.) as an answer. (valueQuantity) There is an extension 'http://hl7.org/fhir/StructureDefinition/questionnaire-unit' that can be used to define what unit whould be captured (or the a unit that has a ucum conversion from the provided unit)</td><td/><td>Antal</td></tr></table></div>"
  },
  "extension" : [{
    "url" : "http://hl7.org/fhir/StructureDefinition/structuredefinition-ballot-status",
    "valueString" : "Informative"
  },
  {
    "url" : "http://hl7.org/fhir/StructureDefinition/structuredefinition-fmm",
    "valueInteger" : 3
  },
  {
    "url" : "http://hl7.org/fhir/StructureDefinition/structuredefinition-wg",
    "valueCode" : "fhir"
  }],
  "url" : "http://hl7.org/fhir/item-type",
  "version" : "3.4.0",
  "name" : "Questionnaire Item Type",
  "title" : "Questionnaire Item Type",
  "status" : "active",
  "experimental" : false,
  "date" : "2019-10-24T11:53:00+11:00",
  "publisher" : "Den telemedicinske infrastruktur (eHealth Infrastructure)",
  "contact" : [{
    "name" : "Den telemedicinske infrastruktur (eHealth Infrastructure)",
    "telecom" : [{
      "system" : "url",
      "value" : "http://ehealth.sundhed.dk"
    }]
  }],
  "description" : "Distinguishes groups from questions and display text and indicates data type for questions",
  "jurisdiction" : [{
    "coding" : [{
      "system" : "urn:iso:std:iso:3166",
      "code" : "DK",
      "display" : "Denmark"
    }]
  }],
  "content" : "supplement",
  "supplements" : "http://hl7.org/fhir/ValueSet/item-type",
  "property" : [{
    "code" : "notSelectable",
    "uri" : "http://hl7.org/fhir/concept-properties#notSelectable",
    "description" : "Indicates that the code is abstract - only intended to be used as a selector for other concepts",
    "type" : "boolean"
  }],
  "concept" : [{
    "code" : "group",
    "display" : "Group",
    "definition" : "An item with no direct answer but should have at least one child item.",
    "designation" : [{
      "language" : "da",
      "use" : {
        "system" : "http://snomed.info/sct",
        "code" : "900000000000013009"
      },
      "value" : "Gruppe"
    }]
  },
  {
    "code" : "display",
    "display" : "Display",
    "definition" : "Text for display that will not capture an answer or have child items.",
    "designation" : [{
      "language" : "da",
      "use" : {
        "system" : "http://snomed.info/sct",
        "code" : "900000000000013009"
      },
      "value" : "Visning"
    }]
  },
  {
    "code" : "question",
    "display" : "Question",
    "definition" : "An item that defines a specific answer to be captured, and may have child items. (the answer provided in the QuestionnaireResponse should be of the defined datatype)",
    "designation" : [{
      "language" : "da",
      "use" : {
        "system" : "http://snomed.info/sct",
        "code" : "900000000000013009"
      },
      "value" : "Spørgsmål"
    }],
    "property" : [{
      "code" : "notSelectable",
      "valueBoolean" : true
    }],
    "concept" : [{
      "code" : "boolean",
      "display" : "Boolean",
      "definition" : "Question with a yes/no answer (valueBoolean)",
      "designation" : [{
        "language" : "da",
        "use" : {
          "system" : "http://snomed.info/sct",
          "code" : "900000000000013009"
        },
        "value" : "Boolsk"
      }]
    },
    {
      "code" : "decimal",
      "display" : "Decimal",
      "definition" : "Question with is a real number answer (valueDecimal)",
      "designation" : [{
        "language" : "da",
        "use" : {
          "system" : "http://snomed.info/sct",
          "code" : "900000000000013009"
        },
        "value" : "Decimal"
      }]
    },
    {
      "code" : "integer",
      "display" : "Integer",
      "definition" : "Question with an integer answer (valueInteger)",
      "designation" : [{
        "language" : "da",
        "use" : {
          "system" : "http://snomed.info/sct",
          "code" : "900000000000013009"
        },
        "value" : "Heltal"
      }]
    },
    {
      "code" : "date",
      "display" : "Date",
      "definition" : "Question with a date answer (valueDate)",
      "designation" : [{
        "language" : "da",
        "use" : {
          "system" : "http://snomed.info/sct",
          "code" : "900000000000013009"
        },
        "value" : "Dato"
      }]
    },
    {
      "code" : "dateTime",
      "display" : "Date Time",
      "definition" : "Question with a date and time answer (valueDateTime)",
      "designation" : [{
        "language" : "da",
        "use" : {
          "system" : "http://snomed.info/sct",
          "code" : "900000000000013009"
        },
        "value" : "Dato & tidspunkt"
      }]
    },
    {
      "code" : "time",
      "display" : "Time",
      "definition" : "Question with a time (hour:minute:second) answer independent of date. (valueTime)",
      "designation" : [{
        "language" : "da",
        "use" : {
          "system" : "http://snomed.info/sct",
          "code" : "900000000000013009"
        },
        "value" : "Tidspunkt"
      }]
    },
    {
      "code" : "string",
      "display" : "String",
      "definition" : "Question with a short (few words to short sentence) free-text entry answer (valueString)",
      "designation" : [{
        "language" : "da",
        "use" : {
          "system" : "http://snomed.info/sct",
          "code" : "900000000000013009"
        },
        "value" : "Tekststreng"
      }]
    },
    {
      "code" : "text",
      "display" : "Text",
      "definition" : "Question with a long (potentially multi-paragraph) free-text entry answer (valueString)",
      "designation" : [{
        "language" : "da",
        "use" : {
          "system" : "http://snomed.info/sct",
          "code" : "900000000000013009"
        },
        "value" : "Fritekst"
      }]
    },
    {
      "code" : "url",
      "display" : "Url",
      "definition" : "Question with a URL (website, FTP site, etc.) answer (valueUri)",
      "designation" : [{
        "language" : "da",
        "use" : {
          "system" : "http://snomed.info/sct",
          "code" : "900000000000013009"
        },
        "value" : "URL"
      }]
    },
    {
      "code" : "choice",
      "display" : "Choice",
      "definition" : "Question with a Coding drawn from a list of options (specified in either the option property, or via the valueset referenced in the options property) as an answer (valueCoding)",
      "designation" : [{
        "language" : "da",
        "use" : {
          "system" : "http://snomed.info/sct",
          "code" : "900000000000013009"
        },
        "value" : "Valg"
      }]
    },
    {
      "code" : "open-choice",
      "display" : "Open Choice",
      "definition" : "Answer is a Coding drawn from a list of options (as with the choice type) or a free-text entry in a string (valueCoding or valueString)",
      "designation" : [{
        "language" : "da",
        "use" : {
          "system" : "http://snomed.info/sct",
          "code" : "900000000000013009"
        },
        "value" : "Åbent valg"
      }]
    },
    {
      "code" : "attachment",
      "display" : "Attachment",
      "definition" : "Question with binary content such as a image, PDF, etc. as an answer (valueAttachment)",
      "designation" : [{
        "language" : "da",
        "use" : {
          "system" : "http://snomed.info/sct",
          "code" : "900000000000013009"
        },
        "value" : "Vedhæftet fil"
      }]
    },
    {
      "code" : "reference",
      "display" : "Reference",
      "definition" : "Question with a reference to another resource (practitioner, organization, etc.) as an answer (valueReference)",
      "designation" : [{
        "language" : "da",
        "use" : {
          "system" : "http://snomed.info/sct",
          "code" : "900000000000013009"
        },
        "value" : "Reference"
      }]
    },
    {
      "code" : "quantity",
      "display" : "Quantity",
      "definition" : "Question with a combination of a numeric value and unit, potentially with a comparator (<, >, etc.) as an answer. (valueQuantity) There is an extension 'http://hl7.org/fhir/StructureDefinition/questionnaire-unit' that can be used to define what unit whould be captured (or the a unit that has a ucum conversion from the provided unit)",
      "designation" : [{
        "language" : "da",
        "use" : {
          "system" : "http://snomed.info/sct",
          "code" : "900000000000013009"
        },
        "value" : "Antal"
      }]
    }]
  }]
}