{
  "resourceType" : "OperationDefinition",
  "id" : "-s-transform-from-QFDD",
  "text" : {
    "status" : "generated",
    "div" : "<div xmlns=\"http://www.w3.org/1999/xhtml\"><p class=\"res-header-id\"><b>Generated Narrative: OperationDefinition -s-transform-from-QFDD</b></p><a name=\"-s-transform-from-QFDD\"> </a><a name=\"hc-s-transform-from-QFDD\"> </a><a name=\"-s-transform-from-QFDD-en-US\"> </a><p>URL: [base]/$transform-from-QFDD</p><p>Parameters</p><table class=\"grid\"><tr><td><b>Use</b></td><td><b>Name</b></td><td><b>Scope</b></td><td><b>Cardinality</b></td><td><b>Type</b></td><td><b>Binding</b></td><td><b>Documentation</b></td></tr><tr><td>IN</td><td>documentReference</td><td/><td>0..1</td><td><a href=\"http://hl7.org/fhir/R4/documentreference.html\">DocumentReference</a></td><td/><td/></tr><tr><td>OUT</td><td>bundle</td><td/><td>0..1</td><td><a href=\"http://hl7.org/fhir/R4/bundle.html\">Bundle</a></td><td/><td/></tr></table></div>"
  },
  "url" : "https://document-transformation.devtest.systematic-ehealth.com/fhir/OperationDefinition/-s-transform-from-QFDD",
  "version" : "3.1.0",
  "name" : "transform-from-QFDD",
  "title" : "Transform from QFDD",
  "status" : "active",
  "kind" : "operation",
  "date" : "2024-08-29T10:30:24+00:00",
  "publisher" : "Den telemedicinske infrastruktur (eHealth Infrastructure)",
  "contact" : [{
    "name" : "Den telemedicinske infrastruktur (eHealth Infrastructure)",
    "telecom" : [{
      "system" : "url",
      "value" : "http://ehealth.sundhed.dk"
    }]
  }],
  "description" : "Transforms the DK-HL7 Questionnaire Form Definition Document (QFDD) to an eHealth Questionnaire resource. The input FHIR DocumentReference contains QFDD XML for the DK-HL7 Questionnaire Form Definition Document. The returned Bundle contains the eHealth Questionnaire and Composition resource which reference the returned eHealth Questionnaire.",
  "affectsState" : false,
  "code" : "transform-from-QFDD",
  "system" : true,
  "type" : false,
  "instance" : false,
  "parameter" : [{
    "name" : "documentReference",
    "use" : "in",
    "min" : 0,
    "max" : "1",
    "type" : "DocumentReference"
  },
  {
    "name" : "bundle",
    "use" : "out",
    "min" : 0,
    "max" : "1",
    "type" : "Bundle"
  }]
}