{
  "resourceType" : "OperationDefinition",
  "id" : "-s-transform-to-APD",
  "text" : {
    "status" : "extensions",
    "div" : "<div xmlns=\"http://www.w3.org/1999/xhtml\"><p>URL: [base]/$transform-to-APD</p><p>Parameters</p><table class=\"grid\"><tr><td><b>Use</b></td><td><b>Name</b></td><td><b>Scope</b></td><td><b>Cardinality</b></td><td><b>Type</b></td><td><b>Binding</b></td><td><b>Documentation</b></td></tr><tr><td>IN</td><td>bundle</td><td/><td>0..1</td><td><a href=\"http://hl7.org/fhir/R4/bundle.html\">Bundle</a></td><td/><td/></tr><tr><td>OUT</td><td>documentReference</td><td/><td>0..1</td><td><a href=\"http://hl7.org/fhir/R4/documentreference.html\">DocumentReference</a></td><td/><td/></tr></table></div>"
  },
  "url" : "https://document-transformation.devtest.systematic-ehealth.com/fhir/OperationDefinition/-s-transform-to-APD",
  "version" : "3.3.0",
  "name" : "transform-to-APD",
  "title" : "Transform to APD",
  "status" : "active",
  "kind" : "operation",
  "date" : "2024-06-07T14:37:02+00:00",
  "publisher" : "Den telemedicinske infrastruktur (eHealth Infrastructure)",
  "contact" : [{
    "name" : "Den telemedicinske infrastruktur (eHealth Infrastructure)",
    "telecom" : [{
      "system" : "url",
      "value" : "http://ehealth.sundhed.dk"
    }]
  }],
  "description" : "Transforms a FHIR Appointment (ehealth-appointment profile) resource to a DK-HL7 Appointment Document (APD) XML document. The input FHIR Bundle contains a FHIR Composition (ehealth-composition profile) resource referencing a FHIR Appointment (ehealth-appointment profile) resource and referenced resources such as FHIR Organization. The returned FHIR DocumentReference contains the APD XML document adhering to the DK-HL7 Appointment Document profile.",
  "affectsState" : false,
  "code" : "transform-to-APD",
  "system" : true,
  "type" : false,
  "instance" : false,
  "parameter" : [{
    "name" : "bundle",
    "use" : "in",
    "min" : 0,
    "max" : "1",
    "type" : "Bundle"
  },
  {
    "name" : "documentReference",
    "use" : "out",
    "min" : 0,
    "max" : "1",
    "type" : "DocumentReference"
  }]
}