{
  "resourceType" : "OperationDefinition",
  "id" : "Binary-t-retrieve-document",
  "text" : {
    "status" : "generated",
    "div" : "<div xmlns=\"http://www.w3.org/1999/xhtml\"><p class=\"res-header-id\"><b>Generated Narrative: OperationDefinition Binary-t-retrieve-document</b></p><a name=\"Binary-t-retrieve-document\"> </a><a name=\"hcBinary-t-retrieve-document\"> </a><a name=\"hcBinary-t-retrieve-document-en-US\"> </a><p>URL: [base]/Binary/$retrieve-document</p><p>Parameters</p><table class=\"grid\"><tr><td><b>Use</b></td><td><b>Name</b></td><td><b>Scope</b></td><td><b>Cardinality</b></td><td><b>Type</b></td><td><b>Binding</b></td><td><b>Documentation</b></td></tr><tr><td>IN</td><td>url</td><td/><td>1..1</td><td><a href=\"http://hl7.org/fhir/R4/datatypes.html#string\">string</a><br/>(<a href=\"http://hl7.org/fhir/R4/search.html#uri\">uri</a>)</td><td/><td/></tr><tr><td>IN</td><td>consentOverride</td><td/><td>0..1</td><td><a href=\"http://hl7.org/fhir/R4/datatypes.html#boolean\">boolean</a></td><td/><td/></tr><tr><td>IN</td><td>reason</td><td/><td>0..1</td><td><a href=\"http://hl7.org/fhir/R4/datatypes.html#string\">string</a></td><td/><td/></tr><tr><td>OUT</td><td>return</td><td/><td>0..1</td><td><a href=\"http://hl7.org/fhir/R4/binary.html\">Binary</a></td><td/><td/></tr></table></div>"
  },
  "url" : "https://document-query.devtest.systematic-ehealth.com/fhir/OperationDefinition/Binary-t-retrieve-document",
  "version" : "3.1.0",
  "name" : "retrieve-document",
  "title" : "Retrieve document",
  "status" : "active",
  "kind" : "operation",
  "date" : "2024-07-01T11:09:52+00:00",
  "publisher" : "Den telemedicinske infrastruktur (eHealth Infrastructure)",
  "contact" : [{
    "name" : "Den telemedicinske infrastruktur (eHealth Infrastructure)",
    "telecom" : [{
      "system" : "url",
      "value" : "http://ehealth.sundhed.dk"
    }]
  }],
  "description" : "Input (url) is the element DocumentReference.content.attachment.url for metadata about the QRD/APD/PHMR document as returned from the DocumentReference search operation performing a query to national document sharing infrastructure. The url, which shall be used as-is in this operation, is an encoding of the XDS DocumentEntry.uniqueId, XDS DocumentEntry.repositoryUniqueId and XDS DocumentEntry.homeCommunityId metadata attributes needed to retrieve the document. Input (consentOverride) signifies, when set to true, that the retrieve of a document shall be performed with override of any withholding of information possibly performed  by the national document sharing service in accordance with patient's consents. Override of consents constitutes a form of break-the-glass invocation, known in Danish as værdispring.Input (reason) is mandatory when input element consentOverride is set to true. The string input is intended as a placeholder for the user's rationale for choosing to override consents.The value is logged in the Infrastructure.",
  "affectsState" : false,
  "code" : "retrieve-document",
  "resource" : ["Binary"],
  "system" : false,
  "type" : true,
  "instance" : false,
  "parameter" : [{
    "name" : "url",
    "use" : "in",
    "min" : 1,
    "max" : "1",
    "type" : "string",
    "searchType" : "uri"
  },
  {
    "name" : "consentOverride",
    "use" : "in",
    "min" : 0,
    "max" : "1",
    "type" : "boolean"
  },
  {
    "name" : "reason",
    "use" : "in",
    "min" : 0,
    "max" : "1",
    "type" : "string"
  },
  {
    "name" : "return",
    "use" : "out",
    "min" : 0,
    "max" : "1",
    "type" : "Binary"
  }]
}