{
  "resourceType" : "OperationDefinition",
  "id" : "-s-transform-from-APD",
  "text" : {
    "status" : "generated",
    "div" : "<div xmlns=\"http://www.w3.org/1999/xhtml\"><p class=\"res-header-id\"><b>Generated Narrative: OperationDefinition -s-transform-from-APD</b></p><a name=\"-s-transform-from-APD\"> </a><a name=\"hc-s-transform-from-APD\"> </a><a name=\"-s-transform-from-APD-da-DK\"> </a><p>URL: [base]/$transform-from-APD</p><h3>Parameters</h3><table class=\"grid\"><tr><td><b>Use</b></td><td><b>Name</b></td><td><b>Scope</b></td><td><b>Cardinality</b></td><td><b>Type</b></td><td><b>Binding</b></td><td><b>Documentation</b></td></tr><tr><td>IN</td><td>documentReference</td><td/><td>0..1</td><td><a href=\"http://hl7.org/fhir/R4/documentreference.html\">DocumentReference</a></td><td/><td/></tr><tr><td>OUT</td><td>bundle</td><td/><td>0..1</td><td><a href=\"http://hl7.org/fhir/R4/bundle.html\">Bundle</a></td><td/><td/></tr></table></div>"
  },
  "url" : "https://document-transformation.devtest.systematic-ehealth.com/fhir/OperationDefinition/-s-transform-from-APD",
  "version" : "3.4.0",
  "name" : "transform-from-APD",
  "title" : "Transform from APD",
  "status" : "active",
  "kind" : "operation",
  "date" : "2025-02-17T14:41:06+00:00",
  "publisher" : "Den telemedicinske infrastruktur (eHealth Infrastructure)",
  "contact" : [{
    "name" : "Den telemedicinske infrastruktur (eHealth Infrastructure)",
    "telecom" : [{
      "system" : "url",
      "value" : "http://ehealth.sundhed.dk"
    }]
  }],
  "description" : "Transforms a DK-HL7 Appointment Document (APD) XML document to a FHIR Appointment (ehealth-appointment profile) resource. The input FHIR DocumentReference (ehealth-documentreference profile) contains the APD XML document. The caller must ensure that the APD XML document is valid and adheres to the DK-HL7 Appointment Document profile. The returned FHIR Bundle contains a FHIR Composition (ehealth-composition profile) resource referencing a FHIR Appointment (ehealth-appointment profile) resource.",
  "jurisdiction" : [{
    "coding" : [{
      "system" : "urn:iso:std:iso:3166",
      "code" : "DK",
      "display" : "Denmark"
    }]
  }],
  "affectsState" : false,
  "code" : "transform-from-APD",
  "system" : true,
  "type" : false,
  "instance" : false,
  "parameter" : [{
    "name" : "documentReference",
    "use" : "in",
    "min" : 0,
    "max" : "1",
    "type" : "DocumentReference"
  },
  {
    "name" : "bundle",
    "use" : "out",
    "min" : 0,
    "max" : "1",
    "type" : "Bundle"
  }]
}