{
  "resourceType" : "ValueSet",
  "id" : "ehealth-device-supplier-roles",
  "text" : {
    "status" : "generated",
    "div" : "<div xmlns=\"http://www.w3.org/1999/xhtml\"><p class=\"res-header-id\"><b>Generated Narrative: ValueSet ehealth-device-supplier-roles</b></p><a name=\"ehealth-device-supplier-roles\"> </a><a name=\"hcehealth-device-supplier-roles\"> </a><a name=\"hcehealth-device-supplier-roles-en-US\"> </a><ul><li>Include all codes defined in <a href=\"CodeSystem-ehealth-device-supplier-roles.html\"><code>http://ehealth.sundhed.dk/cs/device-supplier-roles</code></a></li></ul></div>"
  },
  "url" : "http://ehealth.sundhed.dk/vs/device-supplier-roles",
  "version" : "3.1.0",
  "name" : "DeviceSupplierRoles",
  "title" : "Device Supplier Roles",
  "status" : "active",
  "experimental" : true,
  "date" : "2019-02-08T00:00:00+00:00",
  "publisher" : "Den telemedicinske infrastruktur (eHealth Infrastructure)",
  "contact" : [{
    "name" : "Den telemedicinske infrastruktur (eHealth Infrastructure)",
    "telecom" : [{
      "system" : "url",
      "value" : "http://ehealth.sundhed.dk"
    }]
  }],
  "description" : "Device Supplier Roles value set.",
  "compose" : {
    "include" : [{
      "system" : "http://ehealth.sundhed.dk/cs/device-supplier-roles"
    }]
  }
}