{
  "resourceType" : "ValueSet",
  "id" : "dk-ihe-classcode-vs",
  "text" : {
    "status" : "extensions",
    "div" : "<div xmlns=\"http://www.w3.org/1999/xhtml\"><p class=\"res-header-id\"><b>Generated Narrative: ValueSet dk-ihe-classcode-vs</b></p><a name=\"dk-ihe-classcode-vs\"> </a><a name=\"hcdk-ihe-classcode-vs\"> </a><a name=\"dk-ihe-classcode-vs-da-DK\"> </a><ul><li>Include these codes as defined in <a href=\"CodeSystem-urn-oid-1.2.208.184.100.9.html\"><code>urn:oid:1.2.208.184.100.9</code></a><table class=\"none\"><tr><td style=\"white-space:nowrap\"><b>Code</b></td><td><b>Display</b></td><td><b>Definition</b></td></tr><tr><td><a href=\"CodeSystem-urn-oid-1.2.208.184.100.9.html#urn-oid-1.2.208.184.100.9-001\">001</a></td><td>Klinisk rapport</td><td>Clinical report document classcode used in DK-IHE metadata.</td></tr></table></li></ul></div>"
  },
  "url" : "http://sundhedsdatastyrelsen.dk/terminologi/dk-ihe-classcode-vs",
  "version" : "3.4.0",
  "name" : "DK_IHE_ClassCode_VS",
  "title" : "DK_IHE_ClassCode_VS",
  "status" : "active",
  "experimental" : false,
  "date" : "2019-12-11T00:00:00+00:00",
  "publisher" : "Den telemedicinske infrastruktur (eHealth Infrastructure)",
  "contact" : [{
    "name" : "Den telemedicinske infrastruktur (eHealth Infrastructure)",
    "telecom" : [{
      "system" : "url",
      "value" : "http://ehealth.sundhed.dk"
    }]
  }],
  "description" : "Value set for the classCode attribute.",
  "jurisdiction" : [{
    "coding" : [{
      "system" : "urn:iso:std:iso:3166",
      "code" : "DK",
      "display" : "Denmark"
    }]
  }],
  "compose" : {
    "include" : [{
      "system" : "urn:oid:1.2.208.184.100.9",
      "concept" : [{
        "code" : "001",
        "display" : "Klinisk rapport"
      }]
    }]
  }
}