{
  "resourceType" : "ValueSet",
  "id" : "document-sharing-state",
  "text" : {
    "status" : "generated",
    "div" : "<div xmlns=\"http://www.w3.org/1999/xhtml\"><p class=\"res-header-id\"><b>Generated Narrative: ValueSet document-sharing-state</b></p><a name=\"document-sharing-state\"> </a><a name=\"hcdocument-sharing-state\"> </a><a name=\"document-sharing-state-da-DK\"> </a><ul><li>Include all codes defined in <a href=\"CodeSystem-document-sharing-state.html\"><code>http://ehealth.sundhed.dk/cs/document-sharing-state</code></a></li></ul></div>"
  },
  "url" : "http://ehealth.sundhed.dk/vs/document-sharing-state",
  "version" : "3.4.0",
  "name" : "DocumentSharingState",
  "title" : "Document Sharing State",
  "status" : "active",
  "experimental" : true,
  "date" : "2024-12-03T00:00:00+00:00",
  "publisher" : "Den telemedicinske infrastruktur (eHealth Infrastructure)",
  "contact" : [{
    "name" : "Den telemedicinske infrastruktur (eHealth Infrastructure)",
    "telecom" : [{
      "system" : "url",
      "value" : "http://ehealth.sundhed.dk"
    }]
  }],
  "description" : "Document Sharing State",
  "jurisdiction" : [{
    "coding" : [{
      "system" : "urn:iso:std:iso:3166",
      "code" : "DK",
      "display" : "Denmark"
    }]
  }],
  "compose" : {
    "include" : [{
      "system" : "http://ehealth.sundhed.dk/cs/document-sharing-state"
    }]
  }
}