{
  "resourceType" : "ValueSet",
  "id" : "ehealth-consent-category",
  "text" : {
    "status" : "generated",
    "div" : "<div xmlns=\"http://www.w3.org/1999/xhtml\"><p class=\"res-header-id\"><b>Generated Narrative: ValueSet ehealth-consent-category</b></p><a name=\"ehealth-consent-category\"> </a><a name=\"hcehealth-consent-category\"> </a><a name=\"ehealth-consent-category-en-US\"> </a><ul><li>Include all codes defined in <a href=\"CodeSystem-ehealth-consent-category.html\"><code>http://ehealth.sundhed.dk/cs/consent-category</code></a></li></ul></div>"
  },
  "url" : "http://ehealth.sundhed.dk/vs/consent-category",
  "version" : "3.1.0",
  "name" : "ConsentCategory",
  "title" : "Consent Category",
  "status" : "active",
  "experimental" : true,
  "date" : "2019-02-08T00:00:00+00:00",
  "publisher" : "Den telemedicinske infrastruktur (eHealth Infrastructure)",
  "contact" : [{
    "name" : "Den telemedicinske infrastruktur (eHealth Infrastructure)",
    "telecom" : [{
      "system" : "url",
      "value" : "http://ehealth.sundhed.dk"
    }]
  }],
  "description" : "Value set of kinds of consents.",
  "compose" : {
    "include" : [{
      "system" : "http://ehealth.sundhed.dk/cs/consent-category"
    }]
  }
}