{
  "resourceType" : "ValueSet",
  "id" : "ehealth-condition-conditions",
  "text" : {
    "status" : "generated",
    "div" : "<div xmlns=\"http://www.w3.org/1999/xhtml\"><p class=\"res-header-id\"><b>Generated Narrative: ValueSet ehealth-condition-conditions</b></p><a name=\"ehealth-condition-conditions\"> </a><a name=\"hcehealth-condition-conditions\"> </a><a name=\"ehealth-condition-conditions-en-US\"> </a><ul><li>Import all the codes that are contained in <a href=\"ValueSet-kl.dk-fhir-common-caresocial-ValueSet-KLConditionCodesNursing.html\">KLTilstandeKoderSygepleje</a></li></ul></div>"
  },
  "url" : "http://ehealth.sundhed.dk/vs/condition-conditions",
  "version" : "3.1.0",
  "name" : "Condition_Conditions",
  "title" : "Tilstandskoder",
  "status" : "active",
  "experimental" : false,
  "date" : "2022-01-14T00:00:00+00:00",
  "publisher" : "Den telemedicinske infrastruktur (eHealth Infrastructure)",
  "contact" : [{
    "name" : "Den telemedicinske infrastruktur (eHealth Infrastructure)",
    "telecom" : [{
      "system" : "url",
      "value" : "http://ehealth.sundhed.dk"
    }]
  }],
  "description" : "Condition Codes",
  "compose" : {
    "include" : [{
      "valueSet" : ["http://kl.dk/fhir/common/caresocial/ValueSet/KLConditionCodesNursing"]
    }]
  }
}