{
  "resourceType" : "ValueSet",
  "id" : "ehealth-organization-relation-type",
  "text" : {
    "status" : "generated",
    "div" : "<div xmlns=\"http://www.w3.org/1999/xhtml\"><p class=\"res-header-id\"><b>Generated Narrative: ValueSet ehealth-organization-relation-type</b></p><a name=\"ehealth-organization-relation-type\"> </a><a name=\"hcehealth-organization-relation-type\"> </a><a name=\"hcehealth-organization-relation-type-en-US\"> </a><ul><li>Include all codes defined in <a href=\"CodeSystem-ehealth-organization-relation-type.html\"><code>http://ehealth.sundhed.dk/cs/organization-relation-type</code></a></li></ul></div>"
  },
  "url" : "http://ehealth.sundhed.dk/vs/organization-relation-type",
  "version" : "3.1.0",
  "name" : "OrganizationRelationType",
  "title" : "Organization Relation Type",
  "status" : "active",
  "experimental" : true,
  "date" : "2019-02-08T00:00:00+00:00",
  "publisher" : "Den telemedicinske infrastruktur (eHealth Infrastructure)",
  "contact" : [{
    "name" : "Den telemedicinske infrastruktur (eHealth Infrastructure)",
    "telecom" : [{
      "system" : "url",
      "value" : "http://ehealth.sundhed.dk"
    }]
  }],
  "description" : "How Organizations are related.",
  "compose" : {
    "include" : [{
      "system" : "http://ehealth.sundhed.dk/cs/organization-relation-type"
    }]
  }
}