{
  "resourceType" : "ValueSet",
  "id" : "ehealth-careteam-category",
  "text" : {
    "status" : "generated",
    "div" : "<div xmlns=\"http://www.w3.org/1999/xhtml\"><p class=\"res-header-id\"><b>Generated Narrative: ValueSet ehealth-careteam-category</b></p><a name=\"ehealth-careteam-category\"> </a><a name=\"hcehealth-careteam-category\"> </a><a name=\"ehealth-careteam-category-en-US\"> </a><ul><li>Include all codes defined in <a href=\"CodeSystem-ehealth-careteam-category.html\"><code>http://ehealth.sundhed.dk/cs/careteam-category</code></a></li></ul></div>"
  },
  "url" : "http://ehealth.sundhed.dk/vs/careteam-category",
  "version" : "3.1.0",
  "name" : "CareTeamCategory",
  "title" : "CareTeam Category",
  "status" : "active",
  "experimental" : true,
  "date" : "2019-02-08T00:00:00+00:00",
  "publisher" : "Den telemedicinske infrastruktur (eHealth Infrastructure)",
  "contact" : [{
    "name" : "Den telemedicinske infrastruktur (eHealth Infrastructure)",
    "telecom" : [{
      "system" : "url",
      "value" : "http://ehealth.sundhed.dk"
    }]
  }],
  "description" : "http://hl7.org/fhir/ValueSet/careteam-category + ssl | SSL | Service Support and Logistics Employee.",
  "compose" : {
    "include" : [{
      "system" : "http://ehealth.sundhed.dk/cs/careteam-category"
    }]
  }
}