{
  "resourceType" : "ValueSet",
  "id" : "ehealth-situation-quality",
  "text" : {
    "status" : "generated",
    "div" : "<div xmlns=\"http://www.w3.org/1999/xhtml\"><p class=\"res-header-id\"><b>Generated Narrative: ValueSet ehealth-situation-quality</b></p><a name=\"ehealth-situation-quality\"> </a><a name=\"hcehealth-situation-quality\"> </a><a name=\"ehealth-situation-quality-en-US\"> </a><ul><li>Include all codes defined in <a href=\"CodeSystem-ehealth-situation-quality.html\"><code>http://ehealth.sundhed.dk/cs/situation-quality</code></a></li></ul></div>"
  },
  "url" : "http://ehealth.sundhed.dk/vs/situation-quality",
  "version" : "3.1.0",
  "name" : "SituationQuality",
  "title" : "Situation Quality",
  "status" : "active",
  "experimental" : true,
  "date" : "2019-02-13T00:00:00+00:00",
  "publisher" : "Den telemedicinske infrastruktur (eHealth Infrastructure)",
  "contact" : [{
    "name" : "Den telemedicinske infrastruktur (eHealth Infrastructure)",
    "telecom" : [{
      "system" : "url",
      "value" : "http://ehealth.sundhed.dk"
    }]
  }],
  "description" : "Value set of hierarchical codes stating the quality of a measurement situation.",
  "compose" : {
    "include" : [{
      "system" : "http://ehealth.sundhed.dk/cs/situation-quality"
    }]
  }
}