{
  "resourceType" : "ValueSet",
  "id" : "ehealth-device-calibration-period",
  "text" : {
    "status" : "generated",
    "div" : "<div xmlns=\"http://www.w3.org/1999/xhtml\"><ul><li>Include all codes defined in <a href=\"CodeSystem-ehealth-device-calibration-period.html\"><code>http://ehealth.sundhed.dk/cs/device-calibration-period</code></a></li></ul></div>"
  },
  "url" : "http://ehealth.sundhed.dk/vs/device-calibration-period",
  "version" : "3.3.0",
  "name" : "DeviceCalibrationPeriod",
  "title" : "Device Calibration Period",
  "status" : "active",
  "experimental" : true,
  "date" : "2019-09-16T00:00:00+00:00",
  "publisher" : "Den telemedicinske infrastruktur (eHealth Infrastructure)",
  "contact" : [{
    "name" : "Den telemedicinske infrastruktur (eHealth Infrastructure)",
    "telecom" : [{
      "system" : "url",
      "value" : "http://ehealth.sundhed.dk"
    }]
  }],
  "description" : "Device calibration period.",
  "compose" : {
    "include" : [{
      "system" : "http://ehealth.sundhed.dk/cs/device-calibration-period"
    }]
  }
}