<?xml version="1.0" encoding="UTF-8"?>

<CodeSystem xmlns="http://hl7.org/fhir">
  <id value="ehealth-oio-organization-type"/>
  <text>
    <status value="generated"/><div xmlns="http://www.w3.org/1999/xhtml"><p class="res-header-id"><b>Generated Narrative: CodeSystem ehealth-oio-organization-type</b></p><a name="ehealth-oio-organization-type"> </a><a name="hcehealth-oio-organization-type"> </a><a name="hcehealth-oio-organization-type-en-US"> </a><p>This case-sensitive code system <code>http://ehealth.sundhed.dk/cs/oio-organization-type</code> defines the following codes:</p><table class="codes"><tr><td style="white-space:nowrap"><b>Code</b></td><td><b>Definition</b></td></tr><tr><td style="white-space:nowrap">Organisation<a name="ehealth-oio-organization-type-Organisation"> </a></td><td>Organisation</td></tr><tr><td style="white-space:nowrap">OrganisationEnhed<a name="ehealth-oio-organization-type-OrganisationEnhed"> </a></td><td>OrganisationEnhed</td></tr></table></div>
  </text>
  <url value="http://ehealth.sundhed.dk/cs/oio-organization-type"/>
  <version value="3.1.0"/>
  <name value="OIOOrganizationType"/>
  <title value="OIO Organization Type"/>
  <status value="active"/>
  <experimental value="false"/>
  <date value="2019-01-29T00:00:00+00:00"/>
  <publisher value="Den telemedicinske infrastruktur (eHealth Infrastructure)"/>
  <contact>
    <name value="Den telemedicinske infrastruktur (eHealth Infrastructure)"/>
    <telecom>
      <system value="url"/>
      <value value="http://ehealth.sundhed.dk"/>
    </telecom>
  </contact>
  <description value="Organization types specific for organizations from OIO / STS-ORG"/>
  <caseSensitive value="true"/>
  <content value="complete"/>
  <concept>
    <code value="Organisation"/>
    <display value="Organisation"/>
    <definition value="Organisation"/>
  </concept>
  <concept>
    <code value="OrganisationEnhed"/>
    <display value="OrganisationEnhed"/>
    <definition value="OrganisationEnhed"/>
  </concept>
</CodeSystem>