<?xml version="1.0" encoding="UTF-8"?>

<OperationDefinition xmlns="http://hl7.org/fhir">
  <id value="-s-transform-from-APD"/>
  <text>
    <status value="generated"/><div xmlns="http://www.w3.org/1999/xhtml"><p class="res-header-id"><b>Generated Narrative: OperationDefinition -s-transform-from-APD</b></p><a name="-s-transform-from-APD"> </a><a name="hc-s-transform-from-APD"> </a><a name="hc-s-transform-from-APD-en-US"> </a><p>URL: [base]/$transform-from-APD</p><p>Parameters</p><table class="grid"><tr><td><b>Use</b></td><td><b>Name</b></td><td><b>Scope</b></td><td><b>Cardinality</b></td><td><b>Type</b></td><td><b>Binding</b></td><td><b>Documentation</b></td></tr><tr><td>IN</td><td>documentReference</td><td/><td>0..1</td><td><a href="http://hl7.org/fhir/R4/documentreference.html">DocumentReference</a></td><td/><td/></tr><tr><td>OUT</td><td>bundle</td><td/><td>0..1</td><td><a href="http://hl7.org/fhir/R4/bundle.html">Bundle</a></td><td/><td/></tr></table></div>
  </text>
  <url value="https://document-transformation.devtest.systematic-ehealth.com/fhir/OperationDefinition/-s-transform-from-APD"/>
  <version value="3.1.0"/>
  <name value="transform-from-APD"/>
  <title value="Transform from APD"/>
  <status value="active"/>
  <kind value="operation"/>
  <date value="2024-07-01T11:04:33+00:00"/>
  <publisher value="Den telemedicinske infrastruktur (eHealth Infrastructure)"/>
  <contact>
    <name value="Den telemedicinske infrastruktur (eHealth Infrastructure)"/>
    <telecom>
      <system value="url"/>
      <value value="http://ehealth.sundhed.dk"/>
    </telecom>
  </contact>
  <description value="Transforms a DK-HL7 Appointment Document (APD) XML document to a FHIR Appointment (ehealth-appointment profile) resource. The input FHIR DocumentReference (ehealth-documentreference profile) contains the APD XML document. The caller must ensure that the APD XML document is valid and adheres to the DK-HL7 Appointment Document profile. The returned FHIR Bundle contains a FHIR Composition (ehealth-composition profile) resource referencing a FHIR Appointment (ehealth-appointment profile) resource."/>
  <affectsState value="false"/>
  <code value="transform-from-APD"/>
  <system value="true"/>
  <type value="false"/>
  <instance value="false"/>
  <parameter>
    <name value="documentReference"/>
    <use value="in"/>
    <min value="0"/>
    <max value="1"/>
    <type value="DocumentReference"/>
  </parameter>
  <parameter>
    <name value="bundle"/>
    <use value="out"/>
    <min value="0"/>
    <max value="1"/>
    <type value="Bundle"/>
  </parameter>
</OperationDefinition>