<?xml version="1.0" encoding="UTF-8"?>

<OperationDefinition xmlns="http://hl7.org/fhir">
  <id value="-s-apply"/>
  <text>
    <status value="generated"/><div xmlns="http://www.w3.org/1999/xhtml"><p class="res-header-id"><b>Generated Narrative: OperationDefinition -s-apply</b></p><a name="-s-apply"> </a><a name="hc-s-apply"> </a><a name="hc-s-apply-en-US"> </a><p>URL: [base]/$apply</p><p>Parameters</p><table class="grid"><tr><td><b>Use</b></td><td><b>Name</b></td><td><b>Scope</b></td><td><b>Cardinality</b></td><td><b>Type</b></td><td><b>Binding</b></td><td><b>Documentation</b></td></tr><tr><td>IN</td><td>planDefinition</td><td/><td>0..1</td><td><a href="http://hl7.org/fhir/R4/references.html#Reference">Reference</a></td><td/><td/></tr><tr><td>IN</td><td>episodeOfCare</td><td/><td>0..1</td><td><a href="http://hl7.org/fhir/R4/references.html#Reference">Reference</a></td><td/><td/></tr></table></div>
  </text>
  <url value="https://careplan.devtest.systematic-ehealth.com/fhir/OperationDefinition/-s-apply"/>
  <version value="3.1.0"/>
  <name value="apply"/>
  <title value="Create a careplan"/>
  <status value="active"/>
  <kind value="operation"/>
  <date value="2024-07-01T11:04:33+00:00"/>
  <publisher value="Den telemedicinske infrastruktur (eHealth Infrastructure)"/>
  <contact>
    <name value="Den telemedicinske infrastruktur (eHealth Infrastructure)"/>
    <telecom>
      <system value="url"/>
      <value value="http://ehealth.sundhed.dk"/>
    </telecom>
  </contact>
  <description value="This operation creates a careplan for a specific episodeOfCare using this PlanDefinition as a template."/>
  <affectsState value="true"/>
  <code value="apply"/>
  <system value="true"/>
  <type value="false"/>
  <instance value="false"/>
  <parameter>
    <name value="planDefinition"/>
    <use value="in"/>
    <min value="0"/>
    <max value="1"/>
    <type value="Reference"/>
  </parameter>
  <parameter>
    <name value="episodeOfCare"/>
    <use value="in"/>
    <min value="0"/>
    <max value="1"/>
    <type value="Reference"/>
  </parameter>
</OperationDefinition>