<?xml version="1.0" encoding="UTF-8"?><CodeSystem xmlns="http://hl7.org/fhir"><id value="ehealth-document-class"/><text><status value="generated"/><div xmlns="http://www.w3.org/1999/xhtml"><p class="res-header-id"><b>Generated Narrative: Kodesystem ehealth-document-class</b></p><a name="ehealth-document-class"> </a><a name="hcehealth-document-class"> </a><p>This case-sensitive code system <code>http://ehealth.sundhed.dk/cs/document-class</code> defines the following code:</p><table class="codes"><tr><td style="white-space:nowrap"><b>Code</b></td><td><b>Display</b></td><td><b>Definition</b></td></tr><tr><td style="white-space:nowrap">TBD<a name="ehealth-document-class-TBD"> </a></td><td>Example value - Under construction</td><td>Example value - Under construction</td></tr></table></div></text><url value="http://ehealth.sundhed.dk/cs/document-class"/><version value="4.0.0"/><name value="DocumentClass"/><title value="Document Class"/><status value="retired"/><experimental value="false"/><date value="2019-01-29"/><publisher value="Den telemedicinske infrastruktur (eHealth Infrastructure)"/><contact><name value="Den telemedicinske infrastruktur (eHealth Infrastructure)"/><telecom><system value="url"/><value value="http://ehealth.sundhed.dk"/></telecom></contact><description value="Document Class"/><jurisdiction><coding><system value="urn:iso:std:iso:3166"/><code value="DK"/><display value="Denmark"/></coding></jurisdiction><caseSensitive value="true"/><content value="complete"/><concept><code value="TBD"/><display value="Example value - Under construction"/><definition value="Example value - Under construction"/></concept></CodeSystem>