<?xml version="1.0" encoding="UTF-8"?><ValueSet xmlns="http://hl7.org/fhir"><id value="ehealth-activitydefinition-code"/><text><status value="generated"/><div xmlns="http://www.w3.org/1999/xhtml"><p class="res-header-id"><b>Generated Narrative: Værdisæt ehealth-activitydefinition-code</b></p><a name="ehealth-activitydefinition-code"> </a><a name="hcehealth-activitydefinition-code"> </a><p>This value set includes codes based on the following rules:</p><ul><li>Include all codes defined in <a href="CodeSystem-ehealth-activitydefinition-code.html"><code>http://ehealth.sundhed.dk/cs/activitydefinition-code</code></a></li><li>Import all the codes that are contained in the intersection of <a href="ValueSet-ehealth-observation-codes.html">Observation Codes</a> and <a href="ValueSet-ehealth-media-codes.html">Media Codes</a></li><li>Include these codes as defined in <a href="http://www.snomed.org/"><code>http://snomed.info/sct</code></a><table class="none"><tr><td style="white-space:nowrap"><b>Code</b></td><td><b>Display</b></td><td><b>English (United States) (English (United States), en)</b></td><td><b><a href="http://terminology.hl7.org/6.5.0/ValueSet-v2-0136.html">Activitydefinition-code to do missing measurement</a></b></td><td><b><a href="http://terminology.hl7.org/6.5.0/ValueSet-v2-0136.html">Activitydefinition-code to do reminder</a></b></td><td><b><a href="ConceptMap-activitydefinition-code-to-measurement-resource-type.html">Activitydefinition-code to measurement resource type</a></b></td><td><b><a href="ValueSet-ehealth-observation-codes.html">ActivityDefinition code to Observation code</a></b></td><td><b><a href="http://terminology.hl7.org/6.5.0/ValueSet-v2-0136.html">Activitydefinition-code-to-perform-sharing</a></b></td></tr><tr><td><a href="http://snomed.info/id/445988008">445988008</a></td><td>Assessment using health assessment questionnaire (procedure)</td><td>Assessment using health assessment questionnaire (procedure)</td><td><span title="RELATEDTO">?</span><a href="http://hl7.org/fhir/R4/v2/0136/index.html#v2-0136-Y">Y</a></td><td><span title="RELATEDTO">?</span><a href="http://hl7.org/fhir/R4/v2/0136/index.html#v2-0136-Y">Y</a></td><td><span title="RELATEDTO">?</span><a href="http://hl7.org/fhir/R4/codesystem-resource-types.html#resource-types-QuestionnaireResponse">QuestionnaireResponse</a></td><td/><td><span title="RELATEDTO">?</span><a href="http://hl7.org/fhir/R4/v2/0136/index.html#v2-0136-Y">Y</a></td></tr><tr><td><a href="http://snomed.info/id/229057006">229057006</a></td><td>Meetings (procedure)</td><td></td><td><span title="RELATEDTO">?</span><a href="http://hl7.org/fhir/R4/v2/0136/index.html#v2-0136-N">N</a><br/><span title="RELATEDTO">?</span><a href="http://hl7.org/fhir/R4/v2/0136/index.html#v2-0136-N">N</a></td><td><span title="RELATEDTO">?</span><a href="http://hl7.org/fhir/R4/v2/0136/index.html#v2-0136-N">N</a><br/><span title="RELATEDTO">?</span><a href="http://hl7.org/fhir/R4/v2/0136/index.html#v2-0136-N">N</a></td><td/><td/><td><span title="RELATEDTO">?</span><a href="http://hl7.org/fhir/R4/v2/0136/index.html#v2-0136-N">N</a><br/><span title="RELATEDTO">?</span><a href="http://hl7.org/fhir/R4/v2/0136/index.html#v2-0136-N">N</a></td></tr><tr><td><a href="http://snomed.info/id/273586006">273586006</a></td><td>Master questionnaire</td><td></td><td><span title="RELATEDTO">?</span><a href="http://hl7.org/fhir/R4/v2/0136/index.html#v2-0136-Y">Y</a><br/><span title="RELATEDTO">?</span><a href="http://hl7.org/fhir/R4/v2/0136/index.html#v2-0136-Y">Y</a></td><td><span title="RELATEDTO">?</span><a href="http://hl7.org/fhir/R4/v2/0136/index.html#v2-0136-Y">Y</a><br/><span title="RELATEDTO">?</span><a href="http://hl7.org/fhir/R4/v2/0136/index.html#v2-0136-Y">Y</a></td><td><span title="RELATEDTO">?</span><a href="http://hl7.org/fhir/R4/codesystem-resource-types.html#resource-types-QuestionnaireResponse">QuestionnaireResponse</a><br/><span title="RELATEDTO">?</span><a href="http://hl7.org/fhir/R4/codesystem-resource-types.html#resource-types-QuestionnaireResponse">QuestionnaireResponse</a></td><td/><td><span title="RELATEDTO">?</span><a href="http://hl7.org/fhir/R4/v2/0136/index.html#v2-0136-Y">Y</a><br/><span title="RELATEDTO">?</span><a href="http://hl7.org/fhir/R4/v2/0136/index.html#v2-0136-Y">Y</a></td></tr><tr><td><a href="http://snomed.info/id/409073007">409073007</a></td><td>Instruction</td><td></td><td><span title="RELATEDTO">?</span><a href="http://hl7.org/fhir/R4/v2/0136/index.html#v2-0136-N">N</a><br/><span title="RELATEDTO">?</span><a href="http://hl7.org/fhir/R4/v2/0136/index.html#v2-0136-N">N</a></td><td><span title="RELATEDTO">?</span><a href="http://hl7.org/fhir/R4/v2/0136/index.html#v2-0136-N">N</a><br/><span title="RELATEDTO">?</span><a href="http://hl7.org/fhir/R4/v2/0136/index.html#v2-0136-N">N</a></td><td/><td/><td><span title="RELATEDTO">?</span><a href="http://hl7.org/fhir/R4/v2/0136/index.html#v2-0136-N">N</a><br/><span title="RELATEDTO">?</span><a href="http://hl7.org/fhir/R4/v2/0136/index.html#v2-0136-N">N</a></td></tr></table></li><li>Include these codes as defined in <a href="CodeSystem-urn-oid-1.2.208.176.2.4.html"><code>urn:oid:1.2.208.176.2.4</code></a><table class="none"><tr><td style="white-space:nowrap"><b>Code</b></td><td><b>Display</b></td><td><b>English (United States) (English (United States), en)</b></td><td><b><a href="http://terminology.hl7.org/6.5.0/ValueSet-v2-0136.html">Activitydefinition-code to do missing measurement</a></b></td><td><b><a href="http://terminology.hl7.org/6.5.0/ValueSet-v2-0136.html">Activitydefinition-code to do reminder</a></b></td><td><b><a href="ConceptMap-activitydefinition-code-to-measurement-resource-type.html">Activitydefinition-code to measurement resource type</a></b></td><td><b><a href="ValueSet-ehealth-observation-codes.html">ActivityDefinition code to Observation code</a></b></td><td><b><a href="http://terminology.hl7.org/6.5.0/ValueSet-v2-0136.html">Activitydefinition-code-to-perform-sharing</a></b></td></tr><tr><td><a href="CodeSystem-urn-oid-1.2.208.176.2.4.html#urn-oid-1.2.208.176.2.4-ALCA00">ALCA00</a></td><td>fysisk fremmøde</td><td></td><td><span title="RELATEDTO">?</span><a href="http://hl7.org/fhir/R4/v2/0136/index.html#v2-0136-N">N</a></td><td><span title="RELATEDTO">?</span><a href="http://hl7.org/fhir/R4/v2/0136/index.html#v2-0136-N">N</a></td><td/><td/><td><span title="RELATEDTO">?</span><a href="http://hl7.org/fhir/R4/v2/0136/index.html#v2-0136-N">N</a></td></tr><tr><td><a href="CodeSystem-urn-oid-1.2.208.176.2.4.html#urn-oid-1.2.208.176.2.4-ALCA03">ALCA03</a></td><td>virtuel kontakt</td><td></td><td><span title="RELATEDTO">?</span><a href="http://hl7.org/fhir/R4/v2/0136/index.html#v2-0136-N">N</a></td><td><span title="RELATEDTO">?</span><a href="http://hl7.org/fhir/R4/v2/0136/index.html#v2-0136-N">N</a></td><td/><td/><td><span title="RELATEDTO">?</span><a href="http://hl7.org/fhir/R4/v2/0136/index.html#v2-0136-N">N</a></td></tr></table></li></ul></div></text><url value="http://ehealth.sundhed.dk/vs/activitydefinition-code"/><version value="4.0.0"/><name value="ActivityDefinitionCode"/><title value="Activity Definition Code"/><status value="active"/><experimental value="true"/><date value="2019-02-08T00:00:00+00:00"/><publisher value="Den telemedicinske infrastruktur (eHealth Infrastructure)"/><contact><name value="Den telemedicinske infrastruktur (eHealth Infrastructure)"/><telecom><system value="url"/><value value="http://ehealth.sundhed.dk"/></telecom></contact><description value="Activity Definition Code."/><jurisdiction><coding><system value="urn:iso:std:iso:3166"/><code value="DK"/><display value="Denmark"/></coding></jurisdiction><compose><include><system value="http://ehealth.sundhed.dk/cs/activitydefinition-code"/></include><include><valueSet value="http://ehealth.sundhed.dk/vs/observation-codes"/><valueSet value="http://ehealth.sundhed.dk/vs/media-codes"/></include><include><system value="http://snomed.info/sct"/><concept><code value="445988008"/><display value="Assessment using health assessment questionnaire (procedure)"/><designation><language value="en-US"/><value value="Assessment using health assessment questionnaire (procedure)"/></designation></concept><concept><code value="229057006"/><display value="Meetings (procedure)"/></concept><concept><code value="273586006"/><display value="Master questionnaire"/></concept><concept><code value="409073007"/><display value="Instruction"/></concept></include><include><system value="urn:oid:1.2.208.176.2.4"/><concept><code value="ALCA00"/><display value="fysisk fremmøde"/></concept><concept><code value="ALCA03"/><display value="virtuel kontakt"/></concept></include></compose></ValueSet>